EmriTdo,NumriFatures,PershkrimiFatures,KodiLm,MinistriaLinjes,KodiInstitucionit,EmriInstitucionit,EcAccount,EcAccountDescription,Furnitori,Shuma,DataRegjistrimit,DataEkzekutimit
 Durres, 10210160252025,1016025/DREJTORIA VENDORE E POLICISE DURRES/ PAGA KALIMTARE LIGJI NR 10142 DT.15.05.2009 SIPAS LISTEPAGESES,16,Ministria e Brendshme,1016025,Drejtoria Vendore e Policise Durres (0707),6001001,Paga neto për punonjesit e miratuar në organikë,BANKA E TIRANES,71329.00,3/6/2025 12:00:00 AM,3/10/2025 12:00:00 AM
 Tirane, 1821011532025,2101153,Q Zhvill Pllumbat-tarife per prokurim ushqime koloniale vendim 246 dt 17.04.2025 kerk 23 dt 27.01.2025 ub 4.02.2025 ft 29 dt 3.02.2025 bashkelidhur rregjistri i prokurimeve,13,Ministria e Shendetesise dhe Mbrojtjes Sociale,2101153,Qendra e zhvillimit Tirane (3535),6027500,Shpenzime per ekzekutim te detyrime kontraktuale te papaguara,Operatori i Blerjeve të Përqëndruara,50027.46,3/7/2025 12:00:00 AM,3/10/2025 12:00:00 AM
 Tirane, 22110130512025,1013051 Qendra Spitalore Rajon ''Shefqet Ndroqi'' materjale mjeksore    kont  vazhdim nr 274/68 dt 22.01.2025 ft nr 48 dt 11.02.2025.fh nr 148 dt 11.02.2025,13,Ministria e Shendetesise dhe Mbrojtjes Sociale,1013051,Qendra Spitalore Rajonale e Tiranes "Shefqet Ndroqi" (3535),6021003,Ilaçe dhe materiale mjeksore,GREEMED,4551000.00,3/7/2025 12:00:00 AM,3/10/2025 12:00:00 AM
 Tirane, 2821011562025,2101156,DPOP-uje ft 17053 dt 3.01.2025,0,Unspecified,2101156,Drejtoria e Përgjithshme e Objekteve Publike (3535),6022002,Uje,UJËSJELLËS KANALIZIME TIRANË,240.00,3/7/2025 12:00:00 AM,3/10/2025 12:00:00 AM
 Diber,0710140162025,2025, Zyra Permbarimore, 1014016, shpenzime te tjera, fature nr1180 dt21.01.2025,,14,Ministria e Drejtesise,1014016,Zyra Përmbarimore Vendore Dibër (0606),6029099,Shpenzime per te tjera materiale dhe sherbime operative,IMAGE&COMMUNICATIONSDEVELOPEMENT,4416.00,3/7/2025 12:00:00 AM,3/10/2025 12:00:00 AM
 Bulqize,0721030102025,A.F.T. Bulqize(2103010) likujdim paga shkurt 2025 Rrjeti rrugor, Menaxhimi i mbetjeve dhe Sherbimi i planifikimit Vendor.,0,Unspecified,2103010,Agjencia e Funksioneve të Transferueshme Bulqizë (0603),6001001,Paga neto për punonjesit e miratuar në organikë,RAIFFEISEN BANK SH.A,6029952.00,3/7/2025 12:00:00 AM,3/10/2025 12:00:00 AM
 Durres,10010160252025,1016025/DREJTORIA VENDORE E POLICISE DURRES/ PAGA KALIMTARE LIGJI NR 10142 DT.15.05.2009 SIPAS LISTEPAGESES,16,Ministria e Brendshme,1016025,Drejtoria Vendore e Policise Durres (0707),6061099,Te tjera transferta tek individet,RAIFFEISEN BANK SH.A,375294.00,3/6/2025 12:00:00 AM,3/10/2025 12:00:00 AM
 Tirane,1010110532025,1011053 ASCAL 2025- Pagese ndihme rast vdekje,Urdh 117 dt 3.3.25,listpagese,11,Ministria e Arsimit Sportit dhe Rinise,1011053,Agjencia e Sigurimit te Cilesise ne Arsimin e Larte (ASCAL) (3535),6061099,Te tjera transferta tek individet,BANKA KOMBETARE TREGTARE,20000.00,3/7/2025 12:00:00 AM,3/10/2025 12:00:00 AM
 Tirane,1010112102025,1011210 Fed Gjimnastik -Pag Antaresimi,Urdher Pagese dt 04.03.2025,Fature nr 10/2025 dt 03.03.2025,11,Ministria e Arsimit Sportit dhe Rinise,1011210,Federata Shqipetare e Gjimnastikes (3535),6044006,Transferta per klubet dhe asociacionet e sportit,KOMITETI OLIMPIK KOMB. SHQIPTAR,30000.00,3/7/2025 12:00:00 AM,3/10/2025 12:00:00 AM
 Durres,10110160252025,1016025/DREJTORIA VENDORE E POLICISE DURRES/ PAGA KALIMTARE LIGJI NR 10142 DT.15.05.2009 SIPAS LISTEPAGESES,16,Ministria e Brendshme,1016025,Drejtoria Vendore e Policise Durres (0707),6061099,Te tjera transferta tek individet,BANKA KOMBETARE TREGTARE,58899.00,3/6/2025 12:00:00 AM,3/10/2025 12:00:00 AM
 Tirane,10121018242025,2101824,Agj Rinise dhe Mireqenies Soc- subvencionim i biletes se pajtimit mujor abone studenti, kont 8/10 dt 07.01.2025, vkb 125 dt 19.11.2024, fat 9/2025 dt 12.2.2025,0,Unspecified,2101824,Agjencia e Rinisë dhe Mirëqenies Sociale (3535),6039100,Subvencione te tjera,DIAMOND SOCIETY,3267200.00,3/7/2025 12:00:00 AM,3/10/2025 12:00:00 AM
 Tirane,10210120242025,1012024 Teat Oper Balet - honorar artistik '' Arti i Violines'', Memo nr 803 dt 03.09.2024,PKSH nr 803/9 dt 24.09.2024, Kontrate nr 803/1-803/8 dt 13.09.2024,Tatim i mbajtur ne burim,listepagese dt 17.02.2025,12,Ministria e Ekonomise, Kultures dhe Inovacionit,1012024,Teatri Operas dhe Baletit (3535),6040009,Te tjera transferime korrente,RAIFFEISEN BANK SH.A,45900.00,3/7/2025 12:00:00 AM,3/10/2025 12:00:00 AM
 Durres,10210290152025,1029015/ GJYKATA E SHKALLES SE PARE DURRES/ TELEFON FAT 990143 DT 01.03.2025,29,Keshilli i Larte Gjyqesor,1029015,Gjykata e Shkallës së Parë e Juridiksionit të Përgjithshëm Durrës (0707),6022003,Sherbime telefonike,ONE ALBANIA,3770.00,3/7/2025 12:00:00 AM,3/10/2025 12:00:00 AM
 Tirane,10221018242025,2101824,Agj Rinise dhe Mireqenies Soc- subvencionim i biletes se pajtimit mujor abone studenti, kont 8/2 dt 07.01.2025, vkb 125 dt 19.11.2024, fat 6/2025 dt 11.2.2025,0,Unspecified,2101824,Agjencia e Rinisë dhe Mirëqenies Sociale (3535),6039100,Subvencione te tjera,REMI TRANS,3769600.00,3/7/2025 12:00:00 AM,3/10/2025 12:00:00 AM
 Durres,10310160252025,1016025/DREJTORIA VENDORE E POLICISE DURRES/ PAGA KALIMTARE LIGJI NR 10142 DT.15.05.2009 SIPAS LISTEPAGESES,16,Ministria e Brendshme,1016025,Drejtoria Vendore e Policise Durres (0707),6061099,Te tjera transferta tek individet,INTESA SANPAOLO BANK ALBANIA,16078.00,3/6/2025 12:00:00 AM,3/10/2025 12:00:00 AM
 Durres,10310290152025,1029015/ GJYKATA E SHKALLES SE PARE DURRES/ TELEFON FAT 311112 DT 05.03.2025,29,Keshilli i Larte Gjyqesor,1029015,Gjykata e Shkallës së Parë e Juridiksionit të Përgjithshëm Durrës (0707),6022003,Sherbime telefonike,ONE ALBANIA,1200.00,3/7/2025 12:00:00 AM,3/10/2025 12:00:00 AM
 Tirane,10410290072025,1029007 Gjyk e Apelit Tirane 2025 - shpenz sig te mjeteve te transportit,UP nr.3589/2 dt 17.2.25, ft of 3589/4 dt 17.2.25, nj fit nr.3589/5 dt 20.2.25, pv nr.3589/7 dt 20.2.25, fat nr 30917 dt 20.2.2025,29,Keshilli i Larte Gjyqesor,1029007,Gjykata e Apelit Tirane (3535),6023300,Shpenzimet e siguracionit te mjeteve te transportit,Albsig,146156.00,3/7/2025 12:00:00 AM,3/10/2025 12:00:00 AM
 Durres,10410290152025,1029015/ GJYKATA E SHKALLES SE PARE DURRES/ TELEFON FAT 311178 DT 05.03.2025,29,Keshilli i Larte Gjyqesor,1029015,Gjykata e Shkallës së Parë e Juridiksionit të Përgjithshëm Durrës (0707),6022003,Sherbime telefonike,ONE ALBANIA,1200.00,3/7/2025 12:00:00 AM,3/10/2025 12:00:00 AM
 Tirane,10510290072025,1029007 Gjyk e Apelit Tirane 2025 - shpenz avokati, fat nr 1/2025 dt 9.1.2025, vertetim dt 10.12.2024, 31.12.2024, 08.10.2024, 09.07.2024, 01.12.2024, 21.03.2024,29,Keshilli i Larte Gjyqesor,1029007,Gjykata e Apelit Tirane (3535),6029005,Shpenzime per honorare,ALEKS NIKËHASANI,116000.00,3/7/2025 12:00:00 AM,3/10/2025 12:00:00 AM
 Durres,10510290152025,1029015/ GJYKATA E SHKALLES SE PARE DURRES/ TELEFON FAT 311180 DT 05.03.2025,29,Keshilli i Larte Gjyqesor,1029015,Gjykata e Shkallës së Parë e Juridiksionit të Përgjithshëm Durrës (0707),6022003,Sherbime telefonike,ONE ALBANIA,1200.00,3/7/2025 12:00:00 AM,3/10/2025 12:00:00 AM
 Durres,10610290152025,1029015/ GJYKATA E SHKALLES SE PARE DURRES/ TELEFON FAT 311176 DT 05.03.2025,29,Keshilli i Larte Gjyqesor,1029015,Gjykata e Shkallës së Parë e Juridiksionit të Përgjithshëm Durrës (0707),6022003,Sherbime telefonike,ONE ALBANIA,1200.00,3/7/2025 12:00:00 AM,3/10/2025 12:00:00 AM
 Tirane,10710290072025,1029007 Gjyk e Apelit Tirane 2025 - shpenz psikolog, fat nr 3/2025 dt 14.02.2025, vertetim dt 28.01.2025, 12.12.2024, 13.02.2025,29,Keshilli i Larte Gjyqesor,1029007,Gjykata e Apelit Tirane (3535),6029005,Shpenzime per honorare,Eriselda Dervishi,18760.00,3/7/2025 12:00:00 AM,3/10/2025 12:00:00 AM
 Durres,10710290152025,1029015/ GJYKATA E SHKALLES SE PARE DURRES/ ENERGJI GODINA APELIT SIPAS PERMBLEDHESES DATE 06.03.2025,29,Keshilli i Larte Gjyqesor,1029015,Gjykata e Shkallës së Parë e Juridiksionit të Përgjithshëm Durrës (0707),6022001,Elektricitet,FURNIZUESI I TREGUT TË LIRË,90034.00,3/7/2025 12:00:00 AM,3/10/2025 12:00:00 AM
 Tirane,10810120242025,1012024 Teat Oper Balet - blerje bileta per shfaqje, kerkese nr 1087 dt 05.11.2024, fat nr 4 dt 27.02.2025, fh nr 3 dt 27.02.2025, kont nr 1087/2 dt 15.11.2024,12,Ministria e Ekonomise, Kultures dhe Inovacionit,1012024,Teatri Operas dhe Baletit (3535),6020500,Blerje dokumentacioni,SHTYPSHKRONJA E LETRAVE ME VLERE,96000.00,3/5/2025 12:00:00 AM,3/10/2025 12:00:00 AM
 Tirane,10810290072025,1029007 Gjyk e Apelit Tirane 2025 - shpenz perkthim, fat nr 2/2025 dt 17.02.2025, vertetim dt 13.02.2025,29,Keshilli i Larte Gjyqesor,1029007,Gjykata e Apelit Tirane (3535),6029005,Shpenzime per honorare,Elvis Bramo,5600.00,3/7/2025 12:00:00 AM,3/10/2025 12:00:00 AM
 Durres,10810290152025,1029015/ GJYKATA E SHKALLES SE PARE DURRES/ KONTROLL TEKNIK FAT 13 DT 26.02.2025,29,Keshilli i Larte Gjyqesor,1029015,Gjykata e Shkallës së Parë e Juridiksionit të Përgjithshëm Durrës (0707),6023900,Shpenzime te tjera transporti,AUTOMOTIV SALIU SHPK,45600.00,3/7/2025 12:00:00 AM,3/10/2025 12:00:00 AM
 Skrapar,10821400012025,2140001 Shpenzim per pagat e punonjesve ne organik per muajin Shkurt 2025 up nr 79 dt 06.03.2025 Listepagese autorizim banke Bashkia Polican,0,Unspecified,2140001,Bashkia Polican (0232),6001001,Paga neto për punonjesit e miratuar në organikë,UNION BANK SHA,10801386.00,3/6/2025 12:00:00 AM,3/10/2025 12:00:00 AM
 Tirane,10910290072025,1029007 Gjyk e Apelit Tirane 2025 - shpenz psikologe, fat nr 4/2025 dt 18.02.2025, vertetim dt 04.02.2025,29,Keshilli i Larte Gjyqesor,1029007,Gjykata e Apelit Tirane (3535),6029005,Shpenzime per honorare,Eriselda Dervishi,40000.00,3/7/2025 12:00:00 AM,3/10/2025 12:00:00 AM
 Skrapar,10921400012025,2140001 Shpenzim per pagat e punonjesve ne organik per muajin Shkurt 2025 up nr 79 dt 06.03.2025 Listepagese autorizim banke Bashkia Polican,0,Unspecified,2140001,Bashkia Polican (0232),6001001,Paga neto për punonjesit e miratuar në organikë,RAIFFEISEN BANK SH.A,1924457.00,3/6/2025 12:00:00 AM,3/10/2025 12:00:00 AM
 Tirane,11010290072025,1029007 Gjyk e Apelit Tirane 2025 - karburant per kaldaje, kontr ne vazhd nr.11753/1 dt 06.06.2024, fat nr 173 dt 19.02.2025, fh nr 2 dt 19.02.2025,29,Keshilli i Larte Gjyqesor,1029007,Gjykata e Apelit Tirane (3535),6020200,Materiale per pastrim, dezinfektim, ngrohje dhe ndriçim,RESULI - ER,327807.00,3/7/2025 12:00:00 AM,3/10/2025 12:00:00 AM
 Tirane,110112132025,1011213 Fed Shqiptare e Basketbollit-Shp poste ,permbledhese faturash dt 04.03.2025,11,Ministria e Arsimit Sportit dhe Rinise,1011213,Federata Shqipetare e Basketbollit (3535),6044006,Transferta per klubet dhe asociacionet e sportit,POSTA SHQIPTARE SH.A,800.00,3/7/2025 12:00:00 AM,3/10/2025 12:00:00 AM
 Skrapar,11021400012025,2140001 Shpenzim per pagat e punonjesve ne organik per muajin Shkurt 2025 up nr 79 dt 06.03.2025 Listepagese autorizim banke Bashkia Polican,16,Ministria e Brendshme,2140001,Bashkia Polican (0232),6001001,Paga neto për punonjesit e miratuar në organikë,UNION BANK SHA,234011.00,3/6/2025 12:00:00 AM,3/10/2025 12:00:00 AM
 Tirane,110400262025,1040026-Shoqata e jetimeve -Mbeshtetje per Shoqaten Shkrese MFE 2210 dt 10.02.2025, Situacion Shpenzimesh,40,Partite Politike,1040026,Shoqata Jetimoreve (3535),6044001,Transferta per shoqerite e jetimeve,SHOQATA JETIMEVE SHQIPTAR.,1333333.00,3/7/2025 12:00:00 AM,3/10/2025 12:00:00 AM
 Tirane,1110101402025,1010140 Qen traj Adm Tat e Dog, lik pagat m Shkurt  2025 bord 3.3.2025  pl nr punonj  14/11,10,Ministria e Financave dhe Ekonomise,1010140,Qendra e Trajnimit te Administrates Tatimore dhe Doganore (3535),6001001,Paga neto për punonjesit e miratuar në organikë,INTESA SANPAOLO BANK ALBANIA,131223.00,3/7/2025 12:00:00 AM,3/10/2025 12:00:00 AM
 Durres,11110121172025,1012117 / ZYRA E PUNES DURRES / ENERGJI ELEKTRIKE ZVP KRUJE LIK FAT 3038926 DT 5.3.2025,12,Ministria e Ekonomise, Kultures dhe Inovacionit,1012117,Drejtori Rajonale AKPA Durres (0707),6022001,Elektricitet,FURNIZUESI I SHERBIMIT UNIVERSAL,14884.00,3/6/2025 12:00:00 AM,3/10/2025 12:00:00 AM
 Tirane,11110290072025,1029007 Gjyk e Apelit Tirane 2025 - shpenz psikologe, fat nr 2/2025 dt 19.02.2025, vertetim dt 28.01.2025, 10.02.2025, 18.02.2025, 04.02.2025, 21.01.2025,29,Keshilli i Larte Gjyqesor,1029007,Gjykata e Apelit Tirane (3535),6029005,Shpenzime per honorare,Jonela Droboniku,31150.00,3/7/2025 12:00:00 AM,3/10/2025 12:00:00 AM
 Skrapar,11121400012025,2140001 Shpenzim per pagat e punonjesve ne organik per muajin Shkurt 2025 up nr 79 dt 06.03.2025 Listepagese autorizim banke Bashkia Polican,0,Unspecified,2140001,Bashkia Polican (0232),6001001,Paga neto për punonjesit e miratuar në organikë,Banka OTP Albania,60886.00,3/6/2025 12:00:00 AM,3/10/2025 12:00:00 AM
 Durres,11210121172025,1012117 / ZYRA E PUNES DURRES /  LIK PAGESE PAPUNESIE SHKURT 2025 SIPAS LISTE PAGESES,12,Ministria e Ekonomise, Kultures dhe Inovacionit,1012117,Drejtori Rajonale AKPA Durres (0707),6061099,Te tjera transferta tek individet,BANKA E BASHKUAR E SHQIPERISE,5908794.00,3/6/2025 12:00:00 AM,3/10/2025 12:00:00 AM
 Tirane,11210290072025,1029007 Gjyk e Apelit Tirane 2025 - shpenz psikologe, fat nr 5/2025 dt 20.02.2025, vertetim dt 20.02.2025,29,Keshilli i Larte Gjyqesor,1029007,Gjykata e Apelit Tirane (3535),6029005,Shpenzime per honorare,Eriselda Dervishi,11550.00,3/7/2025 12:00:00 AM,3/10/2025 12:00:00 AM
 Skrapar,11221400012025,2140001 Shpenzim per pagat e punonjesve ne organik per muajin Shkurt 2025 up nr 79 dt 06.03.2025 Listepagese autorizim banke Bashkia Polican,0,Unspecified,2140001,Bashkia Polican (0232),6001001,Paga neto për punonjesit e miratuar në organikë,BANKA KOMBETARE TREGTARE,55444.00,3/6/2025 12:00:00 AM,3/10/2025 12:00:00 AM
 Tirane,11310290072025,1029007 Gjyk e Apelit Tirane 2025 - uje Dhjetor 2025, fat nr 241246007-1 dt 21.02.2025,29,Keshilli i Larte Gjyqesor,1029007,Gjykata e Apelit Tirane (3535),6022002,Uje,SHOQËRIA RAJONALE UJËSJELLËS KANALIZIME GJIROKASTËR SH.A,2125.00,3/7/2025 12:00:00 AM,3/10/2025 12:00:00 AM
 Delvine,11323260012025,lik paga shkurt 2025 Bashkia Finiq,13,Ministria e Shendetesise dhe Mbrojtjes Sociale,2326001,Bashkia Finiq (3704),6061099,Te tjera transferta tek individet,BANKA AMERIKANE E INVESTIMEVE SHA	,49725.00,3/5/2025 12:00:00 AM,3/10/2025 12:00:00 AM
 Tirane,11410290072025,1029007 Gjyk e Apelit Tirane 2025 - shpenz avokati, fat nr 2/2025 dt 25.02.2025, vertetim dt 25.02.2025, 28.122024, 17.10.2024, 24.02.2025, 16.12.2024,29,Keshilli i Larte Gjyqesor,1029007,Gjykata e Apelit Tirane (3535),6029005,Shpenzime per honorare,ANTONETA LALA,49000.00,3/7/2025 12:00:00 AM,3/10/2025 12:00:00 AM
 Tirane,11510290072025,1029007 Gjyk e Apelit Tirane 2025 - shpenz avokati, fat nr 1/2025 dt 24.02.2025, vertetim dt 10.02.2025, 07.02.2025, 18.02.2025, 30.01.2025, 20.12.2024, 18.02.2025,29,Keshilli i Larte Gjyqesor,1029007,Gjykata e Apelit Tirane (3535),6029005,Shpenzime per honorare,VIOLETA PARRUCA,187000.00,3/7/2025 12:00:00 AM,3/10/2025 12:00:00 AM
 Tirane,11610290072025,1029007 Gjyk e Apelit Tirane 2025 - det prapambetur energji elektrike Janar 2024, fat nr 461348264 dt 31.01.2024,29,Keshilli i Larte Gjyqesor,1029007,Gjykata e Apelit Tirane (3535),6022001,Elektricitet,FURNIZUESI I SHERBIMIT UNIVERSAL,99224.00,3/7/2025 12:00:00 AM,3/10/2025 12:00:00 AM
 Mat,11621320082025,Agjencia e Funks.te Patransf.Mat (2132008) Lik. Energji elektrike muaji Dhjetor 2024.Kontr.BU0A020112012033 Fat.Tat.Nr.16158705 Dt.27.12.2024.,0,Unspecified,2132008,Agjencia e Funksioneve të Patransferueshme (0625),6022001,Elektricitet,FURNIZUESI I SHERBIMIT UNIVERSAL,5476.00,3/7/2025 12:00:00 AM,3/10/2025 12:00:00 AM
 Tirane,11710290072025,1029007 Gjyk e Apelit Tirane 2025 - det prapambetur energji elektrike Qershor 2024, fat nr 240701131147 dt 29.06.2024,29,Keshilli i Larte Gjyqesor,1029007,Gjykata e Apelit Tirane (3535),6022001,Elektricitet,FURNIZUESI I SHERBIMIT UNIVERSAL,49156.00,3/7/2025 12:00:00 AM,3/10/2025 12:00:00 AM
 Mat,11721320082025,Agjencia e Funks.te Patransf.Mat (2132008) Lik. Energji elektrike muaji Dhjetor 2024.Kontr.BU0A010032000970 Fat.Tat.Nr.16132930 Dt.27.12.2024.,0,Unspecified,2132008,Agjencia e Funksioneve të Patransferueshme (0625),6022001,Elektricitet,FURNIZUESI I SHERBIMIT UNIVERSAL,34338.00,3/7/2025 12:00:00 AM,3/10/2025 12:00:00 AM
 Tirane,11810290072025,1029007 Gjyk e Apelit Tirane 2025 - det prapambetur energji elektrike Tetor 2024, fat nr 2401031100379 dt 30.10.2024, kontr nr A037333,29,Keshilli i Larte Gjyqesor,1029007,Gjykata e Apelit Tirane (3535),6022001,Elektricitet,FURNIZUESI I SHERBIMIT UNIVERSAL,41764.00,3/7/2025 12:00:00 AM,3/10/2025 12:00:00 AM
 Mat,11821320082025,Agjencia e Funks.te Patransf.Mat (2132008) Lik. Energji elektrike muaji Dhjetor 2024.Kontr.BU0A010032000971 Fat.Tat.Nr.16158685 Dt.27.12.2024.,0,Unspecified,2132008,Agjencia e Funksioneve të Patransferueshme (0625),6022001,Elektricitet,FURNIZUESI I SHERBIMIT UNIVERSAL,24057.00,3/7/2025 12:00:00 AM,3/10/2025 12:00:00 AM
 Tirane,1210110532025,1011053 ASCAL 2025- Honorare ekspert vendas,VKM 109 dt 15.2.2017urdh 54 dt 21.5.24,urdh 98 dt 30.9.24,urdh 124 dt 11.12.24,urdh pagese 21.2.25,listpagese,mbajtur tb,11,Ministria e Arsimit Sportit dhe Rinise,1011053,Agjencia e Sigurimit te Cilesise ne Arsimin e Larte (ASCAL) (3535),6029005,Shpenzime per honorare,BANKA KOMBETARE TREGTARE,353708.00,3/7/2025 12:00:00 AM,3/10/2025 12:00:00 AM
 Tirane,1210112252025,1011225 Fed Judos - pag gjyqtar, vend nr 1 dt 3.3.2025, urdh nr 1/2025 dt 03.02.2025,listepagese ,tatim ne burim,11,Ministria e Arsimit Sportit dhe Rinise,1011225,Federata  Shqiptare Judos (3535),6044006,Transferta per klubet dhe asociacionet e sportit,RAIFFEISEN BANK SH.A,13600.00,3/7/2025 12:00:00 AM,3/10/2025 12:00:00 AM
 Tirane,12110290072025,1029007 Gjyk e Apelit Tirane 2025 - det prapambetur uje Shkurt 2024, fat nr 15647 dt 15.02.2024,29,Keshilli i Larte Gjyqesor,1029007,Gjykata e Apelit Tirane (3535),6022002,Uje,Shoqeria Rajonale Ujesjelles Kanalizime Korce,2123.00,3/7/2025 12:00:00 AM,3/10/2025 12:00:00 AM
 Mat,12121320082025,Agjencia e Funks.te Patransf.Mat (2132008) Lik. Energji elektrike muaji Dhjetor 2024.Kontr.BU0A010002002729 Fat.Tat.Nr.16107517 Dt.27.12.2024.,0,Unspecified,2132008,Agjencia e Funksioneve të Patransferueshme (0625),6022001,Elektricitet,FURNIZUESI I SHERBIMIT UNIVERSAL,21167.00,3/7/2025 12:00:00 AM,3/10/2025 12:00:00 AM
 Tirane,1221011132025,2101113-Drejt Konvikteve dhe shkollavet te mesme 2025- Likujduar Shperblim Pensioni, Urdher nr 39 , 40 dt 21.01.2025, Shkrese nr 50 dt 23.01.2025, Listepagese,0,Unspecified,2101113,Drejtoria E Konvikteve (3535),6061099,Te tjera transferta tek individet,BANKA CREDINS,93340.00,3/7/2025 12:00:00 AM,3/10/2025 12:00:00 AM
 Mat,12221320082025,Agjencia e Funks.te Patransf.Mat (2132008) Lik. Energji elektrike muaji Dhjetor 2024.Kontr.BU0A010032000972 Fat.Tat.Nr.16120243 Dt.27.12.2024.,0,Unspecified,2132008,Agjencia e Funksioneve të Patransferueshme (0625),6022001,Elektricitet,FURNIZUESI I SHERBIMIT UNIVERSAL,486.00,3/7/2025 12:00:00 AM,3/10/2025 12:00:00 AM
 Mat,12321320082025,Agjencia e Funks.te Patransf.Mat (2132008) Lik. Energji elektrike muaji Dhjetor 2024.Kontr.BU0A010032000975 Fat.Tat.Nr.16132931 Dt.27.12.2024.,0,Unspecified,2132008,Agjencia e Funksioneve të Patransferueshme (0625),6022001,Elektricitet,FURNIZUESI I SHERBIMIT UNIVERSAL,5056.00,3/7/2025 12:00:00 AM,3/10/2025 12:00:00 AM
 Mat,12421320082025,Agjencia e Funks.te Patransf.Mat (2132008) Lik. Energji elektrike muaji Dhjetor 2024.Kontr.BU0A350003003889 Fat.Tat.Nr.16330238 Dt.30.12.2024.,0,Unspecified,2132008,Agjencia e Funksioneve të Patransferueshme (0625),6022001,Elektricitet,FURNIZUESI I SHERBIMIT UNIVERSAL,31180.00,3/7/2025 12:00:00 AM,3/10/2025 12:00:00 AM
 Mat,12521320082025,Agjencia e Funks.te Patransf.Mat (2132008) Lik. Energji elektrike muaji Dhjetor 2024.Kontr.BU0A020014014129 Fat.Tat.Nr.16279453 Dt.30.12.2024.,0,Unspecified,2132008,Agjencia e Funksioneve të Patransferueshme (0625),6022001,Elektricitet,FURNIZUESI I SHERBIMIT UNIVERSAL,3006.00,3/7/2025 12:00:00 AM,3/10/2025 12:00:00 AM
 Mat,12621320082025,Agjencia e Funks.te Patransf.Mat (2132008) Lik. Energji elektrike muaji Dhjetor 2024.Kontr.BU0A250026141626 Fat.Tat.Nr.16491667 Dt.31.12.2024.,0,Unspecified,2132008,Agjencia e Funksioneve të Patransferueshme (0625),6022001,Elektricitet,FURNIZUESI I SHERBIMIT UNIVERSAL,251.00,3/7/2025 12:00:00 AM,3/10/2025 12:00:00 AM
 Mat,12721320082025,Agjencia e Funks.te Patransf.Mat (2132008) Lik. Energji elektrike muaji Dhjetor 2024.Kontr.BU0A030001012016 Fat.Tat.Nr.16618689 Dt.31.12.2024.,0,Unspecified,2132008,Agjencia e Funksioneve të Patransferueshme (0625),6022001,Elektricitet,FURNIZUESI I SHERBIMIT UNIVERSAL,3930.00,3/7/2025 12:00:00 AM,3/10/2025 12:00:00 AM
 Mat,12821320082025,Agjencia e Funks.te Patransf.Mat (2132008) Lik. Energji elektrike muaji Dhjetor 2024.Kontr.BU0A010001014279 Fat.Tat.Nr.16553733 Dt.31.12.2024.,0,Unspecified,2132008,Agjencia e Funksioneve të Patransferueshme (0625),6022001,Elektricitet,FURNIZUESI I SHERBIMIT UNIVERSAL,25535.00,3/7/2025 12:00:00 AM,3/10/2025 12:00:00 AM
 Mat,12921320082025,Agjencia e Funks.te Patransf.Mat (2132008) Lik. Energji elektrike muaji Dhjetor 2024.Kontr.BU0A010033001966 Fat.Tat.Nr.16553741 Dt.31.12.2024.,0,Unspecified,2132008,Agjencia e Funksioneve të Patransferueshme (0625),6022001,Elektricitet,FURNIZUESI I SHERBIMIT UNIVERSAL,14027.00,3/7/2025 12:00:00 AM,3/10/2025 12:00:00 AM
 Kavaje,13021190012025,BASHKIA RROGOZHINE FOND RINDERTIMI  VKB NR 56 DT 24.09.2021 KONFIRMIN NR 1542/1 DT 06.10.2021  LISTA E PERFITUESVE VKB NR 56 DT 24.09.2021 PER HEKTOR MEHMETI DHE AGRON ALIU,0,Unspecified,2119001,Bashkia Rogozhine (3513),6060099,Te tjera transferta tek individet,BANKA KOMBETARE TREGTARE,2264525.00,3/5/2025 12:00:00 AM,3/10/2025 12:00:00 AM
 Mat,13021320082025,Agjencia e Funks.te Patransf.Mat (2132008) Lik. Energji elektrike muaji Dhjetor 2024.Kontr.BU0A01001000174 Fat.Tat.Nr.16489336 Dt.31.12.2024.,0,Unspecified,2132008,Agjencia e Funksioneve të Patransferueshme (0625),6022001,Elektricitet,FURNIZUESI I SHERBIMIT UNIVERSAL,9357.00,3/7/2025 12:00:00 AM,3/10/2025 12:00:00 AM
 Tirane,1310110532025,1011053 ASCAL 2025- Honorare ekspert vendas,VKM 109 dt 15.2.2017,Urdher 56 dt 21.5.24,urdh nr 112 dt 1.9.23,urdh 57 dt 23.5.24,urdh 89 dt 23.2.24,urdh pagese 21.2.25,listpagese,mbajtur tb,11,Ministria e Arsimit Sportit dhe Rinise,1011053,Agjencia e Sigurimit te Cilesise ne Arsimin e Larte (ASCAL) (3535),6029005,Shpenzime per honorare,RAIFFEISEN BANK SH.A,1041250.00,3/7/2025 12:00:00 AM,3/10/2025 12:00:00 AM
 Kavaje,13121190012025,BASHKIA RROGOZHINE FOND RINDERTIMI  VKB NR 56 DT 24.09.2021 KONFIRMIN NR 1542/1 DT 06.10.2021  LISTA E PERFITUESVE VKB NR 56 DT 24.09.2021 PER EURAN SHEHI,0,Unspecified,2119001,Bashkia Rogozhine (3513),6060099,Te tjera transferta tek individet,Banka OTP Albania,1369904.00,3/7/2025 12:00:00 AM,3/10/2025 12:00:00 AM
 Mat,13121320082025,Agjencia e Funks.te Patransf.Mat (2132008) Lik. Energji elektrike muaji Dhjetor 2024.Kontr.BU0A020133103733 Fat.Tat.Nr.16620659 Dt.31.12.2024.,0,Unspecified,2132008,Agjencia e Funksioneve të Patransferueshme (0625),6022001,Elektricitet,FURNIZUESI I SHERBIMIT UNIVERSAL,340.00,3/7/2025 12:00:00 AM,3/10/2025 12:00:00 AM
 Tirane,1321011132025,2101113-Drejt Konvikteve dhe shkollave te mesme 2025- Likujduar Telefon , FT nr 144212/2025 dt 05.01.2025,0,Unspecified,2101113,Drejtoria E Konvikteve (3535),6022003,Sherbime telefonike,ONE ALBANIA,17700.00,3/7/2025 12:00:00 AM,3/10/2025 12:00:00 AM
 Kavaje,13221190012025,BASHKIA RROGOZHINE FOND RINDERTIMI  VKB NR 56 DT 24.09.2021 KONFIRMIN NR 1542/1 DT 06.10.2021  LISTA E PERFITUESVE VKB NR 56 DT 24.09.2021 PER FATBARDHA SINKA,0,Unspecified,2119001,Bashkia Rogozhine (3513),6060099,Te tjera transferta tek individet,Banka OTP Albania,1045343.00,3/7/2025 12:00:00 AM,3/10/2025 12:00:00 AM
 Mat,13221320082025,Agjencia e Funks.te Patransf.Mat (2132008) Lik. Shpenz.per uje pishem muaji Janar 2025.Permbledhse e faturave (exeli hartuar nga inst.) Dt.31.01.2025.,0,Unspecified,2132008,Agjencia e Funksioneve të Patransferueshme (0625),6022002,Uje,Shoqeria Rajonale Ujesjelles Kanalizime Diber Sha,140913.00,3/7/2025 12:00:00 AM,3/10/2025 12:00:00 AM
 Durres,13321070082025,2107008/QENDRA EKONOMIKE E ARSIMIT / BLERJE USHQIME  KONT NR.3614/48 DT.21.08.2024 FAT.NR 232 DT.28.02.2025,0,Unspecified,2107008,Qendra Ekonomike e Arsimit (0707),6021004,Furnizime dhe sherbime me ushqim per mencat,Sinani Trading,169800.00,3/6/2025 12:00:00 AM,3/10/2025 12:00:00 AM
 Fier,13421110012025,Garanci per ndertimi i sistemit te trajtimit te ujrave te Spitali Memorialb.Fier urdh tit 2402 dt 24/02/2025,cert.e marjes se perhershme ne direz 25/10/2024,sit.prf 23/12/2021,akt kolaudimi 06/07/2022,6,Ministria e Infrastruktures dhe Energjise,2111001,Bashkia Fier (0909),4662314,Garanci te viteve te meparshme per sipermarje punimesh,Te Dala,LLAZO/,1196331.00,3/7/2025 12:00:00 AM,3/10/2025 12:00:00 AM
 Kavaje,13421190012025,BASHKIA RROGOZHINE BLERJE KUTI ARSHIVE KONTRATE 5013 DT 06.12.2022 FATURE NR 317 DT 28.12.2022,0,Unspecified,2119001,Bashkia Rogozhine (3513),6021099,Te tjera materiale dhe sherbime speciale,Adel CO,192478.00,3/7/2025 12:00:00 AM,3/10/2025 12:00:00 AM
 Tirane,13510180012025,1018001 SH.I.SH 2025 -shp udhetimi jashte vendit, Klas. Konfidencial VKM 870 dt 14.02.2011, Udhezim Nr 22 dt 10.07.2013, Autorizim nr 710 dt 07.03.2025, listepagese,18,Sherbimi Informativ Kombtar,1018001,Aparati Qendror i SHIKUT (3535),6024200,Udhetim jashte shtetit,BANKA E TIRANES,375852.00,3/7/2025 12:00:00 AM,3/10/2025 12:00:00 AM
 Tirane,13610180012025,1018001 SH.I.SH 2025 -shp udhetimi jashte vendit, Klas. Konfidencial VKM 870 dt 14.02.2011, Udhezim Nr 22 dt 10.07.2013, Autorizim nr 710 dt 07.03.2025, listepagese,18,Sherbimi Informativ Kombtar,1018001,Aparati Qendror i SHIKUT (3535),6024200,Udhetim jashte shtetit,BANKA KOMBETARE TREGTARE,125284.00,3/7/2025 12:00:00 AM,3/10/2025 12:00:00 AM
 Kavaje,13721190012025,BASHKIA RROGOZHINE PAGE KESHILLTARE  DHJETOR 2024,0,Unspecified,2119001,Bashkia Rogozhine (3513),6022099,Sherbime te tjera,Banka OTP Albania,163200.00,3/7/2025 12:00:00 AM,3/10/2025 12:00:00 AM
 Tirane,1410110532025,1011053 ASCAL 2025- Honorare ekspert vendas,VKM 109 dt 15.2.2017,Urdher 15 dt 31.1.24,urdh pagese 21.2.25,listpagese,mbajtur tb,11,Ministria e Arsimit Sportit dhe Rinise,1011053,Agjencia e Sigurimit te Cilesise ne Arsimin e Larte (ASCAL) (3535),6029005,Shpenzime per honorare,BANKA E TIRANES,42500.00,3/7/2025 12:00:00 AM,3/10/2025 12:00:00 AM
 Tirane,1410112122025,1011212 Feder Cikliz 2025 - Pagese trajtim ushqimor,Urdher Titullari nr 18 dt 04.03.2025 ,Vendim i KD nr 3 dt 03.03.2025,listepagese dt 04.03.2025,11,Ministria e Arsimit Sportit dhe Rinise,1011212,Federata Shqipetare e Ciklizmit (3535),6044006,Transferta per klubet dhe asociacionet e sportit,BANKA CREDINS,100000.00,3/7/2025 12:00:00 AM,3/10/2025 12:00:00 AM
 Fier,141110272025,Nd.GJ.H.M.V. 2111027 peme dekorative up.11.09.2024  kontr.fat.12 fh.4 pvmd,0,Unspecified,2111027,Ndërmarrja e Gjelbërimit,Higjenës  dhe Mirëmbajtjes së Varrezave Publike Fier (0909),2312113,Shpenz. per rritjen e AQT - lulishtet,GJELBERIMI 2000,778500.00,3/7/2025 12:00:00 AM,3/10/2025 12:00:00 AM
 Tirane,1421010282025,2101028-Agjensia e Sherbimeve Funerale 2025-  Likujduar Dalje ne Pension, Urdher nr 25/1 dt 09.01.2025, Memo nr 28 dt 09.01.2025, Listepagese,0,Unspecified,2101028,Agjencia  Sherbimeve Funerale (3535),6060005,Pensione per moshe madhore,BANKA KOMBETARE TREGTARE,41735.00,3/7/2025 12:00:00 AM,3/10/2025 12:00:00 AM
 Tirane,1421011132025,2101113-Drejt Konvikteve dhe shkollave te mesme 2025-  Likujduar Energji Elektrike Mjeshteria Sportive , Kontr nr K566189, FT nr 241224038114 dt 23.12.2024,0,Unspecified,2101113,Drejtoria E Konvikteve (3535),6022001,Elektricitet,FURNIZUESI I SHERBIMIT UNIVERSAL,147806.00,3/7/2025 12:00:00 AM,3/10/2025 12:00:00 AM
 Tirane,1510110532025,1011053 ASCAL 2025- Honorare ekspert vendas,VKM 109 dt 15.2.2017,Urdher 53 dt 21.2.24,urdh pagese 21.2.25,listpagese,mbajtur tb,11,Ministria e Arsimit Sportit dhe Rinise,1011053,Agjencia e Sigurimit te Cilesise ne Arsimin e Larte (ASCAL) (3535),6029005,Shpenzime per honorare,INTESA SANPAOLO BANK ALBANIA,127500.00,3/7/2025 12:00:00 AM,3/10/2025 12:00:00 AM
 Tepelene,15121420012025,ndihme fondi i bashkise shkurt bashki tepelene,0,Unspecified,2142001,Bashkia Tepelene (1134),6061003,Ndihme ekonomike,POSTA SHQIPTARE SH.A,197000.00,3/5/2025 12:00:00 AM,3/10/2025 12:00:00 AM
 Tirane,1521011132025,2101113-Drejt Konvikteve dhe shkollave te mesme 2024-  Likujduar Energji Elektrike Ekonomiku, Kontr nr A 051353 , FT nr 250104007932 dt 26.12.2024,0,Unspecified,2101113,Drejtoria E Konvikteve (3535),6022001,Elektricitet,FURNIZUESI I SHERBIMIT UNIVERSAL,99623.00,3/7/2025 12:00:00 AM,3/10/2025 12:00:00 AM
 Tepelene,15321420012025,FT NR 9,10/3.03.2025 BASHKI TEPELENE,0,Unspecified,2142001,Bashkia Tepelene (1134),6021099,Te tjera materiale dhe sherbime speciale,Drita Abedini,236250.00,3/6/2025 12:00:00 AM,3/10/2025 12:00:00 AM
 Tepelene,15421420012025,DETYRIM FT NR 20/28.11.2024 BASHKI TEPELENE,0,Unspecified,2142001,Bashkia Tepelene (1134),6021099,Te tjera materiale dhe sherbime speciale,KALIMERA,70000.00,3/6/2025 12:00:00 AM,3/10/2025 12:00:00 AM
 Tepelene,15521420012025,TELEFON SHKURT BASHKI TEPELENE,0,Unspecified,2142001,Bashkia Tepelene (1134),6001001,Paga neto për punonjesit e miratuar në organikë,ONE ALBANIA,99442.00,3/6/2025 12:00:00 AM,3/10/2025 12:00:00 AM
 Tepelene,15621420012025,FT NR 26/05.03.2025 BASHKI TEPELENE,0,Unspecified,2142001,Bashkia Tepelene (1134),6022004,Posta dhe sherbimi korrier,POSTA SHQIPTARE SH.A,44440.00,3/6/2025 12:00:00 AM,3/10/2025 12:00:00 AM
 Tepelene,15721420012025,KESHILLTARE BASHKI TEPELENE,0,Unspecified,2142001,Bashkia Tepelene (1134),6029006,Shpenzime kompesimi per anetaret e parlamentit dhe zyrtare te tjera te zgjedhur,RAIFFEISEN BANK SH.A,298600.00,3/6/2025 12:00:00 AM,3/10/2025 12:00:00 AM
 Lushnje,15821290012025,2129001 Bashkia Lushnje,Sa lik.Kont.nr.2658 dt.26.3.2024 Mur me pilota ne Rr.Vellezerit Frasheri,fat.f.nr.71 dt.18.12.2024,sit perf.dt.25.6.24,Akt kol.dt.6.9.2024,Certifik.perkoh.marr.dorez.dt.10.10.2024,shk gr.mon.kont.nr.1960 dt.26.2.2025,0,Unspecified,2129001,Bashkia Lushnje (0922),2313600,Shpenz. per rritjen e AQT - te tjera per konstruksionin e rrugeve, urave, rrjeteve,AIDA CONSTRUCTION,786600.00,3/6/2025 12:00:00 AM,3/10/2025 12:00:00 AM
 Lushnje,15921290012025,2129001 Bashkia Lushnje,Sa lik.Kont.nr.2659 dt.26.3.2024 Mbikeqyrje punim ob:Mur me pilota ne Rr.Vellezerit Frasheri,fat.nr.3 dt.28.2.2025,Akt kol.dt.6.9.2024,Certifik.perkoh.marr.dorez.dt.10.10.2024,shk gr.mon.kont.nr.1960 dt.26.2.2025,0,Unspecified,2129001,Bashkia Lushnje (0922),2312118,Shpenz. per rritjen e AQT - te tjera ndertimore,PRO GREEN,100892.35,3/6/2025 12:00:00 AM,3/10/2025 12:00:00 AM
 Tepelene,1592142012025,TELEFON JANAR BASHKI TEPELENE,0,Unspecified,2142001,Bashkia Tepelene (1134),6001001,Paga neto për punonjesit e miratuar në organikë,ONE ALBANIA,2500.00,3/6/2025 12:00:00 AM,3/10/2025 12:00:00 AM
 Lushnje,16021290012125,2129001 Bashkia Lushnje,Sa lik. Bl.liber udhetimi sipas fat.nr.49,dt.18.2.2025,f.hyr.nr.6,dt.18.2.2025,Akt terheqje nr.22,dt.18.2.2025, Urdh.lik.dt.27.2.2025,0,Unspecified,2129001,Bashkia Lushnje (0922),6022099,Sherbime te tjera,SHTYPSHKRONJA E LETRAVE ME VLERE,8400.00,3/6/2025 12:00:00 AM,3/10/2025 12:00:00 AM
 Tirane,1610110532025,1011053 ASCAL 2025- Honorare ekspert vendas,VKM 109 dt 15.2.2017,Urdher 53 dt 21.5.24,listpagese,mbajtur tb,11,Ministria e Arsimit Sportit dhe Rinise,1011053,Agjencia e Sigurimit te Cilesise ne Arsimin e Larte (ASCAL) (3535),6029005,Shpenzime per honorare,BANKA AMERIKANE E INVESTIMEVE SHA	,127500.00,3/7/2025 12:00:00 AM,3/10/2025 12:00:00 AM
 Vlore,16121460012025,3737 BASHKIA VLORE 2146001 KOLAUDIM MJETI TE BASHKISE FAT NR 3712 DT 26.02.2025,0,Unspecified,2146001,Bashkia Vlore (3737),6023900,Shpenzime te tjera transporti,DREJT. PERGJ. E SHERB. TRANS. RRUG.,2000.00,3/7/2025 12:00:00 AM,3/10/2025 12:00:00 AM
 Librazhd,16921280012025,BASHKIA LIBRAZHD,LIK.FAT.NR.78/2025 DATE 25.02.2025,Kontrate nr 791 date 10.02.2025 Blerje pelet per sistem ngrohje shkolla e mesme e bashkuar Gostime.,0,Unspecified,2128001,Bashkia Librazhd (0821),6022005,Sherbim per ngrohje,PISHA / TIRANE (K12526207V),186120.00,3/7/2025 12:00:00 AM,3/10/2025 12:00:00 AM
 Librazhd,17021280012025,BASHKIA LIBRAZHD,LIK.FAT.NR.31/2025 DATE 04.03.2025, Shpenzime  Postare per muajin shkurt 2025,0,Unspecified,2128001,Bashkia Librazhd (0821),6022004,Posta dhe sherbimi korrier,POSTA SHQIPTARE SH.A,175255.00,3/7/2025 12:00:00 AM,3/10/2025 12:00:00 AM
 Tirane,1710110532025,1011053 ASCAL 2025- Honorare ekspert vendas,VKM 109 dt 15.2.2017,urdh 112 dt 1.9.23,urdh 51 dt 13.5.24,urdh 95 dt 30.9.24,urdh 112 dt 1.9.23,urdh pagese 21.2.25,listpagese,mbajtur tb,11,Ministria e Arsimit Sportit dhe Rinise,1011053,Agjencia e Sigurimit te Cilesise ne Arsimin e Larte (ASCAL) (3535),6029005,Shpenzime per honorare,BANKA CREDINS,919916.00,3/7/2025 12:00:00 AM,3/10/2025 12:00:00 AM
 Tirane,1721011132025,2101113-Drejt Konvikteve dhe shkollave te mesme 2025- Likujduar Uji Konvikti Hoteleri Turizimi, Nr Kontrate 159641-1 , FT nr 26899/2025 dt 03.01.2025,0,Unspecified,2101113,Drejtoria E Konvikteve (3535),6022002,Uje,UJËSJELLËS KANALIZIME TIRANË,42264.00,3/7/2025 12:00:00 AM,3/10/2025 12:00:00 AM
 Permet,17221350012025,BASHKIA PERMET PAGA SHKURT 2025,0,Unspecified,2135001,Bashkia Permet (1128),6001001,Paga neto për punonjesit e miratuar në organikë,RAIFFEISEN BANK SH.A,129987.00,3/6/2025 12:00:00 AM,3/10/2025 12:00:00 AM
 Fier,17410130172025,SPITALI FIER 1013017 TRANS PACIENT ME DIALIZ  SHKURT 2025 LIST PAGES,13,Ministria e Shendetesise dhe Mbrojtjes Sociale,1013017,Spitali Fier (0909),6021099,Te tjera materiale dhe sherbime speciale,RAIFFEISEN BANK SH.A,70320.00,3/7/2025 12:00:00 AM,3/10/2025 12:00:00 AM
 Fier,17510130172025,SPITALI FIER 1013017 TRANS PACIENT ME DIALIZ  SHKURT 2025 LIST PAGES,13,Ministria e Shendetesise dhe Mbrojtjes Sociale,1013017,Spitali Fier (0909),6021099,Te tjera materiale dhe sherbime speciale,Banka e Parë e Investimeve-Albania/ First Investment Bank- Albania,2880.00,3/7/2025 12:00:00 AM,3/10/2025 12:00:00 AM
 Fier,17610130172025,SPITALI FIER 1013017 TRANS PACIENT ME DIALIZ  SHKURT 2025 LIST PAGES,13,Ministria e Shendetesise dhe Mbrojtjes Sociale,1013017,Spitali Fier (0909),6021099,Te tjera materiale dhe sherbime speciale,BANKA CREDINS,1800.00,3/7/2025 12:00:00 AM,3/10/2025 12:00:00 AM
 Vlore,17810121252025,1012125 ZYRA E PUNES VLORE VKM 17 JANAR 2025,12,Ministria e Ekonomise, Kultures dhe Inovacionit,1012125,Drejtori Rajonale AKPA Vlorë (3737),6031200,Subvencion per te nxitur punesimin (Sigurime Shoqerore&Shendetesore),Kristaq Condi,6680.00,3/7/2025 12:00:00 AM,3/10/2025 12:00:00 AM
 Tirane,17910020012025,1002001-Kuvendi,   lik shp bileta udhetimi (Tr-Madrid), up 4838/1 dt 23.12.24, ft of 4838/2 dt 23.12.24, pv kpvv dt 26.12.24, fat 1136/2024 dt 24.12.24, (vkm 285 dt 19.5.2021),2,Kuvendi,1002001,Kuvendi Popullor (3535),6024200,Udhetim jashte shtetit,AMADEUS TRAWELL AND TOURS,61000.00,3/6/2025 12:00:00 AM,3/10/2025 12:00:00 AM
 Vlore,17910121252025,1012125 ZYRA E PUNES VLORE VKM 17 JANAR 2025,12,Ministria e Ekonomise, Kultures dhe Inovacionit,1012125,Drejtori Rajonale AKPA Vlorë (3737),6031200,Subvencion per te nxitur punesimin (Sigurime Shoqerore&Shendetesore),ASTRIT ZEJNO,9109.00,3/7/2025 12:00:00 AM,3/10/2025 12:00:00 AM
 Tirane,18010020012025,1002001-Kuvendi,   lik shp bileta udhetimi (Tr-Rejkiavik), up 503/1 dt 7.2.25, ft of 503/2 dt 7.2.25, pv kpvv dt 10.2.25, fat 107/2025 dt 10.2.25, (vkm 285 dt 19.5.2021),2,Kuvendi,1002001,Kuvendi Popullor (3535),6024200,Udhetim jashte shtetit,AMADEUS TRAWELL AND TOURS,698000.00,3/6/2025 12:00:00 AM,3/10/2025 12:00:00 AM
 Vlore,18010121252025,1012125 ZYRA E PUNES VLORE SHERBIM PASTRIMI FAT.14 DT.04.03.2025 SHKURT 2025,12,Ministria e Ekonomise, Kultures dhe Inovacionit,1012125,Drejtori Rajonale AKPA Vlorë (3737),6022009,Sherbime te pastrimit dhe gjelberimit,SEMANI SECURITY,60231.00,3/7/2025 12:00:00 AM,3/10/2025 12:00:00 AM
 Bulqize,1810100032025,Thesari Bulqize (1010003) likujdim shpenzime telefoni per abonentin nr.310001836065 shkurt 2025. fat nr.310209/2025. date 05.03.2025.,10,Ministria e Financave dhe Ekonomise,1010003,Dega e Thesarit Bulqize (0603),6022003,Sherbime telefonike,ONE ALBANIA,1920.00,3/7/2025 12:00:00 AM,3/10/2025 12:00:00 AM
 Vlore,18110121252025,1012125 ZYRA E PUNES VLORE POSTA FAT.138 DT.04.03.2025,12,Ministria e Ekonomise, Kultures dhe Inovacionit,1012125,Drejtori Rajonale AKPA Vlorë (3737),6022004,Posta dhe sherbimi korrier,POSTA SHQIPTARE SH.A,690.00,3/7/2025 12:00:00 AM,3/10/2025 12:00:00 AM
 Vlore,18210121252025,1012125 ZYRA E PUNES VLORE POSTA FAT.146 DT.04.03.2025,12,Ministria e Ekonomise, Kultures dhe Inovacionit,1012125,Drejtori Rajonale AKPA Vlorë (3737),6022004,Posta dhe sherbimi korrier,POSTA SHQIPTARE SH.A,1000.00,3/7/2025 12:00:00 AM,3/10/2025 12:00:00 AM
 Vlore,18310121252025,1012125 ZYRA E PUNES VLORE SIG SHOQ PAGA+MENTOR VKM 17 JANAR 2025,12,Ministria e Ekonomise, Kultures dhe Inovacionit,1012125,Drejtori Rajonale AKPA Vlorë (3737),6031100,Subvencion per te nxitur punesimin (Paga),Sajmir Mataj,49680.00,3/7/2025 12:00:00 AM,3/10/2025 12:00:00 AM
 Vlore,18410121252025,1012125 ZYRA E PUNES VLORE SIG SHOQ PAGA+MENTOR VKM 17 GARANCI RINORE JANAR 2025,12,Ministria e Ekonomise, Kultures dhe Inovacionit,1012125,Drejtori Rajonale AKPA Vlorë (3737),6031100,Subvencion per te nxitur punesimin (Paga),Sajmir Mataj,49680.00,3/7/2025 12:00:00 AM,3/10/2025 12:00:00 AM
 Vlore,18510121252025,1012125 ZYRA E PUNES VLORE SIG SHOQ  VKM 17 DHE POSTFORMIM JANAR 2025,12,Ministria e Ekonomise, Kultures dhe Inovacionit,1012125,Drejtori Rajonale AKPA Vlorë (3737),6031200,Subvencion per te nxitur punesimin (Sigurime Shoqerore&Shendetesore),REGINA GROUP,33400.00,3/7/2025 12:00:00 AM,3/10/2025 12:00:00 AM
 Tirane,18610020012025,1002001-Kuvendi,    lik rimb telefon cel, urdher sp nr 515 dt 11.10.24, list pag,2,Kuvendi,1002001,Kuvendi Popullor (3535),6060099,Te tjera transferta tek individet,BANKA CREDINS,18570.00,3/7/2025 12:00:00 AM,3/10/2025 12:00:00 AM
 Tirane,18710020012025,1002001-Kuvendi,    lik rimb telefon cel, urdher sp nr 515 dt 11.10.24, list pag,2,Kuvendi,1002001,Kuvendi Popullor (3535),6060099,Te tjera transferta tek individet,RAIFFEISEN BANK SH.A,22919.00,3/7/2025 12:00:00 AM,3/10/2025 12:00:00 AM
 Permet,18721350012025,BASHKIA PERMET PAGA SHKURT 2025,0,Unspecified,2135001,Bashkia Permet (1128),6001001,Paga neto për punonjesit e miratuar në organikë,RAIFFEISEN BANK SH.A,299292.00,3/6/2025 12:00:00 AM,3/10/2025 12:00:00 AM
 Tirane,18810020012025,1002001-Kuvendi,    lik rimb telefon cel, urdher sp nr 515 dt 11.10.24, list pag,2,Kuvendi,1002001,Kuvendi Popullor (3535),6060099,Te tjera transferta tek individet,BANKA E TIRANES,1500.00,3/7/2025 12:00:00 AM,3/10/2025 12:00:00 AM
 Tirane,18910020012025,1002001-Kuvendi,    lik rimb telefon cel, urdher sp nr 515 dt 11.10.24, list pag,2,Kuvendi,1002001,Kuvendi Popullor (3535),6060099,Te tjera transferta tek individet,Banka OTP Albania,3400.00,3/7/2025 12:00:00 AM,3/10/2025 12:00:00 AM
 Tirane,19010020012025,1002001-Kuvendi,    lik rimb telefon cel, urdher sp nr 515 dt 11.10.24, list pag,2,Kuvendi,1002001,Kuvendi Popullor (3535),6060099,Te tjera transferta tek individet,INTESA SANPAOLO BANK ALBANIA,10000.00,3/7/2025 12:00:00 AM,3/10/2025 12:00:00 AM
 Vlore,1910120762025,1012076 MUZEU VLORE  REGJISTRIM DOMAIN FATURE NR 603 DATE 06.03.2025,12,Ministria e Ekonomise, Kultures dhe Inovacionit,1012076,Muzeu Kombetar i Pavaresise (3737),6021099,Te tjera materiale dhe sherbime speciale,AUTORITETI KOMUNIK.ELEKTRONIK.E POSTARE,5000.00,3/7/2025 12:00:00 AM,3/10/2025 12:00:00 AM
 Durres,1910180062025,1018006/SHERBIMI INFORMATIV I SHTETIT DURRES/ INTERNET FAT 1150 DT 27.02.2025,18,Sherbimi Informativ Kombtar,1018006,Drejtoria e SHIK Durres (0707),6022003,Sherbime telefonike,NISATEL,7389.00,3/7/2025 12:00:00 AM,3/10/2025 12:00:00 AM
 Korçe,19321220012025,BASHKIA KORCE (2122001) PAGESE KESHILLTARET PERIUDHA SHKURT 2025, URDHER NR.229 DT 05.03.2025, LISTE PAGESE,0,Unspecified,2122001,Bashkia Korce (1515),6029006,Shpenzime kompesimi per anetaret e parlamentit dhe zyrtare te tjera te zgjedhur,BANKA KOMBETARE TREGTARE,375700.00,3/7/2025 12:00:00 AM,3/10/2025 12:00:00 AM
 Korçe,19421220012025,BASHKIA KORCE (2122001) PAGESE KESHILLTARET PERIUDHA SHKURT 2025, URDHER NR.229 DT 05.03.2025, LISTE PAGESE,0,Unspecified,2122001,Bashkia Korce (1515),6029006,Shpenzime kompesimi per anetaret e parlamentit dhe zyrtare te tjera te zgjedhur,BANKA CREDINS,88400.00,3/7/2025 12:00:00 AM,3/10/2025 12:00:00 AM
 Korçe,19521220012025,BASHKIA KORCE (2122001) PAGESE KESHILLTARET PERIUDHA SHKURT 2025, URDHER NR.229 DT 05.03.2025, LISTE PAGESE,0,Unspecified,2122001,Bashkia Korce (1515),6029006,Shpenzime kompesimi per anetaret e parlamentit dhe zyrtare te tjera te zgjedhur,RAIFFEISEN BANK SH.A,397800.00,3/7/2025 12:00:00 AM,3/10/2025 12:00:00 AM
 Kuçove,19521240012025,2124001 rikualifikim urban rruga mersin dyrmo fat nr 01/03.03.2025 kontr nr 3824 dt 11.11.2024,0,Unspecified,2124001,Bashkia Kucove (0217),2313100,Shpenz. per rritjen e AQT - konstruksione te rrugeve,AVDULI,10683639.00,3/6/2025 12:00:00 AM,3/10/2025 12:00:00 AM
 Permet,19521350012025,BASHKIA PERMET PAGA SHKURT 2025,0,Unspecified,2135001,Bashkia Permet (1128),6001001,Paga neto për punonjesit e miratuar në organikë,RAIFFEISEN BANK SH.A,710612.00,3/6/2025 12:00:00 AM,3/10/2025 12:00:00 AM
 Korçe,19621220012025,BASHKIA KORCE (2122001) SUBVENCION I INTERESAVE TE KREDISE PER PROGRAMIN E STREHIMIT SOCIAL, MARREV.BASHKEP.NR.5756 DT 28.06.2019, NR.5756/2 DT 17.06.2020, KERKESE DT 27.02.2025, URDHER NR.211 DT 04.03.2025,0,Unspecified,2122001,Bashkia Korce (1515),6039100,Subvencione te tjera,RAIFFEISEN BANK SH.A,9727.22,3/7/2025 12:00:00 AM,3/10/2025 12:00:00 AM
 Permet,19621350012025,BASHKIA PERMET PAGA SHKURT 2025,0,Unspecified,2135001,Bashkia Permet (1128),6001001,Paga neto për punonjesit e miratuar në organikë,BANKA E TIRANES,71040.00,3/6/2025 12:00:00 AM,3/10/2025 12:00:00 AM
 Permet,19721350012025,BASHKIA PERMET PAGA SHKURT 2025,0,Unspecified,2135001,Bashkia Permet (1128),6001001,Paga neto për punonjesit e miratuar në organikë,BANKA E TIRANES,1561074.00,3/6/2025 12:00:00 AM,3/10/2025 12:00:00 AM
 Permet,19821350012025,BASHKIA PERMET PAGA SHKURT 2025,0,Unspecified,2135001,Bashkia Permet (1128),6001001,Paga neto për punonjesit e miratuar në organikë,RAIFFEISEN BANK SH.A,2425700.00,3/6/2025 12:00:00 AM,3/10/2025 12:00:00 AM
 Durres,2010180062025,1018006/SHERBIMI INFORMATIV I SHTETIT DURRES/ ENERGJI FAT 2754893 DT 04.03.2025,18,Sherbimi Informativ Kombtar,1018006,Drejtoria e SHIK Durres (0707),6022001,Elektricitet,FURNIZUESI I SHERBIMIT UNIVERSAL,14649.00,3/7/2025 12:00:00 AM,3/10/2025 12:00:00 AM
 Tirane,2010820012025,1082001 Kesh Komb i Kont 2025, lik  ft blerje UPS, up nr 3 dt 11.02.2025, pv vl dt 11.02.2025, ft nr 74/2025 dt 11.02.2025, fh dt 11.02.2025,82,Keshilli Kombetar i Kontabilitetit,1082001,Keshilli Kombetar i Kontabilitetit (3535),2318700,Shpenz. per rritjen e AQT - te tjera paisje zyre,ATOM,92000.00,3/6/2025 12:00:00 AM,3/10/2025 12:00:00 AM
 Tirane,2021011132025,2101113-Drejt Konvikteve dhe shkollave te mesme 2025- Likujduar Telefon , FT nr 202054/2025 dt 04.02.2025,0,Unspecified,2101113,Drejtoria E Konvikteve (3535),6022003,Sherbime telefonike,ONE ALBANIA,17700.00,3/7/2025 12:00:00 AM,3/10/2025 12:00:00 AM
 Tirane,2021660072025,2166007 Nderm.Sherb.Publike 2024  blerje materjale elektrike up nr 42  dt 28.01.2025 njof fit dt 14.02.2025 kont nr 95 dt 17.02.2025 ft nr 15  dt 19.02.2025 fh nr 03  dt 19.02.2025,0,Unspecified,2166007,Ndërmarja e Shërbimeve Publike Kamëz (3535),6025400,Shpenz.per miremb.e rrugeve, veprave ujore, rrjeteve hidraulike, elektrike, telefonike, ngrohje etj,ERVIN LUZI,334680.00,3/7/2025 12:00:00 AM,3/10/2025 12:00:00 AM
 Tirane,21010130512025,1013051 Qendra Spitalore Rajon ''Shefqet Ndroqi'' barna autorizim mshms nr 114/10 dt 14.08.2024 kont nr 114/453  dt 20.1.2025 ft nr 184  dt 24.01.2025 fh nr 58 dt 24.01.2025,13,Ministria e Shendetesise dhe Mbrojtjes Sociale,1013051,Qendra Spitalore Rajonale e Tiranes "Shefqet Ndroqi" (3535),6021003,Ilaçe dhe materiale mjeksore,ALDOSCH - FARMA,45216.00,3/7/2025 12:00:00 AM,3/10/2025 12:00:00 AM
 Kuçove,2110100172025,1010017 shpenzime posta shkurt fat 30 dt 28.02.2025 thesari,10,Ministria e Financave dhe Ekonomise,1010017,Dega e Thesarit Kucove (0217),6022004,Posta dhe sherbimi korrier,POSTA SHQIPTARE SH.A,840.00,3/7/2025 12:00:00 AM,3/10/2025 12:00:00 AM
 Tirane,2110110512025,1011051-Inst Nxenes qe nuk shikojne -Furnizim me mish,UP 716 dt 26.6.24,njof fit 28.6.24,marveshje kuader 716 dt 16.9.24,kontrate 7 dt 8.1.25 ne vazhdim ,fat 388 dt 4.3.25,FH 8 dt 4.3.25,11,Ministria e Arsimit Sportit dhe Rinise,1011051,Instituti i Femijeve qe nuk shikojne (3535),6021004,Furnizime dhe sherbime me ushqim per mencat,ARGENT DACI	,10260.00,3/7/2025 12:00:00 AM,3/10/2025 12:00:00 AM
 Tirane,2110121362025,1012136,QFP VLeviz,lik karrige,urdh blerje dt 27.1.2025,fat nr 7 dt 29.1.2025,fl hyr nr 3 dt 29.1.2025,proc verb dorez dt 29.1.2025,12,Ministria e Ekonomise, Kultures dhe Inovacionit,1012136,Q.Form. Profes. Levizshme (3535),2318700,Shpenz. per rritjen e AQT - te tjera paisje zyre,HEP-2012,120000.00,3/7/2025 12:00:00 AM,3/10/2025 12:00:00 AM
 Durres,2110180062025,1018006/SHERBIMI INFORMATIV I SHTETIT DURRES/ POSTE FAT 109 DT 04.03.2025,18,Sherbimi Informativ Kombtar,1018006,Drejtoria e SHIK Durres (0707),6022004,Posta dhe sherbimi korrier,POSTA SHQIPTARE SH.A,570.00,3/7/2025 12:00:00 AM,3/10/2025 12:00:00 AM
 Tirane,2121011562025,2101156,DPOP-energji ft permb 24.01.2025,0,Unspecified,2101156,Drejtoria e Përgjithshme e Objekteve Publike (3535),6022001,Elektricitet,FURNIZUESI I SHERBIMIT UNIVERSAL,211591.00,3/7/2025 12:00:00 AM,3/10/2025 12:00:00 AM
 Tirane,21910130512025,1013051 Qendra Spitalore Rajon ''Shefqet Ndroqi'' barna autorizim mshms nr 106/1dt 23.06.2020 kont nr 106/79  dt 27.08.2020 ft nr 26781924 dt 24.12.2020 fh nr 488 dt 24.12.2020,13,Ministria e Shendetesise dhe Mbrojtjes Sociale,1013051,Qendra Spitalore Rajonale e Tiranes "Shefqet Ndroqi" (3535),6021003,Ilaçe dhe materiale mjeksore,FLORFARMA,104784.00,3/7/2025 12:00:00 AM,3/10/2025 12:00:00 AM
 Kuçove,2210100172025,1010017 shpenzime energji shkurt fat 250227079015 dt 27.02.2025 thesari kucove,10,Ministria e Financave dhe Ekonomise,1010017,Dega e Thesarit Kucove (0217),6022001,Elektricitet,FURNIZUESI I SHERBIMIT UNIVERSAL,11793.00,3/7/2025 12:00:00 AM,3/10/2025 12:00:00 AM
 Tirane,2210110512025,1011051-Inst Nxenes qe nuk shikojne -Furnizim me mish,UP 65/1 dt 2.9.24,pv 2.9.24,njof fit 2.9.24,fat 701 dt 3.3.25,fh 5 dt 4.3.25,11,Ministria e Arsimit Sportit dhe Rinise,1011051,Instituti i Femijeve qe nuk shikojne (3535),6021004,Furnizime dhe sherbime me ushqim per mencat,4 S,84240.00,3/7/2025 12:00:00 AM,3/10/2025 12:00:00 AM
 Tirane,2210121272025,1012127,QF P nr 1,lik telefon janar,fat nr 1341467 dt 1.03.2025,12,Ministria e Ekonomise, Kultures dhe Inovacionit,1012127,Q.Form. Profes. Nr.1 Tirane (3535),6022003,Sherbime telefonike,ONE ALBANIA,1880.00,3/7/2025 12:00:00 AM,3/10/2025 12:00:00 AM
 Tirane,2210121602025,1012160 - Shkolla  e Mesme Profesionale Kamez 2025 - shpenz vendime gjyqsore per punonjesin e larguar nga puna E.Martini, vendim gjyqsore nr 3277 dt 27.09.2024, nj per ekzekutimin te detyruar nga zyra permbarimore  nr 974-2097 dt 11.12.2024,12,Ministria e Ekonomise, Kultures dhe Inovacionit,1012160,Shkolla Profesionale Kamez (3535),6027400,Shpenzime per ekzekutim te vendimeve gjyqesore per largim nga puna,ZYRË E PËRMBARIMIT PRIVAT PRESTIGE,589639.00,3/7/2025 12:00:00 AM,3/10/2025 12:00:00 AM
 Tirane,2210820012025,1082001 Kesh Komb i Kont 2025, lik  ft sherb pastrimi, kontr ne vazhd nr 24 dt 17.01.2025, ft nr 52/2025 dt 03.03.2025,82,Keshilli Kombetar i Kontabilitetit,1082001,Keshilli Kombetar i Kontabilitetit (3535),6022009,Sherbime te pastrimit dhe gjelberimit,AIR,13440.00,3/6/2025 12:00:00 AM,3/10/2025 12:00:00 AM
 Tirane,22210130512025,1013051 Qendra Spitalore Rajon ''Shefqet Ndroqi'', pellet kontrate  vazhdim nr 335/51 dt 31.12.2024  ft nr 60/2025 dt 20 .02.2025  fh nr 20  dt 21.02.2025,13,Ministria e Shendetesise dhe Mbrojtjes Sociale,1013051,Qendra Spitalore Rajonale e Tiranes "Shefqet Ndroqi" (3535),6022005,Sherbim per ngrohje,ALCANI SHPK,984000.00,3/7/2025 12:00:00 AM,3/10/2025 12:00:00 AM
 Tirane,22310130512025,1013051 Qendra Spitalore Rajon ''Shefqet Ndroqi'', oksigjen, kontrate  ne vazh nr 237/18 dt 31.05.2024 ft nr 1235/2025 dt 24.02.2025  fh nr 23 dt 24.02.2025,13,Ministria e Shendetesise dhe Mbrojtjes Sociale,1013051,Qendra Spitalore Rajonale e Tiranes "Shefqet Ndroqi" (3535),6021003,Ilaçe dhe materiale mjeksore,GTS-GAZRA TEKNIKE SHQIPTARE,1079500.00,3/7/2025 12:00:00 AM,3/10/2025 12:00:00 AM
 Tirane,22410130512025,1013051 Qendra Spitalore Rajon ''Shefqet Ndroqi''  autorizim mshms nr 114/22 dt 16.08.2024  kont nr 114/657 dt 07.02.2025 ft nr 15318 dt 10.02.2025 fh nr 146 dt 10.02.2025,13,Ministria e Shendetesise dhe Mbrojtjes Sociale,1013051,Qendra Spitalore Rajonale e Tiranes "Shefqet Ndroqi" (3535),6021003,Ilaçe dhe materiale mjeksore,T R I M E D,62400.00,3/7/2025 12:00:00 AM,3/10/2025 12:00:00 AM
 Tirane,22510130512025,1013051 Qendra Spitalore Rajon ''Shefqet Ndroqi''  blerje barna  MSHMS nr 114/5 dt 24.07.2024 kontr nr.114/636 dt.03.02.2025 fat nr 1661  dt 10.02.2025 fh nr. 141 dt 10.02.2025,13,Ministria e Shendetesise dhe Mbrojtjes Sociale,1013051,Qendra Spitalore Rajonale e Tiranes "Shefqet Ndroqi" (3535),6021003,Ilaçe dhe materiale mjeksore,M E D  I C A M E N T A,6452.00,3/7/2025 12:00:00 AM,3/10/2025 12:00:00 AM
 Tirane,22610130512025,1013051 Qendra Spitalore Rajon ''Shefqet Ndroqi''  blerje barna  MSHMS nr 114/5 dt 24.07.2024 kontr nr.114/636 dt.03.02.2025 fat nr 1664  dt 10.02.2025 fh nr. 140 dt 10.02.2025,13,Ministria e Shendetesise dhe Mbrojtjes Sociale,1013051,Qendra Spitalore Rajonale e Tiranes "Shefqet Ndroqi" (3535),6021003,Ilaçe dhe materiale mjeksore,M E D  I C A M E N T A,108000.00,3/7/2025 12:00:00 AM,3/10/2025 12:00:00 AM
 Tirane,22710130512025,1013051 Qendra Spitalore Rajon ''Shefqet Ndroqi'' autorizim mshms nr 114/5 dt 24.07.2024  kont nr 15319 /603 dt 07.02.2025 ft nr 15319  dt 10.02.2025 fh nr 147 dt 10.02.2025,13,Ministria e Shendetesise dhe Mbrojtjes Sociale,1013051,Qendra Spitalore Rajonale e Tiranes "Shefqet Ndroqi" (3535),6021003,Ilaçe dhe materiale mjeksore,T R I M E D,33525.00,3/7/2025 12:00:00 AM,3/10/2025 12:00:00 AM
 Tirane,22810130512025,1013051 Qendra Spitalore Rajon ''Shefqet Ndroqi'' autorizim mshms nr 114/5 dt 24.07.2024  kont nr 114/655 dt 07.02.2025 ft nr 916  dt 11.02.2025 fh nr 151 dt 11.02.2025,13,Ministria e Shendetesise dhe Mbrojtjes Sociale,1013051,Qendra Spitalore Rajonale e Tiranes "Shefqet Ndroqi" (3535),6021003,Ilaçe dhe materiale mjeksore,LUVIV,67050.00,3/7/2025 12:00:00 AM,3/10/2025 12:00:00 AM
 Tirane,22910130512025,1013051 Qendra Spitalore Rajon ''Shefqet Ndroqi'' autorizim mshms nr 114/9 dt 14.08.2024  kont nr 114/573 dt 29.01.2025 ft nr 8133/2025 dt 12.02.2025 fh nr 158 dt 12.02.2025,13,Ministria e Shendetesise dhe Mbrojtjes Sociale,1013051,Qendra Spitalore Rajonale e Tiranes "Shefqet Ndroqi" (3535),6021003,Ilaçe dhe materiale mjeksore,MEGAPHARMA,63900.00,3/7/2025 12:00:00 AM,3/10/2025 12:00:00 AM
 Tirane,23010130512025,1013051 Qendra Spitalore Rajon ''Shefqet Ndroqi'' autorizim mshms nr 114/5dt 24.07.2024  kont nr 114/655 dt 07.02.2025 ft nr 897/2025 dt 18.02.2025 fh nr 173dt 18.02.2025,13,Ministria e Shendetesise dhe Mbrojtjes Sociale,1013051,Qendra Spitalore Rajonale e Tiranes "Shefqet Ndroqi" (3535),6021003,Ilaçe dhe materiale mjeksore,INCOMED,100575.00,3/7/2025 12:00:00 AM,3/10/2025 12:00:00 AM
 Tirane,2310110512025,1011051-Inst Nxenes qe nuk shikojne -Furnizim ushqim per menza,UP 716 dt 26.6.24,njof fit 716/14 dt 29.8.24,mk 716/20 dt 9.9.24,kontr 159 dt 23.9.24 na vazhdim ,fat 187 dt 3.3.25,fh 4 dt 4.3.25,11,Ministria e Arsimit Sportit dhe Rinise,1011051,Instituti i Femijeve qe nuk shikojne (3535),6021004,Furnizime dhe sherbime me ushqim per mencat,K A D R A,18199.00,3/7/2025 12:00:00 AM,3/10/2025 12:00:00 AM
 Tirane,2310121272025,1012127,QF P nr 1,lik uje shkurt 2025,fat nr 31220/2025 dt 02.03.2025,,12,Ministria e Ekonomise, Kultures dhe Inovacionit,1012127,Q.Form. Profes. Nr.1 Tirane (3535),6022002,Uje,UJËSJELLËS KANALIZIME TIRANË,42468.00,3/7/2025 12:00:00 AM,3/10/2025 12:00:00 AM
 Tirane,2310121602025,1012160 - Shkolla  eMesme Profesionale Kamez 2025 - Lik faturash uji Janar dhe Shkurt 2025,Xhirim nr 23 dt 07.03.2025,Permbledhese faturash nr 28379,10717,25188 dt 21.02.2025,12,Ministria e Ekonomise, Kultures dhe Inovacionit,1012160,Shkolla Profesionale Kamez (3535),6022002,Uje,Ujesjelles Kanalizime Kamez (UKK sh.a),3184.00,3/7/2025 12:00:00 AM,3/10/2025 12:00:00 AM
 Tirane,23110130512025,1013051 Qendra Spitalore Rajon ''Shefqet Ndroqi''  blerje barna autorizim mshms nr 114/5 dt 24.07.2024  kont nr 114/655 dt 07.02.2025 ft nr 1948/2025 dt 18.02.2025 fh nr 172 dt 18.02.2025,13,Ministria e Shendetesise dhe Mbrojtjes Sociale,1013051,Qendra Spitalore Rajonale e Tiranes "Shefqet Ndroqi" (3535),6021003,Ilaçe dhe materiale mjeksore,M E D  I C A M E N T A,33525.00,3/7/2025 12:00:00 AM,3/10/2025 12:00:00 AM
 Tirane,2321011562025,2101156,DPOP-karburant vazhd  kont 5238/2 dt 30.12.2024 ft 8 dt 6.01.2025 fh 1 dt 6.01.2025,0,Unspecified,2101156,Drejtoria e Përgjithshme e Objekteve Publike (3535),6023100,Karburant dhe vaj,A&T,63703.00,3/7/2025 12:00:00 AM,3/10/2025 12:00:00 AM
 Tirane,23210130512025,1013051 Qendra Spitalore Rajon ''Shefqet Ndroqi'' blerje barna autorizim mshms nr 114/9 dt 14.08.2024  kont nr 114/655 dt 05.02.2025 ft nr 903/2025 dt 18.02.2025 fh nr 174 dt 18.02.2025,13,Ministria e Shendetesise dhe Mbrojtjes Sociale,1013051,Qendra Spitalore Rajonale e Tiranes "Shefqet Ndroqi" (3535),6021003,Ilaçe dhe materiale mjeksore,INCOMED,19400.00,3/7/2025 12:00:00 AM,3/10/2025 12:00:00 AM
 Tirane,23310130512025,1013051 Qendra Spitalore Rajon ''Shefqet Ndroqi'' blerje barna autorizim mshms nr 114/9 dt 14.08.2024  kont nr 114/667 dt 10.02.2025 ft nr 900/2025 dt 18.02.2025 fh nr 171dt 18.02.2025,13,Ministria e Shendetesise dhe Mbrojtjes Sociale,1013051,Qendra Spitalore Rajonale e Tiranes "Shefqet Ndroqi" (3535),6021003,Ilaçe dhe materiale mjeksore,INCOMED,35600.00,3/7/2025 12:00:00 AM,3/10/2025 12:00:00 AM
 Tirane,23410130512025,1013051 Qendra Spitalore Rajon ''Shefqet Ndroqi'' blerje barna autorizim mshms nr 114/9 dt 14.08.2024  kont nr 114/665 dt 10.02.2025 ft nr 2485/2025 dt 17.02.2025 fh nr 167 dt 17.02.2025,13,Ministria e Shendetesise dhe Mbrojtjes Sociale,1013051,Qendra Spitalore Rajonale e Tiranes "Shefqet Ndroqi" (3535),6021003,Ilaçe dhe materiale mjeksore,FLORFARMA,52050.00,3/7/2025 12:00:00 AM,3/10/2025 12:00:00 AM
 Tirane,23510130512025,1013051 Qendra Spitalore Rajon ''Shefqet Ndroqi'' telefona ft nr 277932  dt 01.01.2025,13,Ministria e Shendetesise dhe Mbrojtjes Sociale,1013051,Qendra Spitalore Rajonale e Tiranes "Shefqet Ndroqi" (3535),6022003,Sherbime telefonike,ONE ALBANIA,5040.00,3/7/2025 12:00:00 AM,3/10/2025 12:00:00 AM
 Tirane,2410110512025,1011051-Inst Nxenes qe nuk shikojne -Pagese ujesjelles Janar 2025,fat 68700 dt 2.3.25,11,Ministria e Arsimit Sportit dhe Rinise,1011051,Instituti i Femijeve qe nuk shikojne (3535),6022002,Uje,UJËSJELLËS KANALIZIME TIRANË,36552.00,3/7/2025 12:00:00 AM,3/10/2025 12:00:00 AM
 Tirane,2410112662025,% ZVA Vore 2025 -  pagese sindikate shkurt 2025, kont nr 10839 dt 16.12.2015,11,Ministria e Arsimit Sportit dhe Rinise,1011266,Zyra Vendore Arsimore, Vorë (3535),6001001,Paga neto për punonjesit e miratuar në organikë,SINDIKATA E PAVARUR E ARSIMIT SHQIPTAR,11100.00,3/7/2025 12:00:00 AM,3/10/2025 12:00:00 AM
 Tirane,2410121602025,1012160 - Shkolla  eMesme Profesionale Kamez 2025 - Lik energji Janar 2025, xhirim nr 24 dt 07.03.2025,Permbledhese faturash dt 28.02.2025,12,Ministria e Ekonomise, Kultures dhe Inovacionit,1012160,Shkolla Profesionale Kamez (3535),6022001,Elektricitet,FURNIZUESI I SHERBIMIT UNIVERSAL,238561.00,3/7/2025 12:00:00 AM,3/10/2025 12:00:00 AM
 Tirane,24110110402025,1011040 UPT FAU - shpenz pritj percjell, progr pune nr 318 dt 6.12.2024, shkr nr 3283/1 dt 23.12.2024, ft nr 31 dt 14.1.2025,11,Ministria e Arsimit Sportit dhe Rinise,1011040,Universiteti Politeknik (3535),6029001,Shpenzime per pritje e percjellje,ERA  2000,10320.00,3/7/2025 12:00:00 AM,3/10/2025 12:00:00 AM
 Tirane,2421011562025,2101156,DPOP-karburant vazhd  kont 5238/2 dt 30.12.2024 ft 9 dt 6.01.2025 fh 2 dt 6.01.2025,0,Unspecified,2101156,Drejtoria e Përgjithshme e Objekteve Publike (3535),6023100,Karburant dhe vaj,A&T,11434.00,3/7/2025 12:00:00 AM,3/10/2025 12:00:00 AM
 Tirane,2510110512025,1011051-Inst Nxenes qe nuk shikojne -Pagese telefoni Janar 2025,fat 1133684 dt 2.3.25,11,Ministria e Arsimit Sportit dhe Rinise,1011051,Instituti i Femijeve qe nuk shikojne (3535),6022004,Posta dhe sherbimi korrier,VODAFONE ALBANIA,2000.00,3/7/2025 12:00:00 AM,3/10/2025 12:00:00 AM
 Tirane,2510112662025,% ZVA Vore 2025 -  pagese sindikate shkurt 2025, kont nr 10839 dt 16.12.2015,11,Ministria e Arsimit Sportit dhe Rinise,1011266,Zyra Vendore Arsimore, Vorë (3535),6001001,Paga neto për punonjesit e miratuar në organikë,FED.SIND.ARSIM.&SHKENC.SHQIP.(F.S.A.SH.),4200.00,3/7/2025 12:00:00 AM,3/10/2025 12:00:00 AM
 Tirane,2510121272025,1012127,QF P nr 1,lik telefon janar,fat nr 311043 dt 5.03.2025,12,Ministria e Ekonomise, Kultures dhe Inovacionit,1012127,Q.Form. Profes. Nr.1 Tirane (3535),6022003,Sherbime telefonike,ONE ALBANIA,3840.00,3/7/2025 12:00:00 AM,3/10/2025 12:00:00 AM
 Tirane,2510820012025,1082001 Kesh Komb i Kont 2025, lik ft sherb intern nr 68670/2025 dt 01.03.2025, kontr nr 19 dt 07.01.2025,82,Keshilli Kombetar i Kontabilitetit,1082001,Keshilli Kombetar i Kontabilitetit (3535),6022003,Sherbime telefonike,DIGICom,7300.00,3/6/2025 12:00:00 AM,3/10/2025 12:00:00 AM
 Tirane,2521011562025,2101156,DPOP-karburant vazhd  kont 5237/2 dt 30.12.2024 ft 11443 dt 6.01.2025 fh 3 dt 6.01.2025,0,Unspecified,2101156,Drejtoria e Përgjithshme e Objekteve Publike (3535),6023100,Karburant dhe vaj,O L S I,547056.00,3/7/2025 12:00:00 AM,3/10/2025 12:00:00 AM
 Tirane,25710130512024,1013051 Qendra Spitalore Rajon ''Shefqet Ndroqi'' dialize  Janar ub nr 82 dt 20.02.2025 shkresa nr 93  dt 20.02.2025  listepagese Janar,13,Ministria e Shendetesise dhe Mbrojtjes Sociale,1013051,Qendra Spitalore Rajonale e Tiranes "Shefqet Ndroqi" (3535),6021009,Materiale dhe pajisje labratorik e te sherbimit publik,BANKA AMERIKANE E INVESTIMEVE SHA	,4200.00,3/7/2025 12:00:00 AM,3/10/2025 12:00:00 AM
 Tirane,25810130512024,1013051 Qendra Spitalore Rajon ''Shefqet Ndroqi'' dialize  Janar ub nr 82 dt 20.02.2025 shkresa nr 93  dt 20.02.2025  listepagese Janar,13,Ministria e Shendetesise dhe Mbrojtjes Sociale,1013051,Qendra Spitalore Rajonale e Tiranes "Shefqet Ndroqi" (3535),6021099,Te tjera materiale dhe sherbime speciale,INTESA SANPAOLO BANK ALBANIA,2400.00,3/7/2025 12:00:00 AM,3/10/2025 12:00:00 AM
 Tirane,25910130512025,1013051 Qendra Spitalore Rajon ''Shefqet Ndroqi'' dialize  Janar ub nr 82 dt 20.02.2025 shkresa nr 93  dt 20.02.2025  listepagese Janar,13,Ministria e Shendetesise dhe Mbrojtjes Sociale,1013051,Qendra Spitalore Rajonale e Tiranes "Shefqet Ndroqi" (3535),6021099,Te tjera materiale dhe sherbime speciale,Banka OTP Albania,6500.00,3/7/2025 12:00:00 AM,3/10/2025 12:00:00 AM
 Tirane,26010130512025,1013051 Qendra Spitalore Rajon ''Shefqet Ndroqi'' dialize  Janar ub nr 82 dt 20.02.2025 shkresa nr 93  dt 20.02.2025  listepagese Janar,13,Ministria e Shendetesise dhe Mbrojtjes Sociale,1013051,Qendra Spitalore Rajonale e Tiranes "Shefqet Ndroqi" (3535),6021099,Te tjera materiale dhe sherbime speciale,RAIFFEISEN BANK SH.A,16800.00,3/7/2025 12:00:00 AM,3/10/2025 12:00:00 AM
 Berat,2610051192025,1005119 AKU BERAT  pagat muaji shkurt 2025bashkelidhur listepagesa,5,Ministria e Bujqesise dhe Zhvillimit Rural,1005119,Drejtoria Rajonale AKU Berat (0202),6001001,Paga neto për punonjesit e miratuar në organikë,Banka e Parë e Investimeve-Albania/ First Investment Bank- Albania,144417.00,3/7/2025 12:00:00 AM,3/10/2025 12:00:00 AM
 Tirane,2610110512025,1011051-Inst Nxenes qe nuk shikojne -Shpenz riparim pajisje elektronike,UP 1 dt 3.2.25,ftes of 3.3.25,pv komision 19 dt 3.3.25,pvmd 3.3.25,fat 5565 dt 3.3.25,fh 2 dt 4.3.25,11,Ministria e Arsimit Sportit dhe Rinise,1011051,Instituti i Femijeve qe nuk shikojne (3535),6025800,Shpenzime per mirembajtjen e paisjeve te zyrave,ALBAELETTRICA,36019.00,3/7/2025 12:00:00 AM,3/10/2025 12:00:00 AM
 Tirane,26110130512025,1013051 Qendra Spitalore Rajon ''Shefqet Ndroqi'' dialize  Janar ub nr 82 dt 20.02.2025 shkresa nr 93  dt 20.02.2025  listepagese Janar,13,Ministria e Shendetesise dhe Mbrojtjes Sociale,1013051,Qendra Spitalore Rajonale e Tiranes "Shefqet Ndroqi" (3535),6021099,Te tjera materiale dhe sherbime speciale,UNION BANK SHA,65200.00,3/7/2025 12:00:00 AM,3/10/2025 12:00:00 AM
 Tirane,2621011562025,2101156,DPOP-karburant vazhd  kont 5237/2 dt 30.12.2024 ft 11445 dt 6.01.2025 fh 4 dt 6.01.2025,0,Unspecified,2101156,Drejtoria e Përgjithshme e Objekteve Publike (3535),6023100,Karburant dhe vaj,O L S I,497821.00,3/7/2025 12:00:00 AM,3/10/2025 12:00:00 AM
 Berat,2710051192025,1005119 AKU BERAT PAGAT SHKURT 2025 listepagesa,5,Ministria e Bujqesise dhe Zhvillimit Rural,1005119,Drejtoria Rajonale AKU Berat (0202),6001001,Paga neto për punonjesit e miratuar në organikë,RAIFFEISEN BANK SH.A,816276.00,3/7/2025 12:00:00 AM,3/10/2025 12:00:00 AM
 Gjirokaster,2710100112025,1010011 Dega e Thesarit Gjirokaster. Vendim gjyqesor 1820 dt 17.07.2024 demshperblim z.Fatmir Beqaj, Fatura 13 dt 06.02.2025 kerkes permbaruesi, Shkres 3660/1 dt 28.02.2025, Shkres 688/9 dt 14.01.2025, 265000Lek vendim, 26400Lek permbarusi,10,Ministria e Financave dhe Ekonomise,1010011,Dega e Thesarit Gjirokaster (1111),6061099,Te tjera transferta tek individet,Armando Lelaj,291400.00,3/7/2025 12:00:00 AM,3/10/2025 12:00:00 AM
 Tirane,2710140962025,1014096 Agjen.Trajtimit.Pronave 2025, lik shp. gjyqesore dhe tarife permb, urdher 63 dt 26.2.25 relacion 1257/1 dt 26.2.25 Vendim Gjyk. e Rrethit Gjyq.Tirane 3205 dt 7.3.2014Vendim Kolegj Gjyk. te Larte 00-2024-1669 dt 25.4.24 tabela tarife,14,Ministria e Drejtesise,1014096,Agjencia e Trajtimit te Pronave (3535),6029003,Shpenzime gjyqesore,"TABAKU-2010",132400.00,3/7/2025 12:00:00 AM,3/10/2025 12:00:00 AM
 Tirane,27110110402025,1011040 UPT FGJM - shpenz fjetje praktika mesimor, VKM nr 997 dt 10.12.2010, shkr nr 57/1, 57/2 dt 17.1.2025, pv dt 20.1.2025, ft nr 53, nr 54 dt 25.2.2025,11,Ministria e Arsimit Sportit dhe Rinise,1011040,Universiteti Politeknik (3535),6024100,Udhetim i brendshem,TURIZMI BEHAR KOCIBELLI,151000.00,3/7/2025 12:00:00 AM,3/10/2025 12:00:00 AM
 Tirane,2721011562025,2101156,DPOP-qera magazinimi vazhdim kontrate 6973 dt 18.10.2024 ft 21 dt 13.01.2025,0,Unspecified,2101156,Drejtoria e Përgjithshme e Objekteve Publike (3535),6026102,Shpenzime per qiramarrje te ambienteve per aktivitete jashte institucionit,EKA - 2001,1600000.00,3/7/2025 12:00:00 AM,3/10/2025 12:00:00 AM
 Berat,2810051192025,1005119 AKU BERAT pagat shkurt 2025 bashkelidhur listepagesa,5,Ministria e Bujqesise dhe Zhvillimit Rural,1005119,Drejtoria Rajonale AKU Berat (0202),6001001,Paga neto për punonjesit e miratuar në organikë,BANKA CREDINS,77613.00,3/7/2025 12:00:00 AM,3/10/2025 12:00:00 AM
 Tirane,2810061432025,AKISA  1006143 -2025, lik dieta jashte vendit, autorizim nr 107 dt 07.03.2025, urdher nr 28 dt 07.03.2025, 2164 euro x 102.1 lek,6,Ministria e Infrastruktures dhe Energjise,1006143,Autoriteti Kombëtar i Investigimit për Sigurinë e Operimit në Aviacionin Civil (3535),6024200,Udhetim jashte shtetit,BANKA CREDINS,220994.00,3/7/2025 12:00:00 AM,3/10/2025 12:00:00 AM
 Tropoje,2810111202025,Zyra Vendore Arsimore Tropoje, elektricitet muaji Shkurt 2025, fatura nr.3095884, datë 05.03.2025, kontrata nr. T 100343.,11,Ministria e Arsimit Sportit dhe Rinise,1011120,Zyra Vendore Arsimore, Tropojë (1836),6022001,Elektricitet,FURNIZUESI I SHERBIMIT UNIVERSAL,19218.00,3/7/2025 12:00:00 AM,3/10/2025 12:00:00 AM
 Tirane,2810120122025,1012012 - QKVT 2025 - shpenz poste ,fatura nr 630076/2025 dt 05.03.2025,12,Ministria e Ekonomise, Kultures dhe Inovacionit,1012012,Qendra Kombetare e veprimtarive Folklorike (3535),6022004,Posta dhe sherbimi korrier,POSTA SHQIPTARE SH.A,700.00,3/7/2025 12:00:00 AM,3/10/2025 12:00:00 AM
 Tirane,2810120152025,1012015 - AQSHF 2025 - shpenz ruajtje fizike, kont rne vazhd nr 88 dt 26.06.2024, fat nr 503 dt 28.02.2025,12,Ministria e Ekonomise, Kultures dhe Inovacionit,1012015,Arkivi Qendror i Filmit (3535),6022008,Sherbime te sigurimit dhe ruajtjes,Illyrian Guard,178080.00,3/7/2025 12:00:00 AM,3/10/2025 12:00:00 AM
 Vlore,2810121622025,SHKOLLA IDUSTRIALE 1012162 POSTA FAT.NR/259 DT.05.03.2025,12,Ministria e Ekonomise, Kultures dhe Inovacionit,1012162,Shkoll. Prof."Pavarsia" Vlore (3737),6022004,Posta dhe sherbimi korrier,POSTA SHQIPTARE SH.A,315.00,3/7/2025 12:00:00 AM,3/10/2025 12:00:00 AM
 Fier,2810180182025,1018018 Drejtoria Rajonale nr.4 Fier   internet  Shkurt 2025  up.29.04.2024  kontr. fat.1133895/2025,18,Sherbimi Informativ Kombtar,1018018,Drejtoria Rajonale nr.4 (0909),6022003,Sherbime telefonike,VODAFONE ALBANIA,6900.00,3/7/2025 12:00:00 AM,3/10/2025 12:00:00 AM
 Tirane,2821011532025,2101153,Q Zhvill Pllumbat-ndarje ambjentesh me kartonxhes up 8 dt 13.02.2025 ft 12 dt 18.02.2025 pv 18.02.2025,13,Ministria e Shendetesise dhe Mbrojtjes Sociale,2101153,Qendra e zhvillimit Tirane (3535),6021099,Te tjera materiale dhe sherbime speciale,PL 97 GROUP,120000.00,3/7/2025 12:00:00 AM,3/10/2025 12:00:00 AM
 Tirane,29010110402025,1011040 UPT FTI - pag regjistr artikull A.Haveriku, VKM nr 329 dt 12.4.2017, udhez nr 22 dt 10.7.2013, vend BA nr 28 dt 25.9.2024, shkr nr 151/2 dt 16.1.2025, listpag, mbajtur TB,11,Ministria e Arsimit Sportit dhe Rinise,1011040,Universiteti Politeknik (3535),6029007,Shpenzime per pjesmarrje ne konferenca,BANKA CREDINS,49315.00,3/7/2025 12:00:00 AM,3/10/2025 12:00:00 AM
 Berat,2910051192025,1005119 AKU BERAT pagat bashkelidhur listepagesa muaji shkurt 2025,5,Ministria e Bujqesise dhe Zhvillimit Rural,1005119,Drejtoria Rajonale AKU Berat (0202),6001001,Paga neto për punonjesit e miratuar në organikë,BANKA KOMBETARE TREGTARE,246814.00,3/7/2025 12:00:00 AM,3/10/2025 12:00:00 AM
 Tirane,2910061432025,AKISA  1006143 -2025, lik dieta jashte vendit, autorizim nr 108 dt 07.03.2025, urdher nr 31 dt 07.03.2025, 1598 euro x 102.1 lek,6,Ministria e Infrastruktures dhe Energjise,1006143,Autoriteti Kombëtar i Investigimit për Sigurinë e Operimit në Aviacionin Civil (3535),6024200,Udhetim jashte shtetit,BANKA CREDINS,163156.00,3/7/2025 12:00:00 AM,3/10/2025 12:00:00 AM
 Tropoje,2910111202025,Zyra Vendore Arsimore  Tropoje, shpenzime per uje, fatura tatimore  nr.35605, datë 06.03.2025, kontrata nr.13752, matesi 4388.,11,Ministria e Arsimit Sportit dhe Rinise,1011120,Zyra Vendore Arsimore, Tropojë (1836),6022002,Uje,SHOQERIA RAJONALE UJESJELLES KANALIZIME KUKES SHA,854.00,3/7/2025 12:00:00 AM,3/10/2025 12:00:00 AM
 Tirane,2910120122025,1012012 - QKVT 2025 - shpenz telefoni, fat nr 287646/2025,dt 05.03.2025,12,Ministria e Ekonomise, Kultures dhe Inovacionit,1012012,Qendra Kombetare e veprimtarive Folklorike (3535),6022003,Sherbime telefonike,ONE ALBANIA,1920.00,3/7/2025 12:00:00 AM,3/10/2025 12:00:00 AM
 Vlore,2910121622025,SHKOLLA IDUSTRIALE 1012162 FAT.NR/1197 DT.28.02.2025 KONTRATA NR 500DT.03.02.2025,12,Ministria e Ekonomise, Kultures dhe Inovacionit,1012162,Shkoll. Prof."Pavarsia" Vlore (3737),6022099,Sherbime te tjera,NISATEL,81697.00,3/7/2025 12:00:00 AM,3/10/2025 12:00:00 AM
 Tirane,2910131042025,1013104-Spitali universitar i traumes-Paga shkurt 2025 Nr i pun plan/fakt 141/138 Lisp,13,Ministria e Shendetesise dhe Mbrojtjes Sociale,1013104,Spitali Universitar i Traumes (Sherbimi Urgjences) (3535),6001001,Paga neto për punonjesit e miratuar në organikë,BANKA CREDINS,11225710.00,3/10/2025 12:00:00 AM,3/10/2025 12:00:00 AM
 Fier,2910180182025,1018018 Drejtoria Rajonale nr.4 Fier   kontr. A000250  Shkurt 2025 fat.2228936,18,Sherbimi Informativ Kombtar,1018018,Drejtoria Rajonale nr.4 (0909),6022001,Elektricitet,FURNIZUESI I SHERBIMIT UNIVERSAL,48064.00,3/7/2025 12:00:00 AM,3/10/2025 12:00:00 AM
 Tirane,29210110402025,1011040 UPT FTI - pag regjistr artikull D.Minarolli, VKM nr 329 dt 12.4.2017, udhez nr 22 dt 10.7.2013, vend BA nr 28 dt 25.9.2024, shkr nr 433/1 dt 6.2.2025, listpag, mbajtur TB,11,Ministria e Arsimit Sportit dhe Rinise,1011040,Universiteti Politeknik (3535),6029007,Shpenzime per pjesmarrje ne konferenca,RAIFFEISEN BANK SH.A,63504.00,3/7/2025 12:00:00 AM,3/10/2025 12:00:00 AM
 Tirane,2921011532025,2101153,Q Zhvill Pllumbat- riparim dyer urdh prok 9 dt 11.02.2024 ft 15 dt 18.02.2025 pv 18.02.2025,13,Ministria e Shendetesise dhe Mbrojtjes Sociale,2101153,Qendra e zhvillimit Tirane (3535),6021099,Te tjera materiale dhe sherbime speciale,HENRI 2010,120000.00,3/7/2025 12:00:00 AM,3/10/2025 12:00:00 AM
 Tirane,2921011562025,2101156,DPOP-energji ft 250107000198 dt 31.12.2024,0,Unspecified,2101156,Drejtoria e Përgjithshme e Objekteve Publike (3535),6022001,Elektricitet,FURNIZUESI I SHERBIMIT UNIVERSAL,93911.00,3/7/2025 12:00:00 AM,3/10/2025 12:00:00 AM
 Fier,3010103202025,1010320 Drejtoria e Verifikim Kordinimit ne terren Rajoni Jugor, Sherbim poste fatura nr59/2025 dt.08.02.2025,10,Ministria e Financave dhe Ekonomise,1010320,Drejtoria e Verifikimit dhe Koordinimit në Terren (Rajoni Jugor) (0909),6022004,Posta dhe sherbimi korrier,POSTA SHQIPTARE SH.A,1415.00,3/7/2025 12:00:00 AM,3/10/2025 12:00:00 AM
 Tirane,3010120122025,1012012 - QKVT 2025 - shpenz telefoni, fat nr 287556/2025,dt 05.03.2025,12,Ministria e Ekonomise, Kultures dhe Inovacionit,1012012,Qendra Kombetare e veprimtarive Folklorike (3535),6022003,Sherbime telefonike,ONE ALBANIA,1920.00,3/7/2025 12:00:00 AM,3/10/2025 12:00:00 AM
 Tirane,3010121592025,1012159 ,Shk Tek K.Gega,lik pelet per ngrohje,vazhd kontr dt 19.3.2024,fat nr 8 dt 10.2.2025,fl hyr nr 2 dt 10.02.2025,12,Ministria e Ekonomise, Kultures dhe Inovacionit,1012159,Shk. Elektrike. "Gjergj Canco", Tirane (3535),6020200,Materiale per pastrim, dezinfektim, ngrohje dhe ndriçim,Eva Zoto,79200.00,3/7/2025 12:00:00 AM,3/10/2025 12:00:00 AM
 Tirane,3010131042025,1013104-Spitali universitar i traumes-Paga shkurt 2025 Nr i pun plan/fakt 141/138 Lisp,13,Ministria e Shendetesise dhe Mbrojtjes Sociale,1013104,Spitali Universitar i Traumes (Sherbimi Urgjences) (3535),6001001,Paga neto për punonjesit e miratuar në organikë,BANKA KOMBETARE TREGTARE,305113.00,3/10/2025 12:00:00 AM,3/10/2025 12:00:00 AM
 Fier,3010180182025,1018018 Drejtoria Rajonale nr.4 Fier   kontr.E107783  Shkurt 2025 fat.2582893,18,Sherbimi Informativ Kombtar,1018018,Drejtoria Rajonale nr.4 (0909),6022001,Elektricitet,FURNIZUESI I SHERBIMIT UNIVERSAL,41680.00,3/7/2025 12:00:00 AM,3/10/2025 12:00:00 AM
 Tirane,3021011562025,2101156,DPOP-energji ft 250109095057 dt 31.12.2024,0,Unspecified,2101156,Drejtoria e Përgjithshme e Objekteve Publike (3535),6022001,Elektricitet,FURNIZUESI I SHERBIMIT UNIVERSAL,340.00,3/7/2025 12:00:00 AM,3/10/2025 12:00:00 AM
 Durres,3021070212025,2107021/BIBLIOTEKA DURRES/ UJE SIPAS PERMBLEDHESES DT 06.03.2025,0,Unspecified,2107021,Biblioteka Durres (0707),6022002,Uje,SHOQERIA RAJONALE UJESJELLES KANALIZIME DURRES SH A,3220.00,3/6/2025 12:00:00 AM,3/10/2025 12:00:00 AM
 Skrapar,3021390082025,2139008 Shpenzim per blerje karburanti Up nr 28 dt 04.03.2025 Fatura nr 40609 dt 04.03.2025 fh nr 1 dt 04.03.2025 Nd Sherbimeve Publike Skrapar,0,Unspecified,2139008,Nd-ja Sherbimeve Publike (0232),6023100,Karburant dhe vaj,KASTRATI ENERGY,2249955.00,3/6/2025 12:00:00 AM,3/10/2025 12:00:00 AM
 Tirane,310171002025,1017100  REP Ushtarak 4009  2025 uje ft 31.1.2025 nr 530086-1,17,Ministria e Mbrojtjes,1017100,Reparti Ushtarak Nr.4304 Tirane (3535),6022002,Uje,Ujesjelles Kanalizime Kamez (UKK sh.a),37425.00,3/7/2025 12:00:00 AM,3/10/2025 12:00:00 AM
 Fier,3110050702025,Mbrojtje nga lumi i Kalase (Kaskada e Sheleganit) Drejtori e Ujitjes dhe Kullimit Fier fat 272 dt 24/10/2024,5,Ministria e Bujqesise dhe Zhvillimit Rural,1005070,Bordi i Kullimit Fier (0909),2313300,Shpenz. per rritjen e AQT - konstruksione te rrjeteve,NDREGJONI,7110345.00,3/7/2025 12:00:00 AM,3/10/2025 12:00:00 AM
 Fier,3110103202025,1010320 Drejtoria e Verifikim Kordinimit ne terren Rajoni Jugor, Sherbim poste fatura nr.394/2025 dt.05.03.2025,10,Ministria e Financave dhe Ekonomise,1010320,Drejtoria e Verifikimit dhe Koordinimit në Terren (Rajoni Jugor) (0909),6022004,Posta dhe sherbimi korrier,POSTA SHQIPTARE SH.A,1940.00,3/7/2025 12:00:00 AM,3/10/2025 12:00:00 AM
 Tirane,3110120152025,1012015 - AQSHF 2025 - sherbim interneti , Fatura nr 93085 dt 02.03.2025,12,Ministria e Ekonomise, Kultures dhe Inovacionit,1012015,Arkivi Qendror i Filmit (3535),6022003,Sherbime telefonike,DIGICom,1900.00,3/6/2025 12:00:00 AM,3/10/2025 12:00:00 AM
 Tirane,3110131042025,1013104-Spitali universitar i traumes-Paga shkurt 2025 Nr i pun plan/fakt 141/138 Lisp,13,Ministria e Shendetesise dhe Mbrojtjes Sociale,1013104,Spitali Universitar i Traumes (Sherbimi Urgjences) (3535),6001001,Paga neto për punonjesit e miratuar në organikë,RAIFFEISEN BANK SH.A,574208.00,3/10/2025 12:00:00 AM,3/10/2025 12:00:00 AM
 Fier,3110180182025,SH.I.SH.1018018 posta Shkurt  2025  fat.402/2025,18,Sherbimi Informativ Kombtar,1018018,Drejtoria Rajonale nr.4 (0909),6022004,Posta dhe sherbimi korrier,POSTA SHQIPTARE SH.A,245.00,3/7/2025 12:00:00 AM,3/10/2025 12:00:00 AM
 Tirane,3121011562025,2101156,DPOP-posta ft 50 dt 7.01.2025,0,Unspecified,2101156,Drejtoria e Përgjithshme e Objekteve Publike (3535),6022004,Posta dhe sherbimi korrier,POSTA SHQIPTARE SH.A,6335.00,3/7/2025 12:00:00 AM,3/10/2025 12:00:00 AM
 Durres,3121070212025,2107021/BIBLIOTEKA DURRES/ UJE FAT 250110613811 DT 04.03.2025,0,Unspecified,2107021,Biblioteka Durres (0707),6022002,Uje,SHOQERIA RAJONALE UJESJELLES KANALIZIME DURRES SH A,875.00,3/6/2025 12:00:00 AM,3/10/2025 12:00:00 AM
 Fier,3210050702025,Mbikqyrje e punimeve nga lumi kalas Drejtori e Ujitjes dhe Kullimit fier fat 14 dt 12/11/2024,5,Ministria e Bujqesise dhe Zhvillimit Rural,1005070,Bordi i Kullimit Fier (0909),2313400,Shpenz. per rritjen e AQT - konstruksione te veprave ujore,SELAS,316194.00,3/7/2025 12:00:00 AM,3/10/2025 12:00:00 AM
 Elbasan,3210110992025,1011099 Universiteti i Elb "Aleksander Xhuvani"- Shpenzim mirembajtje databaze, UP nr 31 dt 7.10.2024 ,Nj f dt 30.10.2024. Kontrate nr 2504/4 dt 31.10.2024. Fature nr 7 dt 03.03.2025,11,Ministria e Arsimit Sportit dhe Rinise,1011099,Universiteti "A. Xhuvani", Elbasan (0808),6022099,Sherbime te tjera,ALBANIAN BUSINESS PARTNER,1232851.00,3/7/2025 12:00:00 AM,3/10/2025 12:00:00 AM
 Tirane,3210131042025,1013104-Spitali universitar i traumes-Paga shkurt 2025 Nr i pun plan/fakt 141/137 Lisp,13,Ministria e Shendetesise dhe Mbrojtjes Sociale,1013104,Spitali Universitar i Traumes (Sherbimi Urgjences) (3535),6001001,Paga neto për punonjesit e miratuar në organikë,Banka OTP Albania,67851.00,3/10/2025 12:00:00 AM,3/10/2025 12:00:00 AM
 Fier,3210180182025,Drejtoria Rajonale nr.4(SHISH) 1018018 klienti 310001745565 Shkurt  2025  fat.323832/2025,18,Sherbimi Informativ Kombtar,1018018,Drejtoria Rajonale nr.4 (0909),6022003,Sherbime telefonike,ONE ALBANIA,1920.00,3/7/2025 12:00:00 AM,3/10/2025 12:00:00 AM
 Durres,3220470012025,2047001/ KESHILLI I QARKUT DURRES/ RIK RRUGE PERANDORI HADRIAN DHE KANDAVIA FAT 20 DT 26.12.2024 KONT 207/54 DT 06.09.2024,0,Unspecified,2047001,Qarku Durres (0707),2313100,Shpenz. per rritjen e AQT - konstruksione te rrugeve,BEQIRI,11530507.00,3/6/2025 12:00:00 AM,3/10/2025 12:00:00 AM
 Durres,3310100472025,1010047 / DREJTORIA RAJONALE E TATIMEVE / NDALESE NE PAGE TELEFON,10,Ministria e Financave dhe Ekonomise,1010047,Drejtoria Rajonale Tatimore Durres (0707),6001001,Paga neto për punonjesit e miratuar në organikë,VODAFONE ALBANIA,12025.00,3/7/2025 12:00:00 AM,3/10/2025 12:00:00 AM
 Elbasan,3310110992025,1011099 Universiteti i Elb "Aleksander Xhuvani"- Shpenzim sigurise dhe ruajtjes, UP nr 9 dt 05.04.2024,vendim nr9 dt 07.06.2024. Kontrate nr 865/10 dt 11.06.2024. Fature nr 12 dt 28.02.2025,11,Ministria e Arsimit Sportit dhe Rinise,1011099,Universiteti "A. Xhuvani", Elbasan (0808),6022008,Sherbime te sigurimit dhe ruajtjes,UEVI-2015,4931816.00,3/7/2025 12:00:00 AM,3/10/2025 12:00:00 AM
 Tirane,3310120222025,1012022 - Teatri kombetar 2025 - pagese,U Pune nr 67,nr 217 dt 13.02.2025,Kontrate nr 55 dt 18.02.2025,Fature nr 59/2025 dt 21.02.2025,12,Ministria e Ekonomise, Kultures dhe Inovacionit,1012022,Teatri Kombetar (3535),6040009,Te tjera transferime korrente,"SUADA",64800.00,3/6/2025 12:00:00 AM,3/10/2025 12:00:00 AM
 Tirane,3310131042025,1013104-Spitali universitar i traumes-Paga shkurt 2025 Nr i pun plan/fakt 141/137 Lisp,13,Ministria e Shendetesise dhe Mbrojtjes Sociale,1013104,Spitali Universitar i Traumes (Sherbimi Urgjences) (3535),6001001,Paga neto për punonjesit e miratuar në organikë,INTESA SANPAOLO BANK ALBANIA,82630.00,3/10/2025 12:00:00 AM,3/10/2025 12:00:00 AM
 Tirane,3310140132025,1014013 Spitali i Burgjeve 2025, lik energjie, ft nr 250205005966 dt 31.1.2025,14,Ministria e Drejtesise,1014013,Spitali i burgut Tirane (3535),6022001,Elektricitet,FURNIZUESI I SHERBIMIT UNIVERSAL,340.00,3/7/2025 12:00:00 AM,3/10/2025 12:00:00 AM
 Fier,3310180182025,Drejtoria Rajonale nr.4(SHISH) 1018018 klienti 310001809712 Shkurt 2025  fat.327817/2025,18,Sherbimi Informativ Kombtar,1018018,Drejtoria Rajonale nr.4 (0909),6022003,Sherbime telefonike,ONE ALBANIA,1920.00,3/7/2025 12:00:00 AM,3/10/2025 12:00:00 AM
 Tirane,3321011562025,2101156,DPOP-karburant mk 212/8 dt 20.03.2024 kont 5238/2 dt 30.12.2024 ft 45 dt 16.01.2025 fh 23 dt 16.01.2025,0,Unspecified,2101156,Drejtoria e Përgjithshme e Objekteve Publike (3535),6023100,Karburant dhe vaj,A&T,85002.00,3/7/2025 12:00:00 AM,3/10/2025 12:00:00 AM
 Elbasan,3410110992025,1011099 Universiteti i Elb "Aleksander Xhuvani"- Shpenzim qiramarrje ambientesh, vendim bordi adm 24 dt 29.06.2023. Urdher nr 218 dt 22.12.2023. Kontrate nr 262/4 dt 23.11.2023. fature nr 3 dt 04.02.2025,11,Ministria e Arsimit Sportit dhe Rinise,1011099,Universiteti "A. Xhuvani", Elbasan (0808),6026101,Shpenzime per qiramarrje ambientesh zyre te institucioneve,Renato Bardhi,211079.00,3/7/2025 12:00:00 AM,3/10/2025 12:00:00 AM
 Tirane,3410120222025,1012022 - Teatri kombetar 2025 - pagese,U.Pune nr 56,nr 199 dt13.02.2025,Kontrate nr 56 dt 18.02.2025,Fature nr 58/2025 dt 21.02.2025,12,Ministria e Ekonomise, Kultures dhe Inovacionit,1012022,Teatri Kombetar (3535),6040009,Te tjera transferime korrente,"SUADA",64800.00,3/6/2025 12:00:00 AM,3/10/2025 12:00:00 AM
 Tirane,3410131042025,1013104-Spitali universitar i traumes-Paga shkurt 2025 Nr i pun plan/fakt 141/137 Lisp,13,Ministria e Shendetesise dhe Mbrojtjes Sociale,1013104,Spitali Universitar i Traumes (Sherbimi Urgjences) (3535),6001001,Paga neto për punonjesit e miratuar në organikë,ZYRA E PERMBARIMIT TIRANE,23000.00,3/10/2025 12:00:00 AM,3/10/2025 12:00:00 AM
 Tirane,3410160572025,1016057 QKP Azilk 2025,  Lik sherbim interneti, vazhd kontrate 68/3 dt 30.1.25, fat 7/2025 dt 28.2.25, pv sherbimi 68/4 dt 28.2.2025,16,Ministria e Brendshme,1016057,Q.P.A.(Qendra e Pritjes për Azil) (3535),6022003,Sherbime telefonike,ULTRACOM,7200.00,3/7/2025 12:00:00 AM,3/10/2025 12:00:00 AM
 Fier,3410180182025,Drejtoria Rajonale nr.4(SHISH) 1018018 klienti 890063 Shkurt 2025  fat.145278,18,Sherbimi Informativ Kombtar,1018018,Drejtoria Rajonale nr.4 (0909),6022002,Uje,SHOQERIA RAJONALE UJESJELLES KANALIZIME  FIER SH.A,3156.00,3/7/2025 12:00:00 AM,3/10/2025 12:00:00 AM
 Tirane,3421011562025,2101156,DPOP-karburant vazhd  kont 5237/2 dt 30.12.2024 permb ft 16.01.2025 fh 24 dt 16.01.2025,0,Unspecified,2101156,Drejtoria e Përgjithshme e Objekteve Publike (3535),6023100,Karburant dhe vaj,O L S I,187956.00,3/7/2025 12:00:00 AM,3/10/2025 12:00:00 AM
 Sarande,3421380072025,BUKE FAT 732 DT 04.03.2025, FLH 3 DT 04.03.2025, KONT DT 01.07.2024 NGA SEKSIONI EKONOMIK SR,0,Unspecified,2138007,Bashkia-Seksioni Ekonomik (3731),6021004,Furnizime dhe sherbime me ushqim per mencat,4 S,48081.00,3/7/2025 12:00:00 AM,3/10/2025 12:00:00 AM
 Tirane,3510160572025,1016057 QKP Azilk 2025,  lik sherbim i sigurise & ruajtjes fizike, Udhezim MF e MB nr 90 dt 27.06.2023, vazhd kontrata 336 dt 3.12.2024, fat 525/2025 dt 28.2.25, pv sherb 76/1 dt 28.2.2025,16,Ministria e Brendshme,1016057,Q.P.A.(Qendra e Pritjes për Azil) (3535),6022008,Sherbime te sigurimit dhe ruajtjes,Illyrian Guard,703323.00,3/7/2025 12:00:00 AM,3/10/2025 12:00:00 AM
 Elbasan,3510290162025,2025Gjykata Elbasan shpenzim karburant u-p nr.12/1 dt.30.05.2024 kontrat nr.1094/15 dt.10.06.2024 njoftim fituesi  fl hr nr.1 dt07.02.2025prverbal i marrjes ne dorezim te mallit nr.1094/30 dt07.02.2025,29,Keshilli i Larte Gjyqesor,1029016,Gjykata e rrethit Elbasan (0808),6023100,Karburant dhe vaj,DAS OIL,109320.00,3/7/2025 12:00:00 AM,3/10/2025 12:00:00 AM
 Tirane,3521011562025,2101156,DPOP-karburant mk 212/10 dt 10.04.2024 kont 5237/2 dt 30.12.2024 permb ft 16.01.2025 fh 25 dt 16.01.2025,0,Unspecified,2101156,Drejtoria e Përgjithshme e Objekteve Publike (3535),6023100,Karburant dhe vaj,O L S I,639050.00,3/7/2025 12:00:00 AM,3/10/2025 12:00:00 AM
 Sarande,3521380072025,USHQIME KOLONIALE FAT 733 DT 04.03.2025, FLH 4 DT 04.03.2025, KONT DT 16.04.2024 NGA SEKSIONI EKONOMIK SR,0,Unspecified,2138007,Bashkia-Seksioni Ekonomik (3731),6021004,Furnizime dhe sherbime me ushqim per mencat,4 S,706762.00,3/7/2025 12:00:00 AM,3/10/2025 12:00:00 AM
 Tirane,3610160572025,1016057 QKP Azilk 2025,  Lik ushqime, up 9/1 dt 24.1.2023, kontrata vazhd159/1 dt 7.7.2023, fat 643/2025 dt 28.2.2025, fh 11 dt 28.2.2025,16,Ministria e Brendshme,1016057,Q.P.A.(Qendra e Pritjes për Azil) (3535),6021004,Furnizime dhe sherbime me ushqim per mencat,4 S,14227.00,3/7/2025 12:00:00 AM,3/10/2025 12:00:00 AM
 Diber,3610161042025,2025 Dr Kufirit  sherbime te tjera sherbim interneti up nr 08 dt 25.02.2025 ft nr 250/1 dt 25.02.2025 pv marrje dorezim nr 07 dt 25.02.2025,16,Ministria e Brendshme,1016104,Drejtoria Rajonale e Kufirit dhe Migracionit Diber (0606),6022099,Sherbime te tjera,AEG.NET,29520.00,3/7/2025 12:00:00 AM,3/10/2025 12:00:00 AM
 Sarande,3621380072025,BUKE FAT 730 DT 04.03.2025, FLH 3 DT 04.03.2025, KONT DT 01.07.2024 NGA SEKSIONI EKONOMIK SR,0,Unspecified,2138007,Bashkia-Seksioni Ekonomik (3731),6021004,Furnizime dhe sherbime me ushqim per mencat,4 S,1581.00,3/7/2025 12:00:00 AM,3/10/2025 12:00:00 AM
 Tirane,3710160572025,1016057 QKP Azilk 2025,  Lik blerje artikuj ushqimor, up 320 dt 21.5.24, form nj 320/29 dt 14.8.24, vazhd kontrate 341 dt 10.12.2024, fat 132/2025 dt 4.3.25, fh 13 dt 4.3.25,16,Ministria e Brendshme,1016057,Q.P.A.(Qendra e Pritjes për Azil) (3535),6021004,Furnizime dhe sherbime me ushqim per mencat,M.C.CATERING,18240.00,3/7/2025 12:00:00 AM,3/10/2025 12:00:00 AM
 Sarande,3721380072025,USHQIME KOLONIALE FAT 731 DT 04.03.2025, FLH 4 DT 04.03.2025, KONT DT 06.10.2022 NGA SEKSIONI EKONOMIK SR,0,Unspecified,2138007,Bashkia-Seksioni Ekonomik (3731),6021004,Furnizime dhe sherbime me ushqim per mencat,4 S,12960.00,3/7/2025 12:00:00 AM,3/10/2025 12:00:00 AM
 Tirane,3810121592025,1012159 ,Shk Tek K.Gega,lik pelet per ngrohje,vazhd kontr dt 19.3.2024,fat nr 10 dt 4.03.2025,fl hyr nr 3 dt 4.03.2025,12,Ministria e Ekonomise, Kultures dhe Inovacionit,1012159,Shk. Elektrike. "Gjergj Canco", Tirane (3535),6020200,Materiale per pastrim, dezinfektim, ngrohje dhe ndriçim,Eva Zoto,118800.00,3/7/2025 12:00:00 AM,3/10/2025 12:00:00 AM
 Durres,4010112512025,1011251/ZYRA VENDORE ARSIMORE SHIJAK / POSTA FAT.NR 24 DT.04.03.2025,11,Ministria e Arsimit Sportit dhe Rinise,1011251,Zyra Vendore Arsimore, Shijak (0707),6022004,Posta dhe sherbimi korrier,POSTA SHQIPTARE SH.A,1780.00,3/6/2025 12:00:00 AM,3/10/2025 12:00:00 AM
 Tropoje,4010130872025,Sherbimi Spitalor  Tropoje, shpenzime per uje shkurt  2025, fatura tatimore  nr.2502, datë 05.03.2025, kontrata nr.11694, procesverbal nr.102, datë 19.02.2025.,13,Ministria e Shendetesise dhe Mbrojtjes Sociale,1013087,Sp. Tropoje (1836),6022002,Uje,SHOQERIA RAJONALE UJESJELLES KANALIZIME KUKES SHA,62911.00,3/6/2025 12:00:00 AM,3/10/2025 12:00:00 AM
 Tirane,4110160572025,1016057 QKP Azilk 2025, Lik posta, Kontrata 57/1 dt 27.2.2020, fat 630192/2025 dt 6.3.2025,16,Ministria e Brendshme,1016057,Q.P.A.(Qendra e Pritjes për Azil) (3535),6022004,Posta dhe sherbimi korrier,POSTA SHQIPTARE SH.A,70.00,3/7/2025 12:00:00 AM,3/10/2025 12:00:00 AM
 Tirane,4121018152025,2101815,APR- ndalese ne page Fatjon Xhevit Hoxha vendim nr 13559 dt 27.07.2022 urdher nr 13559/10 dt06.08.2024  listepg,0,Unspecified,2101815,Agjensia e Parqeve dhe Rekreacionit (3535),6001001,Paga neto për punonjesit e miratuar në organikë,ENUAR MERKO,7000.00,3/7/2025 12:00:00 AM,3/10/2025 12:00:00 AM
Unspecified,420000012025,Pagese kuponi obligacion 7 vjecar,46,(T) Sherbimi i Borxhit,1046001,(T) Sherbimi i Borxhit (0000),6520200,Interesa obligacione ne tregun financiar me afat maturimi 6 deri 10 vjet,BANKA E SHQIPERISE / TIRANE,193315680.00,3/10/2025 12:00:00 AM,3/10/2025 12:00:00 AM
 Kavaje,4210140022025,BURGU RROGOZHINE PAGESE PER KRESHNIK TOTAJ SHKURT 2025,14,Ministria e Drejtesise,1014002,Burgu Rrogozhine (3513),6001001,Paga neto për punonjesit e miratuar në organikë,Euglent Osmanaj,20000.00,3/7/2025 12:00:00 AM,3/10/2025 12:00:00 AM
 Tirane,4210160572025,1016057 QKP Azilk 2025, likujd pagese qeraje mujore, kontrate 297 dt 25.10.24, liste pag tat mbajtur burim,16,Ministria e Brendshme,1016057,Q.P.A.(Qendra e Pritjes për Azil) (3535),6061099,Te tjera transferta tek individet,BANKA CREDINS,59500.00,3/7/2025 12:00:00 AM,3/10/2025 12:00:00 AM
 Kavaje,4310140022025,BURGU RROGOZHINE PAGESE PER DJETA UDHETIM I BRENDSHEM  JANAR-SHKURT 2025,14,Ministria e Drejtesise,1014002,Burgu Rrogozhine (3513),6024100,Udhetim i brendshem,RAIFFEISEN BANK SH.A,10000.00,3/7/2025 12:00:00 AM,3/10/2025 12:00:00 AM
 Tirane,4310160572025,1016057 QKP Azilk 2025, likujd pagese qeraje mujore, kontrate 296 dt 24.10.24, liste pag tat mbajtur burim,16,Ministria e Brendshme,1016057,Q.P.A.(Qendra e Pritjes për Azil) (3535),6061099,Te tjera transferta tek individet,BANKA CREDINS,59500.00,3/7/2025 12:00:00 AM,3/10/2025 12:00:00 AM
 Kavaje,4410140022025,BURGU RROGOZHINE PAGESE PER DJETA UDHETIM I BRENDSHEM JANAR-SHKURT 2025,14,Ministria e Drejtesise,1014002,Burgu Rrogozhine (3513),6024100,Udhetim i brendshem,Banka OTP Albania,10000.00,3/7/2025 12:00:00 AM,3/10/2025 12:00:00 AM
Unspecified,4500000032025,Transferte ISSH,0,Unspecified,0,Unspecified (0000),4351299,Kontribute te mbledhura nga tatimet (shteti) per llogari te ISSH - Detyrimi Qendrore / Transferta (GE 001 Debit),INSTITUTI SIGURIMEVE SHOQERORE,785000000.00,3/7/2025 12:00:00 AM,3/10/2025 12:00:00 AM
 Kavaje,4510140022025,BURGU RROGOZHINE PAGESE PER TE DENUARIT JANAR 2025,14,Ministria e Drejtesise,1014002,Burgu Rrogozhine (3513),6061099,Te tjera transferta tek individet,BANKA E BASHKUAR E SHQIPERISE,20000.00,3/7/2025 12:00:00 AM,3/10/2025 12:00:00 AM
 Tirane,4610350012025,1035001 Kesh lart Prokur 2025-  Likujduar Blerje Baterie AA2181ZI, Procesverbal dt 17.01.2025, FT nr 97 dt 17.01.2025,35,Keshilli i Larte i Prokurorise,1035001,Aparati Keshilli i Larte i Prokurorise (3535),6023200,Pjese kembimi, goma dhe bateri,T A SH I,21000.00,3/7/2025 12:00:00 AM,3/10/2025 12:00:00 AM
 Tirane,4710290432025,1029043 Gjyk. Admin. Apelit 2025 - lik uje Shkurt 2025, fat nr 42272 dt 02.03.2025, kontr nr 159440-1,29,Keshilli i Larte Gjyqesor,1029043,Gjykata Administrative e Apelit Tirane (3535),6022002,Uje,UJËSJELLËS KANALIZIME TIRANË,14520.00,3/7/2025 12:00:00 AM,3/10/2025 12:00:00 AM
 Tirane,4710350012025,1035001 Kesh lart Prokur 2025-  Likujduar Blerje Baterie AB267CU, Procesverbal dt 22.01.2025, FT nr 125 dt 22.01.2025,35,Keshilli i Larte i Prokurorise,1035001,Aparati Keshilli i Larte i Prokurorise (3535),6023200,Pjese kembimi, goma dhe bateri,T A SH I,19500.00,3/7/2025 12:00:00 AM,3/10/2025 12:00:00 AM
 Kavaje,4810140022025,BURGU RROGOZHINE PAGESE PER TE DENUARIT  JANAR 2025,14,Ministria e Drejtesise,1014002,Burgu Rrogozhine (3513),6061099,Te tjera transferta tek individet,Banka OTP Albania,83707.00,3/7/2025 12:00:00 AM,3/10/2025 12:00:00 AM
 Tirane,4810161132025,1016113 Kom Raj Pol Rrug - pagese reforma 01-28.02.2025,  listepagese,16,Ministria e Brendshme,1016113,Komisariati Rajonal i Policise Rrugore Tirane (3535),6061099,Te tjera transferta tek individet,RAIFFEISEN BANK SH.A,35819.00,3/7/2025 12:00:00 AM,3/10/2025 12:00:00 AM
 Tirane,4910121102025,1012110 - ISHMT 2025 - pagese honorar per keshilltare F.Tresa kontr nr 513 dt 29.01.2025, listepagese, tatim ne buirim,12,Ministria e Ekonomise, Kultures dhe Inovacionit,1012110,Inspektoriati Shteteror I Mbikqyrjes se Tregut (3535),6022099,Sherbime te tjera,BANKA CREDINS,36000.00,3/6/2025 12:00:00 AM,3/10/2025 12:00:00 AM
 Kavaje,4910140022025,BURGU RROGOZHINE PAGESE PER TE DENUARIT  KORRIK-DHJETOR 2024,14,Ministria e Drejtesise,1014002,Burgu Rrogozhine (3513),6061099,Te tjera transferta tek individet,Banka OTP Albania,46638.00,3/7/2025 12:00:00 AM,3/10/2025 12:00:00 AM
 Diber,49204600120251,2025, Qarku Diber, 2046001, paga neto, muaji shkurt 2025, listepagesa dhe bordoroja bashkangjitur,0,Unspecified,2046001,Qarku Diber (0606),6001001,Paga neto për punonjesit e miratuar në organikë,BANKA CREDINS,768360.00,3/6/2025 12:00:00 AM,3/10/2025 12:00:00 AM
 Tirane,5010121102025,1012110 - ISHMT 2025 - pagese honorar per keshilltare M.Tabaku kontr nr 514 dt 29.01.2025, listepagese, tatim ne buirim,12,Ministria e Ekonomise, Kultures dhe Inovacionit,1012110,Inspektoriati Shteteror I Mbikqyrjes se Tregut (3535),6022099,Sherbime te tjera,BANKA KOMBETARE TREGTARE,36000.00,3/6/2025 12:00:00 AM,3/10/2025 12:00:00 AM
 Kavaje,5010140022025,BURGU RROGOZHINE PAGESE PER TE DENUARIT  JANAR 2025,14,Ministria e Drejtesise,1014002,Burgu Rrogozhine (3513),6061099,Te tjera transferta tek individet,RAIFFEISEN BANK SH.A,10000.00,3/7/2025 12:00:00 AM,3/10/2025 12:00:00 AM
 Tirane,5010290432025,1029043 Gjyk. Admin. Apelit 2025 - sherb lidhjes se Analizes vjetore 2024, kerkese nr.1266 dt 17.2.2025, miratim kerkese nr.1266/1 dt 18.2.2025, pv dt 20.2.2025,urdher blerje nr.1266/2 dt 20.2.2025, fat nr 13 dt 21.2.2025,29,Keshilli i Larte Gjyqesor,1029043,Gjykata Administrative e Apelit Tirane (3535),6022099,Sherbime te tjera,F.L.E.SH.,27720.00,3/7/2025 12:00:00 AM,3/10/2025 12:00:00 AM
 Durres,5021070142025,2107014/ND RRUGA /FAT 4459  TAX PER MJETIN AA496rz,0,Unspecified,2107014,Ndermarrja Rruga (0707),6022099,Sherbime te tjera,DREJT. PERGJ. E SHERB. TRANS. RRUG.,3200.00,3/6/2025 12:00:00 AM,3/10/2025 12:00:00 AM
 Tirane,510112472025,1011247	OKAD, Pagese dergese testesh,Urdher pagese dt 05.03.2025,Fature nr 3736/2025 dt 28.02.2025,Fature nr 1195/2025 dt 27.02.2025,11,Ministria e Arsimit Sportit dhe Rinise,1011247,Organizata Kombetare Antidoping (3535),6044006,Transferta per klubet dhe asociacionet e sportit,DHL INTERNATIONAL (ALBANIA) LTD,12892.00,3/7/2025 12:00:00 AM,3/10/2025 12:00:00 AM
 Kavaje,5110140022025,BURGU RROGOZHINE PAGESE PER TE DENUARIT  JANAR 2025,14,Ministria e Drejtesise,1014002,Burgu Rrogozhine (3513),6061099,Te tjera transferta tek individet,BANKA KOMBETARE TREGTARE,40000.00,3/7/2025 12:00:00 AM,3/10/2025 12:00:00 AM
 Durres,5121070142025,2107014/ND RRUGA /FAT 4458 RIKONTROLL,0,Unspecified,2107014,Ndermarrja Rruga (0707),6022099,Sherbime te tjera,DREJT. PERGJ. E SHERB. TRANS. RRUG.,1300.00,3/6/2025 12:00:00 AM,3/10/2025 12:00:00 AM
 Tirane,5210290432025,1029043 Gjyk. Admin. Apelit 2025 - mirebajte sistem sigurie, kerkese nr.1547 dt 25.2.25, miratim kerkese nr.1547/1 dt 26.2.25, pv dt 28.2.2025,urdher blerje nr.1547/2 dt 28.2.25,akt doerz dt 3.3.25,fat nr 13 dt 21.2.25, fh nr.72 dt 3.3.25,29,Keshilli i Larte Gjyqesor,1029043,Gjykata Administrative e Apelit Tirane (3535),6025400,Shpenz.per miremb.e rrugeve, veprave ujore, rrjeteve hidraulike, elektrike, telefonike, ngrohje etj,VICTORIA - AL,14400.00,3/7/2025 12:00:00 AM,3/10/2025 12:00:00 AM
 Tirane,5310130552025,1013055 QKTGjakut 2025 lik uje ft nr 48929 dt 02.03.2025,13,Ministria e Shendetesise dhe Mbrojtjes Sociale,1013055,Qendra Kombetare e transfuzionit te gjakut (3535),6022002,Uje,UJËSJELLËS KANALIZIME TIRANË,39408.00,3/7/2025 12:00:00 AM,3/10/2025 12:00:00 AM
 Tirane,5410130552025,1013055 QKTGjakut 2025  blerje materjale mjekimi   kont  vazhdim  nr 66108 dt 20.11.2024 ft nr 386  dt 13.01..2025 fh nr 5 dt 13.01.2025,13,Ministria e Shendetesise dhe Mbrojtjes Sociale,1013055,Qendra Kombetare e transfuzionit te gjakut (3535),6021003,Ilaçe dhe materiale mjeksore,EUROMED,16425216.00,3/7/2025 12:00:00 AM,3/10/2025 12:00:00 AM
 Tirane,5510130552025,1013055 QKTGjakut 2025  blerje kite kont  vazhdim nr 67/79 dt 08.11.2024 ft nr 316 dt 24 01..2025 fh nr 9 dt 24.01.2025,13,Ministria e Shendetesise dhe Mbrojtjes Sociale,1013055,Qendra Kombetare e transfuzionit te gjakut (3535),6021003,Ilaçe dhe materiale mjeksore,PEGASUS.,12669600.00,3/7/2025 12:00:00 AM,3/10/2025 12:00:00 AM
 Tirane,5510170372025,1017037 Reparti 3001 2025 tel ft permbledhese janar 25,17,Ministria e Mbrojtjes,1017037,Reparti Ushtarak Nr.3001 Tirane (3535),6022003,Sherbime telefonike,ONE ALBANIA,117556.00,3/7/2025 12:00:00 AM,3/10/2025 12:00:00 AM
 Tirane,5610130552025,1013055 QKTGjakut 2025  mbetje spitalore  sipas kont vazhdim  nr 77/19 dt 12.09.2024 ft nr  1437 dt 25.02.2025 sit dt 25.02.2025,13,Ministria e Shendetesise dhe Mbrojtjes Sociale,1013055,Qendra Kombetare e transfuzionit te gjakut (3535),6022099,Sherbime te tjera,MEDI - TEL,92211.00,3/7/2025 12:00:00 AM,3/10/2025 12:00:00 AM
 Tirane,5610170372025,1017037 Reparti 3001 2025 pritje prog 18.2.2025 nr 472/2 ft 68 dt 25.2.2025,17,Ministria e Mbrojtjes,1017037,Reparti Ushtarak Nr.3001 Tirane (3535),6029001,Shpenzime per pritje e percjellje,SORI-AL,48000.00,3/7/2025 12:00:00 AM,3/10/2025 12:00:00 AM
 Tirane,5710130552025,1013055 QKTGjakut 2025  Riparim gjeneratori kerkese nr 137 dt 28.01.2025   ft nr  1964 dt 20.02.2025 kont teknik  dt 19.02.2025,13,Ministria e Shendetesise dhe Mbrojtjes Sociale,1013055,Qendra Kombetare e transfuzionit te gjakut (3535),6021099,Te tjera materiale dhe sherbime speciale,F M T  SERVOMATIK,79500.00,3/7/2025 12:00:00 AM,3/10/2025 12:00:00 AM
 Tirane,5910140092025,1014009 Burgu 313 J. Misja 2025, lik pagese per te burgosurit, VKM nr 602 dt 13.10.2021 shkrese nr 11720/1 dt 22.6.2022 listepagese,14,Ministria e Drejtesise,1014009,Burgu 313 Tirane (3535),6060013,Shperblim per ish-ushtaraket,BANKA KOMBETARE TREGTARE,136818.00,3/7/2025 12:00:00 AM,3/10/2025 12:00:00 AM
 Tirane,6210171382025,1017138-SUT 2025- Paga shkurt 2025 Nr i pun plan/fakt 483/471 Lisp,17,Ministria e Mbrojtjes,1017138,Spitali Universitar i Traumes (3535),6001001,Paga neto për punonjesit e miratuar në organikë,BANKA CREDINS,34491956.00,3/10/2025 12:00:00 AM,3/10/2025 12:00:00 AM
 Tirane,6310171382025,1017138-SUT 2025- Paga shkurt 2025 Nr i pun plan/fakt 483/471 Lisp,17,Ministria e Mbrojtjes,1017138,Spitali Universitar i Traumes (3535),6001001,Paga neto për punonjesit e miratuar në organikë,RAIFFEISEN BANK SH.A,6007422.00,3/10/2025 12:00:00 AM,3/10/2025 12:00:00 AM
 Tirane,6410171382025,1017138-SUT 2025- Paga shkurt 2025 Nr i pun plan/fakt 483/471 Lisp,17,Ministria e Mbrojtjes,1017138,Spitali Universitar i Traumes (3535),6001001,Paga neto për punonjesit e miratuar në organikë,Banka OTP Albania,618730.00,3/10/2025 12:00:00 AM,3/10/2025 12:00:00 AM
 Tirane,6510060012025,MIE, Shpenzime speciale dokumentacion ligjor, autorizim 4467/1 dt 31.5.23 kodi 348055189621 fat 9592 dt 5.3.25 vendim 55 dt 29.1.25,6,Ministria e Infrastruktures dhe Energjise,1006001,Aparati i Ministrise se Infrastruktures dhe Energjise (3535),6022099,Sherbime te tjera,Drejtoria Vendore e ASHK se Vlore,85000.00,3/6/2025 12:00:00 AM,3/10/2025 12:00:00 AM
 Tirane,6510121132025,1012113 Adm Qend ISHP,lik telefon,fat nr 1139 dt 27.2.2025,12,Ministria e Ekonomise, Kultures dhe Inovacionit,1012113,Admin Qendrore e ISHP (3535),6022003,Sherbime telefonike,NISATEL,300.00,3/6/2025 12:00:00 AM,3/10/2025 12:00:00 AM
 Tirane,6510171382025,1017138-SUT 2025- Paga SHKURT 2025 Nr i pun plan/fakt 483/471 Lisp,17,Ministria e Mbrojtjes,1017138,Spitali Universitar i Traumes (3535),6001001,Paga neto për punonjesit e miratuar në organikë,INTESA SANPAOLO BANK ALBANIA,220404.00,3/10/2025 12:00:00 AM,3/10/2025 12:00:00 AM
 Delvine,6610111322025,lik transport nxenes A Finiq-Dropull 2025,11,Ministria e Arsimit Sportit dhe Rinise,1011132,Zyra Vendore Arsimore, Delvinë _Finiq (3704),6023900,Shpenzime te tjera transporti,POSTA SHQIPTARE SH.A,380250.00,3/6/2025 12:00:00 AM,3/10/2025 12:00:00 AM
 Tirane,6610171382025,1017138-SUT 2025- Paga SHKURT  2025 Nr i pun plan/fakt 483/471 Lisp,17,Ministria e Mbrojtjes,1017138,Spitali Universitar i Traumes (3535),6001001,Paga neto për punonjesit e miratuar në organikë,UNION BANK SHA,245645.00,3/10/2025 12:00:00 AM,3/10/2025 12:00:00 AM
 Tirane,6710060012025,MIe, tarife permbarimore zbatim vendimi agron rurri, fat 13/2025dt.12.2.25, vendim 5950dt.12.12.16,apeli536dt.8.4.24,urdh 103dt.15.5.24,6,Ministria e Infrastruktures dhe Energjise,1006001,Aparati i Ministrise se Infrastruktures dhe Energjise (3535),6029003,Shpenzime gjyqesore,POWER & JUSTICE ( P & J),92628.00,3/6/2025 12:00:00 AM,3/10/2025 12:00:00 AM
 Delvine,6710111322025,lik transport nxenes A Finiq-Dropull 2025,11,Ministria e Arsimit Sportit dhe Rinise,1011132,Zyra Vendore Arsimore, Delvinë _Finiq (3704),6023900,Shpenzime te tjera transporti,POSTA SHQIPTARE SH.A,236550.00,3/6/2025 12:00:00 AM,3/10/2025 12:00:00 AM
 Tirane,6710170372025,1017037 Reparti 3001 2025 uje ft 70649 dt 5.2.2025,17,Ministria e Mbrojtjes,1017037,Reparti Ushtarak Nr.3001 Tirane (3535),6022002,Uje,SHOQERIA RAJONALE UJESJELLES KANALIZIME BERAT SH.A,29880.00,3/7/2025 12:00:00 AM,3/10/2025 12:00:00 AM
 Tirane,6710171382025,1017138-SUT 2025- Paga shkurt 2025 Nr i pun plan/fakt 483/471 Lisp,17,Ministria e Mbrojtjes,1017138,Spitali Universitar i Traumes (3535),6001001,Paga neto për punonjesit e miratuar në organikë,BANKA KOMBETARE TREGTARE,2399391.00,3/10/2025 12:00:00 AM,3/10/2025 12:00:00 AM
 Tirane,6810170372025,1017037 Reparti 3001 2025 uje ft 60057-1 dt 3.2.2025,17,Ministria e Mbrojtjes,1017037,Reparti Ushtarak Nr.3001 Tirane (3535),6022002,Uje,Shoqëria Rajonale Ujësjellës Kanalizime Vlorë,1546.00,3/7/2025 12:00:00 AM,3/10/2025 12:00:00 AM
 Tirane,6810171382025,1017138-SUT 2025- Paga shkurt 2025 Nr i pun plan/fakt 483/471 Lisp,17,Ministria e Mbrojtjes,1017138,Spitali Universitar i Traumes (3535),6001001,Paga neto për punonjesit e miratuar në organikë,PRO CREDIT BANK,175982.00,3/10/2025 12:00:00 AM,3/10/2025 12:00:00 AM
 Delvine,6910111322025,lik fat 162 ZA Finiq-Dropull 2025,11,Ministria e Arsimit Sportit dhe Rinise,1011132,Zyra Vendore Arsimore, Delvinë _Finiq (3704),6022004,Posta dhe sherbimi korrier,POSTA SHQIPTARE SH.A,880.00,3/6/2025 12:00:00 AM,3/10/2025 12:00:00 AM
 Tirane,6910171382025,1017138-SUT 2025- Page per pun me kontr Nr i pun 4 Ub 1797 dt 11.8.2022 Kerkese 760 dt 25.2.2025 VKM 424 dt 26.6.2024 Vkm 422 dt 26.6.2024 Lisp,17,Ministria e Mbrojtjes,1017138,Spitali Universitar i Traumes (3535),6002001,Paga neto e punonjësve me kontratë të përkohshme mbi numrin organik,BANKA CREDINS,571596.00,3/10/2025 12:00:00 AM,3/10/2025 12:00:00 AM
 Tirane,7010171382025,1017138-SUT 2025- Trajtim financiar per ish ushtarak Flora shkira Urdher Shef Sh p 1378 dt 2.11.2018 Ub 23 dt 10.1.2023 Lisp,17,Ministria e Mbrojtjes,1017138,Spitali Universitar i Traumes (3535),6061004,Pagese paaftesie,BANKA CREDINS,35653.00,3/10/2025 12:00:00 AM,3/10/2025 12:00:00 AM
 Sarande,710260942025,lik pagat borderoja dat 28.02.2025 per AGJRB Sr 2025,26,Ministria e Turizmit dhe Mjedisit,1026094,Agjencia Rajonale e Bregdetit Sarandë (3731),6001001,Paga neto për punonjesit e miratuar në organikë,BANKA KOMBETARE TREGTARE,522765.00,3/7/2025 12:00:00 AM,3/10/2025 12:00:00 AM
 Tirane,7110171382025,1017138-SUT 2025- Pag sherbim 24 oresh mjeke Urdher min shend 5106 dt 17.10.2016 Ub 132 dt 9.3.2021 Lisp,17,Ministria e Mbrojtjes,1017138,Spitali Universitar i Traumes (3535),6001001,Paga neto për punonjesit e miratuar në organikë,BANKA CREDINS,102340.00,3/10/2025 12:00:00 AM,3/10/2025 12:00:00 AM
 Tirane,7210120242025,1012024 Teat Oper Balet - pagese per transportin e punonjesve te Drejtorise Baletit 'Arrethyesi', memo nr 1185 dt 06.12.2024, urdh nr 1185/3 dt 17.12.2024, PKSH nr 1185/3 dt 17.12.2024, fat nr 18 dt 16.12.2024,12,Ministria e Ekonomise, Kultures dhe Inovacionit,1012024,Teatri Operas dhe Baletit (3535),6022099,Sherbime te tjera,"O&A",21600.00,3/7/2025 12:00:00 AM,3/10/2025 12:00:00 AM
 Tirane,7210290112025,1029011 Gjykat. Rreth.Gjyq Tirane 2025 - kompensim skeme transferimi Gjyqetar Arben Dosti, urdher nr.239 dt 27.8.2024, udhezim KLGJ nr.559 dt 29.12.2022, listepagesa,29,Keshilli i Larte Gjyqesor,1029011,Gjykata e rrethit TIrane (3535),6024100,Udhetim i brendshem,RAIFFEISEN BANK SH.A,44509.00,3/6/2025 12:00:00 AM,3/10/2025 12:00:00 AM
 Tirane,7310120242025,1012024 Teat Oper Balet - blerje bileta per shfaqje, kerkese nr 1142 dt 21.11.2024, fat nr 338 dt 26.12.2024, fh nr 63 dt 26.12.2024	,12,Ministria e Ekonomise, Kultures dhe Inovacionit,1012024,Teatri Operas dhe Baletit (3535),6020500,Blerje dokumentacioni,SHTYPSHKRONJA E LETRAVE ME VLERE,19200.00,3/7/2025 12:00:00 AM,3/10/2025 12:00:00 AM
 Tirane,7310290112025,1029011 Gjykat. Rreth.Gjyq Tirane 2025 - kompensim skeme transferimi Gjyqetar Taulant Banushi, urdher nr.239 dt 27.08.2024, udhezim KLGJ nr.559 dt 29.12.2022, listepagesa,29,Keshilli i Larte Gjyqesor,1029011,Gjykata e rrethit TIrane (3535),6024100,Udhetim i brendshem,BANKA KOMBETARE TREGTARE,122400.00,3/6/2025 12:00:00 AM,3/10/2025 12:00:00 AM
 Tirane,7410120242025,1012024 Teat Oper Balet - Honorare Artistik ''Oshetima e maleve'',Memo nr 1110 dt 13.11.2024,PKSH nr 194 prot dt 24.02.2025,Kontrate nr 1110/1 dt 18.11.2024,tatim i mbajtur ne burim,listepagese dt 10.12.2024,12,Ministria e Ekonomise, Kultures dhe Inovacionit,1012024,Teatri Operas dhe Baletit (3535),6040009,Te tjera transferime korrente,RAIFFEISEN BANK SH.A,17000.00,3/7/2025 12:00:00 AM,3/10/2025 12:00:00 AM
 Tirane,7510120242025,1012024 Teat Oper Balet - Honorare Artistik ''Arrethyesi'' ,Memo nr 1206 dt 20.12.2024,PKSH nr 169 dt 14.02.2025,Kontrate nr 1206/1/2/3/4 dt 20.12.2024,Tatim i mbajtur ne burim ,Listepagese dt 20.02.2025,12,Ministria e Ekonomise, Kultures dhe Inovacionit,1012024,Teatri Operas dhe Baletit (3535),6040009,Te tjera transferime korrente,RAIFFEISEN BANK SH.A,102000.00,3/7/2025 12:00:00 AM,3/10/2025 12:00:00 AM
 Tirane,7610120242025,1012024 Teat Oper Balet - Honorare Artistik ''Kryemjeshtrat e Kabase dhe Polifonise'',Memo nr 1081 dt 01.11.2024,PKSH nr 193 dt 24.02.2025,Kontrate nr 1081/1 dt 06.11.2024 ,Tatim i mbajtur ne burim,Listepagese dt 25.02.2025,12,Ministria e Ekonomise, Kultures dhe Inovacionit,1012024,Teatri Operas dhe Baletit (3535),6040009,Te tjera transferime korrente,RAIFFEISEN BANK SH.A,34000.00,3/7/2025 12:00:00 AM,3/10/2025 12:00:00 AM
 Tirane,7710120242025,1012024 Teat Oper Balet - Honorare Artistik ''Kryemjeshtrat e Kabase dhe Polifonise'',Memo nr 1079 dt 01.11.2024,PKSH nr 193 dt 24.02.2025,Kontrate nr 1079/1 dt 06.11.2024 ,Tatim i mbajtur ne burim,Listepagese dt 25.02.2025,12,Ministria e Ekonomise, Kultures dhe Inovacionit,1012024,Teatri Operas dhe Baletit (3535),6040009,Te tjera transferime korrente,RAIFFEISEN BANK SH.A,34000.00,3/7/2025 12:00:00 AM,3/10/2025 12:00:00 AM
 Tirane,7810120242025,1012024 Teat Oper Balet - Honorare Artistik ''Kryemjeshtrat e Kabase dhe Polifonise'',Memo nr 1091 dt 01.11.2024,PKSH nr 193 dt 24.02.2025,Kontrate nr 1091/1 dt 06.11.2024 ,Tatim i mbajtur ne burim,Listepagese dt 25.02.2025,12,Ministria e Ekonomise, Kultures dhe Inovacionit,1012024,Teatri Operas dhe Baletit (3535),6040009,Te tjera transferime korrente,RAIFFEISEN BANK SH.A,34000.00,3/7/2025 12:00:00 AM,3/10/2025 12:00:00 AM
 Tirane,7910120242025,1012024 Teat Oper Balet - Honorare Artistik ''Kryemjeshtrat e Kabase dhe Polifonise'',Memo nr 1080 dt 01.11.2024,PKSH nr 193 dt 24.02.2025,Kontrate nr 1080/1 dt 06.11.2024 ,Tatim i mbajtur ne burim,Listepagese dt 25.02.2025,12,Ministria e Ekonomise, Kultures dhe Inovacionit,1012024,Teatri Operas dhe Baletit (3535),6040009,Te tjera transferime korrente,BANKA KOMBETARE TREGTARE,34000.00,3/7/2025 12:00:00 AM,3/10/2025 12:00:00 AM
 Tirane,7921018242025,2101824,Agj Rinise dhe Mireqenies Soc- subvencionim i biletes se pajtimit mujor abone studenti, kont 7/9 dt 07.01.2025, vkb 125 dt 19.11.2024, fat 158/2025 dt 11.2.2025,0,Unspecified,2101824,Agjencia e Rinisë dhe Mirëqenies Sociale (3535),6032099,Te tjera subvencione per te mbuluar humbjet sipas perfituesve,ALBA-TRANS,5724800.00,3/7/2025 12:00:00 AM,3/10/2025 12:00:00 AM
 Tirane,8010120242025,1012024 Teat Oper Balet - Honorare Artistik ''Kryemjeshtrat e Kabase dhe Polifonise'',Memo nr 1082 dt 01.11.2024,PKSH nr 193 dt 24.02.2025,Kontrate nr 1082/1 dt 06.11.2024 ,Tatim i mbajtur ne burim,Listepagese dt 25.02.2025,12,Ministria e Ekonomise, Kultures dhe Inovacionit,1012024,Teatri Operas dhe Baletit (3535),6040009,Te tjera transferime korrente,BANKA KOMBETARE TREGTARE,34000.00,3/7/2025 12:00:00 AM,3/10/2025 12:00:00 AM
 Tirane,8021011562025,2101156,DPOP-miremb e pajisjeve te kond mk 884/11 dt 19.07.2024 kont 465/2 10.02.2025 ft 17 dt 3.3.2025 sit dt 28.02.2025,0,Unspecified,2101156,Drejtoria e Përgjithshme e Objekteve Publike (3535),6025500,Shpenzime per mirembajtjen e aparateve, paisjeve teknike dhe veglave te punes,CLIMACASA,3171600.00,3/6/2025 12:00:00 AM,3/10/2025 12:00:00 AM
 Tirane,8021018242025,2101824,Agj Rinise dhe Mireqenies Soc- subvencionim i biletes se pajtimit mujor abone studenti, kont 7/7 dt 07.01.2025, vkb 125 dt 19.11.2024, fat 10000638/2025 dt 11.2.2025,0,Unspecified,2101824,Agjencia e Rinisë dhe Mirëqenies Sociale (3535),6032099,Te tjera subvencione per te mbuluar humbjet sipas perfituesve,SHEGA - TRANS,4120000.00,3/7/2025 12:00:00 AM,3/10/2025 12:00:00 AM
 Tirane,810112102025,1011210 Fed Gjimnastik -Lik sherbim interneti,Urdher Pagese nr 705 dt 03.03.2025,Fature nr 1076437 dt 28.01.2025,11,Ministria e Arsimit Sportit dhe Rinise,1011210,Federata Shqipetare e Gjimnastikes (3535),6044006,Transferta per klubet dhe asociacionet e sportit,DIGICom,14400.00,3/7/2025 12:00:00 AM,3/10/2025 12:00:00 AM
 Tirane,810112112025,1011211 Feder Atletikes-Pagese Antaresie ,Urdh i Brend nr 1 dt 05.03.2025,Fatura nr 2/2025 dt 03.03.2025,11,Ministria e Arsimit Sportit dhe Rinise,1011211,Federata Shqipetare e Atletikes (3535),6044006,Transferta per klubet dhe asociacionet e sportit,KOMITETI OLIMPIK KOMB. SHQIPTAR,30000.00,3/7/2025 12:00:00 AM,3/10/2025 12:00:00 AM
 Tirane,8110100392025,1010039-Drejt.Pergj.Tatimeve 2025 1010039-Drejt.Pergj.Tatimeve 2024 qera godine kontr nr 12227/1 dt 14.6.2024 perm fat 4.3.2025,10,Ministria e Financave dhe Ekonomise,1010039,Aparati Drejt.Pergj.Tatimeve (3535),6026101,Shpenzime per qiramarrje ambientesh zyre te institucioneve,Arian Bajri,3963394.00,3/6/2025 12:00:00 AM,3/10/2025 12:00:00 AM
 Tirane,8110120242025,1012024 Teat Oper Balet - shpenz honorae artistike 'kryemjeshtrat e Kabase dhe Polifonise', memo nr 1078 dt 01.11.2024, pksh nr 193 dt 24.02.2025, kont rnr 1078/1 dt 06.11.2024, listepagese, tatim mbajtur ne burim,12,Ministria e Ekonomise, Kultures dhe Inovacionit,1012024,Teatri Operas dhe Baletit (3535),6040009,Te tjera transferime korrente,BANKA KOMBETARE TREGTARE,34000.00,3/7/2025 12:00:00 AM,3/10/2025 12:00:00 AM
 Tirane,8121018242025,2101824,Agj Rinise dhe Mireqenies Soc- subvencionim i biletes se pajtimit mujor abone studenti, kont 7/11 dt 07.01.2025, vkb 125 dt 19.11.2024, fat 138/2025 dt 20.2.2025,0,Unspecified,2101824,Agjencia e Rinisë dhe Mirëqenies Sociale (3535),6032099,Te tjera subvencione per te mbuluar humbjet sipas perfituesve,GERARD - A	,3488000.00,3/7/2025 12:00:00 AM,3/10/2025 12:00:00 AM
 Tirane,8221018242025,2101824,Agj Rinise dhe Mireqenies Soc-subvencionim i biletes se pajtimit mujor abone studenti kont 7/8 dt 7.01.2025 vkb 125 dt 7.1.2025 ft 106/2025 dt 11.2.2025,0,Unspecified,2101824,Agjencia e Rinisë dhe Mirëqenies Sociale (3535),6032099,Te tjera subvencione per te mbuluar humbjet sipas perfituesve,Green Line,6374400.00,3/7/2025 12:00:00 AM,3/10/2025 12:00:00 AM
 Tirane,8310120242025,1012024 Teat Oper Balet - honorare shfaqja ''Tchaikovsky & Rachmaninoff'' ,Memo nr 28 dt 10.01.2025,PKSH nr 28/14 dt 20.01.2025,Kontrate nr 28/6/4/2 dt 13.01.2025,Tatim i mbajtur ne burim ,listepagese,12,Ministria e Ekonomise, Kultures dhe Inovacionit,1012024,Teatri Operas dhe Baletit (3535),6040009,Te tjera transferime korrente,BANKA CREDINS,45900.00,3/6/2025 12:00:00 AM,3/10/2025 12:00:00 AM
 Tirane,8321018242025,2101824,Agj Rinise dhe Mireqenies Soc- subvencionim i biletes se pajtimit mujor abone studenti, kont 7/2 dt 07.01.2025, vkb 125 dt 19.11.2024, fat 10/2025 dt 13.2.2025,0,Unspecified,2101824,Agjencia e Rinisë dhe Mirëqenies Sociale (3535),6032099,Te tjera subvencione per te mbuluar humbjet sipas perfituesve,TIRANA TRAVEL,2334400.00,3/7/2025 12:00:00 AM,3/10/2025 12:00:00 AM
 Durres,8321080012025,2108001/ BASHKIA SHIJAK / PAG PAGE SIPAS LISTEPAGESES,0,Unspecified,2108001,Bashkia Shijak (0707),6021099,Te tjera materiale dhe sherbime speciale,BANKA CREDINS,17000.00,3/6/2025 12:00:00 AM,3/10/2025 12:00:00 AM
 Tirane,8410100392025,1010039-Drejt.Pergj.Tatimeve 2025 shp tarif permb 233/2021 dt 27.12.2021 B Taushani,10,Ministria e Financave dhe Ekonomise,1010039,Aparati Drejt.Pergj.Tatimeve (3535),6027400,Shpenzime per ekzekutim te vendimeve gjyqesore per largim nga puna,KODRA BAILIFF SERVICE,94367.00,3/6/2025 12:00:00 AM,3/10/2025 12:00:00 AM
 Tirane,8410120242025,1012024 Teat Oper Balet - honorare shfaqja ''Tchaikovsky & Rachmaninoff'' ,Memo nr 28 dt 10.01.2025,PKSH nr 28/14 dt 20.01.2025,Kontrate nr 28/1/12/7/3/5 dt 13.01.2025,tatim i mbajtur ne burim,listepagese,12,Ministria e Ekonomise, Kultures dhe Inovacionit,1012024,Teatri Operas dhe Baletit (3535),6040009,Te tjera transferime korrente,RAIFFEISEN BANK SH.A,76500.00,3/6/2025 12:00:00 AM,3/10/2025 12:00:00 AM
 Tirane,8421018242025,2101824,Agj Rinise dhe Mireqenies Soc-subvencionim i biletes se pajtimit mujor abone studenti kont 7 dt 7.01.2025 vkb 125 dt 19.11.2024 ft 89/2025 dt 11.2.2025,0,Unspecified,2101824,Agjencia e Rinisë dhe Mirëqenies Sociale (3535),6032099,Te tjera subvencione per te mbuluar humbjet sipas perfituesve,TIRANA - URBAN - TRANS,2496000.00,3/7/2025 12:00:00 AM,3/10/2025 12:00:00 AM
 Durres,8421080012025,2108001/ BASHKIA SHIJAK / SHERBIM TV FAT 5 DT 04.03.2025 KONT 2157/3 DT 02.06.2024,0,Unspecified,2108001,Bashkia Shijak (0707),6021099,Te tjera materiale dhe sherbime speciale,TV GOLD,80000.00,3/6/2025 12:00:00 AM,3/10/2025 12:00:00 AM
 Tirane,8510100392025,1010039-Drejt.Pergj.Tatimeve 2025 shp tarif permb 3/2024 dt 08.1.2024 A Hila,10,Ministria e Financave dhe Ekonomise,1010039,Aparati Drejt.Pergj.Tatimeve (3535),6027400,Shpenzime per ekzekutim te vendimeve gjyqesore per largim nga puna,KODRA BAILIFF SERVICE,175062.00,3/6/2025 12:00:00 AM,3/10/2025 12:00:00 AM
 Tirane,8510120242025,1012024 Teat Oper Balet - honorare shfaqja ''Tchaikovsky & Rachmaninoff'' ,Memo nr 28 dt 10.01.2025,PKSH nr 28/14 dt 20.01.2025,Kontrate nr 28/13 dt 13.01.2025,Tatim i mbajtur ne burim,listepagese,12,Ministria e Ekonomise, Kultures dhe Inovacionit,1012024,Teatri Operas dhe Baletit (3535),6040009,Te tjera transferime korrente,Banka OTP Albania,15300.00,3/6/2025 12:00:00 AM,3/10/2025 12:00:00 AM
 Tirane,8521018242025,2101824,Agj Rinise dhe Mireqenies Soc-subvencionim i biletes se pajtimit mujor abone pensionisti kont 7/6 dt 7.01.2025 vkb 125 dt 19.11.2024 ft 109/2025 dt 11.2.2025,0,Unspecified,2101824,Agjencia e Rinisë dhe Mirëqenies Sociale (3535),6032099,Te tjera subvencione per te mbuluar humbjet sipas perfituesve,Tirana Bus,2470400.00,3/7/2025 12:00:00 AM,3/10/2025 12:00:00 AM
 Tirane,8610120242025,1012024 Teat Oper Balet - honorar artistik ''Tchaikovsky & Rachmaninoff '' ,Memo nr 28 dt 10.01.2025,PKSH nr 28/14 dt 20.01.2025,Kontrate nr 28/11 dt 13.01.2025,tatim i mbajtur ne burim,Listpagese dt 24.02.2025,12,Ministria e Ekonomise, Kultures dhe Inovacionit,1012024,Teatri Operas dhe Baletit (3535),6040009,Te tjera transferime korrente,INTESA SANPAOLO BANK ALBANIA,15300.00,3/7/2025 12:00:00 AM,3/10/2025 12:00:00 AM
 Tirane,8621018242025,2101824,Agj Rinise dhe Mireqenies Soc- subvencionim i biletes se pajtimit mujor abone studenti, kont 7/3 dt 07.01.2025, vkb 125 dt 19.11.2024, fat 4/2025 dt 11.2.2025,0,Unspecified,2101824,Agjencia e Rinisë dhe Mirëqenies Sociale (3535),6032099,Te tjera subvencione per te mbuluar humbjet sipas perfituesve,TIRANA LINES,1379200.00,3/7/2025 12:00:00 AM,3/10/2025 12:00:00 AM
 Tirane,8721018242025,2101824,Agj Rinise dhe Mireqenies Soc- subvencionim i biletes se pajtimit mujor abone studenti, kont 7/5 dt 07.01.2025, vkb 125 dt 19.11.2024, fat 73421/2025 dt 12.2.2025,0,Unspecified,2101824,Agjencia e Rinisë dhe Mirëqenies Sociale (3535),6032099,Te tjera subvencione per te mbuluar humbjet sipas perfituesve,SHPRESA - AL,1878395.00,3/7/2025 12:00:00 AM,3/10/2025 12:00:00 AM
 Tirane,8810120242025,1012024 Teat Oper Balet - shpenz honorae artistike 'Romantiket ne opera, memo nr 836 dt 12.09.2024, pksh nr 836/14 dt 30.09.2024, kont rnr 836/10 dt 20.09.2024, listepagese, tatim mbajtur ne burim,12,Ministria e Ekonomise, Kultures dhe Inovacionit,1012024,Teatri Operas dhe Baletit (3535),6040009,Te tjera transferime korrente,BANKA KOMBETARE TREGTARE,15300.00,3/7/2025 12:00:00 AM,3/10/2025 12:00:00 AM
 Tirane,8821018242025,2101824,Agj Rinise dhe Mireqenies Soc- subvencionim i biletes se pajtimit mujor abone pensionisti, kont 7/4 dt 07.01.2025, vkb 125 dt 19.11.2024, fat 61/2025 dt 11.2.2025,0,Unspecified,2101824,Agjencia e Rinisë dhe Mirëqenies Sociale (3535),6032099,Te tjera subvencione per te mbuluar humbjet sipas perfituesve,MAG UTILITIES,1590400.00,3/7/2025 12:00:00 AM,3/10/2025 12:00:00 AM
 Tirane,8921018242025,2101824,Agj Rinise dhe Mireqenies Soc- subvencionim i biletes se pajtimit mujor abone studenti, kont 7/1 dt 07.01.2025, vkb 125 dt 19.11.2024, fat 8/2025 dt 12.2.2025,0,Unspecified,2101824,Agjencia e Rinisë dhe Mirëqenies Sociale (3535),6032099,Te tjera subvencione per te mbuluar humbjet sipas perfituesve,DIAMOND SOCIETY,2625600.00,3/7/2025 12:00:00 AM,3/10/2025 12:00:00 AM
 Tirane,9010120242025,1012024 Teat Oper Balet - shpenz honorare artistike 'romantiket ne opera', memo nr 836 dt 12.092024, pksh nr 836/14 dt 30.09.2024, kont rnr 836/5/6/7/9/8/4/1/3 dt 20.09.2024, listepagese, tatim mbajtur ne burim,12,Ministria e Ekonomise, Kultures dhe Inovacionit,1012024,Teatri Operas dhe Baletit (3535),6040009,Te tjera transferime korrente,RAIFFEISEN BANK SH.A,122400.00,3/7/2025 12:00:00 AM,3/10/2025 12:00:00 AM
 Tirane,9021018242025,2101824,Agj Rinise dhe Mireqenies Soc- subvencionim i biletes se pajtimit mujor abone studenti, kont 7/10 dt 07.01.2025, vkb 125 dt 19.11.2024, fat 5 dt 11.2.2025,0,Unspecified,2101824,Agjencia e Rinisë dhe Mirëqenies Sociale (3535),6032099,Te tjera subvencione per te mbuluar humbjet sipas perfituesve,REMI TRANS,2150400.00,3/7/2025 12:00:00 AM,3/10/2025 12:00:00 AM
 Tirane,910112252025,1011225 Fed Judos- Lik qeraje ,kontrate nr 51 dt 03.02.2025,Urdher finance nr 25/2025 dt 26.02.2025,Vendim nr 1/2025 dt 03.03.2025,Fatura nr 25/2025 dt 26.02.2025,11,Ministria e Arsimit Sportit dhe Rinise,1011225,Federata  Shqiptare Judos (3535),6044006,Transferta per klubet dhe asociacionet e sportit,QENDRA SPORTIVE,20000.00,3/7/2025 12:00:00 AM,3/10/2025 12:00:00 AM
 Vlore,910140422025,PERMBARIMI 1014042 SHP.SHERBIME OPERATIVE FAT.NR.1168DT.21.01.2025,14,Ministria e Drejtesise,1014042,Zyra Përmbarimore Vendore Vlorë (3737),6029099,Shpenzime per te tjera materiale dhe sherbime operative,IMAGE&COMMUNICATIONSDEVELOPEMENT,4416.00,3/7/2025 12:00:00 AM,3/10/2025 12:00:00 AM
 Sarande,910260942025,lik fat posten nr 101 dat 04.03.2025 per AGJRB Sr 2025,26,Ministria e Turizmit dhe Mjedisit,1026094,Agjencia Rajonale e Bregdetit Sarandë (3731),6022004,Posta dhe sherbimi korrier,POSTA SHQIPTARE SH.A,955.00,3/7/2025 12:00:00 AM,3/10/2025 12:00:00 AM
 Tirane,9110120242025,1012024 Teat Oper Balet - shpenz honorae artistike 'romantiket ne opera', memo nr 836 dt 12.09.2024, pksh nr 836/14 dt 30.09.2024, kont rnr 836/11/2/12 dt 20.09.2024, listepagese, tatim mbajtur ne burim,12,Ministria e Ekonomise, Kultures dhe Inovacionit,1012024,Teatri Operas dhe Baletit (3535),6040009,Te tjera transferime korrente,BANKA CREDINS,45900.00,3/7/2025 12:00:00 AM,3/10/2025 12:00:00 AM
 Tirane,9121018242025,2101824,Agj Rinise dhe Mireqenies Soc- subvencionim i biletes se pajtimit mujor abone studenti, kont 8/3 dt 07.01.2025, vkb 125 dt 19.11.2024, fat 157/2025 dt 11.2.2025,0,Unspecified,2101824,Agjencia e Rinisë dhe Mirëqenies Sociale (3535),6039100,Subvencione te tjera,ALBA-TRANS,9048000.00,3/7/2025 12:00:00 AM,3/10/2025 12:00:00 AM
 Tirane,9210120242025,1012024 Teat Oper Balet - shpenz diete jashte vendit, aut nr 1044/1 dt 30.12.2024, urh nr 35/1 dt 13.01.2025, lsitepagese,12,Ministria e Ekonomise, Kultures dhe Inovacionit,1012024,Teatri Operas dhe Baletit (3535),6024200,Udhetim jashte shtetit,RAIFFEISEN BANK SH.A,267000.00,3/7/2025 12:00:00 AM,3/10/2025 12:00:00 AM
 Tirane,9221018242025,2101824,Agj Rinise dhe Mireqenies Soc- subvencionim i biletes se pajtimit mujor abone studenti, kont 8/7 dt 07.01.2025, vkb 125 dt 19.11.2024, fat 10000637/2025 dt 11.2.2025,0,Unspecified,2101824,Agjencia e Rinisë dhe Mirëqenies Sociale (3535),6039100,Subvencione te tjera,SHEGA - TRANS,7790400.00,3/7/2025 12:00:00 AM,3/10/2025 12:00:00 AM
 Tirane,9310120242025,1012024 Teat Oper Balet - shpenz diete jashte vendit, aut nr 1044/1 dt 30.12.2024, urh nr 35/1 dt 13.01.2025, lsitepagese,12,Ministria e Ekonomise, Kultures dhe Inovacionit,1012024,Teatri Operas dhe Baletit (3535),6024200,Udhetim jashte shtetit,BANKA KOMBETARE TREGTARE,12000.00,3/7/2025 12:00:00 AM,3/10/2025 12:00:00 AM
 Tirane,9310290072025,1029007 Gjyk e Apelit Tirane 2025 - shpenz avokati, fat nr 3/2025 dt 10.02.2025, vertetim dt 10.12.2024, 31.12.2024, 08.10.2024, 09.07.2024, 01.12.2024, 30.09.2024,29,Keshilli i Larte Gjyqesor,1029007,Gjykata e Apelit Tirane (3535),6029005,Shpenzime per honorare,ALEKS NIKËHASANI,159000.00,3/7/2025 12:00:00 AM,3/10/2025 12:00:00 AM
 Tirane,9321018242025,2101824,Agj Rinise dhe Mireqenies Soc- subvencionim i biletes se pajtimit mujor abone studenti, kont 8/1 dt 07.01.2025, vkb 125 dt 19.11.2024, fat 99/2025 dt 12.2.2025,0,Unspecified,2101824,Agjencia e Rinisë dhe Mirëqenies Sociale (3535),6039100,Subvencione te tjera,GERARD - A	,6283200.00,3/7/2025 12:00:00 AM,3/10/2025 12:00:00 AM
 Tirane,9410120242025,1012024 Teat Oper Balet - honorare artistik 'arti i violines', memo nr 803 dt 03.09.2024, pksh nr 803/9 dt 24.09.2024, kontr nr 803/1-803/8 dt 13.09.2024, lsitepagese, ttaim mabjtur ne burim,12,Ministria e Ekonomise, Kultures dhe Inovacionit,1012024,Teatri Operas dhe Baletit (3535),6040009,Te tjera transferime korrente,BANKA CREDINS,61200.00,3/7/2025 12:00:00 AM,3/10/2025 12:00:00 AM
 Tirane,9421018242025,2101824,Agj Rinise dhe Mireqenies Soc-subvencionim i biletes se pajtimit mujor abone studenti kont 8/4 dt 7.01.2025 vkb 125 dt 7.1.2025 ft 107/2025 dt 11.2.2025,0,Unspecified,2101824,Agjencia e Rinisë dhe Mirëqenies Sociale (3535),6039100,Subvencione te tjera,Green Line,11308800.00,3/7/2025 12:00:00 AM,3/10/2025 12:00:00 AM
 Kavaje,9510111302025,ZYRA ARSIMORE KAVAJE PAGESE UJE KONTRATE NR 12049,11,Ministria e Arsimit Sportit dhe Rinise,1011130,Zyra Vendore Arsimore, Kavajë (3513),6022002,Uje,SHOQERIA RAJONALE UJESJELLES KANALIZIME DURRES SH A,30618.00,3/7/2025 12:00:00 AM,3/10/2025 12:00:00 AM
 Tirane,9510120242025,1012024 Teat Oper Balet - honorare artistik 'arti i violines', memo nr 803 dt 03.09.2024, pksh nr 803/9 dt 24.09.2024, kontr nr 803/1-803/8 dt 13.09.2024, listepagese, taim mbajtur ne burim,12,Ministria e Ekonomise, Kultures dhe Inovacionit,1012024,Teatri Operas dhe Baletit (3535),6040009,Te tjera transferime korrente,RAIFFEISEN BANK SH.A,25500.00,3/7/2025 12:00:00 AM,3/10/2025 12:00:00 AM
 Tirane,9521018242025,2101824,Agj Rinise dhe Mireqenies Soc- subvencionim i biletes se pajtimit mujor abone studenti, kont 8/9 dt 07.01.2025, vkb 125 dt 19.11.2024, fat 11 dt 13.2.2025,0,Unspecified,2101824,Agjencia e Rinisë dhe Mirëqenies Sociale (3535),6039100,Subvencione te tjera,TIRANA TRAVEL,3267200.00,3/7/2025 12:00:00 AM,3/10/2025 12:00:00 AM
 Berat,9521670012025,2167001 Bashkia Dimal, paguar kont.nr.855/20, dt.03.06.2024, up nr.855/1, dt.29.03.2024,fat.nr.09, dt.23.09.2024,pmd, dt.23.09.2024,fh nr.50, dt.23.09.2024, projektim llixha faza dyte, PDV zona ZE 3.3,0,Unspecified,2167001,Bashkia Dimal (0202),2302100,Shpenz. per rritjen e AQ - studime ose kerkime,HTS COMPANY,2500000.00,3/7/2025 12:00:00 AM,3/10/2025 12:00:00 AM
 Kavaje,9610111302025,ZYRA ARSIMORE KAVAJE PAGESE FATURE NR 2550297 KONTRATE NR D8417 DT 03.03.2025,11,Ministria e Arsimit Sportit dhe Rinise,1011130,Zyra Vendore Arsimore, Kavajë (3513),6022001,Elektricitet,FURNIZUESI I SHERBIMIT UNIVERSAL,10600.00,3/7/2025 12:00:00 AM,3/10/2025 12:00:00 AM
 Tirane,9610120242025,1012024 Teat Oper Balet - Pagese Honorare soprano 'Lucian di lammermoor', Memo nr 1064 dt 31.10.2024, Kontr nr 1064/1 dt 10.11.2024, PKSH 134 dt 07.02.2025, Bordero , kembim valutor me kurs 102.3,12,Ministria e Ekonomise, Kultures dhe Inovacionit,1012024,Teatri Operas dhe Baletit (3535),6040009,Te tjera transferime korrente,BANKA CREDINS,1355172.00,3/7/2025 12:00:00 AM,3/10/2025 12:00:00 AM
 Lezhe,9610130212025,SPITALI RAJONAL LEZHE lik fat 2500134527 dt 05.03.2025 dhe fat nr 4338 dt 05.03.2025, tksa automjeti dhe kolaudim targe AB754CF,13,Ministria e Shendetesise dhe Mbrojtjes Sociale,1013021,Spitali Lezhe (2020),6023900,Shpenzime te tjera transporti,DREJT. PERGJ. E SHERB. TRANS. RRUG.,8752.00,3/7/2025 12:00:00 AM,3/10/2025 12:00:00 AM
 Durres,9610160252025,1016025/DREJTORIA VENDORE E POLICISE DURRES/ SHPENZ OPERATIVE UDHEZIM NR .683 DT.25.11.2019 URDHER PAGESA NR.7 DT.18.02.2025,16,Ministria e Brendshme,1016025,Drejtoria Vendore e Policise Durres (0707),6061099,Te tjera transferta tek individet,BANKA E TIRANES,50000.00,3/6/2025 12:00:00 AM,3/10/2025 12:00:00 AM
 Tirane,9621018242025,2101824,Agj Rinise dhe Mireqenies Soc-subvencionim i biletes se pajtimit mujor abone studenti kont 8/11 dt 7.01.2025 vkb 125 dt 19.11.2024 ft 90/2025 dt 11.2.2025,0,Unspecified,2101824,Agjencia e Rinisë dhe Mirëqenies Sociale (3535),6039100,Subvencione te tjera,TIRANA - URBAN - TRANS,4523200.00,3/7/2025 12:00:00 AM,3/10/2025 12:00:00 AM
 Berat,9621670012025,2167001 Bashkia Dimal, paguar kontrata nr.1509/20, dt.10.10.2022, up nr.1509, dt.20.05.2022, fat.nr.1157, dt.03.03.2025,situacion nr.7, njof.fit.nr.1509/17, dt.03.08.2022, rikons. urban lagjia 4 Shtatori,0,Unspecified,2167001,Bashkia Dimal (0202),2313100,Shpenz. per rritjen e AQT - konstruksione te rrugeve,ARDMIR,10450000.00,3/7/2025 12:00:00 AM,3/10/2025 12:00:00 AM
 Durres,9710160252025,1016025/DREJTORIA VENDORE E POLICISE DURRES/ SHPENZ OPERATIVE UDHEZIM NR .683 DT.25.11.2019 URDHER PAGESA NR.8 DT.18.02.2025,16,Ministria e Brendshme,1016025,Drejtoria Vendore e Policise Durres (0707),6061099,Te tjera transferta tek individet,BANKA E TIRANES,100000.00,3/6/2025 12:00:00 AM,3/10/2025 12:00:00 AM
 Tirane,9721018242025,2101824,Agj Rinise dhe Mireqenies Soc-subvencionim i biletes se pajtimit mujor abone pensionisti kont 8/5 dt 7.01.2025 vkb 125 dt 19.11.2024 ft 110/2025 dt 11.2.2025,0,Unspecified,2101824,Agjencia e Rinisë dhe Mirëqenies Sociale (3535),6039100,Subvencione te tjera,Tirana Bus,4774400.00,3/7/2025 12:00:00 AM,3/10/2025 12:00:00 AM
 Berat,9721670012025,2167001 Bashkia Dimal, paguar fat.nr.328379, dt.05.03.2025, shpenzime telefonike shkurt 2025,0,Unspecified,2167001,Bashkia Dimal (0202),6022003,Sherbime telefonike,ONE ALBANIA,30.00,3/7/2025 12:00:00 AM,3/10/2025 12:00:00 AM
 Durres,9810160252025,1016025/DREJTORIA VENDORE E POLICISE DURRES/ SHPENZ OPERATIVE UDHEZIM NR .683 DT.25.11.2019 URDHER PAGESA NR.9 DT.19.02.2025,16,Ministria e Brendshme,1016025,Drejtoria Vendore e Policise Durres (0707),6061099,Te tjera transferta tek individet,BANKA E TIRANES,200000.00,3/6/2025 12:00:00 AM,3/10/2025 12:00:00 AM
 Tirane,9821018242025,2101824,Agj Rinise dhe Mireqenies Soc- subvencionim i biletes se pajtimit mujor abone studenti, kont 8/6 dt 07.01.2025, vkb 125 dt 19.11.2024, fat 5/2025 dt 11.2.2025,0,Unspecified,2101824,Agjencia e Rinisë dhe Mirëqenies Sociale (3535),6039100,Subvencione te tjera,TIRANA LINES,2262400.00,3/7/2025 12:00:00 AM,3/10/2025 12:00:00 AM
 Durres,9910160252025,1016025/DREJTORIA VENDORE E POLICISE DURRES/ SHPENZ OPERATIVE UDHEZIM NR .683 DT.25.11.2019 URDHER PAGESA NR.10 DT.21.02.2025,16,Ministria e Brendshme,1016025,Drejtoria Vendore e Policise Durres (0707),6061099,Te tjera transferta tek individet,BANKA E TIRANES,100000.00,3/6/2025 12:00:00 AM,3/10/2025 12:00:00 AM
 Tirane,9921650012025,2165001 Bashkia Vore,kthim shume ardhur gabim nga union bank ,shkresa nr 91 dt 21.2.2025,urdher nr 8 dt 24.2.2025,fat arket dt 11.2024,0,Unspecified,2165001,Bashkia Vore (3535),4665110,Depozitime te tjera ne ruajtje, te vitit ne vazhdim,Te Dala,UNION BANK SHA,32836.00,3/7/2025 12:00:00 AM,3/10/2025 12:00:00 AM
