EmriTdo,NumriFatures,PershkrimiFatures,KodiLm,MinistriaLinjes,KodiInstitucionit,EmriInstitucionit,EcAccount,EcAccountDescription,Furnitori,Shuma,DataRegjistrimit,DataEkzekutimit
 Has,10010111182025,1812.1011118.Sa lik transportin e nxenseve per muaji Maj-2025 NJA Golaj,Gjinaj,Fajza,Krume,vendimi nr.398 dt.03.05.20217,shkres MASR nr.8385/1 dt.25.09.20217,autorizim DRAP Lezh nr.591 dt.15.03.2023..Zyra Vendore Arsimore HAS,11,Ministria e Arsimit Sportit dhe Rinise,1011118,Zyra Vendore Arsimore, Has (1812),6023900,Shpenzime te tjera transporti,POSTA SHQIPTARE SH.A,2693283.00,6/4/2025 12:00:00 AM,6/5/2025 12:00:00 AM
 Peqin,10010140072025,1014007 IEVP Burgu Peqin,Likujduar Shpenzimet Postare Maj 2025 ,Fature e fiskalizuar Nr.88/2025 date 02.06.2025,14,Ministria e Drejtesise,1014007,Burgu Peqin (0827),6022004,Posta dhe sherbimi korrier,POSTA SHQIPTARE SH.A,12745.00,6/3/2025 12:00:00 AM,6/5/2025 12:00:00 AM
 Tirane,10010160882025,1016088 Drejt Perqasje Jurid Nderkomb. Shpenzime te tjera mat e operative (Sekret ) Udhezim i perbashket MB 193 dt 26.02.2020 me MFE nr 12/1 dt 18.03.2020, Urdher nr 362 dt 29.05.2025, kerkese per rritje te autorizuar dt 29.05.2025,16,Ministria e Brendshme,1016088,Drejtoria e Perqasjes Juridike Nderkombetare (3535),6022007,Sherbimet bankare,RAIFFEISEN BANK SH.A,36683400.00,6/4/2025 12:00:00 AM,6/5/2025 12:00:00 AM
 Tirane,10010161002025,1016100 Drejt.Raj.Kuf.e Emigr.2025 pagese ushqimi, VKM nr 189 dt 15.03.2017, Udhezim MB nr 35 dt 30.05.2024, Urdher nr 717 dt 23.05.2025, listepagese,16,Ministria e Brendshme,1016100,Drejtoria Vendore e Kufirit dhe Migracionit Tirane (3535),6021004,Furnizime dhe sherbime me ushqim per mencat,BANKA E TIRANES,34650.00,6/4/2025 12:00:00 AM,6/5/2025 12:00:00 AM
 Tirane,10010161382025,1016138 NSMV, Shp poste, ft nr 241/2025 dt 02.06.2025,16,Ministria e Brendshme,1016138,Njesia Speciale e Mbrojtjes se Vecante,6022004,Posta dhe sherbimi korrier,POSTA SHQIPTARE SH.A,1584.00,6/4/2025 12:00:00 AM,6/5/2025 12:00:00 AM
 Mat,10026540032025,Agjencia Funks.Transf.Klos (2654003) Lik. Page muaji Maj 2025 per Sekt.e Pastrim Gjelberimit.Bordero pagese Nr.5 Dt.02.06.2025.Liste - Pagese Nr.i Punonjesve Plan 10 - Fakt 1.,0,Unspecified,2654003,Agjencia e Funksioneve të Transferueshme Klos (0625),6001001,Paga neto për punonjesit e miratuar në organikë,BANKA CREDINS,46414.00,6/4/2025 12:00:00 AM,6/5/2025 12:00:00 AM
 Tirane,10110160882025,1016088 Drejt Perqasje Jurid Nderkomb. Shpenzime te tjera mat e operative (Sekret ) Udhezim i perbashket MB 193 dt 26.02.2020 me MFE nr 12/1 dt 18.03.2020, Urdher nr 362 dt 29.05.2025, kerkese per rritje te autorizuar dt 29.05.2025,16,Ministria e Brendshme,1016088,Drejtoria e Perqasjes Juridike Nderkombetare (3535),6022007,Sherbimet bankare,RAIFFEISEN BANK SH.A,130181.00,6/4/2025 12:00:00 AM,6/5/2025 12:00:00 AM
 Korçe,10110161052025,1016105 DREJTORIA VENDORE E KUFIRIT DHE MIGRACIONIT KORCE PAGE MBI KOHE PUNE MAJ 2025 SIPAS LISTEPAGESES,16,Ministria e Brendshme,1016105,Drejtoria Vendore e Kufirit dhe Migracionit Korce (1515),6001001,Paga neto për punonjesit e miratuar në organikë,RAIFFEISEN BANK SH.A,370647.00,6/4/2025 12:00:00 AM,6/5/2025 12:00:00 AM
 Tirane,10110890012025,KMDIM1089001  pages keshilltar i jashtem  kontr 782 dt 27.2.2025 bord 30.5.2025,89,Komisioneri per Mbrojtjen e te Dhenave Personale,1089001,Komisioneri per Mbrojtjen e te Dhenave Personale (3535),6029005,Shpenzime per honorare,RAIFFEISEN BANK SH.A,102000.00,6/4/2025 12:00:00 AM,6/5/2025 12:00:00 AM
 Durres,10121070132025,2107013/ NSHK DURRES/ BLERJE NAFTE FAT 45000 DT 29.05.2025 KONT 354 DT 08.04.2025,0,Unspecified,2107013,Nd-ja Sherbimeve Komunale (0707),6023100,Karburant dhe vaj,KASTRATI ENERGY,9633600.00,6/4/2025 12:00:00 AM,6/5/2025 12:00:00 AM
 Mat,10126540032025,Agjencia Funks.Transf.Klos (2654003) Lik. Page muaji Maj 2025 per Sekt.e Administrimit te Pyjeve.Bordero pagese Nr.5 Dt.02.06.2025.Liste - Pagese Nr.i Punonjesve Plan 10 - Fakt 10.,0,Unspecified,2654003,Agjencia e Funksioneve të Transferueshme Klos (0625),6001001,Paga neto për punonjesit e miratuar në organikë,RAIFFEISEN BANK SH.A,497340.00,6/4/2025 12:00:00 AM,6/5/2025 12:00:00 AM
 Tirane,101410110402025,1011040 UPT FIE - paga maj  2025, nr punonj pl/fk 73/6, listpag,11,Ministria e Arsimit Sportit dhe Rinise,1011040,Universiteti Politeknik (3535),6001001,Paga neto për punonjesit e miratuar në organikë,RAIFFEISEN BANK SH.A,920935.00,6/4/2025 12:00:00 AM,6/5/2025 12:00:00 AM
 Tirane,101510110402025,1011040 UPT FIE - paga maj  2025, nr punonj pl/fk 73/1, listpag,11,Ministria e Arsimit Sportit dhe Rinise,1011040,Universiteti Politeknik (3535),6001001,Paga neto për punonjesit e miratuar në organikë,INTESA SANPAOLO BANK ALBANIA,113909.00,6/4/2025 12:00:00 AM,6/5/2025 12:00:00 AM
 Tirane,101610110402025,1011040 UPT FIE - paga maj  2025, nr punonj pl/fk 73/6, listpag,11,Ministria e Arsimit Sportit dhe Rinise,1011040,Universiteti Politeknik (3535),6001001,Paga neto për punonjesit e miratuar në organikë,BANKA KOMBETARE TREGTARE,555700.00,6/4/2025 12:00:00 AM,6/5/2025 12:00:00 AM
 Tirane,10210121082025,1012108 - QKB 2025 - honorare, kontr nr 9773/1 d 2.05.2025, listepagese, tatim ne burim,12,Ministria e Ekonomise, Kultures dhe Inovacionit,1012108,Qendra Kombetare e Biznesit (3535),6029005,Shpenzime per honorare,BANKA CREDINS,63750.00,6/4/2025 12:00:00 AM,6/5/2025 12:00:00 AM
 Tirane,10210310012025,1031001 Agjencia Telegrafike Shqiptare 2025 ,transferte ft 600115928 dt 31.5.2025 shkres 3.6.2025 nr 266 euro 1650 me kurs 99.3,31,Agjensia Telegrafike Shqiptare,1031001,Agjensia Telegrafike Shqiptare (3535),6022007,Sherbimet bankare,BANKA CREDINS,166328.00,6/4/2025 12:00:00 AM,6/5/2025 12:00:00 AM
 Durres,10221070132025,2107013/ NSHK DURRES/ RROBA PUNE FAT 20 DT 02.06.2025 KONT 505 DT 13.05.2025,0,Unspecified,2107013,Nd-ja Sherbimeve Komunale (0707),6021001,Uniforma dhe veshje te tjera speciale,AN&RA,9237300.00,6/4/2025 12:00:00 AM,6/5/2025 12:00:00 AM
 Mat,10226540032025,Agjencia Funks.Transf.Klos (2654003) Lik. Page muaji Maj 2025 per Sekt.e Mirmbajtjes se Rrugeve Rurale.Bordero pagese Nr.5 Dt.02.06.2025.Liste - Pagese Nr.i Punonjesve Plan 41 - Fakt 8.,0,Unspecified,2654003,Agjencia e Funksioneve të Transferueshme Klos (0625),6001001,Paga neto për punonjesit e miratuar në organikë,Banka OTP Albania,393622.00,6/4/2025 12:00:00 AM,6/5/2025 12:00:00 AM
 Korçe,10310161052025,1016105 DREJTORIA VENDORE E KUFIRIT DHE MIGRACIONIT KORCE PAGE MBI KOHE PUNE MAJ 2025 SIPAS LISTEPAGESES,16,Ministria e Brendshme,1016105,Drejtoria Vendore e Kufirit dhe Migracionit Korce (1515),6001001,Paga neto për punonjesit e miratuar në organikë,BANKA E TIRANES,15103.00,6/4/2025 12:00:00 AM,6/5/2025 12:00:00 AM
 Durres,10321070132025,2107013/ NSHK DURRES/ SHERBIM PASTRIMI ISHEM FAT 32 DT 11.05.2025 KONT 989 DT 09.09.2024,0,Unspecified,2107013,Nd-ja Sherbimeve Komunale (0707),6022009,Sherbime te pastrimit dhe gjelberimit,AFA GRUP,1259718.00,6/4/2025 12:00:00 AM,6/5/2025 12:00:00 AM
 Fier,10321110042025,Qendra Ekonomike e Kultures 2111004 paga maj 2025 listpagesa,0,Unspecified,2111004,Qendra Ekonomike Kultures (0909),6001001,Paga neto për punonjesit e miratuar në organikë,RAIFFEISEN BANK SH.A,2599903.00,6/4/2025 12:00:00 AM,6/5/2025 12:00:00 AM
 Delvine,104 10130662025,lik fat 1/2025 Spitali Delvine 2025,13,Ministria e Shendetesise dhe Mbrojtjes Sociale,1013066,Sp. Delvine (3704),6021099,Te tjera materiale dhe sherbime speciale,KOSTAQ KALANDERI,25000.00,6/4/2025 12:00:00 AM,6/5/2025 12:00:00 AM
 Korçe,10410161052025,1016105 DREJTORIA VENDORE E KUFIRIT DHE MIGRACIONIT KORCE PAGE MBI KOHE PUNE MAJ 2025 SIPAS LISTEPAGESES,16,Ministria e Brendshme,1016105,Drejtoria Vendore e Kufirit dhe Migracionit Korce (1515),6001001,Paga neto për punonjesit e miratuar në organikë,BANKA CREDINS,6569.00,6/4/2025 12:00:00 AM,6/5/2025 12:00:00 AM
 Tirane,10421010492025,2101049-DPTTV 2025- Blerje Dokumentacioni , VKM nr 1497 dt 19.11.2008, Kontr nr 6896/3 dt 11.03.2025, FT nr 118/2025 dt 08.05.2025, FH nr 3 dt 08.05.2025,0,Unspecified,2101049,Drejtoria e Përgjithshme e Taksave dhe Tarifave Vendore (3535),6020500,Blerje dokumentacioni,SHTYPSHKRONJA E LETRAVE ME VLERE,1499400.00,6/4/2025 12:00:00 AM,6/5/2025 12:00:00 AM
 Durres,10421070132025,2107013/ NSHK DURRES/ SHERBIM PASTRIMI SUKTH FAT 33 DT 11.05.2025,0,Unspecified,2107013,Nd-ja Sherbimeve Komunale (0707),6022009,Sherbime te pastrimit dhe gjelberimit,AFA GRUP,1692738.00,6/4/2025 12:00:00 AM,6/5/2025 12:00:00 AM
 Fier,10421110042025,Qendra Ekonomike e Kultures 2111004 paga maj 2025 listpagesa,0,Unspecified,2111004,Qendra Ekonomike Kultures (0909),6001001,Paga neto për punonjesit e miratuar në organikë,BANKA KOMBETARE TREGTARE,430031.00,6/4/2025 12:00:00 AM,6/5/2025 12:00:00 AM
 Mat,10426540032025,Agjencia Funks.Transf.Klos (2654003) Lik. Page muaji Maj 2025 per Sekt.e Mirmbajtjes se Rrugeve Rurale.Bordero pagese Nr.5 Dt.02.06.2025.Liste - Pagese Nr.i Punonjesve Plan 41 - Fakt 2.,0,Unspecified,2654003,Agjencia e Funksioneve të Transferueshme Klos (0625),6001001,Paga neto për punonjesit e miratuar në organikë,BANKA CREDINS,88691.00,6/4/2025 12:00:00 AM,6/5/2025 12:00:00 AM
 Librazhd,10510111012025,ARSIMI LIBRAZHD TRANSPORT MESUESISH MUAJI MAJ 2025,11,Ministria e Arsimit Sportit dhe Rinise,1011101,Zyra Vendore Arsimore, Librazhd (0821),6023900,Shpenzime te tjera transporti,BANKA E BASHKUAR E SHQIPERISE,28980.00,6/4/2025 12:00:00 AM,6/5/2025 12:00:00 AM
 Laç,105121260012025,Bashkia Kurbin.Shpenzime energji elektrike Prill 2025.Fature nr 250428080797 dt 27.04.2025,kontrate nr E 094425.,0,Unspecified,2126001,Bashkia Kurbin (2019),6022001,Elektricitet,FURNIZUESI I SHERBIMIT UNIVERSAL,20260.00,6/4/2025 12:00:00 AM,6/5/2025 12:00:00 AM
 Fier,10521110042025,Qendra Ekonomike e Kultures 2111004 paga maj 2025 listpagesa,0,Unspecified,2111004,Qendra Ekonomike Kultures (0909),6001001,Paga neto për punonjesit e miratuar në organikë,BANKA E TIRANES,77956.00,6/4/2025 12:00:00 AM,6/5/2025 12:00:00 AM
 Laç,105221260012025,Bashkia Kurbin.Shpenzime energji elektrike Prill 2025.Fature nr 250508029268 dt 30.04.2025,kontrate nr E 098697.,0,Unspecified,2126001,Bashkia Kurbin (2019),6022001,Elektricitet,FURNIZUESI I SHERBIMIT UNIVERSAL,340.00,6/4/2025 12:00:00 AM,6/5/2025 12:00:00 AM
 Mat,10526540032025,Agjencia Funks.Transf.Klos (2654003) Lik. Page muaji Maj 2025 per Sekt.e Sherbime Publike Vendore.Bordero pagese Nr.5 Dt.02.06.2025.Liste - Pagese Nr.i Punonjesve Plan 26 - Fakt 6.,0,Unspecified,2654003,Agjencia e Funksioneve të Transferueshme Klos (0625),6001001,Paga neto për punonjesit e miratuar në organikë,BANKA CREDINS,313956.00,6/4/2025 12:00:00 AM,6/5/2025 12:00:00 AM
 Laç,105321260012025,Bashkia Kurbin.Shpenzime energji elektrike Prill 2025.Fature nr 250502014506 dt 30.04.2025,kontrate nr E 101396.,0,Unspecified,2126001,Bashkia Kurbin (2019),6022001,Elektricitet,FURNIZUESI I SHERBIMIT UNIVERSAL,340.00,6/4/2025 12:00:00 AM,6/5/2025 12:00:00 AM
 Laç,105421260012025,Bashkia Kurbin.Shpenzime energji elektrike Prill 2025.Fature nr 250508086955 dt 30.04.2025,kontrate nr E 087513.,0,Unspecified,2126001,Bashkia Kurbin (2019),6022001,Elektricitet,FURNIZUESI I SHERBIMIT UNIVERSAL,340.00,6/4/2025 12:00:00 AM,6/5/2025 12:00:00 AM
 Laç,105521260012025,Bashkia Kurbin.Shpenzime energji elektrike Prill 2025.Fature nr 250508093556 dt 30.04.2025,kontrate nr E 095963.,0,Unspecified,2126001,Bashkia Kurbin (2019),6022001,Elektricitet,FURNIZUESI I SHERBIMIT UNIVERSAL,340.00,6/4/2025 12:00:00 AM,6/5/2025 12:00:00 AM
 Laç,105621260012025,Bashkia Kurbin.Shpenzime energji elektrike Prill 2025.Fature nr 250505062233 dt 30.04.2025,kontrate nr E 094788.,0,Unspecified,2126001,Bashkia Kurbin (2019),6022001,Elektricitet,FURNIZUESI I SHERBIMIT UNIVERSAL,180431.00,6/4/2025 12:00:00 AM,6/5/2025 12:00:00 AM
 Laç,105721260012025,Bashkia Kurbin.Shpenzime energji elektrike Prill 2025.Fature nr 250502120448 dt 30.04.2025,kontrate nr E 087515.,0,Unspecified,2126001,Bashkia Kurbin (2019),6022001,Elektricitet,FURNIZUESI I SHERBIMIT UNIVERSAL,67737.00,6/4/2025 12:00:00 AM,6/5/2025 12:00:00 AM
 Laç,105821260012025,Bashkia Kurbin.Shpenzime energji elektrike Prill 2025.Fature nr 250502121384 dt 30.04.2025,kontrate nr E 087514.,0,Unspecified,2126001,Bashkia Kurbin (2019),6022001,Elektricitet,FURNIZUESI I SHERBIMIT UNIVERSAL,13977.00,6/4/2025 12:00:00 AM,6/5/2025 12:00:00 AM
 Laç,105921260012025,Bashkia Kurbin.Shpenzime energji elektrike Prill 2025.Fature nr 250501097668 dt 29.04.2025,kontrate nr E 083936.,0,Unspecified,2126001,Bashkia Kurbin (2019),6022001,Elektricitet,FURNIZUESI I SHERBIMIT UNIVERSAL,500102.00,6/4/2025 12:00:00 AM,6/5/2025 12:00:00 AM
 Laç,106021260012025,Bashkia Kurbin.Shpenzime energji elektrike Prill 2025.Fature nr 250508093594dt 30.04.2025,kontrate nr E 088621.,0,Unspecified,2126001,Bashkia Kurbin (2019),6022001,Elektricitet,FURNIZUESI I SHERBIMIT UNIVERSAL,340.00,6/4/2025 12:00:00 AM,6/5/2025 12:00:00 AM
 Librazhd,10610111012025,ARSIMI LIBRAZHD, PAGAT MUAJI MAJ 2025,11,Ministria e Arsimit Sportit dhe Rinise,1011101,Zyra Vendore Arsimore, Librazhd (0821),6001001,Paga neto për punonjesit e miratuar në organikë,Banka OTP Albania,5868470.00,6/5/2025 12:00:00 AM,6/5/2025 12:00:00 AM
 Laç,106121260012025,Bashkia Kurbin.Shpenzime energji elektrike Prill 2025.Fature nr 250508093594 dt 28.04.2025,kontrate nr E 100689.,0,Unspecified,2126001,Bashkia Kurbin (2019),6022001,Elektricitet,FURNIZUESI I SHERBIMIT UNIVERSAL,65183.00,6/4/2025 12:00:00 AM,6/5/2025 12:00:00 AM
 Laç,106221260012025,Bashkia Kurbin.Shpenzime energji elektrike Prill 2025.Fature nr 250508093574 dt 30.04.2025,kontrate nr E 087516.,0,Unspecified,2126001,Bashkia Kurbin (2019),6022001,Elektricitet,FURNIZUESI I SHERBIMIT UNIVERSAL,340.00,6/4/2025 12:00:00 AM,6/5/2025 12:00:00 AM
 Mat,10626540032025,Agjencia Funks.Transf.Klos (2654003) Lik. Page muaji Maj 2025 per Sekt.e Sherbime Publike Vendore.Bordero pagese Nr.5 Dt.02.06.2025.Liste - Pagese Nr.i Punonjesve Plan 26 - Fakt 20.,0,Unspecified,2654003,Agjencia e Funksioneve të Transferueshme Klos (0625),6001001,Paga neto për punonjesit e miratuar në organikë,RAIFFEISEN BANK SH.A,907478.00,6/4/2025 12:00:00 AM,6/5/2025 12:00:00 AM
 Laç,106321260012025,Bashkia Kurbin.Shpenzime energji elektrike Prill 2025.Fature nr 250427058287 dt 27.04.2025,kontrate nr E 100898.,0,Unspecified,2126001,Bashkia Kurbin (2019),6022001,Elektricitet,FURNIZUESI I SHERBIMIT UNIVERSAL,12398.00,6/4/2025 12:00:00 AM,6/5/2025 12:00:00 AM
 Laç,106421260012025,Bashkia Kurbin.Shpenzime energji elektrike Prill 2025.Fature nr 250508079244 dt 30.04.2025,kontrate nr E 100539.,0,Unspecified,2126001,Bashkia Kurbin (2019),6022001,Elektricitet,FURNIZUESI I SHERBIMIT UNIVERSAL,340.00,6/4/2025 12:00:00 AM,6/5/2025 12:00:00 AM
 Laç,106521260012025,Bashkia Kurbin.Shpenzime energji elektrike Prill 2025.Fature nr 250425070369 dt 25.04.2025,kontrate nr E 084546.,0,Unspecified,2126001,Bashkia Kurbin (2019),6022001,Elektricitet,FURNIZUESI I SHERBIMIT UNIVERSAL,21688.00,6/4/2025 12:00:00 AM,6/5/2025 12:00:00 AM
 Laç,106621260012025,Bashkia Kurbin.Shpenzime energji elektrike Prill 2025.Fature nr 250507001338 dt 30.04.2025,kontrate nr E 104396.,0,Unspecified,2126001,Bashkia Kurbin (2019),6022001,Elektricitet,FURNIZUESI I SHERBIMIT UNIVERSAL,28710.00,6/4/2025 12:00:00 AM,6/5/2025 12:00:00 AM
 Laç,106721260012025,Bashkia Kurbin.Shpenzime energji elektrike Prill 2025.Fature nr 250502120866 dt 29.04.2025,kontrate nr E 094509.,0,Unspecified,2126001,Bashkia Kurbin (2019),6022001,Elektricitet,FURNIZUESI I SHERBIMIT UNIVERSAL,505864.00,6/4/2025 12:00:00 AM,6/5/2025 12:00:00 AM
 Laç,106821260012025,Bashkia Kurbin.Shpenzime energji elektrike Prill 2025.Fature nr 250428078267 dt 28.04.2025,kontrate nr E 098709.,0,Unspecified,2126001,Bashkia Kurbin (2019),6022001,Elektricitet,FURNIZUESI I SHERBIMIT UNIVERSAL,28727.00,6/4/2025 12:00:00 AM,6/5/2025 12:00:00 AM
 Laç,106921260012025,Bashkia Kurbin.Shpenzime energji elektrike Prill 2025.Fature nr 250501100806 dt 30.04.2025,kontrate nr E 089146.,0,Unspecified,2126001,Bashkia Kurbin (2019),6022001,Elektricitet,FURNIZUESI I SHERBIMIT UNIVERSAL,11894.00,6/4/2025 12:00:00 AM,6/5/2025 12:00:00 AM
 Laç,107021260012025,Bashkia Kurbin.Shpenzime energji elektrike Prill 2025.Fature nr 250428080319 dt 28.04.2025,kontrate nr E 095618.,0,Unspecified,2126001,Bashkia Kurbin (2019),6022001,Elektricitet,FURNIZUESI I SHERBIMIT UNIVERSAL,474834.00,6/4/2025 12:00:00 AM,6/5/2025 12:00:00 AM
 Devoll,10710130672025,SPITALI DEVOLL PAGESE PER NDALESE URDHER SEKUESTRO NR 587/9 URDHER NR 77 DT 29.05.2025 VIKTOR SHAHOLLI,13,Ministria e Shendetesise dhe Mbrojtjes Sociale,1013067,Sp. Devoll (1505),6001001,Paga neto për punonjesit e miratuar në organikë,ZYRE E PERMBARIMIT PRIVAT QEVA,20000.00,6/4/2025 12:00:00 AM,6/5/2025 12:00:00 AM
 Sarande,10710280252025,Lik shpenzim honorare te kadastres fat nr 6 dat 19.05.2025, per Prokurorin Sr 2025,28,Prokuroria e Pergjithshme,1028025,Prokuroria e rrethit Sarande (3731),6029005,Shpenzime per honorare,DREJTORIA VENDORE E ASHK-SË KAMËZ-VORË,4000.00,6/2/2025 12:00:00 AM,6/5/2025 12:00:00 AM
 Laç,107121260012025,Bashkia Kurbin.Shpenzime energji elektrike Prill 2025.Fature nr 250505075383 dt 30.04.2025,kontrate nr E 084547.,0,Unspecified,2126001,Bashkia Kurbin (2019),6022001,Elektricitet,FURNIZUESI I SHERBIMIT UNIVERSAL,33700.00,6/4/2025 12:00:00 AM,6/5/2025 12:00:00 AM
 Laç,107221260012025,Bashkia Kurbin.Shpenzime energji elektrike Prill 2025.Fature nr 250508093633 dt 30.04.2025,kontrate nr E 098840.,0,Unspecified,2126001,Bashkia Kurbin (2019),6022001,Elektricitet,FURNIZUESI I SHERBIMIT UNIVERSAL,340.00,6/4/2025 12:00:00 AM,6/5/2025 12:00:00 AM
 Laç,107321260012025,Bashkia Kurbin.Shpenzime energji elektrike Prill 2025.Fature nr 250506013764 dt 30.04.2025,kontrate nr E 081501.,0,Unspecified,2126001,Bashkia Kurbin (2019),6022001,Elektricitet,FURNIZUESI I SHERBIMIT UNIVERSAL,164068.00,6/4/2025 12:00:00 AM,6/5/2025 12:00:00 AM
 Laç,107421260012025,Bashkia Kurbin.Shpenzime energji elektrike Prill 2025.Fature nr 250508097844 dt 30.04.2025,kontrate nr E 094501.,0,Unspecified,2126001,Bashkia Kurbin (2019),6022001,Elektricitet,FURNIZUESI I SHERBIMIT UNIVERSAL,340.00,6/4/2025 12:00:00 AM,6/5/2025 12:00:00 AM
 Laç,107521260012025,Bashkia Kurbin.Shpenzime energji elektrike Prill 2025.Fature nr 250427060649 dt 27.04.2025,kontrate nr E 098711.,0,Unspecified,2126001,Bashkia Kurbin (2019),6022001,Elektricitet,FURNIZUESI I SHERBIMIT UNIVERSAL,23452.00,6/4/2025 12:00:00 AM,6/5/2025 12:00:00 AM
 Laç,107621260012025,Bashkia Kurbin.Shpenzime energji elektrike Prill 2025.Fature nr 250508093623 dt 30.04.2025,kontrate nr E 080942.,0,Unspecified,2126001,Bashkia Kurbin (2019),6022001,Elektricitet,FURNIZUESI I SHERBIMIT UNIVERSAL,340.00,6/4/2025 12:00:00 AM,6/5/2025 12:00:00 AM
 Laç,107721260012025,Bashkia Kurbin.Shpenzime energji elektrike Prill 2025.Fature nr 250501095935 dt 30.04.2025,kontrate nr E 101395.,0,Unspecified,2126001,Bashkia Kurbin (2019),6022001,Elektricitet,FURNIZUESI I SHERBIMIT UNIVERSAL,499245.00,6/4/2025 12:00:00 AM,6/5/2025 12:00:00 AM
 Laç,107821260012025,Bashkia Kurbin.Shpenzime energji elektrike Prill 2025.Fature nr 250501092900 dt 30.04.2025,kontrate nr E 084826.,0,Unspecified,2126001,Bashkia Kurbin (2019),6022001,Elektricitet,FURNIZUESI I SHERBIMIT UNIVERSAL,37833.00,6/4/2025 12:00:00 AM,6/5/2025 12:00:00 AM
 Laç,107921260012025,Bashkia Kurbin.Shpenzime energji elektrike Prill 2025.Fature nr 250505075462 dt 30.04.2025,kontrate nr E 095003.,0,Unspecified,2126001,Bashkia Kurbin (2019),6022001,Elektricitet,FURNIZUESI I SHERBIMIT UNIVERSAL,452248.00,6/4/2025 12:00:00 AM,6/5/2025 12:00:00 AM
 Laç,108021260012025,Bashkia Kurbin.Shpenzime energji elektrike Prill 2025.Fature nr 250426052579 dt 26.04.2025,kontrate nr E 099066.,0,Unspecified,2126001,Bashkia Kurbin (2019),6022001,Elektricitet,FURNIZUESI I SHERBIMIT UNIVERSAL,16984.00,6/4/2025 12:00:00 AM,6/5/2025 12:00:00 AM
 Lezhe,10810050742025,BORDI I KULLIMIT PAGUAN fat nr 5 dt 30.05.2025,ub 20348,urdh prok nr 25 dt 17.03.2025,njof fit 31005 dt 22.04.2025,kon nr 107/1 dt 25.04.2025,punime mirembajtje ne rrjetin ujites,kullues dhe mbrojtjes nga permbytje,5,Ministria e Bujqesise dhe Zhvillimit Rural,1005074,Bordi i Kullimit Lezhe (2020),6025400,Shpenz.per miremb.e rrugeve, veprave ujore, rrjeteve hidraulike, elektrike, telefonike, ngrohje etj,DENIS CONSTRUCTION,3366096.00,6/4/2025 12:00:00 AM,6/5/2025 12:00:00 AM
 Tirane,10810111402025,1011140-Fak Shkenca Natyres -Rimbursim telefoni Prill 2025,VKM 864 dt 23.7.2010,listpagese,11,Ministria e Arsimit Sportit dhe Rinise,1011140,Universiteti i Tiranes, fakulteti i Shkencave te Natyres (3535),6061005,Kompensime speciale te tjera,BANKA KOMBETARE TREGTARE,2409.00,6/4/2025 12:00:00 AM,6/5/2025 12:00:00 AM
 Laç,108121260012025,Bashkia Kurbin.Shpenzime energji elektrike Prill 2025.Fature nr 250501102487 dt 30.04.2025,kontrate nr E 094789.,0,Unspecified,2126001,Bashkia Kurbin (2019),6022001,Elektricitet,FURNIZUESI I SHERBIMIT UNIVERSAL,31936.00,6/4/2025 12:00:00 AM,6/5/2025 12:00:00 AM
 Laç,108221260012025,Bashkia Kurbin.Shpenzime energji elektrike Prill 2025.Fature nr 250508093617 dt 30.04.2025,kontrate nr E 095005.,0,Unspecified,2126001,Bashkia Kurbin (2019),6022001,Elektricitet,FURNIZUESI I SHERBIMIT UNIVERSAL,340.00,6/4/2025 12:00:00 AM,6/5/2025 12:00:00 AM
 Laç,108321260012025,Bashkia Kurbin.Shpenzime energji elektrike Prill 2025.Fature nr 250505072555 dt 30.04.2025,kontrate nr E 087954.,0,Unspecified,2126001,Bashkia Kurbin (2019),6022001,Elektricitet,FURNIZUESI I SHERBIMIT UNIVERSAL,40242.00,6/4/2025 12:00:00 AM,6/5/2025 12:00:00 AM
 Laç,108421260012025,Bashkia Kurbin.Shpenzime energji elektrike Prill 2025.Fature nr 250425073455 dt 25.04.2025,kontrate nr E 094489.,0,Unspecified,2126001,Bashkia Kurbin (2019),6022001,Elektricitet,FURNIZUESI I SHERBIMIT UNIVERSAL,30323.00,6/4/2025 12:00:00 AM,6/5/2025 12:00:00 AM
 Laç,108521260012025,Bashkia Kurbin.Shpenzime energji elektrike Prill 2025.Fature nr 250427064135 dt 26.04.2025,kontrate nr E 094462.,0,Unspecified,2126001,Bashkia Kurbin (2019),6022001,Elektricitet,FURNIZUESI I SHERBIMIT UNIVERSAL,13456.00,6/4/2025 12:00:00 AM,6/5/2025 12:00:00 AM
 Laç,108621260012025,Bashkia Kurbin.Shpenzime energji elektrike Prill 2025.Fature nr 250427064308 dt 26.04.2025,kontrate nr E 098559.,0,Unspecified,2126001,Bashkia Kurbin (2019),6022001,Elektricitet,FURNIZUESI I SHERBIMIT UNIVERSAL,66628.00,6/4/2025 12:00:00 AM,6/5/2025 12:00:00 AM
 Laç,108721260012025,Bashkia Kurbin.Shpenzime energji elektrike Prill 2025.Fature nr 250427060659 dt 27.04.2025,kontrate nr E 098616.,0,Unspecified,2126001,Bashkia Kurbin (2019),6022001,Elektricitet,FURNIZUESI I SHERBIMIT UNIVERSAL,18664.00,6/4/2025 12:00:00 AM,6/5/2025 12:00:00 AM
 Laç,108821260012025,Bashkia Kurbin.Shpenzime energji elektrike Prill 2025.Fature nr 250424076808 dt 23.04.2025,kontrate nr E 096043.,0,Unspecified,2126001,Bashkia Kurbin (2019),6022001,Elektricitet,FURNIZUESI I SHERBIMIT UNIVERSAL,7761.00,6/4/2025 12:00:00 AM,6/5/2025 12:00:00 AM
 Laç,108921260012025,Bashkia Kurbin.Shpenzime energji elektrike Prill 2025.Fature nr 250501099973 dt 30.04.2025,kontrate nr E 096061.,0,Unspecified,2126001,Bashkia Kurbin (2019),6022001,Elektricitet,FURNIZUESI I SHERBIMIT UNIVERSAL,36892.00,6/4/2025 12:00:00 AM,6/5/2025 12:00:00 AM
 Laç,109021260012025,Bashkia Kurbin.Shpenzime energji elektrike Prill 2025.Fature nr 250507002585 dt 30.04.2025,kontrate nr E 097629.,0,Unspecified,2126001,Bashkia Kurbin (2019),6022001,Elektricitet,FURNIZUESI I SHERBIMIT UNIVERSAL,29937.00,6/4/2025 12:00:00 AM,6/5/2025 12:00:00 AM
 Laç,109121260012025,Bashkia Kurbin.Shpenzime energji elektrike Prill 2025.Fature nr 250430089648 dt 30.04.2025,kontrate nr E 088064.,0,Unspecified,2126001,Bashkia Kurbin (2019),6022001,Elektricitet,FURNIZUESI I SHERBIMIT UNIVERSAL,28156.00,6/4/2025 12:00:00 AM,6/5/2025 12:00:00 AM
 Laç,109221260012025,Bashkia Kurbin.Shpenzime energji elektrike Prill 2025.Fature nr 250501104619 dt 30.04.2025,kontrate nr AL 0005696.,0,Unspecified,2126001,Bashkia Kurbin (2019),6022001,Elektricitet,FURNIZUESI I SHERBIMIT UNIVERSAL,340.00,6/4/2025 12:00:00 AM,6/5/2025 12:00:00 AM
 Laç,109321260012025,Bashkia Kurbin.Shpenzime energji elektrike Prill 2025.Fature nr 250507002260 dt 30.04.2025,kontrate nr E 094786.,0,Unspecified,2126001,Bashkia Kurbin (2019),6022001,Elektricitet,FURNIZUESI I SHERBIMIT UNIVERSAL,11356.00,6/4/2025 12:00:00 AM,6/5/2025 12:00:00 AM
 Laç,109421260012025,Bashkia Kurbin.Shpenzime energji elektrike Prill 2025.Fature nr 250501102611 dt 30.04.2025,kontrate nr E 102067.,0,Unspecified,2126001,Bashkia Kurbin (2019),6022001,Elektricitet,FURNIZUESI I SHERBIMIT UNIVERSAL,340.00,6/4/2025 12:00:00 AM,6/5/2025 12:00:00 AM
 Laç,109521260012025,Bashkia Kurbin.Shpenzime energji elektrike Prill 2025.Fature nr 250508079211 dt 30.04.2025,kontrate nr E 100318.,0,Unspecified,2126001,Bashkia Kurbin (2019),6022001,Elektricitet,FURNIZUESI I SHERBIMIT UNIVERSAL,340.00,6/4/2025 12:00:00 AM,6/5/2025 12:00:00 AM
 Laç,109621260012025,Bashkia Kurbin.Shpenzime energji elektrike Prill 2025.Fature nr 250505059478 dt 30.04.2025,kontrate nr E 100931.,0,Unspecified,2126001,Bashkia Kurbin (2019),6022001,Elektricitet,FURNIZUESI I SHERBIMIT UNIVERSAL,340.00,6/4/2025 12:00:00 AM,6/5/2025 12:00:00 AM
 Laç,109721260012025,Bashkia Kurbin.Shpenzime energji elektrike Prill 2025.Fature nr 250425071835 dt 25.04.2025,kontrate nr E 102068.,0,Unspecified,2126001,Bashkia Kurbin (2019),6022001,Elektricitet,FURNIZUESI I SHERBIMIT UNIVERSAL,340.00,6/4/2025 12:00:00 AM,6/5/2025 12:00:00 AM
 Laç,109821260012025,Bashkia Kurbin.Shpenzime energji elektrike Prill 2025.Fature nr 250424076702 dt 24.04.2025,kontrate nr E 097522.,0,Unspecified,2126001,Bashkia Kurbin (2019),6022001,Elektricitet,FURNIZUESI I SHERBIMIT UNIVERSAL,33297.00,6/4/2025 12:00:00 AM,6/5/2025 12:00:00 AM
 Laç,109921260012025,Bashkia Kurbin.Shpenzime energji elektrike Prill 2025.Fature nr 250428010676 dt 27.04.2025,kontrate nr E 098866.,0,Unspecified,2126001,Bashkia Kurbin (2019),6022001,Elektricitet,FURNIZUESI I SHERBIMIT UNIVERSAL,311454.00,6/4/2025 12:00:00 AM,6/5/2025 12:00:00 AM
 Laç,110021260012025,Bashkia Kurbin.Shpenzime energji elektrike Prill 2025.Fature nr 250428078595 dt 28.04.2025,kontrate nr E 095008.,0,Unspecified,2126001,Bashkia Kurbin (2019),6022001,Elektricitet,FURNIZUESI I SHERBIMIT UNIVERSAL,9827.00,6/4/2025 12:00:00 AM,6/5/2025 12:00:00 AM
 Lezhe,11010050742025,BORDI I KULLIMIT PAGUAN PAGA SIPAS LISTEPAGESES MUAJI MAJ 2025,NR PUNONJESVE 4,5,Ministria e Bujqesise dhe Zhvillimit Rural,1005074,Bordi i Kullimit Lezhe (2020),6001001,Paga neto për punonjesit e miratuar në organikë,Banka OTP Albania,258476.00,6/4/2025 12:00:00 AM,6/5/2025 12:00:00 AM
 Lushnje,11010140032025,1014003 IEVP Lushnje per sa lik ndalese page per kuotizacion sindikal, kontrata kolektive nr.13996/2 dt.22.12.2022, per muajin Maj 2025,14,Ministria e Drejtesise,1014003,Burgu Lushnje (0922),6001001,Paga neto për punonjesit e miratuar në organikë,SINDIKATA E SHERB.POL.TE SHQIPERISE,8300.00,6/4/2025 12:00:00 AM,6/5/2025 12:00:00 AM
 Tirane,11010260602025,1026060 Agj. Komb. Mj. 2025 - shpz honorare, VKM nr 325 dt 31.5.2023 kontrate nr 389/1 dt 16.01.2024, mbajtur TB, listepag,26,Ministria e Turizmit dhe Mjedisit,1026060,Agjencia Kombëtare e Mjedisit (nivel qendror (3535)),6029005,Shpenzime per honorare,BANKA CREDINS,68000.00,6/4/2025 12:00:00 AM,6/5/2025 12:00:00 AM
 Laç,110121260012025,Bashkia Kurbin.Shpenzime energji elektrike Prill 2025.Fature nr 250424076955 dt 23.04.2025,kontrate nr E 097630.,0,Unspecified,2126001,Bashkia Kurbin (2019),6022001,Elektricitet,FURNIZUESI I SHERBIMIT UNIVERSAL,27131.00,6/4/2025 12:00:00 AM,6/5/2025 12:00:00 AM
 Tirane,1110062052025,1006205 ARRH  2025, lik paga maj 2025, nr pun 6/1, listepagese,6,Ministria e Infrastruktures dhe Energjise,1006205,Autoriteti Rregullator Hekurudhor (3535),6001001,Paga neto për punonjesit e miratuar në organikë,BANKA KOMBETARE TREGTARE,185752.00,6/4/2025 12:00:00 AM,6/5/2025 12:00:00 AM
 Durres,11110050682025,1005068 / DREJTORIA E BORDIT TE KULLIMIT DHE UJITJES  / PAGESE KESHILLTARE TE JASHTEM SIPAS VKM NR 325 DT 31.05.2023 URDHERI I DREJTORIT 116 DT 01.04.2025 LIST PAGESE,5,Ministria e Bujqesise dhe Zhvillimit Rural,1005068,Bordi Rajonal i Kullimit Durres (0707),6029005,Shpenzime per honorare,BANKA CREDINS,76500.00,6/4/2025 12:00:00 AM,6/5/2025 12:00:00 AM
 Lezhe,11110050742025,BORDI I KULLIMIT PAGUAN PAGA SIPAS LISTEPAGESES MUAJI MAJ 2025,NR PUNONJESVE 3,5,Ministria e Bujqesise dhe Zhvillimit Rural,1005074,Bordi i Kullimit Lezhe (2020),6001001,Paga neto për punonjesit e miratuar në organikë,BANKA CREDINS,211361.00,6/4/2025 12:00:00 AM,6/5/2025 12:00:00 AM
 Shkoder,11110060772025,1006077 ARRSH, Drejtoria e Rajonit Verior Shkoder,Mirembajtje me performance rruga Rreshen, U. Fanit- Shpal, Shpal -Q.Bene-K,Hadroj, Kont pj1 nr 31 dt 27.01.25, fat nr 12/2025 dt 26.05.25, sit nr 4 dt 26.05.25, pv kolaudimi dt 26.05.25,6,Ministria e Infrastruktures dhe Energjise,1006077,Drejtoria e Rajonit Verior (Shkoder) (3333),6025400,Shpenz.per miremb.e rrugeve, veprave ujore, rrjeteve hidraulike, elektrike, telefonike, ngrohje etj,AEK MUNELLA,3410381.00,6/4/2025 12:00:00 AM,6/5/2025 12:00:00 AM
 Tirane,11110121372025,1012137 Agj Ars prof,lik honorare,urdher nr 116/59 dt 29.05.2025,kontrata bashkangjit,listepagese qershor,tatim burim,VKM nr 673 dt 16.10.2019 ,listepagese nr pun 30-15,kontrate 2-0000,12,Ministria e Ekonomise, Kultures dhe Inovacionit,1012137,Agj Komb Arsimit Form Prof dhe Kualifikimeve (3535),6029005,Shpenzime per honorare,RAIFFEISEN BANK SH.A,34043.00,6/4/2025 12:00:00 AM,6/5/2025 12:00:00 AM
 Shkoder,11110130132025,1013013NJVKSH paga maj 2025 liste pagesa mujore nr 492 dt 03.06.2025,liste pagesa bankes nr 492/1 dt 03.06.2025 numri 99,13,Ministria e Shendetesise dhe Mbrojtjes Sociale,1013013,Njësia Vendore e Kujdesit Shëndetësor Shkodër (3333),6001001,Paga neto për punonjesit e miratuar në organikë,BANKA CREDINS,7411384.00,6/4/2025 12:00:00 AM,6/5/2025 12:00:00 AM
 Lushnje,11110140032025,1014003 IEVP Lushnje per sa lik ndalese page ne zbatim te sekuestro konserv.nr.83 dt.27.01.2016, vendim gjyk.adm.shk.pare tirane dt.09.11.2015, per muajin Maj 2025,14,Ministria e Drejtesise,1014003,Burgu Lushnje (0922),6001001,Paga neto për punonjesit e miratuar në organikë,Altin Vako,4700.00,6/4/2025 12:00:00 AM,6/5/2025 12:00:00 AM
 Tirane,11110260602025,1026060 Agj. Komb. Mj. 2025 - shpz honorare, VKM nr 325 dt 31.5.2023 kontrate nr 1839/1 dt 20.02.2024, mbajtur TB, listepag,26,Ministria e Turizmit dhe Mjedisit,1026060,Agjencia Kombëtare e Mjedisit (nivel qendror (3535)),6029005,Shpenzime per honorare,BANKA KOMBETARE TREGTARE,68000.00,6/4/2025 12:00:00 AM,6/5/2025 12:00:00 AM
 Berat,11120420012025,2042001 keshilli i qarkut berat, pagese ndalese per egzekutimin e vendimikt gjyqesor  ,urdheri per per vendosjen e mases se sekustros  nr 19 dt 01.09.2023,13,Ministria e Shendetesise dhe Mbrojtjes Sociale,2042001,Qarku Berat (0202),6060099,Te tjera transferta tek individet,KASTRIOT KURMAKU,22500.00,6/4/2025 12:00:00 AM,6/5/2025 12:00:00 AM
 Laç,111221260012025,Bashkia Kurbin.Ndihma ekonomike perfitues nga fondi 6%+energji per muajin Prill 2025.Vendim nr 11 dt 28.05.2025.,13,Ministria e Shendetesise dhe Mbrojtjes Sociale,2126001,Bashkia Kurbin (2019),6061003,Ndihme ekonomike,BANKA KOMBETARE TREGTARE,10442.00,6/4/2025 12:00:00 AM,6/5/2025 12:00:00 AM
 Laç,111321260012025,Bashkia Kurbin.Ndihma ekonomike perfitues nga fondi 6%+energji per muajin Prill 2025.Vendim nr 11 dt 28.05.2025.,13,Ministria e Shendetesise dhe Mbrojtjes Sociale,2126001,Bashkia Kurbin (2019),6061003,Ndihme ekonomike,BANKA E TIRANES,27721.00,6/4/2025 12:00:00 AM,6/5/2025 12:00:00 AM
 Laç,111421260012025,Bashkia Kurbin.Ndihma ekonomike perfitues nga fondi 6%+energji per muajin Prill 2025.Vendim nr 11 dt 28.05.2025.,13,Ministria e Shendetesise dhe Mbrojtjes Sociale,2126001,Bashkia Kurbin (2019),6061003,Ndihme ekonomike,POSTA SHQIPTARE SH.A,509279.00,6/4/2025 12:00:00 AM,6/5/2025 12:00:00 AM
 Laç,112021260012025,Bashkia Kurbin.Paga neto muaji Prill 2025 per punonjesit e Gjendjes Civile.,16,Ministria e Brendshme,2126001,Bashkia Kurbin (2019),6001001,Paga neto për punonjesit e miratuar në organikë,RAIFFEISEN BANK SH.A,246300.00,6/4/2025 12:00:00 AM,6/5/2025 12:00:00 AM
 Durres,11210050682025,1005068 / DREJTORIA E BORDIT TE KULLIMIT DHE UJITJES  / PAGESE KESHILLTARE TE JASHTEM SIPAS VKM NR 325 DT 31.05.2023 URDHERI I DREJTORIT 116 DT 01.04.2025 LIST PAGESE,5,Ministria e Bujqesise dhe Zhvillimit Rural,1005068,Bordi Rajonal i Kullimit Durres (0707),6029005,Shpenzime per honorare,Banka OTP Albania,76500.00,6/4/2025 12:00:00 AM,6/5/2025 12:00:00 AM
 Lezhe,11210050742025,BORDI I KULLIMIT PAGUAN PAGA SIPAS LISTEPAGESES MUAJI MAJ 2025,NR PUNONJESVE 15,5,Ministria e Bujqesise dhe Zhvillimit Rural,1005074,Bordi i Kullimit Lezhe (2020),6001001,Paga neto për punonjesit e miratuar në organikë,RAIFFEISEN BANK SH.A,862679.00,6/4/2025 12:00:00 AM,6/5/2025 12:00:00 AM
 Shkoder,11210060772025,1006077, Drejtoria e Rajonit Verior Shkoder,Miremb me performance Rruga Lezhe-D,Gryke Manati-Ura e Matit,Ura e vjeter Milotit-Ura e re, Kont pj1 nr 403 dt 08.11.24, fat nr 4/2025 dt 30.05.25, sit nr 5 dt 30.05.25, pv kolaudimi dt 30.05.25,6,Ministria e Infrastruktures dhe Energjise,1006077,Drejtoria e Rajonit Verior (Shkoder) (3333),6025400,Shpenz.per miremb.e rrugeve, veprave ujore, rrjeteve hidraulike, elektrike, telefonike, ngrohje etj,EKSKLUZIV,1945037.00,6/4/2025 12:00:00 AM,6/5/2025 12:00:00 AM
 Laç,11210111212025,Zyra Arsimore Kurbin.Paga neto Maj 2025 per punonjesit e Arsimit te miratuar ne organike.,11,Ministria e Arsimit Sportit dhe Rinise,1011121,Zyra Vendore Arsimore, Kurbin (2019),6001001,Paga neto për punonjesit e miratuar në organikë,RAIFFEISEN BANK SH.A,21696381.00,6/4/2025 12:00:00 AM,6/5/2025 12:00:00 AM
 Tirane,11210112642025,1011264 ASCAP 2025, blerj kuti arkiv, marrev kuader nr 1276 dt 6.3.2025, kontr nr 560/1 dt 22.4.2025, ft nr 54 dt 24.4.2025, fh nr 5 dt 24.4.2025, shkr nr 2828 dt 12.5.2025,11,Ministria e Arsimit Sportit dhe Rinise,1011264,Agjencisë së Sigurimit të Cilësisë së Arsimit Parauniversitar (ASCAP), Tiranë (3535),6024200,Udhetim jashte shtetit,Adel CO,363116.00,6/4/2025 12:00:00 AM,6/5/2025 12:00:00 AM
 Tirane,11210121372025,1012137 Agj Ars prof,lik honorare,urdher nr 116/59 dt 29.05.2025,kontrata bashkangjit,listepagese qershor,tatim burim,VKM nr 673 dt 16.10.2019 ,listepagese nr pun 30-15,kontrate 2-0000,12,Ministria e Ekonomise, Kultures dhe Inovacionit,1012137,Agj Komb Arsimit Form Prof dhe Kualifikimeve (3535),6029005,Shpenzime per honorare,INTESA SANPAOLO BANK ALBANIA,10710.00,6/4/2025 12:00:00 AM,6/5/2025 12:00:00 AM
 Shkoder,11210130132025,1013013NJVKSH paga maj 2025liste pagesa mujore nr 492 dt 03.06.2025,liste pagesa bankes nr 492/2 dt 03.06.2025 numri 53,13,Ministria e Shendetesise dhe Mbrojtjes Sociale,1013013,Njësia Vendore e Kujdesit Shëndetësor Shkodër (3333),6001001,Paga neto për punonjesit e miratuar në organikë,Banka OTP Albania,3830376.00,6/4/2025 12:00:00 AM,6/5/2025 12:00:00 AM
 Lushnje,11210140032025,1014003 IEVP Lushnje per sa lik shpenzime telefoni salla operative sipas fat.fisk.nr.2500536 dt.01.06.2025,14,Ministria e Drejtesise,1014003,Burgu Lushnje (0922),6022003,Sherbime telefonike,ONE ALBANIA,1930.00,6/4/2025 12:00:00 AM,6/5/2025 12:00:00 AM
 Tirane,11210260602025,1026060 Agj.Komb. Mj. 2025 - sherb roje ,kont ne vazh. nr 437 dt 16.01.25, fat nr 1773 dt 01.06.25, pv sherb maj 2025,26,Ministria e Turizmit dhe Mjedisit,1026060,Agjencia Kombëtare e Mjedisit (nivel qendror (3535)),6022008,Sherbime te sigurimit dhe ruajtjes,Illyrian Guard,525243.00,6/4/2025 12:00:00 AM,6/5/2025 12:00:00 AM
 Laç,112121260012025,Bashkia Kurbin.Paga neto muaji Prill 2025 per punonjesit e Gjendjes Civile.,16,Ministria e Brendshme,2126001,Bashkia Kurbin (2019),6001001,Paga neto për punonjesit e miratuar në organikë,BANKA KOMBETARE TREGTARE,266419.00,6/4/2025 12:00:00 AM,6/5/2025 12:00:00 AM
 Tirane,11221010492025,2101049-DPTTV 2025- Ndalese  Page Ardjan Cullhaj MAJ 2025, Sekuestro nr 880 dt 22.8.23, Urdher nr 175 dt 29.08.23, Vendim nr 340 dt 10.5.23,0,Unspecified,2101049,Drejtoria e Përgjithshme e Taksave dhe Tarifave Vendore (3535),6001001,Paga neto për punonjesit e miratuar në organikë,LEKË DODAJ,15000.00,6/4/2025 12:00:00 AM,6/5/2025 12:00:00 AM
 Laç,112221260012025,Bashkia Kurbin.Paga neto muaji Prill 2025 per punonjesit e Qendres Ditore per te moshuarit.VKB nr 43 dt 13.08.2024,konf.nr 678/4 dt 20.08.2024.,13,Ministria e Shendetesise dhe Mbrojtjes Sociale,2126001,Bashkia Kurbin (2019),6061099,Te tjera transferta tek individet,RAIFFEISEN BANK SH.A,176523.00,6/4/2025 12:00:00 AM,6/5/2025 12:00:00 AM
 Laç,112321260012025,Bashkia Kurbin.Paga neto muaji Prill 2025 per punonjesit e Arsimit.,0,Unspecified,2126001,Bashkia Kurbin (2019),6001001,Paga neto për punonjesit e miratuar në organikë,RAIFFEISEN BANK SH.A,4405175.00,6/4/2025 12:00:00 AM,6/5/2025 12:00:00 AM
 Laç,112521260012025,Bashkia Kurbin.Paga neto muaji Prill 2025 per punonjesit e Arsimit.,0,Unspecified,2126001,Bashkia Kurbin (2019),6001001,Paga neto për punonjesit e miratuar në organikë,BANKA E TIRANES,1705214.00,6/4/2025 12:00:00 AM,6/5/2025 12:00:00 AM
 Laç,112621260012025,Bashkia Kurbin.Paga neto muaji Prill 2025 per punonjesit e Arsimit.,0,Unspecified,2126001,Bashkia Kurbin (2019),6001001,Paga neto për punonjesit e miratuar në organikë,Banka OTP Albania,1580800.00,6/4/2025 12:00:00 AM,6/5/2025 12:00:00 AM
 Laç,112721260012025,Bashkia Kurbin.Paga neto muaji Prill 2025 per punonjesit e Zjarrfikeseve,0,Unspecified,2126001,Bashkia Kurbin (2019),6001001,Paga neto për punonjesit e miratuar në organikë,RAIFFEISEN BANK SH.A,814472.00,6/4/2025 12:00:00 AM,6/5/2025 12:00:00 AM
 Laç,112821260012025,Bashkia Kurbin.Paga neto muaji Prill 2025 per punonjesit e Zjarrfikeseve,0,Unspecified,2126001,Bashkia Kurbin (2019),6001001,Paga neto për punonjesit e miratuar në organikë,BANKA E TIRANES,303548.00,6/4/2025 12:00:00 AM,6/5/2025 12:00:00 AM
 Laç,112921260012025,Bashkia Kurbin.Paga neto muaji Prill 2025 per punonjesit e Zjarrfikeseve,0,Unspecified,2126001,Bashkia Kurbin (2019),6001001,Paga neto për punonjesit e miratuar në organikë,Banka OTP Albania,52610.00,6/4/2025 12:00:00 AM,6/5/2025 12:00:00 AM
 Lezhe,11310050742025,BORDI I KULLIMIT PAGUAN PAGA SIPAS LISTEPAGESES MUAJI MAJ 2025,NR PUNONJESVE 6,5,Ministria e Bujqesise dhe Zhvillimit Rural,1005074,Bordi i Kullimit Lezhe (2020),6002001,Paga neto e punonjësve me kontratë të përkohshme mbi numrin organik,BANKA KOMBETARE TREGTARE,189945.00,6/4/2025 12:00:00 AM,6/5/2025 12:00:00 AM
 Kruje,11310110962025,2025-Zyra Vendore Arsimore Kruje Paga neto per punonjesit muaji Maj 2025 list pag dt 02.06.2025,11,Ministria e Arsimit Sportit dhe Rinise,1011096,Zyra Vendore Arsimore, Krujë  (0716),6001001,Paga neto për punonjesit e miratuar në organikë,RAIFFEISEN BANK SH.A,31960663.00,6/2/2025 12:00:00 AM,6/5/2025 12:00:00 AM
 Laç,11310111212025,Zyra Arsimore Kurbin.Paga neto Maj 2025 per punonjesit e Arsimit te miratuar ne organike.,11,Ministria e Arsimit Sportit dhe Rinise,1011121,Zyra Vendore Arsimore, Kurbin (2019),6001001,Paga neto për punonjesit e miratuar në organikë,Banka OTP Albania,9540121.00,6/4/2025 12:00:00 AM,6/5/2025 12:00:00 AM
 Shkoder,11310130132025,1013013NJVKSH paga maj 2025 liste pagesa mujore nr 492 dt 03.06.2025,liste pagesa bankes nr 492/3 dt 03.06.2025 numri 16,13,Ministria e Shendetesise dhe Mbrojtjes Sociale,1013013,Njësia Vendore e Kujdesit Shëndetësor Shkodër (3333),6001001,Paga neto për punonjesit e miratuar në organikë,RAIFFEISEN BANK SH.A,1274339.00,6/4/2025 12:00:00 AM,6/5/2025 12:00:00 AM
 Lushnje,11310140032025,1014003 IEVP Lushnje per sa lik pagat e te denuarve, urdher nr.2181 dt.04.06.2025, per periudhen Maj 2025 sipas listepageses,14,Ministria e Drejtesise,1014003,Burgu Lushnje (0922),6061099,Te tjera transferta tek individet,BANKA KOMBETARE TREGTARE,174999.00,6/4/2025 12:00:00 AM,6/5/2025 12:00:00 AM
 Lezhe,11410050742025,BORDI I KULLIMIT PAGUAN PAGA SIPAS LISTEPAGESES MUAJI MAJ 2025,NR PUNONJESVE 2,5,Ministria e Bujqesise dhe Zhvillimit Rural,1005074,Bordi i Kullimit Lezhe (2020),6001001,Paga neto për punonjesit e miratuar në organikë,Banka e Parë e Investimeve-Albania/ First Investment Bank- Albania,122090.00,6/4/2025 12:00:00 AM,6/5/2025 12:00:00 AM
 Tirane,11410060472025,1006047 AKUK, Furnz me uje Prokuc Kall. up nr.1823 dt.25.06.2024, nj. fit nr.1823/7 dt.18.09.2024, kont nr.1823/9 dt.05.11.2024, ft.nr.20/2025 dt.28.03.2025,sit nr.3 per 23.12.2024-08.03.2025, prokure nr.5569 dt14.10.2024, akt dt14.10.2024,6,Ministria e Infrastruktures dhe Energjise,1006047,Agjencia Kombëtare e Ujësjellës - Kanalizimeve (AKUK) (3535),2313400,Shpenz. per rritjen e AQT - konstruksione te veprave ujore,G. P. G. COMPANY,66712702.00,5/29/2025 12:00:00 AM,6/5/2025 12:00:00 AM
 Laç,11410111212025,Zyra Arsimore Kurbin.Paga neto Maj 2025 per punonjesit e Arsimit te miratuar ne organike.,11,Ministria e Arsimit Sportit dhe Rinise,1011121,Zyra Vendore Arsimore, Kurbin (2019),6001001,Paga neto për punonjesit e miratuar në organikë,BANKA E TIRANES,3599866.00,6/4/2025 12:00:00 AM,6/5/2025 12:00:00 AM
 Tirane,11410121372025,1012137 Agj Ars prof,lik dieta,Autorizim nr 153/2/6 dt 12.05.2025,listepagese qershor 25,12,Ministria e Ekonomise, Kultures dhe Inovacionit,1012137,Agj Komb Arsimit Form Prof dhe Kualifikimeve (3535),6024100,Udhetim i brendshem,RAIFFEISEN BANK SH.A,20302.00,6/4/2025 12:00:00 AM,6/5/2025 12:00:00 AM
 Shkoder,11410130132025,1013013NJVKSH paga maj 2025 liste pagesa mujore nr 492 dt 03.06.2025,liste pagesa bankes nr 492/4 dt 03.06.2025 numri8,13,Ministria e Shendetesise dhe Mbrojtjes Sociale,1013013,Njësia Vendore e Kujdesit Shëndetësor Shkodër (3333),6001001,Paga neto për punonjesit e miratuar në organikë,BANKA AMERIKANE E INVESTIMEVE SHA	,668095.00,6/4/2025 12:00:00 AM,6/5/2025 12:00:00 AM
 Lushnje,11410140032025,1014003 IEVP Lushnje per sa lik pagese kalimtare, urdher nr.379 dt.07.03.2024, nr.896/1 dt.19.03.2024, sipas listepageses Maj 2025,14,Ministria e Drejtesise,1014003,Burgu Lushnje (0922),6061099,Te tjera transferta tek individet,BANKA CREDINS,32350.00,6/4/2025 12:00:00 AM,6/5/2025 12:00:00 AM
 Kukes,11410161032025,1016103 Dr Vendore e Kufirit Kukes detyrim financiar Bashkim Xhymerraj kesti pare sipas urdher sekuestro per page nr 227 dt 18.04.2025,16,Ministria e Brendshme,1016103,Drejtoria Vendore e Kufirit dhe Migracionit Kukes (1818),6001001,Paga neto për punonjesit e miratuar në organikë,NERITAN ÇUKO,20000.00,6/4/2025 12:00:00 AM,6/5/2025 12:00:00 AM
 Sarande,11410161082025,PAGA MAJ 2025 NGA POLICIA KUFITARE SR,16,Ministria e Brendshme,1016108,Komisariati i Kufirit dhe Migracionit Sarande (3731),6001001,Paga neto për punonjesit e miratuar në organikë,RAIFFEISEN BANK SH.A,83880.00,6/4/2025 12:00:00 AM,6/5/2025 12:00:00 AM
 Durres,11421070172025,2107017/ QENDRA DITORE E TE MOSHUARVE/  BL USHQIME KONT 143/10 DT 12.12.2024 LIK FAT 1763,0,Unspecified,2107017,Qendra Ditore Moshuarve (0707),6021004,Furnizime dhe sherbime me ushqim per mencat,4 S,680088.00,6/4/2025 12:00:00 AM,6/5/2025 12:00:00 AM
 Lezhe,11510050742025,BORDI I KULLIMIT PAGUAN PAGA SIPAS LISTEPAGESES MUAJI MAJ 2025,NR PUNONJESVE 4,5,Ministria e Bujqesise dhe Zhvillimit Rural,1005074,Bordi i Kullimit Lezhe (2020),6002001,Paga neto e punonjësve me kontratë të përkohshme mbi numrin organik,BANKA CREDINS,135204.00,6/4/2025 12:00:00 AM,6/5/2025 12:00:00 AM
 Vlore,11510051382025,blerje dezinfektante drejtoria e veterinarise 1005138 fat 40 dt 02.06.2025 u.prok 6 dt 20.05.2025 ftes oferte,5,Ministria e Bujqesise dhe Zhvillimit Rural,1005138,Drejtoria Rajonale e Shërbimit Veterinar dhe Mbrojtjes se Bimëve Vlorë (3737),6021008,Materiale per mbrojtjen e tokes, bimeve dhe kafsheve nga semundjet,Orgesa Beqari,984000.00,6/4/2025 12:00:00 AM,6/5/2025 12:00:00 AM
 Laç,11510111212025,Zyra Arsimore Kurbin.Paga neto Maj 2025 per punonjesit e Arsimit te miratuar ne organike.,11,Ministria e Arsimit Sportit dhe Rinise,1011121,Zyra Vendore Arsimore, Kurbin (2019),6001001,Paga neto për punonjesit e miratuar në organikë,BANKA KOMBETARE TREGTARE,5771175.00,6/4/2025 12:00:00 AM,6/5/2025 12:00:00 AM
 Tirane,11510112642025,1011264 ASCAP 2025, mirembajt program, UP nr 111 dt 17.4.2025, pv nr 544/2 dt 18.4.2025, ft nr 16 dt 5.5.2025,11,Ministria e Arsimit Sportit dhe Rinise,1011264,Agjencisë së Sigurimit të Cilësisë së Arsimit Parauniversitar (ASCAP), Tiranë (3535),6022099,Sherbime te tjera,ENI GJINAJ,118680.00,6/4/2025 12:00:00 AM,6/5/2025 12:00:00 AM
 Tirane,11510121372025,1012137 Agj Ars prof,lik dieta,Autorizim nr 153/2/6 dt 12.05.2025,listepagese qershor 25,12,Ministria e Ekonomise, Kultures dhe Inovacionit,1012137,Agj Komb Arsimit Form Prof dhe Kualifikimeve (3535),6024100,Udhetim i brendshem,BANKA CREDINS,33678.00,6/4/2025 12:00:00 AM,6/5/2025 12:00:00 AM
 Shkoder,11510130132025,1013013NJVKSH paga maj 2025 liste pagesa mujore nr 492 dt 03.06.2025,liste pagesa bankes nr 492/5 dt 03.06.2025 numri 6,13,Ministria e Shendetesise dhe Mbrojtjes Sociale,1013013,Njësia Vendore e Kujdesit Shëndetësor Shkodër (3333),6001001,Paga neto për punonjesit e miratuar në organikë,BANKA KOMBETARE TREGTARE,457549.00,6/4/2025 12:00:00 AM,6/5/2025 12:00:00 AM
 Lushnje,11510140032025,1014003 IEVP Lushnje per sa lik pagese kalimtare, urdher nr.1956 dt.06.11.2024, nr.3293/3 dt.11.11.2024, sipas listepageses Maj 2025,14,Ministria e Drejtesise,1014003,Burgu Lushnje (0922),6061099,Te tjera transferta tek individet,RAIFFEISEN BANK SH.A,34695.00,6/4/2025 12:00:00 AM,6/5/2025 12:00:00 AM
 Tirane,11510290102025,1029010 Gjyk. Ap.Krim.Rend. 2025 - miremb mjete transp, urdher nr 572/1 dt 07.05.2025, pv dt 08.05.2025, fat nr 2673/2025 dt 08.05.2025,29,Keshilli i Larte Gjyqesor,1029010,Gjykata e Apelit te Krimeve Tirane (3535),6025600,Shpenzime per mirembajtjen e mjeteve te transportit,PORSCHE ALBANIA SH.P.K,35043.00,6/4/2025 12:00:00 AM,6/5/2025 12:00:00 AM
 Durres,11521070172025,2107017/ QENDRA DITORE E TE MOSHUARVE/ SHPENZIME GAZI UP 26 DT 29.05.2025 LIK FAT 1543,0,Unspecified,2107017,Qendra Ditore Moshuarve (0707),6022005,Sherbim per ngrohje,ADI GAZ 2014,3200.00,6/4/2025 12:00:00 AM,6/5/2025 12:00:00 AM
 Tirane,1160111372025,1011137- Fak Gjuheve te Huaja 2025 - Shpenz pritje percjellje,VKM 258 dt 3.6.199,VKM 243 dt 15.5.1995,urdh 1057 dt 28.5.25,shkr axhende 27.5.25, fat 6 dt 28.5.25,11,Ministria e Arsimit Sportit dhe Rinise,1011137,Universiteti i Tiranes, fakulteti i Gjuheve te Huaja (3535),6029001,Shpenzime per pritje e percjellje,TE TIKU,10260.00,6/4/2025 12:00:00 AM,6/5/2025 12:00:00 AM
 Lezhe,11610050742025,BORDI I KULLIMIT PAGUAN PAGA SIPAS LISTEPAGESES MUAJI MAJ 2025,NR PUNONJESVE 92,5,Ministria e Bujqesise dhe Zhvillimit Rural,1005074,Bordi i Kullimit Lezhe (2020),6001001,Paga neto për punonjesit e miratuar në organikë,BANKA KOMBETARE TREGTARE,5279782.00,6/4/2025 12:00:00 AM,6/5/2025 12:00:00 AM
 Kruje,11610110962025,2025-Zyra Vendore Arsimore Kruje Paga neto per punonjesit muaji Maj 2025 list pag dt 02.06.2025,11,Ministria e Arsimit Sportit dhe Rinise,1011096,Zyra Vendore Arsimore, Krujë  (0716),6001001,Paga neto për punonjesit e miratuar në organikë,UNION BANK SHA,2929373.00,6/2/2025 12:00:00 AM,6/5/2025 12:00:00 AM
 Laç,11610111212025,Zyra Arsimore Kurbin.Paga neto Maj 2025 per punonjesit e Arsimit te miratuar ne organike.,11,Ministria e Arsimit Sportit dhe Rinise,1011121,Zyra Vendore Arsimore, Kurbin (2019),6001001,Paga neto për punonjesit e miratuar në organikë,UNION BANK SHA,69199.00,6/4/2025 12:00:00 AM,6/5/2025 12:00:00 AM
 Tirane,11610112642025,1011264 ASCAP 2025, honorar dhe dieta British Council, marrev nr 231 dt 29.1.2025, urdh nr 30 dt 29.1.2025, listpag, mbajtur TB,11,Ministria e Arsimit Sportit dhe Rinise,1011264,Agjencisë së Sigurimit të Cilësisë së Arsimit Parauniversitar (ASCAP), Tiranë (3535),6024100,Udhetim i brendshem,RAIFFEISEN BANK SH.A,546996.00,6/4/2025 12:00:00 AM,6/5/2025 12:00:00 AM
 Shkoder,11610130132025,1013013NJVKSH paga maj 2025liste pagesa mujore nr 492 dt 03.06.2025,liste pagesa bankes nr 492/6 dt 03.06.2025 numri 4,13,Ministria e Shendetesise dhe Mbrojtjes Sociale,1013013,Njësia Vendore e Kujdesit Shëndetësor Shkodër (3333),6001001,Paga neto për punonjesit e miratuar në organikë,BANKA E TIRANES,235287.00,6/4/2025 12:00:00 AM,6/5/2025 12:00:00 AM
 Lushnje,11610140032025,1014003 IEVP Lushnje per sa lik pagese kalimtare, urdher nr.2028 dt.15.11.2024, nr.3428/3 dt.18.11.2024, sipas listepageses Maj 2025,14,Ministria e Drejtesise,1014003,Burgu Lushnje (0922),6061099,Te tjera transferta tek individet,BANKA CREDINS,36465.00,6/4/2025 12:00:00 AM,6/5/2025 12:00:00 AM
 Tirane,11610290102025,1029010 Gjyk. Ap.Krim.Rend. 2025 - larje automjeti, urdher nr 640 dt 03.04.2025, ft of nr 640/1 dt 03.04.2025, nj fit dt 08.04.2025, fat nr 9/2025 dt 08.05.2025,29,Keshilli i Larte Gjyqesor,1029010,Gjykata e Apelit te Krimeve Tirane (3535),6023900,Shpenzime te tjera transporti,AMAR 17,15400.00,6/4/2025 12:00:00 AM,6/5/2025 12:00:00 AM
 Lezhe,11710050742025,BORDI I KULLIMIT PAGUAN paga sipas listepageses maj 2025,nr i punonjesve 3,5,Ministria e Bujqesise dhe Zhvillimit Rural,1005074,Bordi i Kullimit Lezhe (2020),6001001,Paga neto për punonjesit e miratuar në organikë,UNION BANK SHA,172415.00,6/4/2025 12:00:00 AM,6/5/2025 12:00:00 AM
 Tirane,11710111372025,1011137- Fak Gjuheve te Huaja 2025 - Shpenz qendrimi ,UP 2 dt 14.5.25,ftes of 14.5.25,njof fit 19.5.25,pv 689/16 dt 30.5.25,fat 57531 dt 30.5.25,11,Ministria e Arsimit Sportit dhe Rinise,1011137,Universiteti i Tiranes, fakulteti i Gjuheve te Huaja (3535),6029007,Shpenzime per pjesmarrje ne konferenca,GOLDEN  EAGLE,23669.00,6/4/2025 12:00:00 AM,6/5/2025 12:00:00 AM
 Tirane,11710111402025,1011140-Fak Shkenca Natyres -Pagese anetare komisione zgjedhje universitare,Vligj 80/2015 dt 22.7.2015,VKM 329 dt 12.4.2017,.VBA 67 dt 30.12.24,shkr 234/1 dt 3.2.25,listpagese,11,Ministria e Arsimit Sportit dhe Rinise,1011140,Universiteti i Tiranes, fakulteti i Shkencave te Natyres (3535),6029006,Shpenzime kompesimi per anetaret e parlamentit dhe zyrtare te tjera te zgjedhur,BANKA KOMBETARE TREGTARE,1159.00,6/4/2025 12:00:00 AM,6/5/2025 12:00:00 AM
 Tirane,11710112642025,1011264 ASCAP 2025, honorar British Council, marrev nr 231 dt 29.1.2025, urdh nr 30 dt 29.1.2025, listpag, mbajtur TB,11,Ministria e Arsimit Sportit dhe Rinise,1011264,Agjencisë së Sigurimit të Cilësisë së Arsimit Parauniversitar (ASCAP), Tiranë (3535),6029005,Shpenzime per honorare,BANKA KOMBETARE TREGTARE,80920.00,6/4/2025 12:00:00 AM,6/5/2025 12:00:00 AM
 Lushnje,11710140032025,1014003 IEVP Lushnje per sa lik pagese kalimtare, urdher nr.1878 dt.18.10.2024, nr.3088/2 dt.18.10.2024, sipas listepageses Maj 2025,14,Ministria e Drejtesise,1014003,Burgu Lushnje (0922),6061099,Te tjera transferta tek individet,BANKA CREDINS,34695.00,6/4/2025 12:00:00 AM,6/5/2025 12:00:00 AM
 Lezhe,11810050742025,BORDI I KULLIMIT PAGUAN PAGA SIPAS LISTEPAGESES MUAJI MAJ 2025,NR PUNONJESVE 1,5,Ministria e Bujqesise dhe Zhvillimit Rural,1005074,Bordi i Kullimit Lezhe (2020),6002001,Paga neto e punonjësve me kontratë të përkohshme mbi numrin organik,RAIFFEISEN BANK SH.A,31290.00,6/4/2025 12:00:00 AM,6/5/2025 12:00:00 AM
 Shkoder,11810110332025,ZVAP Shkoder, ndalese per SPASH, urdh nr54 dt 02.06.2025, kontrata kolektive nr 3641/1 dt. 09.06.2023, ub 2384 dt 02.10.2018,11,Ministria e Arsimit Sportit dhe Rinise,1011033,Zyra Vendore Arsimore, Shkodër  (3333),6001001,Paga neto për punonjesit e miratuar në organikë,SINDIKATA E PAVARUR E ARSIMIT SHQIPTAR,52100.00,6/4/2025 12:00:00 AM,6/5/2025 12:00:00 AM
 Tirane,11810111372025,1011137- Fak Gjuheve te Huaja 2025 - Shpenz mjete provomuese,UP 4 dt 22.5.25,ftes of 22.5.25,njof fit 23.5.25,pvmd 389/14 dt 29.5.25,fat 22.5.25,fh 10 dt 29.5.2025,11,Ministria e Arsimit Sportit dhe Rinise,1011137,Universiteti i Tiranes, fakulteti i Gjuheve te Huaja (3535),6029007,Shpenzime per pjesmarrje ne konferenca,GRAPHIC LINE - 01,58800.00,6/4/2025 12:00:00 AM,6/5/2025 12:00:00 AM
 Tirane,11810111402025,1011140-Fak Shkenca Natyres- Kthim fondi i paperdorur ,ardhur gabim,shkrese 218 dt 2.6.25,11,Ministria e Arsimit Sportit dhe Rinise,1011140,Universiteti i Tiranes, fakulteti i Shkencave te Natyres (3535),6022099,Sherbime te tjera,UFO,639000.00,6/4/2025 12:00:00 AM,6/5/2025 12:00:00 AM
 Tirane,11810112642025,1011264 ASCAP 2025, honorar British Council, marrev nr 231 dt 29.1.2025, urdh nr 30 dt 29.1.2025, listpag, mbajtur TB,11,Ministria e Arsimit Sportit dhe Rinise,1011264,Agjencisë së Sigurimit të Cilësisë së Arsimit Parauniversitar (ASCAP), Tiranë (3535),6029005,Shpenzime per honorare,BANKA CREDINS,40460.00,6/4/2025 12:00:00 AM,6/5/2025 12:00:00 AM
 Lushnje,11810140032025,1014003 IEVP Lushnje per sa lik pagese kalimtare, urdher nr.67 dt.17.01.2025, nr.5/3 dt.23.01.2025, sipas listepageses Maj 2025,14,Ministria e Drejtesise,1014003,Burgu Lushnje (0922),6061099,Te tjera transferta tek individet,BANKA CREDINS,35120.00,6/4/2025 12:00:00 AM,6/5/2025 12:00:00 AM
 Lezhe,11910050742025,BORDI I KULLIMIT PAGUAN PAGA SIPAS LISTEPAGESES MUAJI MAJ 2025,NR PUNONJESVE 1,5,Ministria e Bujqesise dhe Zhvillimit Rural,1005074,Bordi i Kullimit Lezhe (2020),6002001,Paga neto e punonjësve me kontratë të përkohshme mbi numrin organik,Banka e Parë e Investimeve-Albania/ First Investment Bank- Albania,31290.00,6/4/2025 12:00:00 AM,6/5/2025 12:00:00 AM
 Shkoder,11910110332025,ZVAP Shkoder, ndalese per FSASHSH, urdh nr54 dt 02.06.2025, kontrata kolektive nr 3641/1 dt. 09.06.2023, ub 2384 dt 02.10.2018,11,Ministria e Arsimit Sportit dhe Rinise,1011033,Zyra Vendore Arsimore, Shkodër  (3333),6001001,Paga neto për punonjesit e miratuar në organikë,FED.SIND.ARSIM.&SHKENC.SHQIP.(F.S.A.SH.),15600.00,6/4/2025 12:00:00 AM,6/5/2025 12:00:00 AM
 Tirane,11910111372025,1011137- Fak Gjuheve te Huaja 2025 - Sherbim katering,UP 3 dt 21.5.25,ftes of 21.5.25,njof fit 22.5.25,pv 689/15 dt 29.5.25,fat 17036 dt 29.5.25,11,Ministria e Arsimit Sportit dhe Rinise,1011137,Universiteti i Tiranes, fakulteti i Gjuheve te Huaja (3535),6029007,Shpenzime per pjesmarrje ne konferenca,MONDIAL SHPK,130800.00,6/4/2025 12:00:00 AM,6/5/2025 12:00:00 AM
 Tirane,11910111402025,1011140-Fak Shkenca Natyres -Udhetime dieta brenda vendi,urdh sherb levizje 16.2.22,listpagese,11,Ministria e Arsimit Sportit dhe Rinise,1011140,Universiteti i Tiranes, fakulteti i Shkencave te Natyres (3535),6024100,Udhetim i brendshem,BANKA KOMBETARE TREGTARE,23420.00,6/4/2025 12:00:00 AM,6/5/2025 12:00:00 AM
 Tirane,11910112642025,1011264 ASCAP 2025, honorar British Council, marrev nr 231 dt 29.1.2025, urdh nr 30 dt 29.1.2025, listpag, mbajtur TB,11,Ministria e Arsimit Sportit dhe Rinise,1011264,Agjencisë së Sigurimit të Cilësisë së Arsimit Parauniversitar (ASCAP), Tiranë (3535),6029005,Shpenzime per honorare,BANKA AMERIKANE E INVESTIMEVE SHA	,40460.00,6/4/2025 12:00:00 AM,6/5/2025 12:00:00 AM
 Tirane,12010100972025,1010097 Agjencia e Inteligjences Financiare Transfert perfaq.e AIF   SHK MPEJ 17188 dt 1.12.2024Shk MF 15905/1 dt 5.12.2024 urdher 27 dt 17.3.2025    1646.55 euro x 99.90 lek,10,Ministria e Financave dhe Ekonomise,1010097,Agjencia e Inteligjencës Financiare (3535),6001001,Paga neto për punonjesit e miratuar në organikë,BANKA E TIRANES,164490.00,6/3/2025 12:00:00 AM,6/5/2025 12:00:00 AM
 Shkoder,12010110332025,1011033 ZVAP Shkoder, pagese debitori I. Bekteshi, urdh nr54 dt 02.06.2025, kont kol 6145 dt 05.06.2018, venie sekuestro nr 126 dt 14.05.2014, vend nr 3515 dt 26.07.2012, urdh ndalese nr 580/1 dt 02.06.2014,11,Ministria e Arsimit Sportit dhe Rinise,1011033,Zyra Vendore Arsimore, Shkodër  (3333),6001001,Paga neto për punonjesit e miratuar në organikë,STUDIO PERMBARIMORE L.D.C.,20000.00,6/4/2025 12:00:00 AM,6/5/2025 12:00:00 AM
 Tirane,12010111402025,1011140-Fak Shkenca Natyres -Ore jasht orari grupit te punes per regjistrimin e studenteve,shkr 1933/2 dt 11.4.25,shkr 1933/2 dt 3.6.25,shkr M.Fin 14117 dt 22.7.22,listpagese,11,Ministria e Arsimit Sportit dhe Rinise,1011140,Universiteti i Tiranes, fakulteti i Shkencave te Natyres (3535),6002001,Paga neto e punonjësve me kontratë të përkohshme mbi numrin organik,BANKA KOMBETARE TREGTARE,939315.00,6/4/2025 12:00:00 AM,6/5/2025 12:00:00 AM
 Kavaje,12010112632025,ZYRA ARSIMORE RROGOZHINE PAGE NETO MAJ 2025,11,Ministria e Arsimit Sportit dhe Rinise,1011263,Zyra Vendore Arsimore, Rrogozhinë (3513),6001001,Paga neto për punonjesit e miratuar në organikë,RAIFFEISEN BANK SH.A,4747851.00,6/4/2025 12:00:00 AM,6/5/2025 12:00:00 AM
 Tirane,12010112642025,1011264 ASCAP 2025, honorar British Council, marrev nr 231 dt 29.1.2025, urdh nr 30 dt 29.1.2025, listpag, mbajtur TB,11,Ministria e Arsimit Sportit dhe Rinise,1011264,Agjencisë së Sigurimit të Cilësisë së Arsimit Parauniversitar (ASCAP), Tiranë (3535),6029005,Shpenzime per honorare,UNION BANK SHA,40460.00,6/4/2025 12:00:00 AM,6/5/2025 12:00:00 AM
 Fier,12021120092025,ASHP.Patos 2112009 paga Maj 2025 listepagesa,0,Unspecified,2112009,Agjencia e Shërbimeve Publike (0909),6001001,Paga neto për punonjesit e miratuar në organikë,RAIFFEISEN BANK SH.A,13398702.00,6/4/2025 12:00:00 AM,6/5/2025 12:00:00 AM
 Sarande,12021560012025,KARBURANT FAT NR 77 (PJESA E MBETUR) DT 31.10.2024, FAT NR 94 DT 11.12.2024, UP NR 5 DHE 5/1 DT 08.05.2024, KONT NR 874 DT 20.06.2024 DHE KONT SHTESE 1443 NGA BASHKIA KONISPOL,0,Unspecified,2156001,Bashkia Konispol (3731),6023100,Karburant dhe vaj,LALI,2862473.00,6/3/2025 12:00:00 AM,6/5/2025 12:00:00 AM
 Shkoder,12110110332025,ZVAP Shkoder, pagese debitori V. Hoxha, urdh nR54 dt 02.06.2025, vend nr 3759 dt 05.10.2012, urdh ekz nr 3759 dt 22.09.2012, urdh ndalese nr 886/2 dt 09.01.2019, urdh nr 12 dt 25.01.2019,11,Ministria e Arsimit Sportit dhe Rinise,1011033,Zyra Vendore Arsimore, Shkodër  (3333),6001001,Paga neto për punonjesit e miratuar në organikë,Zyra e Permbarimit Privat Enforcement Group,15000.00,6/4/2025 12:00:00 AM,6/5/2025 12:00:00 AM
 Laç,12110111212025,Zyra Arsimore Kurbin.Shpenzime per siguracionin e zyrave .Fature nr 39 dt 25.05.2025.Kontrate nr 484 dt 24.06.2024.UB 7889,11,Ministria e Arsimit Sportit dhe Rinise,1011121,Zyra Vendore Arsimore, Kurbin (2019),6022008,Sherbime te sigurimit dhe ruajtjes,GUARD & PROTECT RICA	,8300.00,6/4/2025 12:00:00 AM,6/5/2025 12:00:00 AM
 Tirane,12110111402025,1011140-Fak Shkenca Natyres -Ore jasht orari grupit te punes per regjistrimin e studenteve,shkr 1933/2 dt 11.4.25,shkr 1933/2 dt 3.6.25,shkr M.Fin 14117 dt 22.7.22,listpagese,11,Ministria e Arsimit Sportit dhe Rinise,1011140,Universiteti i Tiranes, fakulteti i Shkencave te Natyres (3535),6002001,Paga neto e punonjësve me kontratë të përkohshme mbi numrin organik,BANKA E TIRANES,135818.00,6/4/2025 12:00:00 AM,6/5/2025 12:00:00 AM
 Kavaje,12110112632025,ZYRA ARSIMORE RROGOZHINE PAGE NETO MAJ 2025,11,Ministria e Arsimit Sportit dhe Rinise,1011263,Zyra Vendore Arsimore, Rrogozhinë (3513),6001001,Paga neto për punonjesit e miratuar në organikë,BANKA KOMBETARE TREGTARE,7943275.00,6/4/2025 12:00:00 AM,6/5/2025 12:00:00 AM
Unspecified,12200000042025,MF. Nr. 8217/1 date 30.05.2025, MIE Nr. 3464/1 date 14.05.2025,0,Unspecified,0,Unspecified (0000),5800610,Xhirime brendshme per veprime me llogarite speciale- Per shpronesimet,kompesimi pronave,te perndjekurit,MINISTRIA E FINANCAVE	,5364606.00,6/4/2025 12:00:00 AM,6/5/2025 12:00:00 AM
 Tirane,12210060472025,1006047 AKUK, Pagese sheb kesh maj kont ne vazh nr.208/1 dt.22.01.2025, listepagese dt.02.06.2025,6,Ministria e Infrastruktures dhe Energjise,1006047,Agjencia Kombëtare e Ujësjellës - Kanalizimeve (AKUK) (3535),6029005,Shpenzime per honorare,BANKA CREDINS,68000.00,6/2/2025 12:00:00 AM,6/5/2025 12:00:00 AM
 Shkoder,12210110332025,1011033 ZVAP Shkoder, pagese debitori A. Lopci, urdh nr54 dt 02.06.2025, kont kol 3641/1 dt 09.06.23, urdh sekuestro 10404 dt 01.11.2023, vend 9211 dt 19.05.2023, urdh 135 dt 05.12.2023,11,Ministria e Arsimit Sportit dhe Rinise,1011033,Zyra Vendore Arsimore, Shkodër  (3333),6001001,Paga neto për punonjesit e miratuar në organikë,AA BAILIFF,20000.00,6/4/2025 12:00:00 AM,6/5/2025 12:00:00 AM
 Kavaje,12210112632025,ZYRA ARSIMORE RROGOZHINE PAGE NETO MAJ 2025,11,Ministria e Arsimit Sportit dhe Rinise,1011263,Zyra Vendore Arsimore, Rrogozhinë (3513),6001001,Paga neto për punonjesit e miratuar në organikë,Banka OTP Albania,1630221.00,6/4/2025 12:00:00 AM,6/5/2025 12:00:00 AM
 Fier,12210890010160192025,Njesia e Sig.Publike  1016019  ndalese ne page Maj 2025 listepagesa,16,Ministria e Brendshme,1016019,Njësia e Sigurise Publike Fier (0909),6001001,Paga neto për punonjesit e miratuar në organikë,ZYRA E PERMBARIMIT GJIROKASTER,16000.00,6/4/2025 12:00:00 AM,6/5/2025 12:00:00 AM
 Tirane,12310060472025,1006047 AKUK, Makineri pajisje per rip defekt kamera robotike up nr.2218/9 dt.08.08.2024, njft fit n.2218/22 dt.18.11.2024,kont nr.2218/28 dt.05.12.2024,ft.nr 60/2025 dt14.04.2025 fh nr.1 dt.14.04.2025,procev dt.14.04.2025,6,Ministria e Infrastruktures dhe Energjise,1006047,Agjencia Kombëtare e Ujësjellës - Kanalizimeve (AKUK) (3535),2313400,Shpenz. per rritjen e AQT - konstruksione te veprave ujore,ARGUS POWER,32400000.00,6/2/2025 12:00:00 AM,6/5/2025 12:00:00 AM
 Laç,12310111212025,Zyra Arsimore Kurbin.Transport mesues dhe nxenes.Shkrese nr 975 dt 06.06.2024 " Per regjistrimkontrate" .Akt -rakordim Prill 2025.Fature nr 55 dt 02.06.2025. Ub 7885,11,Ministria e Arsimit Sportit dhe Rinise,1011121,Zyra Vendore Arsimore, Kurbin (2019),6023900,Shpenzime te tjera transporti,LINDA-80,2824974.00,6/4/2025 12:00:00 AM,6/5/2025 12:00:00 AM
 Kavaje,12310112632025,ZYRA ARSIMORE RROGOZHINE PAGE NETO MAJ 2025,11,Ministria e Arsimit Sportit dhe Rinise,1011263,Zyra Vendore Arsimore, Rrogozhinë (3513),6001001,Paga neto për punonjesit e miratuar në organikë,UNION BANK SHA,132970.00,6/4/2025 12:00:00 AM,6/5/2025 12:00:00 AM
 Tirane,12310121102025,1012110 - ISHMT 2025 - pagese honorare, kontr nr 514 dt 29.01.2025, listepagese, tatim ne burim,12,Ministria e Ekonomise, Kultures dhe Inovacionit,1012110,Inspektoriati Shteteror I Mbikqyrjes se Tregut (3535),6022099,Sherbime te tjera,BANKA KOMBETARE TREGTARE,34000.00,6/4/2025 12:00:00 AM,6/5/2025 12:00:00 AM
 Fier,12310160192025,1016019 Njesia e siguris Publike klienti  FI1B010070039894 akt-rakordim,16,Ministria e Brendshme,1016019,Njësia e Sigurise Publike Fier (0909),6022001,Elektricitet,FURNIZUESI I SHERBIMIT UNIVERSAL,170261.00,6/4/2025 12:00:00 AM,6/5/2025 12:00:00 AM
 Korçe,12324990012025,2499001-BASHKIA PUSTEC, PAGA MUAJI MAJ 2025, SIPAS LISTEPAGESES, VENDIM NR.82 DT 27.12.2024,0,Unspecified,2499001,Bashkia Pustec (1515),6001001,Paga neto për punonjesit e miratuar në organikë,BANKA KOMBETARE TREGTARE,5248336.00,6/4/2025 12:00:00 AM,6/5/2025 12:00:00 AM
 Tirane,12410060472025,1006047 AKUK, Cngurtesim 5% permires i infrast Vlore, kont nr.2446 dt.26.08.2019, shkr per pag nr.1420/1 dt.29.05.2025, sit perf per 30.01.2021-15.02.2021,akt kolaud date 14.11.2022 akt marrj dorez date 29.05.2025,6,Ministria e Infrastruktures dhe Energjise,1006047,Agjencia Kombëtare e Ujësjellës - Kanalizimeve (AKUK) (3535),4662114,Garanci te vitit vazhdim per sipermarje punimesh,Te Dala,VELLEZERIT HYSA,20605600.00,6/3/2025 12:00:00 AM,6/5/2025 12:00:00 AM
 Kavaje,12410112632025,ZYRA ARSIMORE RROGOZHINE PAGE NETO MAJ 2025,11,Ministria e Arsimit Sportit dhe Rinise,1011263,Zyra Vendore Arsimore, Rrogozhinë (3513),6001001,Paga neto për punonjesit e miratuar në organikë,RAIFFEISEN BANK SH.A,580633.00,6/4/2025 12:00:00 AM,6/5/2025 12:00:00 AM
 Tirane,12410121102025,1012110 - ISHMT 2025 - pagese honorare, kontr nr 513 dt 29.01.2025, listepagese, tatim ne burim,12,Ministria e Ekonomise, Kultures dhe Inovacionit,1012110,Inspektoriati Shteteror I Mbikqyrjes se Tregut (3535),6022099,Sherbime te tjera,BANKA CREDINS,34000.00,6/4/2025 12:00:00 AM,6/5/2025 12:00:00 AM
 Fier,12410160192025,1016019 Njesia e siguris Publike klienti  GJ1D 0300470111851  akt-rakordim,16,Ministria e Brendshme,1016019,Njësia e Sigurise Publike Fier (0909),6022001,Elektricitet,FURNIZUESI I SHERBIMIT UNIVERSAL,8720.00,6/4/2025 12:00:00 AM,6/5/2025 12:00:00 AM
 Gjirokaster,12410280102025,1028010 Prokurori Rrethi Gj posta fat nr 966/2025 dt 02.06.2025,28,Prokuroria e Pergjithshme,1028010,Prokuroria e rrethit Gjirokaster (1111),6022004,Posta dhe sherbimi korrier,POSTA SHQIPTARE SH.A,35480.00,6/4/2025 12:00:00 AM,6/5/2025 12:00:00 AM
 Korçe,1241220072025,2122007 QENDRA E ARTIT E KULTURES KORCE DIETA MUAJI QERSHOR 2025 SIPAS LISTEPAGESES, URDH.NR.119/5 DT.04.06.2025,0,Unspecified,2122007,Qendra Ekonomike Kultures (1515),6024100,Udhetim i brendshem,INTESA SANPAOLO BANK ALBANIA,51000.00,6/4/2025 12:00:00 AM,6/5/2025 12:00:00 AM
 Korçe,12424990012025,2499001-BASHKIA PUSTEC, PAGA MUAJI MAJ 2025, SIPAS LISTEPAGESES, VENDIM NR.82 DT 27.12.2024,0,Unspecified,2499001,Bashkia Pustec (1515),6001001,Paga neto për punonjesit e miratuar në organikë,RAIFFEISEN BANK SH.A,113204.00,6/4/2025 12:00:00 AM,6/5/2025 12:00:00 AM
 Tirane,12510060472025,1006047 AKUK, Superv furnz Prokuc kont ne vazh nr.1530/6 dt.27.08.2024, ft.nr.61/2024 dt.30.12.2024 pj mb ditar 56273, ft.nr.22/2025 dt.13.05.2025,6,Ministria e Infrastruktures dhe Energjise,1006047,Agjencia Kombëtare e Ujësjellës - Kanalizimeve (AKUK) (3535),2313400,Shpenz. per rritjen e AQT - konstruksione te veprave ujore,HYDRO-ENG CONSULTING,1667290.00,6/3/2025 12:00:00 AM,6/5/2025 12:00:00 AM
 Tirane,12510110532025,1011053 ASCAL 2025- Shpenz  udhetim e dieta ,VKM 870 dt 14.12.2011,shkrese MAS 529/2 dt 29.1.25,urdh sherbim 23 dt 3.3.25,listpagese,11,Ministria e Arsimit Sportit dhe Rinise,1011053,Agjencia e Sigurimit te Cilesise ne Arsimin e Larte (ASCAL) (3535),6024200,Udhetim jashte shtetit,BANKA KOMBETARE TREGTARE,17658.00,6/4/2025 12:00:00 AM,6/5/2025 12:00:00 AM
 Kavaje,12510112632025,ZYRA ARSIMORE RROGOZHINE PAGE NETO MAJ 2025,11,Ministria e Arsimit Sportit dhe Rinise,1011263,Zyra Vendore Arsimore, Rrogozhinë (3513),6001001,Paga neto për punonjesit e miratuar në organikë,BANKA KOMBETARE TREGTARE,1627499.00,6/4/2025 12:00:00 AM,6/5/2025 12:00:00 AM
 Tirane,12510121102025,1012110  ISHMT 2025 - sherbim kontrate per qera ambienti maj 2025, kontr qeraje nr 1921/9 dt 14.09.2020, aneks kontr nr 1921/11 dt 25.10.2021, listepagese, tatim ne burim,12,Ministria e Ekonomise, Kultures dhe Inovacionit,1012110,Inspektoriati Shteteror I Mbikqyrjes se Tregut (3535),6026101,Shpenzime per qiramarrje ambientesh zyre te institucioneve,BANKA CREDINS,717182.00,6/4/2025 12:00:00 AM,6/5/2025 12:00:00 AM
 Gjirokaster,12510280102025,1028010 Prokurori Rrethi Gj energji fat nr 6882362 dt 03.06.2025 kont K36515,28,Prokuroria e Pergjithshme,1028010,Prokuroria e rrethit Gjirokaster (1111),6022001,Elektricitet,FURNIZUESI I SHERBIMIT UNIVERSAL,27047.00,6/4/2025 12:00:00 AM,6/5/2025 12:00:00 AM
 Korçe,1251220072025,2122007 QENDRA E ARTIT E KULTURES KORCE DIETA MUAJI QERSHOR 2025 SIPAS LISTEPAGESES, URDH.NR.119/5 DT.04.06.2025,0,Unspecified,2122007,Qendra Ekonomike Kultures (1515),6024100,Udhetim i brendshem,RAIFFEISEN BANK SH.A,5000.00,6/4/2025 12:00:00 AM,6/5/2025 12:00:00 AM
 Tirane,12610060472025,1006047 AKUK, Superv Rikonst Maliq kont ne vazh nr.1437/9 dt.15.07.2024, ft.nr.69/2024 dt.30.12.2024 pj mb ditar 56284, ft.nr.26/2025 dt.27.05.2025,6,Ministria e Infrastruktures dhe Energjise,1006047,Agjencia Kombëtare e Ujësjellës - Kanalizimeve (AKUK) (3535),2313400,Shpenz. per rritjen e AQT - konstruksione te veprave ujore,''TRANSPORT HIGHWAYCONSULTING'',2399223.00,6/3/2025 12:00:00 AM,6/5/2025 12:00:00 AM
 Tirane,12610110532025,1011053 ASCAL 2025- Paradhenie udhetim e dieta ,VKM 870 dt 14.12.2011,shkrese MAS 3037/1 dt 20.5.25,urdh sherbim 53 dt 26.5.25,listpagese,11,Ministria e Arsimit Sportit dhe Rinise,1011053,Agjencia e Sigurimit te Cilesise ne Arsimin e Larte (ASCAL) (3535),6024200,Udhetim jashte shtetit,BANKA KOMBETARE TREGTARE,362676.00,6/4/2025 12:00:00 AM,6/5/2025 12:00:00 AM
 Mallakaster,12610111062025,ARSIMI MALLAKASTER 1011106,Kuatizacion per sindikatat Arsimi Baze Maj 25,11,Ministria e Arsimit Sportit dhe Rinise,1011106,Zyra Vendore Arsimore, Mallakatër (0924),6001001,Paga neto për punonjesit e miratuar në organikë,FED.SIND.ARSIM.&SHKENC.SHQIP.(F.S.A.SH.),8450.00,6/4/2025 12:00:00 AM,6/5/2025 12:00:00 AM
 Kavaje,12610112632025,ZYRA ARSIMORE RROGOZHINE PAGE NETO MAJ 2025,11,Ministria e Arsimit Sportit dhe Rinise,1011263,Zyra Vendore Arsimore, Rrogozhinë (3513),6001001,Paga neto për punonjesit e miratuar në organikë,Banka OTP Albania,518359.00,6/4/2025 12:00:00 AM,6/5/2025 12:00:00 AM
 Tirane,12610121102025,1012110  ISHMT 2025 - shperblim per rats semundje, urdh nr 60 dt 27.05.2025, listepagese,12,Ministria e Ekonomise, Kultures dhe Inovacionit,1012110,Inspektoriati Shteteror I Mbikqyrjes se Tregut (3535),6061003,Ndihme ekonomike,BANKA KOMBETARE TREGTARE,50000.00,6/4/2025 12:00:00 AM,6/5/2025 12:00:00 AM
 Gjirokaster,12610280102025,1028010 Prokurori Rrethi Gj uje fat nr 150896,165731 dt 02.06.2025,28,Prokuroria e Pergjithshme,1028010,Prokuroria e rrethit Gjirokaster (1111),6022002,Uje,SHOQËRIA RAJONALE UJËSJELLËS KANALIZIME GJIROKASTËR SH.A,5254.00,6/4/2025 12:00:00 AM,6/5/2025 12:00:00 AM
 Korçe,1261220072025,2122007 QENDRA E ARTIT E KULTURES KORCE DIETA MUAJI QERSHOR 2025 SIPAS LISTEPAGESES, URDH.NR.119/5 DT.04.06.2025,0,Unspecified,2122007,Qendra Ekonomike Kultures (1515),6024100,Udhetim i brendshem,INTESA SANPAOLO BANK ALBANIA,15000.00,6/4/2025 12:00:00 AM,6/5/2025 12:00:00 AM
 Tirane,12710060472025,1006047 AKUK, Ndertim i linjes Dropull up n.2524 dt.28.08.2024,njoft fi nr.2524/6 dt.18.11.2024,kont nr.2524/8 dt.17.12.2024,ft.n.14/2025 dt.06.03.2025, sit nr 1 per 28.01.2025-28.02.2025,6,Ministria e Infrastruktures dhe Energjise,1006047,Agjencia Kombëtare e Ujësjellës - Kanalizimeve (AKUK) (3535),2313400,Shpenz. per rritjen e AQT - konstruksione te veprave ujore,BE  -  IS   SH.P.K,128862294.00,6/3/2025 12:00:00 AM,6/5/2025 12:00:00 AM
 Tirane,12710110532025,1011053 ASCAL 2025- Paradhenie udhetim e dieta ,VKM 870 dt 14.12.2011,shkrese MAS 3037/1 dt 20.5.25,urdh sherbim 26.5.25,listpagese,11,Ministria e Arsimit Sportit dhe Rinise,1011053,Agjencia e Sigurimit te Cilesise ne Arsimin e Larte (ASCAL) (3535),6024200,Udhetim jashte shtetit,RAIFFEISEN BANK SH.A,178858.00,6/4/2025 12:00:00 AM,6/5/2025 12:00:00 AM
 Mallakaster,12710111062025,ARSIMI MALLAKASTER 1011106,Kuatizacion per sindikatat Arsimi Baze Maj 25,11,Ministria e Arsimit Sportit dhe Rinise,1011106,Zyra Vendore Arsimore, Mallakatër (0924),6001001,Paga neto për punonjesit e miratuar në organikë,SINDIKATA E PAVARUR E ARSIMIT SHQIPTAR,4950.00,6/4/2025 12:00:00 AM,6/5/2025 12:00:00 AM
 Kavaje,12710112632025,ZYRA ARSIMORE RROGOZHINE PAGE NETO MAJ 2025,11,Ministria e Arsimit Sportit dhe Rinise,1011263,Zyra Vendore Arsimore, Rrogozhinë (3513),6001001,Paga neto për punonjesit e miratuar në organikë,RAIFFEISEN BANK SH.A,70938.00,6/4/2025 12:00:00 AM,6/5/2025 12:00:00 AM
 Tirane,12710121102025,1012110 - ISHMT 2025 - sherbim ruajtje fizike te ndertesave dhe aseteve te ISHMT, kont rnr 5694 dt 31.12.2024, fat nr 1807 dt 01.06.2025,12,Ministria e Ekonomise, Kultures dhe Inovacionit,1012110,Inspektoriati Shteteror I Mbikqyrjes se Tregut (3535),6022008,Sherbime te sigurimit dhe ruajtjes,Illyrian Guard,107636.00,6/4/2025 12:00:00 AM,6/5/2025 12:00:00 AM
 Gjirokaster,12710280102025,1028010 Prokurori Rrethi Gj roje maj 2025 fat nr 1553,1554/2025 dt 31.05.2025 kontr 04.02.2025,28,Prokuroria e Pergjithshme,1028010,Prokuroria e rrethit Gjirokaster (1111),6022008,Sherbime te sigurimit dhe ruajtjes,Illyrian Guard,823465.00,6/4/2025 12:00:00 AM,6/5/2025 12:00:00 AM
 Tirane,12810110532025,1011053 ASCAL 2025- Shpenz udhetim jasht vendi ,VKM 870 dt 14.12.2011,marrveshje 03-61143 dt 3.3.25,urdh sherbim 54 dt 2.6.25,listpagese,11,Ministria e Arsimit Sportit dhe Rinise,1011053,Agjencia e Sigurimit te Cilesise ne Arsimin e Larte (ASCAL) (3535),6024200,Udhetim jashte shtetit,BANKA KOMBETARE TREGTARE,247206.00,6/4/2025 12:00:00 AM,6/5/2025 12:00:00 AM
 Mallakaster,12810111062025,ARSIMI MALLAKASTER 1011106,Kuatizacion per sindikatat Arsimi i Mesem Maj 25,11,Ministria e Arsimit Sportit dhe Rinise,1011106,Zyra Vendore Arsimore, Mallakatër (0924),6001001,Paga neto për punonjesit e miratuar në organikë,SINDIKATA E PAVARUR E ARSIMIT SHQIPTAR,3500.00,6/4/2025 12:00:00 AM,6/5/2025 12:00:00 AM
 Kavaje,12810112632025,ZYRA ARSIMORE RROGOZHINE PAGE NETO MAJ 2025,11,Ministria e Arsimit Sportit dhe Rinise,1011263,Zyra Vendore Arsimore, Rrogozhinë (3513),6001001,Paga neto për punonjesit e miratuar në organikë,BANKA KOMBETARE TREGTARE,154347.00,6/4/2025 12:00:00 AM,6/5/2025 12:00:00 AM
 Tirane,12810121102025,1012110 - ISHMT 2025 - shpenz energjie, fat nr 6421229 dt 27.05.2025, kontr nr H039832,12,Ministria e Ekonomise, Kultures dhe Inovacionit,1012110,Inspektoriati Shteteror I Mbikqyrjes se Tregut (3535),6022001,Elektricitet,FURNIZUESI I SHERBIMIT UNIVERSAL,26375.20,6/4/2025 12:00:00 AM,6/5/2025 12:00:00 AM
 Gjirokaster,12810280102025,1028010 Prokurori Rrethi Gj larje automjeti fat nr 15/2025 dt 01.06.2025 up nr 2 dt 03.02.2025,28,Prokuroria e Pergjithshme,1028010,Prokuroria e rrethit Gjirokaster (1111),6022099,Sherbime te tjera,Ledjon Ciko,9600.00,6/4/2025 12:00:00 AM,6/5/2025 12:00:00 AM
 Tirane,12910110532025,1011053 ASCAL 2025- Shpenz udhetimi e dieta ,VKM 870 dt 14.12.2011,shkrese MAS 1364/4 dt 27.3.25,urdh sherbim 3.4.25,listpagese,11,Ministria e Arsimit Sportit dhe Rinise,1011053,Agjencia e Sigurimit te Cilesise ne Arsimin e Larte (ASCAL) (3535),6024200,Udhetim jashte shtetit,BANKA KOMBETARE TREGTARE,13689.00,6/4/2025 12:00:00 AM,6/5/2025 12:00:00 AM
 Mallakaster,12910111062025,ARSIMI MALLAKASTER 1011106,komisioni postes 2% Prill 2025,fatur nr 649/2025 dt 02.06.25,11,Ministria e Arsimit Sportit dhe Rinise,1011106,Zyra Vendore Arsimore, Mallakatër (0924),6023900,Shpenzime te tjera transporti,POSTA SHQIPTARE SH.A,14658.00,6/4/2025 12:00:00 AM,6/5/2025 12:00:00 AM
 Kavaje,12910112632025,ZYRA ARSIMORE RROGOZHINE PAGE NETO MAJ 2025,11,Ministria e Arsimit Sportit dhe Rinise,1011263,Zyra Vendore Arsimore, Rrogozhinë (3513),6001001,Paga neto për punonjesit e miratuar në organikë,Banka OTP Albania,185983.00,6/4/2025 12:00:00 AM,6/5/2025 12:00:00 AM
 Gjirokaster,12910280102025,1028010 Prokurori Rrethi Gj tarife sherbimi kadastral fat nr 75/2025 dt 08.05.2025,28,Prokuroria e Pergjithshme,1028010,Prokuroria e rrethit Gjirokaster (1111),6029005,Shpenzime per honorare,DREJTORIA VENDORE ASHK-se LUSHNJE,24000.00,6/4/2025 12:00:00 AM,6/5/2025 12:00:00 AM
 Diber,12920460012025,2025 Qarku Diber, 2046001, telefon prill 2025 ft nr 482082 dt 05.05.2025,0,Unspecified,2046001,Qarku Diber (0606),6022003,Sherbime telefonike,ONE ALBANIA,5700.00,6/4/2025 12:00:00 AM,6/5/2025 12:00:00 AM
 Gjirokaster,13010280102025,1028010 Prokurori Rrethi Gj psikologe fat nr 2/2025 dt 12.05.2025 vendim caktim psikologu,28,Prokuroria e Pergjithshme,1028010,Prokuroria e rrethit Gjirokaster (1111),6029005,Shpenzime per honorare,Eralda Xhafa,15000.00,6/4/2025 12:00:00 AM,6/5/2025 12:00:00 AM
 Shkoder,1310060942025,1006094 Ndermarrja e Shfrytezimit te Mjeteve Ujore Vau Dejes, paga maj 2025, listepagesa mujore nr 6 dt 04.06.2025, listepagese banke nr 6 dt 04.06.2025 per 6 pn,6,Ministria e Infrastruktures dhe Energjise,1006094,Nderrmarrja e Shfrytezimit Ujor Vau Dejes (3333),2312108,Shpenz. per rritjen e AQT - konstruksionin e porteve,BANKA CREDINS,263489.00,6/4/2025 12:00:00 AM,6/5/2025 12:00:00 AM
 Gjirokaster,13110280102025,1028010 Prokurori Rrethi Gj psikologe fat nr 12/2025 dt 13.05.2025 vendim caktim psikologu,28,Prokuroria e Pergjithshme,1028010,Prokuroria e rrethit Gjirokaster (1111),6029005,Shpenzime per honorare,Lorena Bajollari,15000.00,6/4/2025 12:00:00 AM,6/5/2025 12:00:00 AM
 Tirane,132091410100392025,Drejt Pergjith Tatim, lik TVSH, sipas formatit miratimit nr 1320914 dt 14.10.2024,10,Ministria e Financave dhe Ekonomise,1010039,Aparati Drejt.Pergj.Tatimeve (3535),7030100,TVSH mbi mallrat dhe sherbimet brenda vendit,ProDyn Albania,3402135.00,6/3/2025 12:00:00 AM,6/5/2025 12:00:00 AM
 Tirane,13210120252025,1012025 - Bibloteka Kombetare 2025 - dieta jashte vendit, aut dt 26.05.2025, urdh dt 26.05.2025, listepagese,12,Ministria e Ekonomise, Kultures dhe Inovacionit,1012025,Biblioteka kombetare (3535),6024200,Udhetim jashte shtetit,RAIFFEISEN BANK SH.A,33000.00,6/4/2025 12:00:00 AM,6/5/2025 12:00:00 AM
 Gjirokaster,13210280102025,1028010 Prokurori Rrethi Gj ekspert fat nr 12/2025 dt 21.05.2025 vendim caktim eksperti,28,Prokuroria e Pergjithshme,1028010,Prokuroria e rrethit Gjirokaster (1111),6029005,Shpenzime per honorare,JONA SHABA,35000.00,6/4/2025 12:00:00 AM,6/5/2025 12:00:00 AM
 Tirane,13310120252025,1012025 - Bibloteka Kombetare 2025 - shpenz telefoni, fat nr 429787493 dt 18.03.2025, nr 436590 dt 04.04.2025, nr 546946 dt 05.05.2025,12,Ministria e Ekonomise, Kultures dhe Inovacionit,1012025,Biblioteka kombetare (3535),6022003,Sherbime telefonike,ONE ALBANIA,34625.00,6/4/2025 12:00:00 AM,6/5/2025 12:00:00 AM
 Tirane,133110130492025,1013049, QSUT, Page personeli muaji MAJ plan 3005, fakt 2234, vkm nr 422-424 date 26.06.2024, permbledhese 04.06.2025, listepagese 04.06.2025,13,Ministria e Shendetesise dhe Mbrojtjes Sociale,1013049,Qendra spitalore universitare "Nene Tereza" (3535),6001001,Paga neto për punonjesit e miratuar në organikë,BANKA CREDINS,185398003.00,6/4/2025 12:00:00 AM,6/5/2025 12:00:00 AM
 Tirane,133210130492025,1013049, QSUT, Page personeli muaji MAJ, plan 3005, fakt 473, vkm nr 422-424 date 26.06.2024, permbledhese 04.06.2025, listepagese 04.06.2025,13,Ministria e Shendetesise dhe Mbrojtjes Sociale,1013049,Qendra spitalore universitare "Nene Tereza" (3535),6001001,Paga neto për punonjesit e miratuar në organikë,RAIFFEISEN BANK SH.A,37688140.00,6/4/2025 12:00:00 AM,6/5/2025 12:00:00 AM
 Tirane,133310130492025,1013049, QSUT, Page personeli muaji MAJ plan 3005, fakt 204, vkm nr 422-424 date 26.06.2024, permbledhese 04.06.2025, listepagese 04.06.2025,13,Ministria e Shendetesise dhe Mbrojtjes Sociale,1013049,Qendra spitalore universitare "Nene Tereza" (3535),6001001,Paga neto për punonjesit e miratuar në organikë,BANKA KOMBETARE TREGTARE,14572405.00,6/4/2025 12:00:00 AM,6/5/2025 12:00:00 AM
 Tirane,133410130492025,1013049, QSUT, Page personeli muaji MAJ, plan 3005, fakt 23, vkm nr 422-424 date 26.06.2024, permbledhese 04.06.2025, listepagese 04.06.2025,13,Ministria e Shendetesise dhe Mbrojtjes Sociale,1013049,Qendra spitalore universitare "Nene Tereza" (3535),6001001,Paga neto për punonjesit e miratuar në organikë,Banka OTP Albania,1783632.00,5/4/2025 12:00:00 AM,6/5/2025 12:00:00 AM
 Tirane,133510130492025,1013049, QSUT, Page personeli muaji MAJ plan 3005, fakt 24 vkm nr 422-424 date 26.06.2024, permbledhese 04.06.2025, listepagese 04.06.2025,13,Ministria e Shendetesise dhe Mbrojtjes Sociale,1013049,Qendra spitalore universitare "Nene Tereza" (3535),6001001,Paga neto për punonjesit e miratuar në organikë,INTESA SANPAOLO BANK ALBANIA,1608565.00,6/4/2025 12:00:00 AM,6/5/2025 12:00:00 AM
 Tirane,133610130492025,1013049, QSUT, Page personeli muaji MAJ, plan 3005, fakt 5, vkm nr 422-424 date 26.06.2024, permbledhese 04.06.2025, listepagese 04.06.2025,13,Ministria e Shendetesise dhe Mbrojtjes Sociale,1013049,Qendra spitalore universitare "Nene Tereza" (3535),6001001,Paga neto për punonjesit e miratuar në organikë,UNION BANK SHA,364168.00,6/4/2025 12:00:00 AM,6/5/2025 12:00:00 AM
 Tirane,133710130492025,1013049, QSUT, Page personeli muaji MAJ plan 3005, fakt 20, vkm nr 422-424 date 26.06.2024, permbledhese 04.06.2025, listepagese 04.06.2025,13,Ministria e Shendetesise dhe Mbrojtjes Sociale,1013049,Qendra spitalore universitare "Nene Tereza" (3535),6001001,Paga neto për punonjesit e miratuar në organikë,BANKA E TIRANES,2312570.00,6/4/2025 12:00:00 AM,6/5/2025 12:00:00 AM
 Tirane,133810130492025,1013049, QSUT, Page personeli muaji MAJ plan 3005, fakt 2, vkm nr 422-424 date 26.06.2024, permbledhese 04.06.2025, listepagese 04.06.2025,13,Ministria e Shendetesise dhe Mbrojtjes Sociale,1013049,Qendra spitalore universitare "Nene Tereza" (3535),6001001,Paga neto për punonjesit e miratuar në organikë,PRO CREDIT BANK,329124.00,6/4/2025 12:00:00 AM,6/5/2025 12:00:00 AM
 Tirane,133910130492025,1013049, QSUT, Page personeli muaji MAJ, plan 3005, fakt 2 vkm nr 422-424 date 26.06.2024, permbledhese 04.06.2025, listepagese 04.06.2025,13,Ministria e Shendetesise dhe Mbrojtjes Sociale,1013049,Qendra spitalore universitare "Nene Tereza" (3535),6001001,Paga neto për punonjesit e miratuar në organikë,BANKA AMERIKANE E INVESTIMEVE SHA	,148936.00,6/4/2025 12:00:00 AM,6/5/2025 12:00:00 AM
 Tirane,134010130492025,1013049,QSUT,Page Pedagoge PAGA MAJ vkm nr 422 date 26.06.2024 , vkm nr 242 date 26.06.2024, nr punonjesish 127, LISTEPAGESE dt. 04.06.2025, Permbledhese dt 04.06.2025,13,Ministria e Shendetesise dhe Mbrojtjes Sociale,1013049,Qendra spitalore universitare "Nene Tereza" (3535),6029099,Shpenzime per te tjera materiale dhe sherbime operative,BANKA CREDINS,12526759.00,6/4/2025 12:00:00 AM,6/5/2025 12:00:00 AM
 Elbasan,13410110992025,1011099 Universiteti i Elb "Aleksander Xhuvani"- Shpenzim mirembajtje databaze, UP nr 31 dt 7.10.2024 , NJF nr.2504/3 dt 30.10.2024, kontrate nr.2504/4 dt 31.10.2024, fature nr. 23/2025 dt 02.06.2025,11,Ministria e Arsimit Sportit dhe Rinise,1011099,Universiteti "A. Xhuvani", Elbasan (0808),6022099,Sherbime te tjera,ALBANIAN BUSINESS PARTNER,1232851.00,6/4/2025 12:00:00 AM,6/5/2025 12:00:00 AM
 Tirane,134110130492025,1013049,QSUT,Page Pedagoge PAGA MAJ vkm nr 422 date 26.06.2024 , vkm nr 242 date 26.06.2024, nr punonjesish 2, LISTEPAGESE dt. 04.06.2025, Permbledhese dt 04.06.2025,13,Ministria e Shendetesise dhe Mbrojtjes Sociale,1013049,Qendra spitalore universitare "Nene Tereza" (3535),6029099,Shpenzime per te tjera materiale dhe sherbime operative,RAIFFEISEN BANK SH.A,198900.00,6/4/2025 12:00:00 AM,6/5/2025 12:00:00 AM
 Tirane,134210130492025,1013049,QSUT,Page Pedagoge PAGA MAJ vkm nr 422 date 26.06.2024 , vkm nr 242 date 26.06.2024, nr punonjesish 4, LISTEPAGESE dt. 04.06.2025, Permbledhese dt 04.06.2025,13,Ministria e Shendetesise dhe Mbrojtjes Sociale,1013049,Qendra spitalore universitare "Nene Tereza" (3535),6029099,Shpenzime per te tjera materiale dhe sherbime operative,BANKA KOMBETARE TREGTARE,298350.00,6/4/2025 12:00:00 AM,6/5/2025 12:00:00 AM
 Tirane,134310130492025,1013049,QSUT,Page Keshilltare i jashtem  PAGA MAJ  vkm nr 422 date 26.06.2024 , vkm nr 242 date 26.06.2024, nr punonjesish 1, LISTEPAGESE MAJ , Permbledhese dt  04.06.2025,13,Ministria e Shendetesise dhe Mbrojtjes Sociale,1013049,Qendra spitalore universitare "Nene Tereza" (3535),6021099,Te tjera materiale dhe sherbime speciale,RAIFFEISEN BANK SH.A,93500.00,6/4/2025 12:00:00 AM,6/5/2025 12:00:00 AM
 Tirane,134410130492025,1013049,QSUT,Page Keshilltare i jashtem  PAGA MAJ vkm nr 422 date 26.06.2024 , vkm nr 242 date 26.06.2024, nr punonjesish 1, LISTEPAGESE dt. 04.06.2025, Permbledhese dt 04.06.2025,13,Ministria e Shendetesise dhe Mbrojtjes Sociale,1013049,Qendra spitalore universitare "Nene Tereza" (3535),6021099,Te tjera materiale dhe sherbime speciale,BANKA KOMBETARE TREGTARE,93500.00,6/4/2025 12:00:00 AM,6/5/2025 12:00:00 AM
 Elbasan,13510110992025,1011099 Universiteti i Elb "Aleksander Xhuvani"- Shpenzim Mirembajtje Web site, Up nr.26 dt 13.09.2024, NJF 23.09.2024, kont nr.2137/2 dt 27.09.2024, fat nr.79/2025 dt 02.06.2025,11,Ministria e Arsimit Sportit dhe Rinise,1011099,Universiteti "A. Xhuvani", Elbasan (0808),6022099,Sherbime te tjera,INSTANT.AL,50000.00,6/4/2025 12:00:00 AM,6/5/2025 12:00:00 AM
 Tirane,13510120252025,1012025 - Bibloteka Kombetare 2025 - shpenz telefoni, fat nr 2909361 dt 03.06.2025,12,Ministria e Ekonomise, Kultures dhe Inovacionit,1012025,Biblioteka kombetare (3535),6022003,Sherbime telefonike,VODAFONE ALBANIA,2725.00,6/4/2025 12:00:00 AM,6/5/2025 12:00:00 AM
 Elbasan,13610110992025,1011099 Universiteti i Elb "Aleksander Xhuvani"- Shpenzim interneti, UP nr 18 dt 20.06.2024, NJF nr.1588/13 dt 08.10.2024, kontrate nr 1588/14 dt 10.10.2024, fature nr.552863/2025 dt 02.06.2025,11,Ministria e Arsimit Sportit dhe Rinise,1011099,Universiteti "A. Xhuvani", Elbasan (0808),6022099,Sherbime te tjera,ONE ALBANIA,281016.00,6/4/2025 12:00:00 AM,6/5/2025 12:00:00 AM
 Tirane,13610870332025,1087033 - Avokatura e Shtetit 2025,Sherbim roje , kont vazh nr.5073/1 dt 31.12.24 , ft permbledhese janar-prill 25,87,Institucione te tjera Qeveritare,1087033,Sherbimi i Avokatures se Shtetit (3535),6022008,Sherbime te sigurimit dhe ruajtjes,Illyrian Guard,1410091.00,6/4/2025 12:00:00 AM,6/5/2025 12:00:00 AM
 Elbasan,13710110992025,1011099 Universiteti i Elb "Aleksander Xhuvani", Sherbime telefonie. fat nr.118/2025 dt 03.06.2025,11,Ministria e Arsimit Sportit dhe Rinise,1011099,Universiteti "A. Xhuvani", Elbasan (0808),6022003,Sherbime telefonike,TEL-KOM,2000.00,6/4/2025 12:00:00 AM,6/5/2025 12:00:00 AM
 Tirane,13710870332025,1087033 - Avokatura e Shtetit 2025,lik enegj elek , ft permbledhese,87,Institucione te tjera Qeveritare,1087033,Sherbimi i Avokatures se Shtetit (3535),6022001,Elektricitet,FURNIZUESI I SHERBIMIT UNIVERSAL,146680.00,6/4/2025 12:00:00 AM,6/5/2025 12:00:00 AM
 Delvine,13810111322025,udhetim brendshem ZA Finiq-Dropull 2025,11,Ministria e Arsimit Sportit dhe Rinise,1011132,Zyra Vendore Arsimore, Delvinë _Finiq (3704),6024100,Udhetim i brendshem,Banka OTP Albania,8000.00,6/4/2025 12:00:00 AM,6/5/2025 12:00:00 AM
 Tirane,13810870332025,1087033 - Avokatura e Shtetit 2025,lik UJI , ft 2010727794 DT 30.4.25,87,Institucione te tjera Qeveritare,1087033,Sherbimi i Avokatures se Shtetit (3535),6022002,Uje,SHOQËRIA RAJONALE UJËSJELLËS KANALIZIME LUSHNJE SH.A,634.00,6/4/2025 12:00:00 AM,6/5/2025 12:00:00 AM
 Delvine,13910111322025,lik transport ZA Finiq-Dropull 2025,11,Ministria e Arsimit Sportit dhe Rinise,1011132,Zyra Vendore Arsimore, Delvinë _Finiq (3704),6023900,Shpenzime te tjera transporti,RAIFFEISEN BANK SH.A,78660.00,6/4/2025 12:00:00 AM,6/5/2025 12:00:00 AM
 Tirane,13910870332025,1087033 - Avokatura e Shtetit 2025,lik taksa automjeti , ft nr.7855/2025 dt 5.5.25,87,Institucione te tjera Qeveritare,1087033,Sherbimi i Avokatures se Shtetit (3535),6023900,Shpenzime te tjera transporti,DREJT. PERGJ. E SHERB. TRANS. RRUG.,2000.00,6/4/2025 12:00:00 AM,6/5/2025 12:00:00 AM
 Tirane,139820110100392025,Drejt Pergjith Tatim, lik TVSH, sipas formatit miratimit nr 1398201 dt 10.03.2025,10,Ministria e Financave dhe Ekonomise,1010039,Aparati Drejt.Pergj.Tatimeve (3535),7030100,TVSH mbi mallrat dhe sherbimet brenda vendit,TIRANA INTERNATIONAL AIRPORT SHPK,2402090491.00,6/4/2025 12:00:00 AM,6/5/2025 12:00:00 AM
 Delvine,14010111322025,lik transport  ZA Finiq-Dropull 2025,11,Ministria e Arsimit Sportit dhe Rinise,1011132,Zyra Vendore Arsimore, Delvinë _Finiq (3704),6023900,Shpenzime te tjera transporti,Banka OTP Albania,251060.00,6/4/2025 12:00:00 AM,6/5/2025 12:00:00 AM
 Tirane,140430310100392025,Drejt Pergjith Tatim, lik TVSH, sipas formatit miratimit nr 1404303 dt 18.3.2025,10,Ministria e Financave dhe Ekonomise,1010039,Aparati Drejt.Pergj.Tatimeve (3535),7030100,TVSH mbi mallrat dhe sherbimet brenda vendit,STIR DURAZZO COMPANY,391162.00,6/3/2025 12:00:00 AM,6/5/2025 12:00:00 AM
 Tirane,14110110352025,1011035 Zyra ven Ars Tirane 2025 - Paga Maj 2025, nr i punonjesve plan/fakt 5373/5,  listepagesa,11,Ministria e Arsimit Sportit dhe Rinise,1011035,Zyra Vendore Arsimore, Tiranë  (3535),6001001,Paga neto për punonjesit e miratuar në organikë,BANKA CREDINS,425142.00,6/4/2025 12:00:00 AM,6/5/2025 12:00:00 AM
 Delvine,14110111322025,lik transport ZA Finiq-Dropull maj 2025,11,Ministria e Arsimit Sportit dhe Rinise,1011132,Zyra Vendore Arsimore, Delvinë _Finiq (3704),6023900,Shpenzime te tjera transporti,BANKA KOMBETARE TREGTARE,17500.00,6/4/2025 12:00:00 AM,6/5/2025 12:00:00 AM
 Tirane,141141610100392025,Drejt Pergjith Tatim, lik TVSH, sipas formatit miratimit nr 1411416dt 03.4.2025,10,Ministria e Financave dhe Ekonomise,1010039,Aparati Drejt.Pergj.Tatimeve (3535),7030100,TVSH mbi mallrat dhe sherbimet brenda vendit,Erjon Jaupi,3007490.00,6/3/2025 12:00:00 AM,6/5/2025 12:00:00 AM
 Tirane,14121018152025,2101815,APR- honorar  banda e qytetit  vkb nr 55 dt 26.04.2018  listepg,0,Unspecified,2101815,Agjensia e Parqeve dhe Rekreacionit (3535),6029005,Shpenzime per honorare,Banka OTP Albania,429250.00,6/4/2025 12:00:00 AM,6/5/2025 12:00:00 AM
 Tirane,141523310100392025,Drejt Pergjith Tatim, lik TVSH, sipas formatit miratimit nr 1415233dt 12.4.2025,10,Ministria e Financave dhe Ekonomise,1010039,Aparati Drejt.Pergj.Tatimeve (3535),7030100,TVSH mbi mallrat dhe sherbimet brenda vendit,ÇAUSHI - TRANS,4252993.00,6/3/2025 12:00:00 AM,6/5/2025 12:00:00 AM
 Tirane,141560910100392025,Drejt Pergjith Tatim, lik TVSH, sipas formatit miratimit nr 1415609dt 14.4.2025,10,Ministria e Financave dhe Ekonomise,1010039,Aparati Drejt.Pergj.Tatimeve (3535),7030100,TVSH mbi mallrat dhe sherbimet brenda vendit,FRAENO AGRICULTURE,10529162.00,6/3/2025 12:00:00 AM,6/5/2025 12:00:00 AM
 Tirane,14184110100392025,Drejt Pergjith Tatim, lik TVSH, sipas formatit miratimit nr 1418411dt 19.4.2025,10,Ministria e Financave dhe Ekonomise,1010039,Aparati Drejt.Pergj.Tatimeve (3535),7030100,TVSH mbi mallrat dhe sherbimet brenda vendit,ProDyn Albania,11401174.00,6/3/2025 12:00:00 AM,6/5/2025 12:00:00 AM
 Delvine,14210111322025,lik transport  ZA Finiq-Dropull  2025,11,Ministria e Arsimit Sportit dhe Rinise,1011132,Zyra Vendore Arsimore, Delvinë _Finiq (3704),6023900,Shpenzime te tjera transporti,BANKA AMERIKANE E INVESTIMEVE SHA	,130200.00,6/4/2025 12:00:00 AM,6/5/2025 12:00:00 AM
 Tirane,142112610100392025,Drejt Pergjith Tatim, lik TVSH, sipas formatit miratimit nr 1421126dt 28.4.2025,10,Ministria e Financave dhe Ekonomise,1010039,Aparati Drejt.Pergj.Tatimeve (3535),7030100,TVSH mbi mallrat dhe sherbimet brenda vendit,TIME 10,11718083.00,6/3/2025 12:00:00 AM,6/5/2025 12:00:00 AM
 Tirane,14221018152025,2101815,APR- honorar  banda e qytetit  vkb nr 55 dt 26.04.2018  listepg,0,Unspecified,2101815,Agjensia e Parqeve dhe Rekreacionit (3535),6029005,Shpenzime per honorare,RAIFFEISEN BANK SH.A,11050.00,6/4/2025 12:00:00 AM,6/5/2025 12:00:00 AM
 Tirane,142329810100392025,Drejt Pergjith Tatim, lik TVSH, sipas formatit miratimit nr 1423298dt 06.5.2025,10,Ministria e Financave dhe Ekonomise,1010039,Aparati Drejt.Pergj.Tatimeve (3535),7030100,TVSH mbi mallrat dhe sherbimet brenda vendit,RCF INDUSTRIES,21565888.00,6/3/2025 12:00:00 AM,6/5/2025 12:00:00 AM
 Tirane,142425510100392025,Drejt Pergjith Tatim, lik TVSH, sipas formatit miratimit nr 1424255 dt 07.5.2025,10,Ministria e Financave dhe Ekonomise,1010039,Aparati Drejt.Pergj.Tatimeve (3535),7030100,TVSH mbi mallrat dhe sherbimet brenda vendit,OCCHIO VIVO,8237687.00,6/3/2025 12:00:00 AM,6/5/2025 12:00:00 AM
 Tirane,142426310100392025,Drejt Pergjith Tatim, lik TVSH, sipas formatit miratimit nr 1424263dt 07.5.2025,10,Ministria e Financave dhe Ekonomise,1010039,Aparati Drejt.Pergj.Tatimeve (3535),7030100,TVSH mbi mallrat dhe sherbimet brenda vendit,MAS - TORR  SHPK,2918854.00,6/3/2025 12:00:00 AM,6/5/2025 12:00:00 AM
 Delvine,14310111322025,lik transport zA Finiq -Dropull  2025,11,Ministria e Arsimit Sportit dhe Rinise,1011132,Zyra Vendore Arsimore, Delvinë _Finiq (3704),6023900,Shpenzime te tjera transporti,BANKA E TIRANES,59120.00,6/4/2025 12:00:00 AM,6/5/2025 12:00:00 AM
 Kolonje,14310130722025,1013072 Dr.Sherb.Sp.Kolonje karburant,nafte,minikontrate nr.43 dt.28.04.2025,urdher per modif.kont.nr.71 dt.22.05.2025,lik.fat.nr.44568/2025 dt.20.05.2025,fl.hyrje nr.5 dt.20.05.2025,proc.verb.marrje ne dor.dt.20.05.2025,13,Ministria e Shendetesise dhe Mbrojtjes Sociale,1013072,Sp. Kolonje (1514),6020200,Materiale per pastrim, dezinfektim, ngrohje dhe ndriçim,KASTRATI ENERGY,1695003.00,6/4/2025 12:00:00 AM,6/5/2025 12:00:00 AM
 Shkoder,14310290372025,1029037 Gjyk e Shk Pare Jurid te Pergj Shkoder, kthim garancie pasurore, urdher 139 dt 15.05.25 urdher ekz dt 20.02.23 fature arkt 21 dt 02.05.24, bordero 26/2025 dt15.05.2025,29,Keshilli i Larte Gjyqesor,1029037,Gjykata e Shkallës së Parë e Juridiksionit të Përgjithshëm Shkodër (3333),4662116,Garanci pasurore e te denuarve, te vitit ne vazhdim,Te Dala,UNION BANK SHA,501550.00,6/4/2025 12:00:00 AM,6/5/2025 12:00:00 AM
 Gjirokaster,14410110112025,1011011 ZVA Gjirokaster sekuestro mbi page  alketa puci,11,Ministria e Arsimit Sportit dhe Rinise,1011011,Zyra Vendore Arsimore, Gjirokastër_Lobohove-Dropull  (1111),6001001,Paga neto për punonjesit e miratuar në organikë,ELITE BAILIFF'S OFFICE,34783.00,6/4/2025 12:00:00 AM,6/5/2025 12:00:00 AM
 Delvine,14410111322025,lik transport  ZA Finiq-Dropull  2025,11,Ministria e Arsimit Sportit dhe Rinise,1011132,Zyra Vendore Arsimore, Delvinë _Finiq (3704),6023900,Shpenzime te tjera transporti,BANKA AMERIKANE E INVESTIMEVE SHA	,63000.00,6/4/2025 12:00:00 AM,6/5/2025 12:00:00 AM
 Shkoder,14410141292025,1014129 IEVP Shkoder, pag kalimtare, bord nr6SHM/3 dt03.06.25- 6 perf, bord nr6SHM/2025 dt03.06.25, urdh nr933/1338/1820/1254/1700/1934 dt13.06.24/14.09.23/09.10.24/18.07.24/01.10.24/04.11.24 + shk perk,14,Ministria e Drejtesise,1014129,Institucioni i Ekzekutimit të Vendimeve Penale Shkodër (3333),6060013,Shperblim per ish-ushtaraket,RAIFFEISEN BANK SH.A,194229.00,6/4/2025 12:00:00 AM,6/5/2025 12:00:00 AM
 Tirane,14410950012025,1095001-Autoriteti per informim MDISSH-  Dieta jashte Vendit, Urdher nr 130 dt 30.05.2025, Autorizim nr 1053/3 dt 30.05.2025, Kursi 98.65, Listepagese,95,Autoriteti per te Drejten e Informimit,1095001,Autoriteti per informim mbi dokumentet e ish Sigurimit te Shtetit (3535),6024200,Udhetim jashte shtetit,RAIFFEISEN BANK SH.A,109896.00,6/4/2025 12:00:00 AM,6/5/2025 12:00:00 AM
 Gjirokaster,14510110112025,1011011 ZVA Gjirokaster kuotizacione maj 2025,11,Ministria e Arsimit Sportit dhe Rinise,1011011,Zyra Vendore Arsimore, Gjirokastër_Lobohove-Dropull  (1111),6001001,Paga neto për punonjesit e miratuar në organikë,FED.SIND.ARSIM.&SHKENC.SHQIP.(F.S.A.SH.),10900.00,6/4/2025 12:00:00 AM,6/5/2025 12:00:00 AM
 Shkoder,14510141292025,1014129 IEVP Shkoder, pag kalimtare, bord nr6SHM/2 dt03.06.25- 6 perf, bord nr6SHM/2025 dt03.06.25, urdh nr1169/1339/994/677/1833/1719 dt04.08.23/14.09.23/03.07.23/17.05.24/10.10.24/03.10.24 + shk perk,14,Ministria e Drejtesise,1014129,Institucioni i Ekzekutimit të Vendimeve Penale Shkodër (3333),6060013,Shperblim per ish-ushtaraket,BANKA CREDINS,176964.00,6/4/2025 12:00:00 AM,6/5/2025 12:00:00 AM
 Shkoder,14510290372025,1029037 Gjykata e Shk Pare Juridiksionit te Pergj Shkoder,shepnzime postare Maj 2025 fature 4794/2025 dt 02.06.2025,29,Keshilli i Larte Gjyqesor,1029037,Gjykata e Shkallës së Parë e Juridiksionit të Përgjithshëm Shkodër (3333),6022004,Posta dhe sherbimi korrier,POSTA SHQIPTARE SH.A,164980.00,6/4/2025 12:00:00 AM,6/5/2025 12:00:00 AM
 Tirane,14510950012025,1095001-Autoriteti per informim MDISSH-  Dieta jashte Vendit, Urdher nr 130 dt 30.05.2025, Autorizim nr 1053/3 dt 30.05.2025, Kursi 98.65, Listepagese,95,Autoriteti per te Drejten e Informimit,1095001,Autoriteti per informim mbi dokumentet e ish Sigurimit te Shtetit (3535),6024200,Udhetim jashte shtetit,BANKA CREDINS,109896.00,6/4/2025 12:00:00 AM,6/5/2025 12:00:00 AM
 Gjirokaster,14610110112025,1011011 ZVA Gjirokaster kuotizacione maj 2025,11,Ministria e Arsimit Sportit dhe Rinise,1011011,Zyra Vendore Arsimore, Gjirokastër_Lobohove-Dropull  (1111),6001001,Paga neto për punonjesit e miratuar në organikë,SINDIKATA E PAVARUR E ARSIMIT SHQIPTAR,9300.00,6/4/2025 12:00:00 AM,6/5/2025 12:00:00 AM
 Tropoje,14610130872025,Shërbimi Spitalor Tropojë ilaçe dhe materiale  mjeksore, kontrata nr.214, datë 11.04.2025, fatura nr.6914/2025, datë 02.06.2025, flete-hyrja nr.57, datë 04.06.2025, procesverbal nr.214/5,  datë 04.06.2025.,13,Ministria e Shendetesise dhe Mbrojtjes Sociale,1013087,Sp. Tropoje (1836),6021003,Ilaçe dhe materiale mjeksore,FLORFARMA,49662.00,6/4/2025 12:00:00 AM,6/5/2025 12:00:00 AM
 Shkoder,14610141292025,1014129 IEVP Shkoder, pag kalimtare, bord nr6SHM/1 dt03.06.25- 5 perf, bord nr6SHM/2025 dt03.06.25, urdh nr1213/2214/368/671/124 dt14.08.23/26.12.24/27.02.25/17.05.24/27.01.25 + shk perk,14,Ministria e Drejtesise,1014129,Institucioni i Ekzekutimit të Vendimeve Penale Shkodër (3333),6060013,Shperblim per ish-ushtaraket,BANKA KOMBETARE TREGTARE,149387.00,6/4/2025 12:00:00 AM,6/5/2025 12:00:00 AM
 Tirane,14610950012025,1095001-Autoriteti per informim MDISSH-  Dieta jashte Vendit, Urdher nr 130 dt 30.05.2025, Autorizim nr 1053/3 dt 30.05.2025, Kursi 98.65, Listepagese,95,Autoriteti per te Drejten e Informimit,1095001,Autoriteti per informim mbi dokumentet e ish Sigurimit te Shtetit (3535),6024200,Udhetim jashte shtetit,BANKA KOMBETARE TREGTARE,101018.00,6/4/2025 12:00:00 AM,6/5/2025 12:00:00 AM
 Fier,14721120012025,Bashkia Patos 2112001 bonus  qeraje vkb.26.02.2025 urdh.  listepagesa,0,Unspecified,2112001,Bashkia Patos (0909),6026900,Shpenzime te tjera qiraje,RAIFFEISEN BANK SH.A,33000.00,6/4/2025 12:00:00 AM,6/5/2025 12:00:00 AM
 Tirane,14810110412025,1011041 UBT 2025-Pagese pjesmarrje ne panairin e maturanteve,urdh 56 dt 22.5.25,shkr 729 dt 22.5.25,shkr 854 dt 4.3.25,shkr MAS 239 dt 22.1.25,program pune dt 6.2.25,fat 268 dt 5.3.25,11,Ministria e Arsimit Sportit dhe Rinise,1011041,Universiteti Bujqesor (3535),6022099,Sherbime te tjera,DHOMA E TREGTISE,396000.00,5/27/2025 12:00:00 AM,6/5/2025 12:00:00 AM
 Fier,14821120012025,Bashkia Patos 2112001 pagese per semundje urdh. listepagesa,0,Unspecified,2112001,Bashkia Patos (0909),6061099,Te tjera transferta tek individet,RAIFFEISEN BANK SH.A,50000.00,6/4/2025 12:00:00 AM,6/5/2025 12:00:00 AM
 Fier,14921120012025,Bashkia Patos 2112001 paga Maj 2025  listepagesa,0,Unspecified,2112001,Bashkia Patos (0909),6001001,Paga neto për punonjesit e miratuar në organikë,RAIFFEISEN BANK SH.A,6313791.00,6/4/2025 12:00:00 AM,6/5/2025 12:00:00 AM
 Tirane,15010160562025,1016056 QFMT- dieta maj 2025, autoriz 10 dt 21.5.25, list pag,16,Ministria e Brendshme,1016056,QFM Teknike Tirane (3535),6024100,Udhetim i brendshem,BANKA KOMBETARE TREGTARE,34620.00,6/4/2025 12:00:00 AM,6/5/2025 12:00:00 AM
 Vlore,150110280302025,PROKURORIA 1028030 SPERKTHYES FAT.7 DT.03.03.2025 PROK.NR.74 DT.12.05.2025,28,Prokuroria e Pergjithshme,1028030,Prokuroria e rrethit Vlore (3737),6029005,Shpenzime per honorare,Irena Rama,10400.00,6/4/2025 12:00:00 AM,6/5/2025 12:00:00 AM
 Fier,15021120012025,Bashkia Patos 2112001 paga Maj 2025  listepagesa,16,Ministria e Brendshme,2112001,Bashkia Patos (0909),6001001,Paga neto për punonjesit e miratuar në organikë,RAIFFEISEN BANK SH.A,418942.00,6/4/2025 12:00:00 AM,6/5/2025 12:00:00 AM
 Tirane,15110160562025,1016056 QFMT- dieta maj 2025, autoriz 205 dt 13.5.25, list pag,16,Ministria e Brendshme,1016056,QFM Teknike Tirane (3535),6024100,Udhetim i brendshem,BANKA E TIRANES,12000.00,6/4/2025 12:00:00 AM,6/5/2025 12:00:00 AM
 Tirane,15110870332025,1087033 - Avokatura e Shtetit 2025,lik qera zyre , kont vazh nr.1489 dt 7.12.24 , listpag dt 2.6.25,87,Institucione te tjera Qeveritare,1087033,Sherbimi i Avokatures se Shtetit (3535),6026101,Shpenzime per qiramarrje ambientesh zyre te institucioneve,RAIFFEISEN BANK SH.A,50000.00,6/4/2025 12:00:00 AM,6/5/2025 12:00:00 AM
 Fier,15121120012025,Bashkia Patos 2112001 paga Maj 2025  listepagesa,13,Ministria e Shendetesise dhe Mbrojtjes Sociale,2112001,Bashkia Patos (0909),6061099,Te tjera transferta tek individet,RAIFFEISEN BANK SH.A,202847.00,6/4/2025 12:00:00 AM,6/5/2025 12:00:00 AM
 Mirdite,15210111232025,Zyra Arsimore Mirdite(1011123) VLERSUES TEZASH QERSHOR 2025.,11,Ministria e Arsimit Sportit dhe Rinise,1011123,Zyra Vendore Arsimore, Mirditë (2026),6001001,Paga neto për punonjesit e miratuar në organikë,BANKA KOMBETARE TREGTARE,5100.00,6/4/2025 12:00:00 AM,6/5/2025 12:00:00 AM
 Vlore,15210130602025,blerje karburant spitali psikiatrik 1013060 kont 19 nr 758 prot dt 03.04.2025 marveshje kuader 2520/2 dt 12.02.2025 u.prok 2520 dt 20.12.2024 fat 45266 dt 02.06.2025,13,Ministria e Shendetesise dhe Mbrojtjes Sociale,1013060,Spitali Psikiatrik Vlore (3737),6023100,Karburant dhe vaj,KASTRATI ENERGY,953280.00,6/4/2025 12:00:00 AM,6/5/2025 12:00:00 AM
 Tirane,15210160562025,1016056 QFMT- Shp permbarimore, vendim gjykate 4327(80-2017-4408) dt 9.11.2017, shkrese 641 dt 3.4.25, shk 1313/2 dt 28.5.25, fat 39/2025 dt 2.6.25,16,Ministria e Brendshme,1016056,QFM Teknike Tirane (3535),6027400,Shpenzime per ekzekutim te vendimeve gjyqesore per largim nga puna,LEKË DODAJ,52767.00,6/4/2025 12:00:00 AM,6/5/2025 12:00:00 AM
 Vlore,15210280302025,PROKURORIA 1028030 Sherbime fat.nr.23. dt.07.04.2025 nr.prok.80 dt.25.04.2025 p.verbal 28.03.2025,28,Prokuroria e Pergjithshme,1028030,Prokuroria e rrethit Vlore (3737),6022099,Sherbime te tjera,REAN 95,120000.00,6/4/2025 12:00:00 AM,6/5/2025 12:00:00 AM
 Tirane,15210870332025,1087033 - Avokatura e Shtetit 2025,lik qera zyre , kont vazh nr.1510 dt 24.12.19 , listpag dt 2.6.25,87,Institucione te tjera Qeveritare,1087033,Sherbimi i Avokatures se Shtetit (3535),6026101,Shpenzime per qiramarrje ambientesh zyre te institucioneve,RAIFFEISEN BANK SH.A,40800.00,6/4/2025 12:00:00 AM,6/5/2025 12:00:00 AM
 Fier,15221120012025,Bashkia Patos 2112001 paga Maj 2025  listepagesa,0,Unspecified,2112001,Bashkia Patos (0909),6001001,Paga neto për punonjesit e miratuar në organikë,BANKA KOMBETARE TREGTARE,97286.00,6/4/2025 12:00:00 AM,6/5/2025 12:00:00 AM
 Mirdite,15310111232025,Zyra Arsimore Mirdite(1011123) VLERSUES TEZASH QERSHOR 2025.,11,Ministria e Arsimit Sportit dhe Rinise,1011123,Zyra Vendore Arsimore, Mirditë (2026),6001001,Paga neto për punonjesit e miratuar në organikë,RAIFFEISEN BANK SH.A,20400.00,6/4/2025 12:00:00 AM,6/5/2025 12:00:00 AM
 Vlore,15310130602025,SHERBIM GATIMI spitali psikiatrik 1013060 KONT NR 63 ,NR 2707 PROT DT 21.11.2024 UP NR 714 DT 25.06.2024 FORMULAR NJOFT FITUESI  MAREVESHJE KUADER NR 714/15 DT 08.11.2024 fat 171 dt 02.06.2025,13,Ministria e Shendetesise dhe Mbrojtjes Sociale,1013060,Spitali Psikiatrik Vlore (3737),6021004,Furnizime dhe sherbime me ushqim per mencat,SORI-AL,8235655.00,6/4/2025 12:00:00 AM,6/5/2025 12:00:00 AM
 Vlore,15310280302025,PROKURORIA 1028030 DIET URDHRI DT.26.05.2025 ME BORDERO,28,Prokuroria e Pergjithshme,1028030,Prokuroria e rrethit Vlore (3737),6024100,Udhetim i brendshem,RAIFFEISEN BANK SH.A,22500.00,6/4/2025 12:00:00 AM,6/5/2025 12:00:00 AM
 Vlore,15410130602025,paisje mobilimi spitali psikiatrik 1013060 kont 21 nr 791 prot dt 08.04.2025 u.prok 856 dt 12.07.2024 marveshje kuader 856/20 dt 21.11.2024 fat 569 dt 02.06.2025 f.hyrje 16 dt 02.06.2025,13,Ministria e Shendetesise dhe Mbrojtjes Sociale,1013060,Spitali Psikiatrik Vlore (3737),2314150,Shpenz. per rritjen e AQT - paisje mjekesore dhe spitalore,ERZENI/SH,1734000.00,6/4/2025 12:00:00 AM,6/5/2025 12:00:00 AM
 Tirane,15421011462025,2101146,DDPGJ-furnitura veterinare, fidane vazhd  kont 142/3 dt 24.1.2025 ft 93 dt 1.4.2025 fh 14 dt 1.4.2025 relacion per det prapamb 16.5.2025,0,Unspecified,2101146,Drejtoria e Përgjithshme e Pastrimit dhe Gjelbërimit (3535),6021002,Plehra kimike, furnitura veterinare, farera, fidane e te tjera produkte agrokulturore,FUSHA,972720.00,6/4/2025 12:00:00 AM,6/5/2025 12:00:00 AM
 Vlore,15510130602025,sherbim lavanderie spitali psikiatrik 1013060 kont 60 dt 11.11.2024 u.prok 587 dt 10.06.2024 marveshje kuader 587/15 dt 08.11.2024 fat 90 dt 31.05.2025,13,Ministria e Shendetesise dhe Mbrojtjes Sociale,1013060,Spitali Psikiatrik Vlore (3737),6022009,Sherbime te pastrimit dhe gjelberimit,A G S,3816418.00,6/4/2025 12:00:00 AM,6/5/2025 12:00:00 AM
 Shkoder,15520330012025,2033001 Keshilli i Qarkut Shkoder,pagese shperblimi i kryesise se KQSH, VKQ nr 31 dt. 20.12.2024, shprehje ligjore nr 855/1 dt. 30.12.2024, listepagese nr 15 dt. 04.06.2025, listepagese banke nr 15/1 dt. 04.06.2025 per 1 perfitues,0,Unspecified,2033001,Qarku Shkoder (3333),6029006,Shpenzime kompesimi per anetaret e parlamentit dhe zyrtare te tjera te zgjedhur,BANKA KOMBETARE TREGTARE,22100.00,6/4/2025 12:00:00 AM,6/5/2025 12:00:00 AM
 Tirane,15520350012025,2035001 Kesh Qarkut ,lik kesti II-te, fonde ushqimore Qendra Adm.Soc. Ekon. Vendim nr 27 dt 11.6.2021,shkrese nr 5245/8 dt 30.12.2024,mareveshje bashkepunimi nr 327 dt 13.3.2025,urdher nr 35 dt 24.4.2025,13,Ministria e Shendetesise dhe Mbrojtjes Sociale,2035001,Qarku Tirane (3535),6061099,Te tjera transferta tek individet,QENDRA PER ADMINISTRIM SOCIAL EKONOMIK TERRITORIAL,2400000.00,6/4/2025 12:00:00 AM,6/5/2025 12:00:00 AM
 Tirane,15521011462025,2101146,DDPGJ-furnitura veterinare, fidane vazhd  kont 142/3 dt 24.1.2025 ft 95 dt 2.4.2025 fh 15 dt 2.4.2025 relacion per det prapamb 16.5.2025,0,Unspecified,2101146,Drejtoria e Përgjithshme e Pastrimit dhe Gjelbërimit (3535),6021002,Plehra kimike, furnitura veterinare, farera, fidane e te tjera produkte agrokulturore,FUSHA,1357200.00,6/4/2025 12:00:00 AM,6/5/2025 12:00:00 AM
 Shkoder,15620330012025,2033001 Keshilli i Qarkut Shkoder,pagese shperblimi i kryesise se KQSH, VKQ nr 31 dt. 20.12.2024, shprehje ligjore nr 855/1 dt. 30.12.2024, listepagese nr 15 dt. 04.06.2025, listepagese banke nr 15/3 dt. 04.06.2025 per 2 perfitues,0,Unspecified,2033001,Qarku Shkoder (3333),6029006,Shpenzime kompesimi per anetaret e parlamentit dhe zyrtare te tjera te zgjedhur,RAIFFEISEN BANK SH.A,44200.00,6/4/2025 12:00:00 AM,6/5/2025 12:00:00 AM
 Tirane,15620350012025,2035001 Kesh Qarkut ,lik kontribut shoqata Kesh Qarqeve,kerkese nr 16 dt 29.05.2025,vendim Kesh qark. nr 39 dt 19.12.2024,0,Unspecified,2035001,Qarku Tirane (3535),6044099,Te tjera transferta per institucionet jo-fitim prurese,SHOQ KESHILLAVE TE QARQEVE TE SHQIPERISE,1000000.00,6/4/2025 12:00:00 AM,6/5/2025 12:00:00 AM
 Tirane,15621011462025,2101146,DDPGJ-furnitura veterinare, fidane vazhd  kont 142/3 dt 24.1.2025 ft 104 dt 3.4.2025 fh 16 dt 3.4.2025 relacion per det prapamb 16.5.2025,0,Unspecified,2101146,Drejtoria e Përgjithshme e Pastrimit dhe Gjelbërimit (3535),6021002,Plehra kimike, furnitura veterinare, farera, fidane e te tjera produkte agrokulturore,FUSHA,546000.00,6/4/2025 12:00:00 AM,6/5/2025 12:00:00 AM
 Shkoder,15720330012025,2033001 Keshilli i Qarkut Shkoder,pagese shperblimi i kryesise se KQSH, VKQ nr 31 dt. 20.12.2024, shprehje ligjore nr 855/1 dt. 30.12.2024, listepagese nr 15 dt. 04.06.2025, listepagese banke nr 15/2 dt. 04.06.2025 per 2 perfitues,0,Unspecified,2033001,Qarku Shkoder (3333),6029006,Shpenzime kompesimi per anetaret e parlamentit dhe zyrtare te tjera te zgjedhur,BANKA CREDINS,44200.00,6/4/2025 12:00:00 AM,6/5/2025 12:00:00 AM
 Shkoder,15820330012025,2033001 Keshilli i Qarkut Shkoder,honorare per specialist te jashtem, VKQ nr 29 dt. 20.12.24, shprehje ligj nr 853/1 dt. 30.12.24, ur pagese nr 85 dt. 04.06.2025, listepagese nr 16 dt. 04.06.2025,  listepagese banke nr 16/1 dt. 04.06.2025,0,Unspecified,2033001,Qarku Shkoder (3333),6029005,Shpenzime per honorare,RAIFFEISEN BANK SH.A,25500.00,6/4/2025 12:00:00 AM,6/5/2025 12:00:00 AM
 Tirane,16210290412025,1029041-Gjyk Larte 2025 - dieta brenda vendi, VKM nr 997 dt 10.12.2010, urdher nr 161 dt 30.05.2025, listepagesa,29,Keshilli i Larte Gjyqesor,1029041,Gjykata e larte (3535),6024100,Udhetim i brendshem,BANKA CREDINS,5500.00,6/4/2025 12:00:00 AM,6/5/2025 12:00:00 AM
 Tirane,16610051312025,1005131 DSHPA 2025 - sherbime konsulence juridike, udhezimi nr 1 dt 10.01.2022, urdher nr 29 dt 08.03.2023, vkm nr 325 dt 31.05.2023, liste pagese , mbajtur tatim ne burim,5,Ministria e Bujqesise dhe Zhvillimit Rural,1005131,Drejtoria e Sherbimeve te Peshkimit dhe Akuakultures Tirane (3535),6022099,Sherbime te tjera,RAIFFEISEN BANK SH.A,93500.00,6/4/2025 12:00:00 AM,6/5/2025 12:00:00 AM
 Tirane,16710051312025,1005131 DSHPA 2025 - sherbime konsulence ekonomike, udhezimi nr 1 dt 10.01.2022, urdher nr 29 dt 08.03.2023, vkm nr 325 dt 31.05.2023, liste pagese , mbajtur tatim ne burim,5,Ministria e Bujqesise dhe Zhvillimit Rural,1005131,Drejtoria e Sherbimeve te Peshkimit dhe Akuakultures Tirane (3535),6022099,Sherbime te tjera,BANKA E TIRANES,93500.00,6/4/2025 12:00:00 AM,6/5/2025 12:00:00 AM
 Tirane,16810051312025,1005131 DSHPA 2025 - sherbime konsulence , udhezimi nr 1 dt 10.01.2022, urdher nr 29 dt 08.03.2023, vkm nr 325 dt 31.05.2023, liste pagese , mbajtur tatim ne burim,5,Ministria e Bujqesise dhe Zhvillimit Rural,1005131,Drejtoria e Sherbimeve te Peshkimit dhe Akuakultures Tirane (3535),6022099,Sherbime te tjera,BANKA AMERIKANE E INVESTIMEVE SHA	,93500.00,6/4/2025 12:00:00 AM,6/5/2025 12:00:00 AM
 Lushnje,16921290102025,2129010 Nd.Pas.Publ.Lushnje,Sa lik.Kont.nr.376/5 dt.05.05.2025 Blerje konteniere, fat.nr.6 dt.14.05.2025, f.hyr.nr.50 dt.14.05.2025, Pcv marr.drz.dt.14.05.2025,0,Unspecified,2129010,Ndermarrja e Pasurive PNdermarrja e Pasurive Publike Lushnje (0922),2314320,Shpenz. per rritjen e AQT - mjete dhe pajisje te tjera teknik,LUAR Bros,3775680.00,5/28/2025 12:00:00 AM,6/5/2025 12:00:00 AM
 Tirane,17010130502025,1013050 SUOGJMbretereshaGeraldine - shp pagese tarife OBP, vendim nr 245 dt 17.04.24, ft nr 233 dt 02.06.25, kerkese nr 409/3 dt 14.05.25,13,Ministria e Shendetesise dhe Mbrojtjes Sociale,1013050,Materniteti Tirane (3535),6021012,Shpenzime për pagesë tarife për Operatorin e Blerjeve të Përqendruara SH.A,Operatori i Blerjeve të Përqëndruara,136296.00,6/4/2025 12:00:00 AM,6/5/2025 12:00:00 AM
 Tirane,17010280012025,1028001 Prokuroria e Pergjithshme - dieta brenda vendit, VKM 329 dt 20.04.2016, permb. urdher sherbimesh prill-maj 2025, urdh nr 83 dt 03.06.25, listepagese,28,Prokuroria e Pergjithshme,1028001,Aparati prokurorise se pergjitheshme (3535),6024100,Udhetim i brendshem,BANKA CREDINS,85820.00,6/4/2025 12:00:00 AM,6/5/2025 12:00:00 AM
 Tirane,17010660012025,1066001,Av Popullit-lik rinovim domain per institucionin ft 1092 dt 3.6.2025,66,Avokati i Popullit,1066001,Avokati i popullit (3535),6022004,Posta dhe sherbimi korrier,AUTORITETI KOMUNIK.ELEKTRONIK.E POSTARE,5000.00,6/4/2025 12:00:00 AM,6/5/2025 12:00:00 AM
 Tirane,1710139022025,1013902 NjZP Min.Shend. PIU 2025 - pagese pjesore garancie, detyrim i prpambetur ditari nr 12952, tab permbl e det, cert e vleres se mbaj garanci dt 19.03.24, cert perf md 251/31 dt 25.11.24, akt kol dt 15.03.23, kont ICB 76/4 dt 2.5.2018,13,Ministria e Shendetesise dhe Mbrojtjes Sociale,1013902,PIU Rehabilitimit te Sisitemit Shendetesor (3535),2312105,Shpenz. per rritjen e AQT - ndertesa shendetesore,FINSO Albania,845086.00,6/3/2025 12:00:00 AM,6/5/2025 12:00:00 AM
 Tirane,17110110412025,1011041 UBT 2025-Pagese pjesore materiale laboratori,kontr ne vazhdim 2100/12 dt 8.11.24,amend 2100/25 dt 19.12.24,pvmd 2100/34 dt 5.2.25,fat 25 dt 4.2.25,fh 4 dt 5.2.25,11,Ministria e Arsimit Sportit dhe Rinise,1011041,Universiteti Bujqesor (3535),6021009,Materiale dhe pajisje labratorik e te sherbimit publik,ECCAT Environmental Consulting, Chemical Analysis & Testing,369143.00,6/3/2025 12:00:00 AM,6/5/2025 12:00:00 AM
 Tirane,17210110412025,1011041 UBT 2025-Pagese pjesore materiale laboratori,kontr ne vazhdim 2100/12 dt 8.11.24,amend 2100/25 dt 19.12.24,pvmd 2100/36 dt 13.3.25,fat 32 dt 20.2.25,fh 6 dt 20.2.25,11,Ministria e Arsimit Sportit dhe Rinise,1011041,Universiteti Bujqesor (3535),6021009,Materiale dhe pajisje labratorik e te sherbimit publik,ECCAT Environmental Consulting, Chemical Analysis & Testing,325011.00,6/3/2025 12:00:00 AM,6/5/2025 12:00:00 AM
 Tirane,17210660012025,1066001,Av Pupullit-dieta urdh 69,74/1,87,87/1,90,90/1 dt 5,9,20,23,28.05.2025 listepg,66,Avokati i Popullit,1066001,Avokati i popullit (3535),6024100,Udhetim i brendshem,BANKA CREDINS,30910.00,6/4/2025 12:00:00 AM,6/5/2025 12:00:00 AM
 Tirane,17310660012025,1066001,Av Pupullit-dieta urdh 69,74/1,87,87/1,90,90/1 dt 5,9,20,23,28.05.2025 listepg,66,Avokati i Popullit,1066001,Avokati i popullit (3535),6024100,Udhetim i brendshem,RAIFFEISEN BANK SH.A,18000.00,6/4/2025 12:00:00 AM,6/5/2025 12:00:00 AM
 Tirane,17410660012025,1066001,Av Pupullit-dieta urdh 69,74/1,87,87/1,90,90/1 dt 5,9,20,23,28.05.2025 listepg,66,Avokati i Popullit,1066001,Avokati i popullit (3535),6024100,Udhetim i brendshem,BANKA KOMBETARE TREGTARE,27500.00,6/4/2025 12:00:00 AM,6/5/2025 12:00:00 AM
 Korçe,17510160292025,1016029-DREJTORIA VENDORE E POLICISE KORCE, NDALESE PAGE PER A.LIGORI, URDHER SEKUESTRO NR.513 DT 29.02.2024, LISTEPAGESA MAJ 2025,16,Ministria e Brendshme,1016029,Drejtoria Vendore e Policise Korce (1515),6001001,Paga neto për punonjesit e miratuar në organikë,GJERGJI JANO (L34203003V),18000.00,6/4/2025 12:00:00 AM,6/5/2025 12:00:00 AM
 Korçe,17710160292025,1016029-DREJTORIA VENDORE E POLICISE KORCE, NDIHME EKONOMIKE RAST VDEKJE, SIPAS LISTE PAGESES, URDHER NR.1564 DT 21.05.2025,16,Ministria e Brendshme,1016029,Drejtoria Vendore e Policise Korce (1515),6061041,Shpenzime per situata te veshtira dhe per fatekeqesi,RAIFFEISEN BANK SH.A,80500.00,6/4/2025 12:00:00 AM,6/5/2025 12:00:00 AM
 Pogradec,17721360212025,2136021,Qendra Arsimore Bashkise likujdon paga muaji maj 2025 LP banke nr.143 dt.02.06.2025,NP=34,0,Unspecified,2136021,Qendra Arsimore Pogradec (1529),6001001,Paga neto për punonjesit e miratuar në organikë,RAIFFEISEN BANK SH.A,1778989.00,6/4/2025 12:00:00 AM,6/5/2025 12:00:00 AM
 Korçe,17810160292025,1016029-DREJTORIA VENDORE E POLICISE KORCE, NDIHME FINANCIARE FAMILJES ISH POLICIT TE VRARE, SIPAS LISTE PAGESES, URDHER DPPSH NR.705 DHE NR.709 DT 12.05.2025,16,Ministria e Brendshme,1016029,Drejtoria Vendore e Policise Korce (1515),6061099,Te tjera transferta tek individet,RAIFFEISEN BANK SH.A,182700.00,6/4/2025 12:00:00 AM,6/5/2025 12:00:00 AM
 Pogradec,17821360212025,2136021,Qendra Arsimore Bashkise likujdon paga muaji maj 2025 LP banke nr.144 dt.02.06.2025,NP=7,0,Unspecified,2136021,Qendra Arsimore Pogradec (1529),6001001,Paga neto për punonjesit e miratuar në organikë,BANKA KOMBETARE TREGTARE,454776.00,6/4/2025 12:00:00 AM,6/5/2025 12:00:00 AM
 Elbasan,17821520012025,2152001 Bashkia Belsh, Pagese per depozitimin e mbetjeve, kontrate 23.01.2025, fat nr.75/2025 dt 22.04.2025, Akt rakordim nr.1581 dt 29.04.2025, situacion 22.04.2025,0,Unspecified,2152001,Bashkia Belsh (0808),6022009,Sherbime te pastrimit dhe gjelberimit,ECO-ELB,275520.00,6/4/2025 12:00:00 AM,6/5/2025 12:00:00 AM
 Korçe,17910160292025,1016029-DREJTORIA VENDORE E POLICISE KORCE, FURNIZIM ME USHQIM, U.P NR.3 DT 14.01.2025, FT.OF., NJ.FIT. DT 16.01.2025, FAT. NR.24/2025 DT 13.05.2025, P.V M.DOREZ. DT 13.05.2025,16,Ministria e Brendshme,1016029,Drejtoria Vendore e Policise Korce (1515),6021004,Furnizime dhe sherbime me ushqim per mencat,KOTE - KO  SHPK,106080.00,6/4/2025 12:00:00 AM,6/5/2025 12:00:00 AM
 Pogradec,17921360212025,2136021,Qendra Arsimore Bashkise likujdon paga muaji maj 2025 LP banke nr.145 dt.02.06.2025,NP=8,0,Unspecified,2136021,Qendra Arsimore Pogradec (1529),6001001,Paga neto për punonjesit e miratuar në organikë,BANKA CREDINS,540065.00,6/4/2025 12:00:00 AM,6/5/2025 12:00:00 AM
 Elbasan,17921520012025,2152001 Bashkia Belsh, Pagese per depozitimin e mbetjeve, kontrate 23.01.2025, fat nr.101/2025 dt 19.05.2025, Akt rakordim nr.1901 dt 27.05.2025, situacion 19.05.2025,0,Unspecified,2152001,Bashkia Belsh (0808),6022009,Sherbime te pastrimit dhe gjelberimit,ECO-ELB,193020.00,6/4/2025 12:00:00 AM,6/5/2025 12:00:00 AM
 Mirdite,18010130792025,Drejtoria e Sherbimit Spitalor(1013079) NAFTE FAT 44752/2025 DT 26.05.2025,F-H NR 15 DT 26.05.2025,KONTRATA NR 224 DT 18.02.2025.,13,Ministria e Shendetesise dhe Mbrojtjes Sociale,1013079,Sp. Mirdite (2026),6023100,Karburant dhe vaj,KASTRATI ENERGY,811080.00,6/4/2025 12:00:00 AM,6/5/2025 12:00:00 AM
 Korçe,18010160292025,1016029-DREJTORIA VENDORE E POLICISE KORCE, GOMA MAKINE, P.V RAST EMERGJENCE DT 09.05.2025, URDHER NR.1424 DT 09.05.2025, FAT. NR.583/2025 DT 09.05.2025, F.H NR.14 DT 09.05.2025, P.V M.DOREZ. DT 09.05.2025,16,Ministria e Brendshme,1016029,Drejtoria Vendore e Policise Korce (1515),6023200,Pjese kembimi, goma dhe bateri,QAFZEZI SH.P.K,88000.00,6/4/2025 12:00:00 AM,6/5/2025 12:00:00 AM
 Korçe,18021220172025,2122017 N.SH.M.A.C. KORCE, NDALESE PAGE E MUAJII  MAJ 2025 SIPAS URDHERIT NR.1397 PROT.,NR.202 PROT.DT.25.11.2024,URDHER NR.44 DT.03.06.2025,0,Unspecified,2122017,Drejtoria Mbeshtetese e Arsimit Bashkia Korce (1515),6001001,Paga neto për punonjesit e miratuar në organikë,Ergys Sinani,13000.00,6/4/2025 12:00:00 AM,6/5/2025 12:00:00 AM
 Pogradec,18021360212025,2136021,Qendra Arsimore Bashkise likujdon paga muaji maj 2025 LP banke nr.146 dt.02.06.2025,NP=1,0,Unspecified,2136021,Qendra Arsimore Pogradec (1529),6001001,Paga neto për punonjesit e miratuar në organikë,Banka OTP Albania,59137.00,6/4/2025 12:00:00 AM,6/5/2025 12:00:00 AM
 Kruje,1810140262025,2025-Zyra Permbarimore Vendore Kruje Paga neto per punonjesit muaji Maj 2025 list pag dt03.06.2025,14,Ministria e Drejtesise,1014026,Zyra Përmbarimore Vendore Krujë (0716),6001001,Paga neto për punonjesit e miratuar në organikë,RAIFFEISEN BANK SH.A,212885.00,6/4/2025 12:00:00 AM,6/5/2025 12:00:00 AM
 Tirane,18110130502025,1013050 SUOGJMbretereshaGeraldine - urdher i sindikates, urdher i brendhsem nr 280 dt 13.12.2019, bordero Maj 2025,13,Ministria e Shendetesise dhe Mbrojtjes Sociale,1013050,Materniteti Tirane (3535),6001001,Paga neto për punonjesit e miratuar në organikë,QENDRA EKONOMIKE E KSSH,1300.00,6/4/2025 12:00:00 AM,6/5/2025 12:00:00 AM
 Korçe,18110160292025,1016029-DREJTORIA VENDORE E POLICISE KORCE, MIREMBAJTJE MJETE TRANSPORTI, KONTR. NR.2239 DT 19.03.2024, FAT. NR.5135/2025, 5137/2025, 5144/2025, 5145/2024, 5146/2025, 5175/2025, 5179/2025, 5330/2025 DHE P.V M.DOREZ DT 09/10/12/15/26.05.2025,16,Ministria e Brendshme,1016029,Drejtoria Vendore e Policise Korce (1515),6025600,Shpenzime per mirembajtjen e mjeteve te transportit,KADIU,201240.00,6/4/2025 12:00:00 AM,6/5/2025 12:00:00 AM
 Korçe,18121220172025,2122017 N.SH.M.A.C. KORCE, NDALESE PAGE E MUAJIT MAJ 2025 SIPAS VENDIMIT NR.2097 PROT.DT.15.04.2024,URDHER NR.45 DT.03.06.2025,0,Unspecified,2122017,Drejtoria Mbeshtetese e Arsimit Bashkia Korce (1515),6001001,Paga neto për punonjesit e miratuar në organikë,ZYRA E PERMBARIMIT - KORCE,15000.00,6/4/2025 12:00:00 AM,6/5/2025 12:00:00 AM
 Pogradec,18121360212025,2136021,Qendra Arsimore Bashkise likujdon paga muaji maj 2025 LP banke nr.147 dt.02.06.2025,NP=1,0,Unspecified,2136021,Qendra Arsimore Pogradec (1529),6001001,Paga neto për punonjesit e miratuar në organikë,UNION BANK SHA,56499.00,6/4/2025 12:00:00 AM,6/5/2025 12:00:00 AM
 Korçe,18221220172025,2122017 N.SH.M.A.C KORCE, SINDIKATA MUAJI MAJ 2025,SIPAS KONTRATES DT.28.09.2023, URDHER NR.46  DT.03.06.2025,0,Unspecified,2122017,Drejtoria Mbeshtetese e Arsimit Bashkia Korce (1515),6001001,Paga neto për punonjesit e miratuar në organikë,SINDIKATA E PAVARUR E ARSIMIT SHQIPTAR,6600.00,6/4/2025 12:00:00 AM,6/5/2025 12:00:00 AM
 Korçe,18321220172025,2122017 N.SH.M.A.C KORCE, SINDIKATA MUAJI  MAJ 2025,SIPAS KONTRATES DT.28.09.2023, URDHER NR.47 DT.03.06.2025,0,Unspecified,2122017,Drejtoria Mbeshtetese e Arsimit Bashkia Korce (1515),6001001,Paga neto për punonjesit e miratuar në organikë,FED.SIND.ARSIM.&SHKENC.SHQIP.(F.S.A.SH.),7500.00,6/4/2025 12:00:00 AM,6/5/2025 12:00:00 AM
 Pogradec,18421360212025,2136021,Qendra Arsimore Bashkise likujdon pagese largesie muaji maj 2025,LP nr.150 dt.02.06.2025,0,Unspecified,2136021,Qendra Arsimore Pogradec (1529),6061099,Te tjera transferta tek individet,BANKA E TIRANES,33014.00,6/4/2025 12:00:00 AM,6/5/2025 12:00:00 AM
 Fier,18521110182025,Qendra Ekonomike e Arsimit Fier 2111018 qera objekti listepagesa,0,Unspecified,2111018,Qendra Ekonomike Arsimit (0909),6026100,Shpenzime per qiramarrje ambjentesh,BANKA CREDINS,177924.00,6/4/2025 12:00:00 AM,6/5/2025 12:00:00 AM
 Korçe,1852122017,2122017,NDERMARRJA E SHERBIMEVE MBESHTETESE E ARSIMIT  KORCE, DIETA  MUAJI MAJ 2025,URDHER I BRENDSHEM NR.49 DT.04.06.2025,SIPAS LISTPAGESES,0,Unspecified,2122017,Drejtoria Mbeshtetese e Arsimit Bashkia Korce (1515),6024100,Udhetim i brendshem,BANKA CREDINS,13800.00,6/4/2025 12:00:00 AM,6/5/2025 12:00:00 AM
 Pogradec,18521360212025,2136021,Qendra Arsimore Bashkise likujdon pagese largesie muaji maj 2025,LP nr.151 dt.02.06.2025,0,Unspecified,2136021,Qendra Arsimore Pogradec (1529),6061099,Te tjera transferta tek individet,RAIFFEISEN BANK SH.A,21600.00,6/4/2025 12:00:00 AM,6/5/2025 12:00:00 AM
 Elbasan,18521520012025,2152001 Bashkia Belsh, Shpnzim siguracioni, fature nr.54489/2025 dt 27.05.2025,0,Unspecified,2152001,Bashkia Belsh (0808),6023300,Shpenzimet e siguracionit te mjeteve te transportit,INTERSIG VIENNA INSURANCE GROUP,28335.00,6/4/2025 12:00:00 AM,6/5/2025 12:00:00 AM
 Pogradec,18621360212025,2136021,Qendra Arsimore Bashkise likujdon pagese largesie muaji maj 2025,LP nr.152 dt.02.06.2025,0,Unspecified,2136021,Qendra Arsimore Pogradec (1529),6061099,Te tjera transferta tek individet,Banka OTP Albania,78055.00,6/4/2025 12:00:00 AM,6/5/2025 12:00:00 AM
 Elbasan,18621520012025,2152001 Bashkia Belsh, Shpnzim siguracioni, fature nr.34801/2025 dt 11.04.2025,0,Unspecified,2152001,Bashkia Belsh (0808),6023300,Shpenzimet e siguracionit te mjeteve te transportit,INTERSIG VIENNA INSURANCE GROUP,43187.00,6/4/2025 12:00:00 AM,6/5/2025 12:00:00 AM
 Pogradec,18721360212025,2136021,Qendra Arsimore Bashkise likujdon pagese largesie muaji maj 2025,LP nr.153 dt.02.06.2025,0,Unspecified,2136021,Qendra Arsimore Pogradec (1529),6061099,Te tjera transferta tek individet,BANKA CREDINS,12273.00,6/4/2025 12:00:00 AM,6/5/2025 12:00:00 AM
 Pogradec,18821360212025,2136021,Qendra Arsimore Bashkise likujdon pagese largesie muaji maj 2025,LP nr.154 dt.02.06.2025,0,Unspecified,2136021,Qendra Arsimore Pogradec (1529),6061099,Te tjera transferta tek individet,Banka OTP Albania,2700.00,6/4/2025 12:00:00 AM,6/5/2025 12:00:00 AM
 Elbasan,18821520012025,2152001 Bashkia Belsh, Shpenzim pjesmarrje ne panairin "Agriculture Days 2025", kerkese per mbeshtetje nr.323 dt 22.04.2025, Marr pjesemarrje nr.1533 dt 25.04.2025, fat nr.104/2025 dt 22.04.2025,0,Unspecified,2152001,Bashkia Belsh (0808),6022099,Sherbime te tjera,Iceberg Exhibitions,72000.00,6/4/2025 12:00:00 AM,6/5/2025 12:00:00 AM
 Tirane,18910160032025,1016003 AST, Pagese studenteve maj 25, urdher Drejt Pergj Policise Shtetit 1345 dt 3.10.24, list pag,16,Ministria e Brendshme,1016003,Akademia e Sigurise Tirane (3535),6061099,Te tjera transferta tek individet,BANKA E TIRANES,5600000.00,6/4/2025 12:00:00 AM,6/5/2025 12:00:00 AM
 Tirane,18910300012025,1030001 - Gjykata Kushtetuese 2025 ,lik pension vullnetar , kont nr.1019271 , listpag dt 2.6.25,30,Gjykata Kushtetuese,1030001,Gjykata Kushtetuese (3535),6001001,Paga neto për punonjesit e miratuar në organikë,CREDINS INVEST-sh.a-Shoqeri administruese e Fondeve te Pensionit dhe Sipermarrjeve te Investimeve Kolektive.,5000.00,6/4/2025 12:00:00 AM,6/5/2025 12:00:00 AM
 Pogradec,18921360212025,2136021,Qendra Arsimore Bashkise likujdon pagese largesie muaji maj 2025,LP nr.155 dt.02.06.2025,0,Unspecified,2136021,Qendra Arsimore Pogradec (1529),6061099,Te tjera transferta tek individet,UNION BANK SHA,2700.00,6/4/2025 12:00:00 AM,6/5/2025 12:00:00 AM
 Tirane,19010160032025,1016003 AST, Pagese studenteve maj 25, urdher Drejt Pergj Policise Shtetit 1345 dt 3.10.24, list pag,16,Ministria e Brendshme,1016003,Akademia e Sigurise Tirane (3535),6061099,Te tjera transferta tek individet,RAIFFEISEN BANK SH.A,2240000.00,6/4/2025 12:00:00 AM,6/5/2025 12:00:00 AM
 Tirane,19110160032025,1016003 AST, Pagese studenteve maj 25, urdher Drejt Pergj Policise Shtetit 1345 dt 3.10.24, list pag,16,Ministria e Brendshme,1016003,Akademia e Sigurise Tirane (3535),6061099,Te tjera transferta tek individet,BANKA KOMBETARE TREGTARE,1190000.00,6/4/2025 12:00:00 AM,6/5/2025 12:00:00 AM
 Tirane,19210160032025,1016003 AST, Pagese studenteve maj 25, urdher Drejt Pergj Policise Shtetit 1345 dt 3.10.24, list pag,16,Ministria e Brendshme,1016003,Akademia e Sigurise Tirane (3535),6061099,Te tjera transferta tek individet,BANKA CREDINS,1120000.00,6/4/2025 12:00:00 AM,6/5/2025 12:00:00 AM
 Tirane,19310130502025,1013050 SUOGJMbretereshaGeraldine - blerje medikamente, mk nr 2326/19 dt 7.8.24, autoriz nr 2326/22 dt 8.8.24, kont. nr 363/5 dt 22.05.25, ft nr 89312 dt 28.05.25, fh nr 48 dt 28.05.25, pv nr 363/8 dt 28.05.25,13,Ministria e Shendetesise dhe Mbrojtjes Sociale,1013050,Materniteti Tirane (3535),6021003,Ilaçe dhe materiale mjeksore,I L M A,81552.00,6/4/2025 12:00:00 AM,6/5/2025 12:00:00 AM
 Tirane,19310160032025,1016003 AST, Pagese studenteve maj 25, urdher Drejt Pergj Policise Shtetit 1345 dt 3.10.24, list pag,16,Ministria e Brendshme,1016003,Akademia e Sigurise Tirane (3535),6001001,Paga neto për punonjesit e miratuar në organikë,INTESA SANPAOLO BANK ALBANIA,700000.00,6/4/2025 12:00:00 AM,6/5/2025 12:00:00 AM
 Gjirokaster,19410111082025,1011108 Universiteti E.Cabej. Pritje percjellje aktiviteti, Fatur 88 dt 28.05.2025, Axhende aktiviteti.,11,Ministria e Arsimit Sportit dhe Rinise,1011108,Universitet "E. Çabej", Gjirokaster (1111),6029001,Shpenzime per pritje e percjellje,S.H.S KODRA 2015,38500.00,6/4/2025 12:00:00 AM,6/5/2025 12:00:00 AM
 Tirane,19410130502025,1013050 SUOGJMbretereshaGeraldine - blerje medikamente, mk nr 2326/19 dt 7.8.24, autoriz nr 2326/22 dt 8.8.24, kont. nr 340/5 dt 22.05.25, ft nr 89263 dt 28.05.25, fh nr 50 dt 28.05.25, pv nr 340/8 dt 28.05.25,13,Ministria e Shendetesise dhe Mbrojtjes Sociale,1013050,Materniteti Tirane (3535),6021003,Ilaçe dhe materiale mjeksore,I L M A,16870.00,6/4/2025 12:00:00 AM,6/5/2025 12:00:00 AM
 Tirane,19410160032025,1016003 AST, Pagese kursanteve patrulle maj 25, vkm 4 dt 9.1.2025, urdher Drejt Pergj Policise Shtetit 151 dt 20.1.25, list pag,16,Ministria e Brendshme,1016003,Akademia e Sigurise Tirane (3535),6061099,Te tjera transferta tek individet,BANKA E TIRANES,3368000.00,6/4/2025 12:00:00 AM,6/5/2025 12:00:00 AM
 Gjirokaster,19510111082025,1011108 Universiteti E.Cabej. Pritje percjellje aktiviteti, Fatur 07 dt 28.05.2025, Axhende aktiviteti.,11,Ministria e Arsimit Sportit dhe Rinise,1011108,Universitet "E. Çabej", Gjirokaster (1111),6029001,Shpenzime per pritje e percjellje,Eristjan Bejko,24000.00,6/4/2025 12:00:00 AM,6/5/2025 12:00:00 AM
 Durres,19521080012025,2108001/ BASHKIA SHIJAK / RIPARIM MJET TRAKTOR FAT 352 DT 28.05.2025,0,Unspecified,2108001,Bashkia Shijak (0707),6022099,Sherbime te tjera,Hydrodynamic Systems,66244.00,6/4/2025 12:00:00 AM,6/5/2025 12:00:00 AM
 Permet,19521540012025,BASHKIA KELCYRE PAGA MAJ 2025,0,Unspecified,2154001,Bashkia Kelcyre (1128),6001001,Paga neto për punonjesit e miratuar në organikë,RAIFFEISEN BANK SH.A,649487.00,6/4/2025 12:00:00 AM,6/5/2025 12:00:00 AM
 Gjirokaster,19610111082025,1011108 Universiteti E.Cabej. Pritje percjellje aktiviteti, Fatur 01 dt 29.05.2025, Axhende aktiviteti.,11,Ministria e Arsimit Sportit dhe Rinise,1011108,Universitet "E. Çabej", Gjirokaster (1111),6029001,Shpenzime per pritje e percjellje,Romeo Corro,30000.00,6/4/2025 12:00:00 AM,6/5/2025 12:00:00 AM
 Tirane,19610130502025,1013050 SUOGJMbretereshaGeraldine - blerje medikamente, mk nr 2326/19 dt 7.8.24, autoriz nr 2326/22 dt 8.8.24, kont. nr 139/5 dt 25.04.25, ft nr 89254 dt 28.05.25, fh nr 51 dt 28.05.25, pv nr 139/8 dt 28.05.25,13,Ministria e Shendetesise dhe Mbrojtjes Sociale,1013050,Materniteti Tirane (3535),6021003,Ilaçe dhe materiale mjeksore,I L M A,3337.00,6/4/2025 12:00:00 AM,6/5/2025 12:00:00 AM
 Gjirokaster,19610160282025,1016028 Drejtoria vendore e policise Gj terheqje me cek fond sekret  nga Esmeralda Veizi I56030071C,16,Ministria e Brendshme,1016028,Drejtoria Vendore e Policise Gjirokaster (1111),6061099,Te tjera transferta tek individet,TIRANA  BANK,50000.00,6/4/2025 12:00:00 AM,6/5/2025 12:00:00 AM
 Durres,19621080012025,2108001/ BASHKIA SHIJAK / NDIHMA EKONOMIKE SIPAS LISTEPAGESES,0,Unspecified,2108001,Bashkia Shijak (0707),6061041,Shpenzime per situata te veshtira dhe per fatekeqesi,POSTA SHQIPTARE SH.A,175600.00,6/4/2025 12:00:00 AM,6/5/2025 12:00:00 AM
 Permet,19621540012025,BASHKIA KELCYRE PAGA MAJ 2025,0,Unspecified,2154001,Bashkia Kelcyre (1128),6001001,Paga neto për punonjesit e miratuar në organikë,RAIFFEISEN BANK SH.A,3233184.00,6/4/2025 12:00:00 AM,6/5/2025 12:00:00 AM
 Tirane,19710130502025,1013050 SUOGJMbretereshaGeraldine - blerje medikamente, mk nr 2326/21 dt 7.8.24, autoriz nr 2696/26 dt 12.08.24, kont. nr 339/5 dt 19.05.25, ft nr 5117 dt 27.05.25, fh nr 44 dt 27.05.25, pv nr 339/8 dt 28.05.25,13,Ministria e Shendetesise dhe Mbrojtjes Sociale,1013050,Materniteti Tirane (3535),6021003,Ilaçe dhe materiale mjeksore,winpharma,1498.00,6/4/2025 12:00:00 AM,6/5/2025 12:00:00 AM
 Gjirokaster,19710160282025,1016028 Drejtoria vendore e policise Gj kuotizacione  maj 2025,16,Ministria e Brendshme,1016028,Drejtoria Vendore e Policise Gjirokaster (1111),6001001,Paga neto për punonjesit e miratuar në organikë,SINDIKATA PUNONJESVE POLICISE SHTETIT,166800.00,6/4/2025 12:00:00 AM,6/5/2025 12:00:00 AM
 Durres,19721080012025,2108001/ BASHKIA SHIJAK / PAG ME KONTRATE SIPAS LISTEPAGESES,0,Unspecified,2108001,Bashkia Shijak (0707),6021099,Te tjera materiale dhe sherbime speciale,BANKA CREDINS,17000.00,6/4/2025 12:00:00 AM,6/5/2025 12:00:00 AM
 Permet,19721540012025,BASHKIA KELCYRE PAGA MAJ 2025,0,Unspecified,2154001,Bashkia Kelcyre (1128),6001001,Paga neto për punonjesit e miratuar në organikë,BANKA E TIRANES,41203.00,6/4/2025 12:00:00 AM,6/5/2025 12:00:00 AM
 Permet,19821540012025,BASHKIA KELCYRE PAGA MAJ 2025,0,Unspecified,2154001,Bashkia Kelcyre (1128),6001001,Paga neto për punonjesit e miratuar në organikë,RAIFFEISEN BANK SH.A,84814.00,6/4/2025 12:00:00 AM,6/5/2025 12:00:00 AM
 Gjirokaster,19910111082025,1011108 Universiteti E.Cabej. Pritje percjellje aktiviteti, Fatur 01 dt 27.05.2025, Axhende aktiviteti.,11,Ministria e Arsimit Sportit dhe Rinise,1011108,Universitet "E. Çabej", Gjirokaster (1111),6029001,Shpenzime per pritje e percjellje,Fatmir Lani,14950.00,6/4/2025 12:00:00 AM,6/5/2025 12:00:00 AM
 Permet,19921540012025,BASHKIA KELCYRE PAGA MAJ 2025,16,Ministria e Brendshme,2154001,Bashkia Kelcyre (1128),6001001,Paga neto për punonjesit e miratuar në organikë,RAIFFEISEN BANK SH.A,347313.00,6/4/2025 12:00:00 AM,6/5/2025 12:00:00 AM
 Gjirokaster,20010111082025,1011108 Universiteti E.Cabej. Paga Senati, Listepages.,11,Ministria e Arsimit Sportit dhe Rinise,1011108,Universitet "E. Çabej", Gjirokaster (1111),6028100,Shpenzime per kuota qe rrjedhin nga detyrimet,RAIFFEISEN BANK SH.A,988000.00,6/4/2025 12:00:00 AM,6/5/2025 12:00:00 AM
 Permet,20021540012025,BASHKIA KELCYRE PAGA MAJ 2025,0,Unspecified,2154001,Bashkia Kelcyre (1128),6001001,Paga neto për punonjesit e miratuar në organikë,RAIFFEISEN BANK SH.A,125741.00,6/4/2025 12:00:00 AM,6/5/2025 12:00:00 AM
 Gjirokaster,20110111082025,1011108 Universiteti E.Cabej. Paga Senati, Listepages.,11,Ministria e Arsimit Sportit dhe Rinise,1011108,Universitet "E. Çabej", Gjirokaster (1111),6028100,Shpenzime per kuota qe rrjedhin nga detyrimet,INTESA SANPAOLO BANK ALBANIA,140000.00,6/4/2025 12:00:00 AM,6/5/2025 12:00:00 AM
 Permet,20121540012025,BASHKIA KELCYRE PAGA MAJ 2025,0,Unspecified,2154001,Bashkia Kelcyre (1128),6001001,Paga neto për punonjesit e miratuar në organikë,RAIFFEISEN BANK SH.A,497280.00,6/4/2025 12:00:00 AM,6/5/2025 12:00:00 AM
 Gjirokaster,20124520012025,2452001 Bashkia Dropull. Pagat Maj 2025, Listepages.,0,Unspecified,2452001,Bashkia Dropull (1111),6001001,Paga neto për punonjesit e miratuar në organikë,TIRANA  BANK,8001013.00,6/4/2025 12:00:00 AM,6/5/2025 12:00:00 AM
 Gjirokaster,20210111082025,1011108 Universiteti E.Cabej Listepagese,pages senati maj 2025,11,Ministria e Arsimit Sportit dhe Rinise,1011108,Universitet "E. Çabej", Gjirokaster (1111),6028100,Shpenzime per kuota qe rrjedhin nga detyrimet,BANKA KOMBETARE TREGTARE,165000.00,6/4/2025 12:00:00 AM,6/5/2025 12:00:00 AM
 Permet,20221540012025,BASHKIA KELCYRE PAGA MAJ 2025,0,Unspecified,2154001,Bashkia Kelcyre (1128),6001001,Paga neto për punonjesit e miratuar në organikë,RAIFFEISEN BANK SH.A,611126.00,6/4/2025 12:00:00 AM,6/5/2025 12:00:00 AM
 Gjirokaster,20224520012025,2452001 Bashkia Dropull. Pagat Maj 2025, Listepages.,0,Unspecified,2452001,Bashkia Dropull (1111),6001001,Paga neto për punonjesit e miratuar në organikë,INTESA SANPAOLO BANK ALBANIA,363856.00,6/4/2025 12:00:00 AM,6/5/2025 12:00:00 AM
 Gjirokaster,20310111082025,1011108 Universiteti E.Cabej Liste pagese,pagese senati maj 2025.,11,Ministria e Arsimit Sportit dhe Rinise,1011108,Universitet "E. Çabej", Gjirokaster (1111),6028100,Shpenzime per kuota qe rrjedhin nga detyrimet,Banka OTP Albania,77000.00,6/4/2025 12:00:00 AM,6/5/2025 12:00:00 AM
 Permet,20321540012025,BASHKIA KELCYRE PAGA MAJ 2025,13,Ministria e Shendetesise dhe Mbrojtjes Sociale,2154001,Bashkia Kelcyre (1128),6061099,Te tjera transferta tek individet,RAIFFEISEN BANK SH.A,153648.00,6/4/2025 12:00:00 AM,6/5/2025 12:00:00 AM
 Gjirokaster,20324520012025,2452001 Bashkia Dropull. Pagat Maj 2025, Listepages.,0,Unspecified,2452001,Bashkia Dropull (1111),6001001,Paga neto për punonjesit e miratuar në organikë,BANKA KOMBETARE TREGTARE,441705.00,6/4/2025 12:00:00 AM,6/5/2025 12:00:00 AM
 Mirdite,20410130792025,Drejtoria e Sherbimit Spitalor(1013079) PAGE MJEKU MAJ 2025.,13,Ministria e Shendetesise dhe Mbrojtjes Sociale,1013079,Sp. Mirdite (2026),6001001,Paga neto për punonjesit e miratuar në organikë,Banka OTP Albania,8500.00,6/4/2025 12:00:00 AM,6/5/2025 12:00:00 AM
 Durres,20421080012025,2108001/ BASHKIA SHIJAK / PAG KESHILL KULTURE SIPAS LISTEPAGESE,0,Unspecified,2108001,Bashkia Shijak (0707),6021099,Te tjera materiale dhe sherbime speciale,BANKA CREDINS,76500.00,6/4/2025 12:00:00 AM,6/5/2025 12:00:00 AM
 Permet,20421540012025,BASHKIA KELCYRE PAGA MAJ 2025,0,Unspecified,2154001,Bashkia Kelcyre (1128),6001001,Paga neto për punonjesit e miratuar në organikë,RAIFFEISEN BANK SH.A,161879.00,6/4/2025 12:00:00 AM,6/5/2025 12:00:00 AM
 Gjirokaster,20424520012025,2452001 Bashkia Dropull. Pagat Maj 2025, Listepages.,0,Unspecified,2452001,Bashkia Dropull (1111),6001001,Paga neto për punonjesit e miratuar në organikë,RAIFFEISEN BANK SH.A,894576.00,6/4/2025 12:00:00 AM,6/5/2025 12:00:00 AM
 Gjirokaster,20510111082025,1011108 Universiteti E.Cabej Posta,fatura nr.980/2025 dt.02.06.2025.,11,Ministria e Arsimit Sportit dhe Rinise,1011108,Universitet "E. Çabej", Gjirokaster (1111),6022004,Posta dhe sherbimi korrier,POSTA SHQIPTARE SH.A,5800.00,6/4/2025 12:00:00 AM,6/5/2025 12:00:00 AM
 Permet,20521540012025,BASHKIA KELCYRE PAGA MAJ 2025,0,Unspecified,2154001,Bashkia Kelcyre (1128),6001001,Paga neto për punonjesit e miratuar në organikë,RAIFFEISEN BANK SH.A,959040.00,6/4/2025 12:00:00 AM,6/5/2025 12:00:00 AM
 Gjirokaster,20524520012025,2452001 Bashkia Dropull. Pagat Maj 2025, Listepages.,0,Unspecified,2452001,Bashkia Dropull (1111),6001001,Paga neto për punonjesit e miratuar në organikë,BANKA AMERIKANE E INVESTIMEVE SHA	,119721.00,6/4/2025 12:00:00 AM,6/5/2025 12:00:00 AM
 Durres,20610110072025,1011007/ ZVA DURRES/ BL TONERA UP 39 DT 22.5.2025 LIK FAT 67,11,Ministria e Arsimit Sportit dhe Rinise,1011007,Zyra Vendore Arsimore, Durrës (0707),6020100,Kancelari,Printing Opportunity,120000.00,6/4/2025 12:00:00 AM,6/5/2025 12:00:00 AM
 Gjirokaster,20610111082025,1011108 Universiteti E.Cabej Pagese interneti,fatura nr.553442 dt.03.06.2025,11,Ministria e Arsimit Sportit dhe Rinise,1011108,Universitet "E. Çabej", Gjirokaster (1111),6022003,Sherbime telefonike,ONE ALBANIA,1200.00,6/4/2025 12:00:00 AM,6/5/2025 12:00:00 AM
 Sarande,20610130842025,Lik sherbim interneti,fat nr 270,228 dat 08.05.2025,urdher prokur nr 29 dat 25.02.2025,proces verbal dat 25.02.2025,formular oferte ekonomike,kontrat nr 378 dat 28.03.2025 per Spitalin Sr 2025,13,Ministria e Shendetesise dhe Mbrojtjes Sociale,1013084,Sp. Sarande (3731),6022099,Sherbime te tjera,APT CABLE,19200.00,6/3/2025 12:00:00 AM,6/5/2025 12:00:00 AM
 Tirane,20610161102025,1016110 AMP, paga Maj, plan 170 fakt  2  vkm 321 dt 31.5.23, listepagesa,16,Ministria e Brendshme,1016110,Agjencia e Mbikëqyrjes Policore (AMP) (3535),6001001,Paga neto për punonjesit e miratuar në organikë,INTESA SANPAOLO BANK ALBANIA,119100.00,6/4/2025 12:00:00 AM,6/5/2025 12:00:00 AM
 Permet,20621540012025,BASHKIA KELCYRE PAGA MAJ 2025,0,Unspecified,2154001,Bashkia Kelcyre (1128),6001001,Paga neto për punonjesit e miratuar në organikë,BANKA E TIRANES,35520.00,6/4/2025 12:00:00 AM,6/5/2025 12:00:00 AM
 Gjirokaster,20624520012025,2452001 Bashkia Dropull. Pagat Maj 2025, Listepages.,16,Ministria e Brendshme,2452001,Bashkia Dropull (1111),6001001,Paga neto për punonjesit e miratuar në organikë,TIRANA  BANK,233081.00,6/4/2025 12:00:00 AM,6/5/2025 12:00:00 AM
 Gjirokaster,20710111082025,1011108 Universiteti E.Cabej Pagese uji,fatura nr.150888 dt.02.06.2025,kontrata nr.46017.,11,Ministria e Arsimit Sportit dhe Rinise,1011108,Universitet "E. Çabej", Gjirokaster (1111),6022002,Uje,SHOQËRIA RAJONALE UJËSJELLËS KANALIZIME GJIROKASTËR SH.A,4032.00,6/4/2025 12:00:00 AM,6/5/2025 12:00:00 AM
 Fier,20721130012025,2113001 Bashkia Roskovec Kontrata nr.1284 dt.17.02.2025, Proces verbal i marjes ne dorzim dt.27.05.2025, Fatura nr.59 dt.27.05.2025, F-H nr.49 dt.27.05,0,Unspecified,2113001,Bashkia Roskovec (0909),6020900,Furnizime dhe materiale te tjera zyre dhe te pergjishme,BESIM KAMBERI	,37800.00,6/4/2025 12:00:00 AM,6/5/2025 12:00:00 AM
 Gjirokaster,20724520012025,2452001 Bashkia Dropull. Pagat Maj 2025, Listepages.,0,Unspecified,2452001,Bashkia Dropull (1111),6001001,Paga neto për punonjesit e miratuar në organikë,BANKA CREDINS,137220.00,6/4/2025 12:00:00 AM,6/5/2025 12:00:00 AM
 Gjirokaster,20810111082025,1011108 Universiteti E.Cabej Pagese, pritje percjellje fatura nr.95/2025 dt.30.05.2025.,11,Ministria e Arsimit Sportit dhe Rinise,1011108,Universitet "E. Çabej", Gjirokaster (1111),6029001,Shpenzime per pritje e percjellje,S.H.S KODRA 2015,49000.00,6/4/2025 12:00:00 AM,6/5/2025 12:00:00 AM
 Permet,20821540012025,BASHKIA KELCYRE PAGA MAJ 2025,0,Unspecified,2154001,Bashkia Kelcyre (1128),6001001,Paga neto për punonjesit e miratuar në organikë,RAIFFEISEN BANK SH.A,2682193.00,6/4/2025 12:00:00 AM,6/5/2025 12:00:00 AM
 Gjirokaster,20824520012025,2452001 Bashkia Dropull. Pagat projekti PAK Maj 2025, Listepages.,13,Ministria e Shendetesise dhe Mbrojtjes Sociale,2452001,Bashkia Dropull (1111),6061041,Shpenzime per situata te veshtira dhe per fatekeqesi,TIRANA  BANK,83399.00,6/4/2025 12:00:00 AM,6/5/2025 12:00:00 AM
 Tirane,20910161102025,1016110 AMP, shp. ekzekutim vendimi M.Olldashi , Vendime Gjyqesor nr 858 dt 22.05.2024, Urdher nr 63 dt 29.01.2025, listepagese	,16,Ministria e Brendshme,1016110,Agjencia e Mbikëqyrjes Policore (AMP) (3535),6027400,Shpenzime per ekzekutim te vendimeve gjyqesore per largim nga puna,BANKA AMERIKANE E INVESTIMEVE SHA	,32015.00,6/4/2025 12:00:00 AM,6/5/2025 12:00:00 AM
 Gjirokaster,20924520012025,2452001 Bashkia Dropull. Pagat projekti PAK Maj 2025, Listepages.,13,Ministria e Shendetesise dhe Mbrojtjes Sociale,2452001,Bashkia Dropull (1111),6061041,Shpenzime per situata te veshtira dhe per fatekeqesi,BANKA KOMBETARE TREGTARE,40202.00,6/4/2025 12:00:00 AM,6/5/2025 12:00:00 AM
 Gjirokaster,21124520012025,2452001 Bashkia Dropull. Pagat keshilli Maj 2025, Listepages.,0,Unspecified,2452001,Bashkia Dropull (1111),6029006,Shpenzime kompesimi per anetaret e parlamentit dhe zyrtare te tjera te zgjedhur,TIRANA  BANK,905633.00,6/4/2025 12:00:00 AM,6/5/2025 12:00:00 AM
 Fier,21321130012025,2113001 Bashkia Roskovec Blerje Blerje materiale per qendren PAK U.P nr.12 dt.27.01.2025, Procesverbal dt.17.04.2025 fatura nr.22 dt.17.04.2025, F-H nr.31 dt.17.04.2025,0,Unspecified,2113001,Bashkia Roskovec (0909),6021099,Te tjera materiale dhe sherbime speciale,BREGU COMPANY,68400.00,6/4/2025 12:00:00 AM,6/5/2025 12:00:00 AM
 Vlore,21321600012025,2160001 BASHKIA HIMARE KERKESE PER APLIKIM NR 22335, FAT NR 22216 DT 28.05.2025,0,Unspecified,2160001,Bashkia Himare (3737),6022099,Sherbime te tjera,Drejtoria Vendore e ASHK se Vlore,3500.00,6/4/2025 12:00:00 AM,6/5/2025 12:00:00 AM
 Gjirokaster,21324520012025,2452001 Bashkia Dropull. Siguracion mjeti, Fatur 79333 dt 15.05.2025, Urdher prokurim 13 dt 05.05.2025, Ftes oferte, Njoftim fituesi.,0,Unspecified,2452001,Bashkia Dropull (1111),6023900,Shpenzime te tjera transporti,EUROSIG SHA,64350.00,6/4/2025 12:00:00 AM,6/5/2025 12:00:00 AM
 Fier,21421130012025,2113001 Bashkia Roskovec Blerje Blerje mallrash per kafen e gjyshes U.P nr.13 dt.27.01.2025, Procesverbal dt.15.05.2025 fatura nr.38 dt.15.05.2025, F-H nr.45 dt.15.05.2025,0,Unspecified,2113001,Bashkia Roskovec (0909),6021099,Te tjera materiale dhe sherbime speciale,BREGU COMPANY,23580.00,6/4/2025 12:00:00 AM,6/5/2025 12:00:00 AM
 Vlore,21421600012025,2160001 BASHKIA HIMARE KERKESE PER APLIKIM NR 22351, FAT NR 22232 DT 28.05.2025,0,Unspecified,2160001,Bashkia Himare (3737),6022099,Sherbime te tjera,Drejtoria Vendore e ASHK se Vlore,3500.00,6/4/2025 12:00:00 AM,6/5/2025 12:00:00 AM
 Fier,21521130012025,2113001 Bashkia Roskovec Paga maj/2025 sipas listepagrses,0,Unspecified,2113001,Bashkia Roskovec (0909),6001001,Paga neto për punonjesit e miratuar në organikë,RAIFFEISEN BANK SH.A,11834541.00,6/4/2025 12:00:00 AM,6/5/2025 12:00:00 AM
 Vlore,21521600012025,2160001 BASHKIA HIMARE KERKESE PER APLIKIM NR 22355, FAT NR 22236 DT 28.05.2025,0,Unspecified,2160001,Bashkia Himare (3737),6022099,Sherbime te tjera,Drejtoria Vendore e ASHK se Vlore,6500.00,6/4/2025 12:00:00 AM,6/5/2025 12:00:00 AM
 Gjirokaster,21524520012025,2452001 Bashkia Dropull. Kontroll teknik mjeti, Fatur 9282 dt 23.05.2025.,0,Unspecified,2452001,Bashkia Dropull (1111),6023900,Shpenzime te tjera transporti,DREJT. PERGJ. E SHERB. TRANS. RRUG.,3200.00,6/4/2025 12:00:00 AM,6/5/2025 12:00:00 AM
 Fier,21621130012025,2113001 Bashkia Roskovec Paga maj/2025 sipas listepagrses,16,Ministria e Brendshme,2113001,Bashkia Roskovec (0909),6001001,Paga neto për punonjesit e miratuar në organikë,RAIFFEISEN BANK SH.A,353793.00,6/4/2025 12:00:00 AM,6/5/2025 12:00:00 AM
 Vlore,21621600012025,2160001 BASHKIA HIMARE KERKESE PER APLIKIM NR 22360, FAT NR 22241 DT 28.05.2025,0,Unspecified,2160001,Bashkia Himare (3737),6022099,Sherbime te tjera,Drejtoria Vendore e ASHK se Vlore,6500.00,6/4/2025 12:00:00 AM,6/5/2025 12:00:00 AM
 Gjirokaster,21624520012025,2452001 Bashkia Dropull. Grumbullim mbetjesh urbane Kont.1428, Fatur 2 dt 23.05.2025, Situacion sherbimi 2.,0,Unspecified,2452001,Bashkia Dropull (1111),6022009,Sherbime te pastrimit dhe gjelberimit,POLIVAQ HAXHI,335050.00,6/4/2025 12:00:00 AM,6/5/2025 12:00:00 AM
 Fier,21721130012025,2113001 Bashkia Roskovec Paga maj/2025 sipas listepagrses,0,Unspecified,2113001,Bashkia Roskovec (0909),6001001,Paga neto për punonjesit e miratuar në organikë,Banka OTP Albania,65495.00,6/4/2025 12:00:00 AM,6/5/2025 12:00:00 AM
 Vlore,21721600012025,2160001 BASHKIA HIMARE SHERBIM PASTRIMI KONT NR 818/26 DT 22.06.2022 FAT NR 78 DT 22.05.2025 SITUACION NR 35 DT 27.05.2025,0,Unspecified,2160001,Bashkia Himare (3737),6022009,Sherbime te pastrimit dhe gjelberimit,ALKO IMPEX CONSTRUCTION,5794828.00,6/4/2025 12:00:00 AM,6/5/2025 12:00:00 AM
 Fier,21821130012025,2113001 Bashkia Roskovec Paga maj/2025 sipas listepagrses,0,Unspecified,2113001,Bashkia Roskovec (0909),6001001,Paga neto për punonjesit e miratuar në organikë,BANKA CREDINS,135144.00,6/4/2025 12:00:00 AM,6/5/2025 12:00:00 AM
 Vlore,21821600012025,2160001 BASHKIA HIMARE SHPERBLIM I KESHILLTAREVE DHE KRYEPLEQVE MARS-MAJ 2025, ME BORDERO,0,Unspecified,2160001,Bashkia Himare (3737),6029006,Shpenzime kompesimi per anetaret e parlamentit dhe zyrtare te tjera te zgjedhur,RAIFFEISEN BANK SH.A,1958400.00,6/4/2025 12:00:00 AM,6/5/2025 12:00:00 AM
 Vlore,21921600012025,2160001 BASHKIA HIMARE SHPERBLIM I KESHILLTAREVE DHE KRYEPLEQVE MARS-MAJ 2025, ME BORDERO,0,Unspecified,2160001,Bashkia Himare (3737),6029006,Shpenzime kompesimi per anetaret e parlamentit dhe zyrtare te tjera te zgjedhur,Banka OTP Albania,673200.00,6/4/2025 12:00:00 AM,6/5/2025 12:00:00 AM
 Gjirokaster,21924520012025,2452001 Bashkia Dropull. Kolaudim Rikonstruksion rruga Thoma Jovani Dropull sipas Kontrates 1719/1 dt 19.12.2024, Fatur 14 dt 20.05.2025, Urdher i brendshem 21/2 dt 19.12.2024, Urdher 60 dt 19.12.2024.,0,Unspecified,2452001,Bashkia Dropull (1111),2313100,Shpenz. per rritjen e AQT - konstruksione te rrugeve,OZAR CONSULTING,16800.00,6/4/2025 12:00:00 AM,6/5/2025 12:00:00 AM
 Gjirokaster,22024520012025,2452001 Bashkia Dropull. Mirembajtie rutine e rrugeve rurale, Fatur 1 dt 23.05.2025, Urdher 9 dt 23.05.2025, Situacion sherbimi punimi.,0,Unspecified,2452001,Bashkia Dropull (1111),6025400,Shpenz.per miremb.e rrugeve, veprave ujore, rrjeteve hidraulike, elektrike, telefonike, ngrohje etj,POLIVAQ HAXHI,97920.00,6/4/2025 12:00:00 AM,6/5/2025 12:00:00 AM
 M.Madhe,22121300012025,Bashkia M.Madhe lik.fat nr.6 dt.28.05.2025 proc verb marr dorz dt.28.05.2025 kont dt.03.03.2025,0,Unspecified,2130001,Bashkia Malësi e Madhe (3323),6023900,Shpenzime te tjera transporti,MALESIA TRAVEL,440400.00,6/4/2025 12:00:00 AM,6/5/2025 12:00:00 AM
 Vlore,22121600012025,2160001 BASHKIA HIMARE SHERBIM PASTRIMI KONT NR 818/27 DT 22.06.2022 FAT NR 64 DT 30.05.2025 SITUACION NR 11 DT 22.05.2025,0,Unspecified,2160001,Bashkia Himare (3737),6022009,Sherbime te pastrimit dhe gjelberimit,REJ,4098293.00,6/4/2025 12:00:00 AM,6/5/2025 12:00:00 AM
 Diber,2221060142025,2025 Qendra Balneare paga neto Maj 2025 lista dhe bordoroja bashkengjitur,0,Unspecified,2106014,Ndermarrja Balneare Peshkopi (0606),6001001,Paga neto për punonjesit e miratuar në organikë,Banka OTP Albania,1051751.00,6/4/2025 12:00:00 AM,6/5/2025 12:00:00 AM
 Pogradec,2221360242025,2136024 Agjensia e Mbrojtjes se Territorit likujdon pagat maj 2025, LP banke nr.20 dt.03.06.2025, np=11,0,Unspecified,2136024,Agjencia e Mbrojtjes së Territorit Pogradec (1529),6001001,Paga neto për punonjesit e miratuar në organikë,BANKA E TIRANES,581633.00,6/4/2025 12:00:00 AM,6/5/2025 12:00:00 AM
 M.Madhe,22221300012025,Bashkia M.Madhe lik.5% fat nr.25 dt.02.06.2025  kont dt.09.05.2023,0,Unspecified,2130001,Bashkia Malësi e Madhe (3323),4662114,Garanci te vitit vazhdim per sipermarje punimesh,Te Dala,BORIS 2019,187182.00,6/4/2025 12:00:00 AM,6/5/2025 12:00:00 AM
 Vlore,22221600012025,2160001 BASHKIA HIMARE FUSHATE PER PROMOVIMIN E BARAZISE GJINORE UP NR 155 DT 25.02.25 FTESE OFERTE FAT NR 14 DT 01.04.25 RELAC NR 1300/13 DT 01.04.25 UB NR 316 DT 03.06.25,0,Unspecified,2160001,Bashkia Himare (3737),6029099,Shpenzime per te tjera materiale dhe sherbime operative,Telia Kurti,695988.00,6/4/2025 12:00:00 AM,6/5/2025 12:00:00 AM
 M.Madhe,22321300012025,Bashkia M.Madhe lik.pagese NEK Maj 2025  vendim dt.30.05.2025 personi i autorizuar Altin Rrukaj nr. I10225088H,13,Ministria e Shendetesise dhe Mbrojtjes Sociale,2130001,Bashkia Malësi e Madhe (3323),6061003,Ndihme ekonomike,BANKA KOMBETARE TREGTARE,923224.00,6/4/2025 12:00:00 AM,6/5/2025 12:00:00 AM
 Tirane,22410550012025,1055001 Shk Magjistrt. lik dieta jashte,Autorizim nr 366/8 dt 26.03.2025VKM nr 870 dt 14.2.2011,listepagese,55,Shkolla e Magjistratures,1055001,Shkolla e Magjistratures (3535),6024200,Udhetim jashte shtetit,RAIFFEISEN BANK SH.A,92313.00,6/4/2025 12:00:00 AM,6/5/2025 12:00:00 AM
 M.Madhe,22421300012025,Bashkia M.Madhe lik.pagese NEK Maj 2025  vendim dt.30.05.2025 personi i autorizuar Altin Rrukaj nr. I10225088H,13,Ministria e Shendetesise dhe Mbrojtjes Sociale,2130001,Bashkia Malësi e Madhe (3323),6061003,Ndihme ekonomike,POSTA SHQIPTARE SH.A,4403798.00,6/4/2025 12:00:00 AM,6/5/2025 12:00:00 AM
 Tirane,22510550012025,1055001 Shk Magjistrt. lik paga pedagoge jashtem,maj,urdher nr 121 dt 30.05.2025,Vendim K.Drejt nr 25 dt 23.10.2017,listepagese,,55,Shkolla e Magjistratures,1055001,Shkolla e Magjistratures (3535),6002001,Paga neto e punonjësve me kontratë të përkohshme mbi numrin organik,BANKA CREDINS,77562.00,6/4/2025 12:00:00 AM,6/5/2025 12:00:00 AM
 M.Madhe,22521300012025,Bashkia M.Madhe lik.pagese NEK Maj 2025  vendim dt.30.05.2025 personi i autorizuar Altin Rrukaj nr. I10225088H,13,Ministria e Shendetesise dhe Mbrojtjes Sociale,2130001,Bashkia Malësi e Madhe (3323),6061003,Ndihme ekonomike,RAIFFEISEN BANK SH.A,49500.00,6/4/2025 12:00:00 AM,6/5/2025 12:00:00 AM
 Shkoder,22521570012025,2157001, Bashkia Vau Dejes, pagese 6% NE Mars 2025, VKB 26 dt 28.04.25, shp ligj 316/1 dt 05.05.25, permbledhese totale 267 dt 23.05.25, permbledhese poste 268 dt 23.05.25-121 perf, listepag 269,270,271,272,273,274 dt 23.05.25,13,Ministria e Shendetesise dhe Mbrojtjes Sociale,2157001,Bashkia Vau Dejes (3333),6061003,Ndihme ekonomike,POSTA SHQIPTARE SH.A,400612.00,6/4/2025 12:00:00 AM,6/5/2025 12:00:00 AM
 Tirane,22610550012025,1055001 Shk Magjistrt.lik sherb mirembajtje  ,vazhd kontrate nr 499 dt 17.12.2020,fat nr 139 dt 14.5.2025,55,Shkolla e Magjistratures,1055001,Shkolla e Magjistratures (3535),6022009,Sherbime te pastrimit dhe gjelberimit,NDERMARJA INDUSTRIALE NR 1,8723.00,6/4/2025 12:00:00 AM,6/5/2025 12:00:00 AM
 M.Madhe,22621300012025,Bashkia M.Madhe lik.shperblim fatkeqesi urdher nr.62,dt.27.05.2025 liste-pagese personi i autorizuar Altin Rrukaj nr. I10225088H,0,Unspecified,2130001,Bashkia Malësi e Madhe (3323),6061041,Shpenzime per situata te veshtira dhe per fatekeqesi,POSTA SHQIPTARE SH.A,50000.00,6/4/2025 12:00:00 AM,6/5/2025 12:00:00 AM
 Shkoder,22621570012025,2157001, Bashkia Vau Dejes, pagese 6% NE Mars 2025, VKB 26 dt 28.04.25, shp ligj 316/1 dt 05.05.25, permbledhese totale 267 dt 23.05.25, listepagese nr 275 dt 23.05.25-10perf,13,Ministria e Shendetesise dhe Mbrojtjes Sociale,2157001,Bashkia Vau Dejes (3333),6061003,Ndihme ekonomike,BANKA CREDINS,33623.00,6/4/2025 12:00:00 AM,6/5/2025 12:00:00 AM
 Tirane,22710550012025,1055001 Shk Magjistrt.Likujdim Vullnetar prill,maj Arben Isaraj, Kerkese nr 602 dt 06.08.2021, Kontr nr 1020013, 1020014 Credins Bank, Listepagese,55,Shkolla e Magjistratures,1055001,Shkolla e Magjistratures (3535),6001001,Paga neto për punonjesit e miratuar në organikë,CREDINS INVEST-sh.a-Shoqeri administruese e Fondeve te Pensionit dhe Sipermarrjeve te Investimeve Kolektive.,60000.00,6/4/2025 12:00:00 AM,6/5/2025 12:00:00 AM
 Shkoder,22721570012025,2157001, Bashkia Vau Dejes, pagese 6% NE Mars 2025, VKB 26 dt 28.04.25, shp ligj 316/1 dt 05.05.25, permbledhese totale 267 dt 23.05.25, listepagese nr 276 dt 23.05.25-3perf,13,Ministria e Shendetesise dhe Mbrojtjes Sociale,2157001,Bashkia Vau Dejes (3333),6061003,Ndihme ekonomike,BANKA KOMBETARE TREGTARE,7861.00,6/4/2025 12:00:00 AM,6/5/2025 12:00:00 AM
 Shkoder,22921570012025,2157001, Bashkia Vau Dejes, pagese e paaftesise Maj 2025, Urdh nr 301 dt 03.06.25, permbl totale nr 279 dt 03.06.25, permbledhese poste 280 dt 03.06.25-460 perf, listepag 281,282,283,284,285,286 dt 03.06.25, ligji 57/2019,13,Ministria e Shendetesise dhe Mbrojtjes Sociale,2157001,Bashkia Vau Dejes (3333),6061004,Pagese paaftesie,POSTA SHQIPTARE SH.A,6658040.00,6/4/2025 12:00:00 AM,6/5/2025 12:00:00 AM
 Shkoder,23021570012025,2157001, Bashkia Vau Dejes, pagese e paaftesise Maj 2025, Urdh nr 301 dt 03.06.25, permbl totale nr 279 dt 03.06.25, listepagese nr 287 dt 03.06.25-102 perf, ligji 57/2019,13,Ministria e Shendetesise dhe Mbrojtjes Sociale,2157001,Bashkia Vau Dejes (3333),6061004,Pagese paaftesie,BANKA E TIRANES,1501721.00,6/4/2025 12:00:00 AM,6/5/2025 12:00:00 AM
 Elbasan,23121090082025,2109008 Drejt. e Pergj. e Arsimit Parauniversitar, Ndalese ushqimi Fatos Lami, Urdher sekuestro nr 1011 dt 19.04.2023,Permbledhese Maj 2025,0,Unspecified,2109008,Drejtoria e Përgjithshme e Arsimit Parauniversitar Elbasan (0808),6001001,Paga neto për punonjesit e miratuar në organikë,ZYRA E PERMBARIMIT ELBASAN,10000.00,6/4/2025 12:00:00 AM,6/5/2025 12:00:00 AM
 Shkoder,23121570012025,2157001, Bashkia Vau Dejes, pagese e paaftesise Maj 2025, Urdh nr 301 dt 03.06.25, permbl totale nr 279 dt 03.06.25, listepagese nr 288 dt 03.06.25-47 perf, ligji 57/2019,13,Ministria e Shendetesise dhe Mbrojtjes Sociale,2157001,Bashkia Vau Dejes (3333),6061004,Pagese paaftesie,BANKA CREDINS,799849.00,6/4/2025 12:00:00 AM,6/5/2025 12:00:00 AM
 Diber,2321060142025,2025 Qendra Balneare paga neto Maj 2025 lista dhe bordoroja bashkengjitur,0,Unspecified,2106014,Ndermarrja Balneare Peshkopi (0606),6001001,Paga neto për punonjesit e miratuar në organikë,BANKA KOMBETARE TREGTARE,173826.00,6/4/2025 12:00:00 AM,6/5/2025 12:00:00 AM
 Pogradec,2321360242025,2136024 Agjensia e Mbrojtjes se Territorit likujdon pagat maj 2025, LP banke nr.21 dt.03.06.2025, np=7,0,Unspecified,2136024,Agjencia e Mbrojtjes së Territorit Pogradec (1529),6001001,Paga neto për punonjesit e miratuar në organikë,Banka OTP Albania,417529.00,6/4/2025 12:00:00 AM,6/5/2025 12:00:00 AM
 Elbasan,23221090082025,2109008 Drejt. e Pergj. e Arsimit Parauniversitar, Ndalese ushqimi Dritan Kopliku,Vendim gjyqesor nr.1553 dt.05.07.2010,Permbledhese Maj 2025,0,Unspecified,2109008,Drejtoria e Përgjithshme e Arsimit Parauniversitar Elbasan (0808),6001001,Paga neto për punonjesit e miratuar në organikë,ZYRA E PERMBARIMIT ELBASAN,8000.00,6/4/2025 12:00:00 AM,6/5/2025 12:00:00 AM
 Shkoder,23221570012025,2157001, Bashkia Vau Dejes, pagese e paaftesise Maj 2025, Urdh nr 301 dt 03.06.25, permbl totale nr 279 dt 03.06.25, listepagese nr 289 dt 03.06.25-399 perf, ligji 57/2019,13,Ministria e Shendetesise dhe Mbrojtjes Sociale,2157001,Bashkia Vau Dejes (3333),6061004,Pagese paaftesie,BANKA KOMBETARE TREGTARE,5518920.00,6/4/2025 12:00:00 AM,6/5/2025 12:00:00 AM
 Tirane,23321011562025,2101156,DPOP-mat ndertimi mvazh kont 1205/2 dt 2.4.2025 ft 486 dt 30.04.2025 fh 3 dt 30.4.2025,0,Unspecified,2101156,Drejtoria e Përgjithshme e Objekteve Publike (3535),6025300,Shpenzime per mirembajtjen e objekteve ndertimore,Sinani Trading,368160.00,6/4/2025 12:00:00 AM,6/5/2025 12:00:00 AM
 Shkoder,23321570012025,2157001, Bashkia Vau Dejes, pagese e paaftesise Maj 2025, Urdh nr 301 dt 03.06.25, permbl totale nr 279 dt 03.06.25, listepagese nr 290 dt 03.06.25-6 perf, ligji 57/2019,13,Ministria e Shendetesise dhe Mbrojtjes Sociale,2157001,Bashkia Vau Dejes (3333),6061004,Pagese paaftesie,INTESA SANPAOLO BANK ALBANIA,75384.00,6/4/2025 12:00:00 AM,6/5/2025 12:00:00 AM
 Diber,2421060142025,2025 Qendra Balneare paga neto Maj 2025 lista dhe bordoroja bashkengjitur,0,Unspecified,2106014,Ndermarrja Balneare Peshkopi (0606),6001001,Paga neto për punonjesit e miratuar në organikë,BANKA CREDINS,682329.00,6/4/2025 12:00:00 AM,6/5/2025 12:00:00 AM
 Tirane,24610051172025,606 AZHBR Mbesh Fermer invest.parapagese VKM. Nr.581, dt.18.09.24 dhe 150 dt.06.03.25, Udh.Përb.Nr.22 dt.19.09.24 i MBZHR dhe MFE, Kont. Nr.262/8,dt.26.03.25, Am.kont. 262/12 dt.14.04.25, AP 262/19 dhe Nr.262/20,sig.kont dt.26.03.25,5,Ministria e Bujqesise dhe Zhvillimit Rural,1005117,Agjencia per Zhvillimin Bujqesor dhe Rural (AZHBR) (3535),6060099,Te tjera transferta tek individet,FERMERI LULEZIM HATIJA,5386236.00,6/3/2025 12:00:00 AM,6/5/2025 12:00:00 AM
 Tirane,24710051172025,606 AZHBR Mbesh Fermer invest.parapagese VKM. Nr.581, dt.18.09.24 dhe 150 dt.06.03.25, Udh.Përb.Nr.22 dt.19.09.24 i MBZHR dhe MFE, Kont. Nr.215/11 dt.11.04.2025,  AP Nr.215/15 dhe 215/16, dt.30.05.2025, dt.30.05.25 sig.kont dt.14.04.25,5,Ministria e Bujqesise dhe Zhvillimit Rural,1005117,Agjencia per Zhvillimin Bujqesor dhe Rural (AZHBR) (3535),6060099,Te tjera transferta tek individet,P & F,4800000.00,6/3/2025 12:00:00 AM,6/5/2025 12:00:00 AM
 Tirane,24810051172025,606 AZHBR Mbesh Fermer invest.parapagese VKM. Nr.581, dt.18.09.24 dhe 150 dt.06.03.25, Udh.Përb.Nr.22 dt.19.09.24 i MBZHR dhe MFE, Kont. Nr.107/3 dt.07.04.25,  AP Nr.107/12 dhe 107/13, dt.30.05.25 sig.kont dt.22.04.25,5,Ministria e Bujqesise dhe Zhvillimit Rural,1005117,Agjencia per Zhvillimin Bujqesor dhe Rural (AZHBR) (3535),6060099,Te tjera transferta tek individet,GOSNISHT,519048.90,6/3/2025 12:00:00 AM,6/5/2025 12:00:00 AM
 Fier,24810160272025,Drejtoria Vendore e Policise Fier 1016027 shpz dokumentacioni fat.18,16,Ministria e Brendshme,1016027,Drejtoria Vendore e Policise Fier (0909),6022099,Sherbime te tjera,Drejtoria Vendore e ASHK-së Shkodër,4000.00,6/4/2025 12:00:00 AM,6/5/2025 12:00:00 AM
 Sarande,24821380012025,SHERBIMI I PASTRIMIT TE QYTETIT FAT NR 70 DT 09.05.2025, KONT NR 5 DT 29.07.2024, UP NR 5 DT 28.05.2024, SITUACIONI, RAPORTI TEKNIK DT 05.05.2025 NGA BASHKIA SARANDE,0,Unspecified,2138001,Bashkia Sarande (3731),6022009,Sherbime te pastrimit dhe gjelberimit,ALKO IMPEX CONSTRUCTION,12226676.00,5/29/2025 12:00:00 AM,6/5/2025 12:00:00 AM
 Tirane,24910051172025,606 AZHBR Mbesh Fermer invest.parapagese VKM. Nr.581, dt.18.09.24 dhe 150 dt.06.03.25, Udh.Përb.Nr.22 dt.19.09.24 i MBZHR dhe MFE, Kont. Nr.190/7 dt.18.04.25, AP Nr.190/11dhe 190/12, dt.30.05.25 sig.kont dt.23.04.25,5,Ministria e Bujqesise dhe Zhvillimit Rural,1005117,Agjencia per Zhvillimin Bujqesor dhe Rural (AZHBR) (3535),6060099,Te tjera transferta tek individet,NORDIN.SH.P.K,4325615.08,6/3/2025 12:00:00 AM,6/5/2025 12:00:00 AM
 Fier,24910160272025,Drejtoria Vendore e Policise Fier 1016027 shpz dokumentacioni fat.85/2025,16,Ministria e Brendshme,1016027,Drejtoria Vendore e Policise Fier (0909),6022099,Sherbime te tjera,DREJTORIA VENDORE E ASHK-së KUKËS,12000.00,6/4/2025 12:00:00 AM,6/5/2025 12:00:00 AM
 Tirane,25010051172025,602 AZHBR Shpenzime per sherbimin kadastral,skema nafta, marreveshje nr.647 dt 25.03.24,shkrese ASHK nr.1201 dt 09.04.25 shkrese azhbr nr 1201/1 22.04.25 shkrese ashk nr.1201/2 22.05.25, fsh nr.9/2025 dt.07.05.25,vkm nr.130 dt.06.03.2024,5,Ministria e Bujqesise dhe Zhvillimit Rural,1005117,Agjencia per Zhvillimin Bujqesor dhe Rural (AZHBR) (3535),6022099,Sherbime te tjera,DREJTORIA E PËRGJTHSHME ASHK,118800.00,6/3/2025 12:00:00 AM,6/5/2025 12:00:00 AM
 Durres,25010121172025,1012117 / ZYRA E PUNES DURRES / NXITJE PUNESIMI SIG VKM 17 DT 15.01.2020 PUNESIM PER PERIUDHEN 01-30.04.2025,12,Ministria e Ekonomise, Kultures dhe Inovacionit,1012117,Drejtori Rajonale AKPA Durres (0707),6031200,Subvencion per te nxitur punesimin (Sigurime Shoqerore&Shendetesore),Qendra MEGAN,6680.00,6/4/2025 12:00:00 AM,6/5/2025 12:00:00 AM
 Fier,25010160272025,Drejtoria Vendore e Policise Fier 1016027 energji fat.6197806,16,Ministria e Brendshme,1016027,Drejtoria Vendore e Policise Fier (0909),6022001,Elektricitet,FURNIZUESI I SHERBIMIT UNIVERSAL,338788.00,6/4/2025 12:00:00 AM,6/5/2025 12:00:00 AM
 Vlore,2510260932025,1026093 AGJENSIA E BREGDETIT PAGA MAJ 2025,ME BORDERO,26,Ministria e Turizmit dhe Mjedisit,1026093,Agjencia Rajonale e Bregdetit Vlorë (3737),6001001,Paga neto për punonjesit e miratuar në organikë,RAIFFEISEN BANK SH.A,105977.00,6/4/2025 12:00:00 AM,6/5/2025 12:00:00 AM
 Tirane,25110051172025,602 AZHBR Shpenzime per sherbimin telefonik komunikim me fermeret muaji Maj 2025  ftsh nr. 2880515/2025 dt.02.06.2025,5,Ministria e Bujqesise dhe Zhvillimit Rural,1005117,Agjencia per Zhvillimin Bujqesor dhe Rural (AZHBR) (3535),6022003,Sherbime telefonike,VODAFONE ALBANIA,2000.00,6/3/2025 12:00:00 AM,6/5/2025 12:00:00 AM
 Durres,25110121172025,1012117 / ZYRA E PUNES DURRES / NXITJE PUNESIMI PAGA+SIG VKM 17 DT 15.01.2020 PUNESIM TE PERSONAVE ME AFTESI TE KUFIZUAR PER PERIUDHEN 01-30.04.2025,12,Ministria e Ekonomise, Kultures dhe Inovacionit,1012117,Drejtori Rajonale AKPA Durres (0707),6031100,Subvencion per te nxitur punesimin (Paga),GIOAD,46680.00,6/4/2025 12:00:00 AM,6/5/2025 12:00:00 AM
 Fier,25110160272025,Drejtoria Vendore e Policise Fier 1016027 energji fat.6082284,16,Ministria e Brendshme,1016027,Drejtoria Vendore e Policise Fier (0909),6022001,Elektricitet,FURNIZUESI I SHERBIMIT UNIVERSAL,340.00,6/4/2025 12:00:00 AM,6/5/2025 12:00:00 AM
 Tirane,25210051172025,602 AZHBR Shpenzime page per keshilltar te jashtem, Maj 2025,  vkm nr 325 dt 31.05.2023 listpagese dt 03.06.2025,5,Ministria e Bujqesise dhe Zhvillimit Rural,1005117,Agjencia per Zhvillimin Bujqesor dhe Rural (AZHBR) (3535),6029005,Shpenzime per honorare,BANKA KOMBETARE TREGTARE,280500.00,6/3/2025 12:00:00 AM,6/5/2025 12:00:00 AM
 Fier,25210160272025,Drejtoria Vendore e Policise Fier 1016027 energji fat.6200249,16,Ministria e Brendshme,1016027,Drejtoria Vendore e Policise Fier (0909),6022001,Elektricitet,FURNIZUESI I SHERBIMIT UNIVERSAL,11776.00,6/4/2025 12:00:00 AM,6/5/2025 12:00:00 AM
 Pogradec,2521360242025,2136024 Agjensia e Mbrojtjes se Territorit likujdon pagat maj 2025, LP banke nr.23 dt.03.06.2025, np=5,0,Unspecified,2136024,Agjencia e Mbrojtjes së Territorit Pogradec (1529),6001001,Paga neto për punonjesit e miratuar në organikë,BANKA KOMBETARE TREGTARE,274229.00,6/4/2025 12:00:00 AM,6/5/2025 12:00:00 AM
 Durres,25310121172025,1012117 / ZYRA E PUNES DURRES / NXITJE PUNESIMI KEST FINANCIAR  VKM 535 DT 08.07.2020 PUNET PUBLIKE NE KOMUNITET KESTI I PARE (30% E GRANDIT TOTAL),12,Ministria e Ekonomise, Kultures dhe Inovacionit,1012117,Drejtori Rajonale AKPA Durres (0707),6031400,Subvencion për të nxitur punësimin (Grant që i kalohet në total subjektit fitues të projektit),PORTA ROME PER INTEGRIM,3114608.00,6/4/2025 12:00:00 AM,6/5/2025 12:00:00 AM
 Fier,25310160272025,Drejtoria Vendore e Policise Fier 1016027 sherb printim publikim up.10.02.2025 fto.11.02.2025 kontr fat.1424/2025,16,Ministria e Brendshme,1016027,Drejtoria Vendore e Policise Fier (0909),6022010,Sherbime te printimit dhe publikimit,RIKON-AL,154980.00,6/4/2025 12:00:00 AM,6/5/2025 12:00:00 AM
 Durres,25410121172025,1012117 / ZYRA E PUNES DURRES / PAGESE PER DALJE NE PENSION SIPAS LISTE PAGESES URDHER 14 DT 2.5.25,12,Ministria e Ekonomise, Kultures dhe Inovacionit,1012117,Drejtori Rajonale AKPA Durres (0707),6061099,Te tjera transferta tek individet,RAIFFEISEN BANK SH.A,122570.00,6/4/2025 12:00:00 AM,6/5/2025 12:00:00 AM
 Fier,25510160272025,Drejtoria Vendore e Policise Fier 1016027 shpz fond sekret listepagesa, umb.1481,16,Ministria e Brendshme,1016027,Drejtoria Vendore e Policise Fier (0909),6061099,Te tjera transferta tek individet,BANKA KOMBETARE TREGTARE,500000.00,6/4/2025 12:00:00 AM,6/5/2025 12:00:00 AM
 Durres,25610121172025,1012117 / ZYRA E PUNES DURRES / NXITJE PUNESIMI SIG VKM 17 DT 15.01.2020 PUNESIM PER PERIUDHEN 01-30.04.2025,12,Ministria e Ekonomise, Kultures dhe Inovacionit,1012117,Drejtori Rajonale AKPA Durres (0707),6031200,Subvencion per te nxitur punesimin (Sigurime Shoqerore&Shendetesore),Asti Llupi,2125.00,6/4/2025 12:00:00 AM,6/5/2025 12:00:00 AM
 Fier,25610160272025,Drejtoria Vendore e Policise Fier 1016027 shpz mirembajtje mjetesh transporti up.13.12.2023 kontr fat.351/2025 procesverbal,16,Ministria e Brendshme,1016027,Drejtoria Vendore e Policise Fier (0909),6025600,Shpenzime per mirembajtjen e mjeteve te transportit,S I L A,233280.00,6/4/2025 12:00:00 AM,6/5/2025 12:00:00 AM
 Tirane,25710051172025,606 AZHBR Mbesh Fermer  invest.pagese e plote VKM. Nr.581, dt.18.09.24 dhe 150 dt.06.03.25, Udh.Përb.Nr.22 dt.19.09.24 i MBZHR dhe MFE, Kont. Nr.164/3, dt.24.01.2025, Am Nr.164/6 AP Nr.168/16 dt.02.06.2025 fat 68/2025 dt.14.02.25,5,Ministria e Bujqesise dhe Zhvillimit Rural,1005117,Agjencia per Zhvillimin Bujqesor dhe Rural (AZHBR) (3535),6060099,Te tjera transferta tek individet,FERMER ILIR RAMAZAN KUCI,1011055.10,6/3/2025 12:00:00 AM,6/5/2025 12:00:00 AM
 Durres,25710121172025,1012117 / ZYRA E PUNES DURRES / NXITJE PUNESIMI PAGA+SIG VKM 17 DT 15.01.2020 PUNESIM PER PERSONAT ME AFTESI TE KUFIZUAR PER PERIUDHEN 01-30.04.2025,12,Ministria e Ekonomise, Kultures dhe Inovacionit,1012117,Drejtori Rajonale AKPA Durres (0707),6031100,Subvencion per te nxitur punesimin (Paga),Florida Kasuli,12134.00,6/4/2025 12:00:00 AM,6/5/2025 12:00:00 AM
 Tirane,25810051172025,606 AZHBR Mbesh Fermer  invest.pagese e plote VKM. Nr.581, dt.18.09.24 dhe 150 dt.06.03.25, Udh.Përb.Nr.22 dt.19.09.24 i MBZHR dhe MFE, Kont.Nr.159/6 dt.11.04.25, AP Nr.159/15 ,Nr.159/16 dt.02.06.2025 fat 26/2025 dt.14.04.25,5,Ministria e Bujqesise dhe Zhvillimit Rural,1005117,Agjencia per Zhvillimin Bujqesor dhe Rural (AZHBR) (3535),6060099,Te tjera transferta tek individet,Fermer Selman Leti,1060056.18,6/3/2025 12:00:00 AM,6/5/2025 12:00:00 AM
 Durres,25810121172025,1012117 / ZYRA E PUNES DURRES / NXITJE PUNESIMI PAGA+SIG VKM 17 DT 15.01.2020 FORMIM NE PUNE PER PERIUDHEN 01-30.04.2025,12,Ministria e Ekonomise, Kultures dhe Inovacionit,1012117,Drejtori Rajonale AKPA Durres (0707),6031100,Subvencion per te nxitur punesimin (Paga),Dorina Kacani,46680.00,6/4/2025 12:00:00 AM,6/5/2025 12:00:00 AM
 Tirane,25910051172025,606 AZHBR Mbesh Fermer  invest.pagese e plote VKM. Nr.581, dt.18.09.24 dhe 150 dt.06.03.25, Udh.Përb.Nr.22 dt.19.09.24 i MBZHR dhe MFE, Kont.Nr.111/3 dt.07.04.25, AP Nr.111/8 ,Nr.111/9 dt.02.06.2025 fat 19/2025 dt.17.04.25,5,Ministria e Bujqesise dhe Zhvillimit Rural,1005117,Agjencia per Zhvillimin Bujqesor dhe Rural (AZHBR) (3535),6060099,Te tjera transferta tek individet,Fermeri Hetem Sabri Demce,1102311.42,6/3/2025 12:00:00 AM,6/5/2025 12:00:00 AM
 Durres,25910121172025,1012117 / ZYRA E PUNES DURRES / NXITJE PUNESIMI PAGA+SIG+SUB VKM 17 DT 15.01.2020 FORMIM NE PUNE PER PERIUDHEN 01-30.04.2025,12,Ministria e Ekonomise, Kultures dhe Inovacionit,1012117,Drejtori Rajonale AKPA Durres (0707),6031100,Subvencion per te nxitur punesimin (Paga),KapriFit Solutions,49680.00,6/4/2025 12:00:00 AM,6/5/2025 12:00:00 AM
 Tirane,26010051172025,606 AZHBR Mbesh Fermer invest.parapagese VKM. Nr.581, dt.18.09.24 dhe 150 dt.06.03.25, Udh.Përb.Nr.22 dt.19.09.24 i MBZHR dhe MFE, Kont. Nr.151/5 dt.11.04.25, AP151/8, Nr.151/9 dt.03.06.25,sig.kont dt.23.04.25,5,Ministria e Bujqesise dhe Zhvillimit Rural,1005117,Agjencia per Zhvillimin Bujqesor dhe Rural (AZHBR) (3535),6060099,Te tjera transferta tek individet,Fermer Gzim Muca,668096.16,6/3/2025 12:00:00 AM,6/5/2025 12:00:00 AM
 Durres,26010121172025,1012117 / ZYRA E PUNES DURRES / NXITJE PUNESIMI PAGA+SIG+SUB VKM 17 DT 15.01.2020 FORMIM NE PUNE PER PERIUDHEN 24-30.04.2025,12,Ministria e Ekonomise, Kultures dhe Inovacionit,1012117,Drejtori Rajonale AKPA Durres (0707),6031100,Subvencion per te nxitur punesimin (Paga),Naile Sulejmani,22580.00,6/4/2025 12:00:00 AM,6/5/2025 12:00:00 AM
 Vlore,2610260932025,1026093 AGJENSIA E BREGDETIT PAGA MAJ 2025,ME BORDERO,26,Ministria e Turizmit dhe Mjedisit,1026093,Agjencia Rajonale e Bregdetit Vlorë (3737),6001001,Paga neto për punonjesit e miratuar në organikë,BANKA KOMBETARE TREGTARE,606711.00,6/4/2025 12:00:00 AM,6/5/2025 12:00:00 AM
 Durres,26210121172025,1012117 / ZYRA E PUNES DURRES / NXITJE PUNESIMI PAGA PER DRAKPA SIPAS LISTEPAGESES VKM 17 DT 15.01.2020 PER PRAKTIKAT PROFESIONALE PER PERIUDHEN 01-31.05.2025,12,Ministria e Ekonomise, Kultures dhe Inovacionit,1012117,Drejtori Rajonale AKPA Durres (0707),6031100,Subvencion per te nxitur punesimin (Paga),BANKA KOMBETARE TREGTARE,80000.00,6/4/2025 12:00:00 AM,6/5/2025 12:00:00 AM
 Durres,26310121172025,1012117 / ZYRA E PUNES DURRES / NXITJE PUNESIMI SIG VKM 17 DT 15.01.2020 PUNESIM PER PERIUDHEN 01-30.04.2025,12,Ministria e Ekonomise, Kultures dhe Inovacionit,1012117,Drejtori Rajonale AKPA Durres (0707),6031200,Subvencion per te nxitur punesimin (Sigurime Shoqerore&Shendetesore),Enxhi Gjergji,13360.00,6/4/2025 12:00:00 AM,6/5/2025 12:00:00 AM
 Tirane,26410030012025,602 Aparati i KM. Sherbim periodik per mirembajtje te fotokopjeve prill 2025. Ft.permb.nr.0515 dt.27.05.2025.Situacion miremb. dt.30.4.25.Pv.dt.30.04.2025.Pv.dt.6.5.2025.Up. nr.32 dt.01.4.2025.KontrNr.1053/9 dt.23.4.25.NJF.1053/7 dt.16.4.25,3,Kryeministria,1003001,Aparati i Keshillit te Ministrave (3535),6025500,Shpenzime per mirembajtjen e aparateve, paisjeve teknike dhe veglave te punes,KALLFA,337440.00,6/2/2025 12:00:00 AM,6/5/2025 12:00:00 AM
 Durres,26410290152025,1029015/ GJYKATA E SHKALLES SE PARE DURRES/ TELEFON FAT 2737077 DT 01.06.2025,29,Keshilli i Larte Gjyqesor,1029015,Gjykata e Shkallës së Parë e Juridiksionit të Përgjithshëm Durrës (0707),6022003,Sherbime telefonike,ONE ALBANIA,3770.00,6/4/2025 12:00:00 AM,6/5/2025 12:00:00 AM
 Tirane,26510100392025,1010039-Drejt.Pergj.Tatimeve 2025 shp miremb obl ndertim  kontr VAZHDIM 4259/5 dt 28.3.2025 pv 22.5.2025 sit 2 dt 22.5.2025 ft 48 dt 22.5.2025,10,Ministria e Financave dhe Ekonomise,1010039,Aparati Drejt.Pergj.Tatimeve (3535),6025300,Shpenzime per mirembajtjen e objekteve ndertimore,"ALTEC" SHPK,245941.00,6/3/2025 12:00:00 AM,6/5/2025 12:00:00 AM
 Durres,26510290152025,1029015/ GJYKATA E SHKALLES SE PARE DURRES/ SIG MJETE TRANSPORTI FAT 27452 DT 27.05.2025,29,Keshilli i Larte Gjyqesor,1029015,Gjykata e Shkallës së Parë e Juridiksionit të Përgjithshëm Durrës (0707),6023300,Shpenzimet e siguracionit te mjeteve te transportit,Atlantik - Shoqeri Sigurimesh,23721.00,6/4/2025 12:00:00 AM,6/5/2025 12:00:00 AM
 Tirane,26610160792025,1016079-Drejtoria Pergj.Polic. 2025   shp qera banese, urdher 391 dt 15.4.20, list pag,16,Ministria e Brendshme,1016079,Aparati i Drejtorise se Pergjithshme te Policise se Shtetit (3535),6061099,Te tjera transferta tek individet,BANKA KOMBETARE TREGTARE,19803.00,6/4/2025 12:00:00 AM,6/5/2025 12:00:00 AM
 Durres,26610290152025,1029015/ GJYKATA E SHKALLES SE PARE DURRES/ SHPERBLIM NDERHYRJE SIPAS LISTEPAGESES,29,Keshilli i Larte Gjyqesor,1029015,Gjykata e Shkallës së Parë e Juridiksionit të Përgjithshëm Durrës (0707),6060099,Te tjera transferta tek individet,Banka OTP Albania,50000.00,6/4/2025 12:00:00 AM,6/5/2025 12:00:00 AM
 Mat,26621320082025,Agjencia e Funks.te Patransf.Mat (2132008) Lik. Page muaji Maj 2025 per Sekt.e Administrimit te Pyjeve.Bordero pagese Nr.5 Dt.02.06.2025.Liste - Pagese Nr.i Punonjesve Plan 10 - Fakt 4.,0,Unspecified,2132008,Agjencia e Funksioneve të Patransferueshme (0625),6001001,Paga neto për punonjesit e miratuar në organikë,RAIFFEISEN BANK SH.A,179590.00,6/4/2025 12:00:00 AM,6/5/2025 12:00:00 AM
 Tepelene,26621430012025,bashkefinancim maj bashki memaliaj,13,Ministria e Shendetesise dhe Mbrojtjes Sociale,2143001,Bashkia Memaliaj (1134),6061099,Te tjera transferta tek individet,RAIFFEISEN BANK SH.A,121500.00,6/3/2025 12:00:00 AM,6/5/2025 12:00:00 AM
 Tirane,26710030012025,602 Aparati i KM. Dieta brenda vendit. Listepagesa qershor 2025. Autorizim dt.25.04.2025.,3,Kryeministria,1003001,Aparati i Keshillit te Ministrave (3535),6024100,Udhetim i brendshem,BANKA CREDINS,5500.00,6/2/2025 12:00:00 AM,6/5/2025 12:00:00 AM
 Tirane,26710100392025,1010039-Drejt.Pergj.Tatimeve 2025   bl bileta abone urdher 630/1 dt 5.1.2025 kontr 630/2 dt 15.4.2024 permb fat 31.5.2025,10,Ministria e Financave dhe Ekonomise,1010039,Aparati Drejt.Pergj.Tatimeve (3535),6021010,Shpenzime per prodhim dokumentacioni specifik,SHTYPSHKRONJA E LETRAVE ME VLERE,4117251.00,6/3/2025 12:00:00 AM,6/5/2025 12:00:00 AM
 Tirane,26710130882025, 1013088 SUOGJ Koco Gliozheni pagese shef sherbimi & pedagog maj 2025 bordero dt 04.06.2025 shkrese nr 700 dt 06.03.2024  kont marr sherbimi nr 180/7  dt 08.04.2022,13,Ministria e Shendetesise dhe Mbrojtjes Sociale,1013088,Maternitet Nr.2T. (3535),6029005,Shpenzime per honorare,Banka OTP Albania,101420.00,6/4/2025 12:00:00 AM,6/5/2025 12:00:00 AM
 Tirane,26710160792025,1016079-Drejtoria Pergj.Polic. 2025   shp qera banese, urdher 347 dt 2.9.22, list pag,16,Ministria e Brendshme,1016079,Aparati i Drejtorise se Pergjithshme te Policise se Shtetit (3535),6061099,Te tjera transferta tek individet,RAIFFEISEN BANK SH.A,20904.00,6/4/2025 12:00:00 AM,6/5/2025 12:00:00 AM
 Durres,26710290152025,1029015/ GJYKATA E SHKALLES SE PARE DURRES/ SHPZ AVOKATIE FAT 8 DT 27.05.2025,29,Keshilli i Larte Gjyqesor,1029015,Gjykata e Shkallës së Parë e Juridiksionit të Përgjithshëm Durrës (0707),6029005,Shpenzime per honorare,Alban Metra,3000.00,6/4/2025 12:00:00 AM,6/5/2025 12:00:00 AM
 Mat,26721320082025,Agjencia e Funks.te Patransf.Mat (2132008) Lik. Page muaji Maj 2025 per Sekt.e Administrimit te Pyjeve.Bordero pagese Nr.5 Dt.02.06.2025.Liste - Pagese Nr.i Punonjesve Plan 10 - Fakt 6.,0,Unspecified,2132008,Agjencia e Funksioneve të Patransferueshme (0625),6001001,Paga neto për punonjesit e miratuar në organikë,Banka OTP Albania,296409.00,6/4/2025 12:00:00 AM,6/5/2025 12:00:00 AM
 Tepelene,26721430012025,PAGA BASHKI MEMALIAJ bashkefinancim  Bashki Memaliaj,13,Ministria e Shendetesise dhe Mbrojtjes Sociale,2143001,Bashkia Memaliaj (1134),6061099,Te tjera transferta tek individet,Banka OTP Albania,56960.00,6/3/2025 12:00:00 AM,6/5/2025 12:00:00 AM
 Tirane,26810030012025,602 Aparati i KM. Dieta brenda vendit. Listepagese qershor 2025. Program dt.11.04.2025.Autorizim dt.11.04.2025.,3,Kryeministria,1003001,Aparati i Keshillit te Ministrave (3535),6024100,Udhetim i brendshem,BANKA KOMBETARE TREGTARE,44000.00,6/2/2025 12:00:00 AM,6/5/2025 12:00:00 AM
 Tirane,26810100392025,1010039-Drejt.Pergj.Tatimeve 2025   bl bileta abone  kontr 20255/2 dt 20.12.2024 permb fat 31.5.2025,10,Ministria e Financave dhe Ekonomise,1010039,Aparati Drejt.Pergj.Tatimeve (3535),6021010,Shpenzime per prodhim dokumentacioni specifik,SHTYPSHKRONJA E LETRAVE ME VLERE,2130981.00,6/3/2025 12:00:00 AM,6/5/2025 12:00:00 AM
 Tirane,26810130882025, 1013088 SUOGJ Koco Gliozheni pagese shef sherbimi & pedagog maj 2025 bordero dt 04.06.2025 shkrese nr 700 dt 06.03.2024  kont marr sherbimi nr 180/7  dt 08.04.2022,13,Ministria e Shendetesise dhe Mbrojtjes Sociale,1013088,Maternitet Nr.2T. (3535),6029005,Shpenzime per honorare,BANKA KOMBETARE TREGTARE,74182.00,6/4/2025 12:00:00 AM,6/5/2025 12:00:00 AM
 Tirane,26810160792025,1016079-Drejtoria Pergj.Polic. 2025    ndalesa nga paga E.M, urdher sek 1170 dt 24.6.20, bordero,16,Ministria e Brendshme,1016079,Aparati i Drejtorise se Pergjithshme te Policise se Shtetit (3535),6001001,Paga neto për punonjesit e miratuar në organikë,DIONIS MEKSHAJ,25000.00,6/4/2025 12:00:00 AM,6/5/2025 12:00:00 AM
 Durres,26810290152025,1029015/ GJYKATA E SHKALLES SE PARE DURRES/ SHPZ AVOKATIE FAT 7 DT 30.05.2025,29,Keshilli i Larte Gjyqesor,1029015,Gjykata e Shkallës së Parë e Juridiksionit të Përgjithshëm Durrës (0707),6029005,Shpenzime per honorare,Denada Koka,3000.00,6/4/2025 12:00:00 AM,6/5/2025 12:00:00 AM
 Delvine,26821040012025,lik fat 21/22/2025 Bashkia Delvine 2025,73,Komisioni Qendror i Zgjedhjeve,2104001,Bashkia Delvine (3704),6023900,Shpenzime te tjera transporti,TRANS-SOPOTI,83898.00,6/4/2025 12:00:00 AM,6/5/2025 12:00:00 AM
 Mat,26821320082025,Agjencia e Funks.te Patransf.Mat (2132008) Lik. Page muaji Maj 2025 per Aparati.Bordero pagese Nr.5 Dt.02.06.2025.Liste - Pagese Nr.i Punonjesve Plan 30 - Fakt 10.,0,Unspecified,2132008,Agjencia e Funksioneve të Patransferueshme (0625),6001001,Paga neto për punonjesit e miratuar në organikë,BANKA CREDINS,615866.00,6/4/2025 12:00:00 AM,6/5/2025 12:00:00 AM
 Tirane,26910100392025,1010039-Drejt.Pergj.Tatimeve 2025  dieta br vendit  autorizim MF 2495/1 dt 10.3.2025 bord 22.5.2025,10,Ministria e Financave dhe Ekonomise,1010039,Aparati Drejt.Pergj.Tatimeve (3535),6024100,Udhetim i brendshem,INTESA SANPAOLO BANK ALBANIA,38500.00,6/3/2025 12:00:00 AM,6/5/2025 12:00:00 AM
 Tirane,26910130882025, 1013088 SUOGJ Koco Gliozheni pagese shef sherbimi & pedagog maj 2025 bordero dt 04.06.2025 shkrese nr 700 dt 06.03.2024  kont marr sherbimi nr 180/7  dt 08.04.2022,13,Ministria e Shendetesise dhe Mbrojtjes Sociale,1013088,Maternitet Nr.2T. (3535),6029005,Shpenzime per honorare,RAIFFEISEN BANK SH.A,196350.00,6/4/2025 12:00:00 AM,6/5/2025 12:00:00 AM
 Tirane,26910160792025,1016079-Drejtoria Pergj.Polic. 2025   ndalese nga paga L.A, urdher sek 560 dt 16.5.22, bordero,16,Ministria e Brendshme,1016079,Aparati i Drejtorise se Pergjithshme te Policise se Shtetit (3535),6001001,Paga neto për punonjesit e miratuar në organikë,Ergys Sinani,23500.00,6/4/2025 12:00:00 AM,6/5/2025 12:00:00 AM
 Durres,26910290152025,1029015/ GJYKATA E SHKALLES SE PARE DURRES/ SHPZ AVOKATIE FAT 9 DT 03.06.2025,29,Keshilli i Larte Gjyqesor,1029015,Gjykata e Shkallës së Parë e Juridiksionit të Përgjithshëm Durrës (0707),6029005,Shpenzime per honorare,Alban Metra,3000.00,6/4/2025 12:00:00 AM,6/5/2025 12:00:00 AM
 Mat,26921320082025,Agjencia e Funks.te Patransf.Mat (2132008) Lik. Page muaji Maj 2025 per Aparati.Bordero pagese Nr.5 Dt.02.06.2025.Liste - Pagese Nr.i Punonjesve Plan 30 - Fakt 7.,0,Unspecified,2132008,Agjencia e Funksioneve të Patransferueshme (0625),6001001,Paga neto për punonjesit e miratuar në organikë,RAIFFEISEN BANK SH.A,449051.00,6/4/2025 12:00:00 AM,6/5/2025 12:00:00 AM
 Tirane,27010100392025,1010039-Drejt.Pergj.Tatimeve 2025  dieta br vendit  autorizim MF 2495/1 dt 10.3.2025 bord 22.5.2025,10,Ministria e Financave dhe Ekonomise,1010039,Aparati Drejt.Pergj.Tatimeve (3535),6024100,Udhetim i brendshem,PRO CREDIT BANK,38500.00,6/3/2025 12:00:00 AM,6/5/2025 12:00:00 AM
 Tirane,27010121062025,1012106 - AIDA 2025 - shpenz dieta jashte vendit ne Gjermani + kb, urdh nr 1256/1 dt 02.06.2025, aut nr 1282 dt 04.06.2025, kembim valutor me kurs 100,12,Ministria e Ekonomise, Kultures dhe Inovacionit,1012106,Agjencia Shqiptare e Zhvillimit te Investimeve (3535),6022007,Sherbimet bankare,RAIFFEISEN BANK SH.A,355348.00,6/4/2025 12:00:00 AM,6/5/2025 12:00:00 AM
 Tirane,27010130882025, 1013088 SUOGJ Koco Gliozheni pagese shef sherbimi & pedagog maj 2025 bordero dt 04.06.2025 shkrese nr 700 dt 06.03.2024  kont marr sherbimi nr 180/7  dt 08.04.2022,13,Ministria e Shendetesise dhe Mbrojtjes Sociale,1013088,Maternitet Nr.2T. (3535),6029005,Shpenzime per honorare,BANKA CREDINS,97363.00,6/4/2025 12:00:00 AM,6/5/2025 12:00:00 AM
 Tirane,27010140482025,1014048 Drejt Pergj Burgjeve 2025, Bl ushqime per te denuarit ,Kont ne vazhd nr 17895/20 dt 13.01.2025 dt 27.11.2024,ft nr 4018 dt 1.4.2025 fh nr 37 dt 30.4.2025,14,Ministria e Drejtesise,1014048,Drejtoria e Pergjithshme e burgjeve (3535),6021004,Furnizime dhe sherbime me ushqim per mencat,TEUTA DURRES,75570.00,6/4/2025 12:00:00 AM,6/5/2025 12:00:00 AM
 Mat,27021320082025,Agjencia e Funks.te Patransf.Mat (2132008) Lik. Page muaji Maj 2025 per Aparati.Bordero pagese Nr.5 Dt.02.06.2025.Liste - Pagese Nr.i Punonjesve Plan 30 - Fakt 13.,0,Unspecified,2132008,Agjencia e Funksioneve të Patransferueshme (0625),6001001,Paga neto për punonjesit e miratuar në organikë,Banka OTP Albania,970518.00,6/4/2025 12:00:00 AM,6/5/2025 12:00:00 AM
 Berat,27021670012025,2167001 Bashkia Dimal, paguar permbledhese fat.nr.04, dt.27.05.2025, shpenzime energji prill 2025,0,Unspecified,2167001,Bashkia Dimal (0202),6022001,Elektricitet,FURNIZUESI I SHERBIMIT UNIVERSAL,458680.00,6/4/2025 12:00:00 AM,6/5/2025 12:00:00 AM
 Vlore,2710260932025,1026093 AGJENSIA E BREGDETIT POSTA FAT NR 410 DT 06.05.2025,26,Ministria e Turizmit dhe Mjedisit,1026093,Agjencia Rajonale e Bregdetit Vlorë (3737),6022004,Posta dhe sherbimi korrier,POSTA SHQIPTARE SH.A,470.00,6/4/2025 12:00:00 AM,6/5/2025 12:00:00 AM
 Tirane,27110100392025,1010039-Drejt.Pergj.Tatimeve  qera godine kontr nr 12227/1 dt 14.6.2024 fat  10 dt 05.5.2025,10,Ministria e Financave dhe Ekonomise,1010039,Aparati Drejt.Pergj.Tatimeve (3535),6026101,Shpenzime per qiramarrje ambientesh zyre te institucioneve,Arian Bajri,1981697.00,6/3/2025 12:00:00 AM,6/5/2025 12:00:00 AM
 Tirane,27110130882025, 1013088 SUOGJ Koco Gliozheni pagese shef sherbimi & pedagog maj 2025 bordero dt 04.06.2025 shkrese nr 700 dt 06.03.2024  kont marr sherbimi nr 180/7  dt 08.04.2022,13,Ministria e Shendetesise dhe Mbrojtjes Sociale,1013088,Maternitet Nr.2T. (3535),6029005,Shpenzime per honorare,INTESA SANPAOLO BANK ALBANIA,101420.00,6/4/2025 12:00:00 AM,6/5/2025 12:00:00 AM
 Tirane,27110140482025,1014048 Drejt Pergj Burgjeve 2025, Bl ushqime per te denuarit ,Kont ne vazhd nr 17895/20 dt 13.01.2025 dt 27.11.2024,ft nr 840 dt 2.4.2025 fh nr 37/1 dt 30.4.2025,14,Ministria e Drejtesise,1014048,Drejtoria e Pergjithshme e burgjeve (3535),6021004,Furnizime dhe sherbime me ushqim per mencat,TEUTA DURRES,65815.00,6/4/2025 12:00:00 AM,6/5/2025 12:00:00 AM
 Mat,27121320082025,Agjencia e Funks.te Patransf.Mat (2132008) Lik. Page muaji Maj 2025 per Arsimin baze perfshire edhe parashk.(edukatore,sanitare e roje).Bordero pagese Nr.5 Dt.02.06.2025.Liste - Pagese Nr.i Punonjesve Plan 110 - Fakt 28.,0,Unspecified,2132008,Agjencia e Funksioneve të Patransferueshme (0625),6001001,Paga neto për punonjesit e miratuar në organikë,BANKA CREDINS,1432832.00,6/4/2025 12:00:00 AM,6/5/2025 12:00:00 AM
 Tirane,272101003920251,1010039-Drejt.Pergj.Tatimeve 2025 paga m Maj 2025 bord 2.6.2025 nr punonj  327/264 me kontr 42/15 sh MF 2243/1 dt 6.2.2025 ( 93 ),10,Ministria e Financave dhe Ekonomise,1010039,Aparati Drejt.Pergj.Tatimeve (3535),6001001,Paga neto për punonjesit e miratuar në organikë,BANKA CREDINS,8662259.00,6/4/2025 12:00:00 AM,6/5/2025 12:00:00 AM
 Tirane,27210140482025,1014048 Drejt Pergj Burgjeve 2025, Bl ushqime per te denuarit ,Kont ne vazhd nr 17895/20 dt 13.01.2025 dt 27.11.2024,ft nr 4106 dt 2.4.2025 fh nr 37/2 dt 30.4.2025,14,Ministria e Drejtesise,1014048,Drejtoria e Pergjithshme e burgjeve (3535),6021004,Furnizime dhe sherbime me ushqim per mencat,TEUTA DURRES,39846.00,6/4/2025 12:00:00 AM,6/5/2025 12:00:00 AM
 Tirane,27210870412025,1087041 -SASPAK 2025 Paga keshilltare, urdher nr 247 dt 27.09.24, listepagese Maj 2025, mbajtur tb,87,Institucione te tjera Qeveritare,1087041,Agjencia shtetërore e programimit strategjik dhe koordinimit të ndihmës (3535),6029005,Shpenzime per honorare,BANKA CREDINS,93500.00,6/4/2025 12:00:00 AM,6/5/2025 12:00:00 AM
 Pogradec,2721360242025,2136024 Agjensia e Mbrojtjes se Territorit likujdon pagat maj 2025, LP banke nr.24 dt.03.06.2025, np=2,0,Unspecified,2136024,Agjencia e Mbrojtjes së Territorit Pogradec (1529),6001001,Paga neto për punonjesit e miratuar në organikë,BANKA CREDINS,136381.00,6/4/2025 12:00:00 AM,6/5/2025 12:00:00 AM
 Mat,27221320082025,Agjencia e Funks.te Patransf.Mat (2132008) Lik. Page muaji Maj 2025 per Arsimin baze perfshire edhe parashk.(edukatore,sanitare e roje).Bordero pagese Nr.5 Dt.02.06.2025.Liste - Pagese Nr.i Punonjesve Plan 110 - Fakt 46.,0,Unspecified,2132008,Agjencia e Funksioneve të Patransferueshme (0625),6001001,Paga neto për punonjesit e miratuar në organikë,RAIFFEISEN BANK SH.A,2621569.00,6/4/2025 12:00:00 AM,6/5/2025 12:00:00 AM
 Tirane,273101003920251,1010039-Drejt.Pergj.Tatimeve 2025 paga m Maj 2025 bord 2.6.2025 nr punonj  327/264 me kontr 42/15 sh MF 2243/1 dt 6.2.2025 ( 93 ),10,Ministria e Financave dhe Ekonomise,1010039,Aparati Drejt.Pergj.Tatimeve (3535),6001001,Paga neto për punonjesit e miratuar në organikë,RAIFFEISEN BANK SH.A,9139145.00,6/4/2025 12:00:00 AM,6/5/2025 12:00:00 AM
 Tirane,27310140482025,1014048 Drejt Pergj Burgjeve 2025, Bl ushqime per te denuarit ,Kont ne vazhd nr 17895/20 dt 13.01.2025 dt 27.11.2024,ft nr 4319 dt 7.4.2025 fh nr 37/3 dt 30.4.2025,14,Ministria e Drejtesise,1014048,Drejtoria e Pergjithshme e burgjeve (3535),6021004,Furnizime dhe sherbime me ushqim per mencat,TEUTA DURRES,192085.00,6/4/2025 12:00:00 AM,6/5/2025 12:00:00 AM
 Tirane,27310870412025,1087041 -SASPAK 2025 Paga keshilltare, urdher nr 226 dt 26.08.24, listepagese Maj 2025, mbajtur tb,87,Institucione te tjera Qeveritare,1087041,Agjencia shtetërore e programimit strategjik dhe koordinimit të ndihmës (3535),6029005,Shpenzime per honorare,RAIFFEISEN BANK SH.A,51000.00,6/4/2025 12:00:00 AM,6/5/2025 12:00:00 AM
 Mat,27321320082025,Agjencia e Funks.te Patransf.Mat (2132008) Lik. Page muaji Maj 2025 per Arsimin baze perfshire edhe parashk.(edukatore,sanitare e roje).Bordero pagese Nr.5 Dt.02.06.2025.Liste - Pagese Nr.i Punonjesve Plan 110 - Fakt 35.,0,Unspecified,2132008,Agjencia e Funksioneve të Patransferueshme (0625),6001001,Paga neto për punonjesit e miratuar në organikë,Banka OTP Albania,1798793.00,6/4/2025 12:00:00 AM,6/5/2025 12:00:00 AM
 Tirane,274101003920251,1010039-Drejt.Pergj.Tatimeve 2025 paga m Maj 2025 bord 2.6.2025 nr punonj  327/264 me kontr 42/15 sh MF 2243/1 dt 6.2.2025 ( 64 ),10,Ministria e Financave dhe Ekonomise,1010039,Aparati Drejt.Pergj.Tatimeve (3535),6001001,Paga neto për punonjesit e miratuar në organikë,BANKA KOMBETARE TREGTARE,5414292.00,6/4/2025 12:00:00 AM,6/5/2025 12:00:00 AM
 Tirane,27410140482025,1014048 Drejt Pergj Burgjeve 2025, Bl ushqime per te denuarit ,Kont ne vazhd nr 17895/20 dt 13.01.2025 dt 27.11.2024,ft nr 4395 dt 8.4.2025 fh nr 37/4 dt 30.4.2025,14,Ministria e Drejtesise,1014048,Drejtoria e Pergjithshme e burgjeve (3535),6021004,Furnizime dhe sherbime me ushqim per mencat,TEUTA DURRES,96730.00,6/4/2025 12:00:00 AM,6/5/2025 12:00:00 AM
 Tirane,27410870412025,1087041 -SASPAK 2025 Paga keshilltare, urdher nr 336 dt 06.12.24, listepagese Maj 2025, mbajtur tb,87,Institucione te tjera Qeveritare,1087041,Agjencia shtetërore e programimit strategjik dhe koordinimit të ndihmës (3535),6029005,Shpenzime per honorare,BANKA KOMBETARE TREGTARE,93500.00,6/4/2025 12:00:00 AM,6/5/2025 12:00:00 AM
 Mat,27421320082025,Agjencia e Funks.te Patransf.Mat (2132008) Lik. Page muaji Maj 2025 per Arsimin e mesem (sekt.mbeshtetes,sanitare e roje).Bordero pagese Nr.5 Dt.02.06.2025.Liste - Pagese Nr.i Punonjesve Plan 11 - Fakt 2.,0,Unspecified,2132008,Agjencia e Funksioneve të Patransferueshme (0625),6001001,Paga neto për punonjesit e miratuar në organikë,BANKA CREDINS,82746.00,6/4/2025 12:00:00 AM,6/5/2025 12:00:00 AM
 Tirane,275101003920251,1010039-Drejt.Pergj.Tatimeve 2025 paga m Maj 2025 bord 2.6.2025 nr punonj  327/264 me kontr 42/15 sh MF 2243/1 dt 6.2.2025 (2 ),10,Ministria e Financave dhe Ekonomise,1010039,Aparati Drejt.Pergj.Tatimeve (3535),6001001,Paga neto për punonjesit e miratuar në organikë,BANKA E TIRANES,211354.00,6/4/2025 12:00:00 AM,6/5/2025 12:00:00 AM
 Lezhe,27510121232025,ZYRA E PUNES LEZHE PAG SIPAS LISTEPAGESES PAGESE PAPUNESIE MAJ 2025 , NR PERFITUESVE 25,12,Ministria e Ekonomise, Kultures dhe Inovacionit,1012123,Drejtori Rajonale AKPA Lezhe (2020),6061002,Kompensim papunesie per personat e siguruar,Banka e Parë e Investimeve-Albania/ First Investment Bank- Albania,308600.00,6/4/2025 12:00:00 AM,6/5/2025 12:00:00 AM
 Tirane,27510140482025,1014048 Drejt Pergj Burgjeve 2025, Bl ushqime per te denuarit ,Kont ne vazhd nr 17895/20 dt 13.01.2025 dt 27.11.2024,ft nr 4396 dt 8.4.2025 fh nr 37/5 dt 30.4.2025,14,Ministria e Drejtesise,1014048,Drejtoria e Pergjithshme e burgjeve (3535),6021004,Furnizime dhe sherbime me ushqim per mencat,TEUTA DURRES,12091.00,6/4/2025 12:00:00 AM,6/5/2025 12:00:00 AM
 Mat,27521320082025,Agjencia e Funks.te Patransf.Mat (2132008) Lik. Page muaji Maj 2025 per Arsimin e mesem (sekt.mbeshtetes,sanitare e roje).Bordero pagese Nr.5 Dt.02.06.2025.Liste - Pagese Nr.i Punonjesve Plan 11 - Fakt 6.,0,Unspecified,2132008,Agjencia e Funksioneve të Patransferueshme (0625),6001001,Paga neto për punonjesit e miratuar në organikë,RAIFFEISEN BANK SH.A,257687.00,6/4/2025 12:00:00 AM,6/5/2025 12:00:00 AM
 Tirane,276101003920251,1010039-Drejt.Pergj.Tatimeve 2025 paga m Maj 2025 bord 2.6.2025 nr punonj  327/264 me kontr 42/15 sh MF 2243/1 dt 6.2.2025 (11 ),10,Ministria e Financave dhe Ekonomise,1010039,Aparati Drejt.Pergj.Tatimeve (3535),6001001,Paga neto për punonjesit e miratuar në organikë,INTESA SANPAOLO BANK ALBANIA,880620.00,6/4/2025 12:00:00 AM,6/5/2025 12:00:00 AM
 Lezhe,27610121232025,ZYRA E PUNES LEZHE PAG SIPAS LISTEPAGESES PAGESE PAPUNESIE MAJ 2025 , NR PERFITUESVE 14,12,Ministria e Ekonomise, Kultures dhe Inovacionit,1012123,Drejtori Rajonale AKPA Lezhe (2020),6061002,Kompensim papunesie per personat e siguruar,BANKA CREDINS,266798.00,6/4/2025 12:00:00 AM,6/5/2025 12:00:00 AM
 Tirane,27610130012025,1013001 MIn Shens dhe mbrojtjes Soc Djeta brenda vendit,lista dt 26.05.2025,aurorizim nr 124/34 dt 07.04.2025,124/34 dt 18.04.2025,124/37 dt 11.04.2025,124/47 dt 29.04.2025,124/19 dt 06.03.2025,13,Ministria e Shendetesise dhe Mbrojtjes Sociale,1013001,Aparati i  Ministrisë së Shëndetësisë dhe Mbrojtjes Sociale (3535),6024100,Udhetim i brendshem,BANKA E TIRANES,31500.00,6/2/2025 12:00:00 AM,6/5/2025 12:00:00 AM
 Tirane,27610140482025,1014048 Drejt Pergj Burgjeve 2025, Bl ushqime per te denuarit ,Kont ne vazhd nr 17895/20 dt 13.01.2025 dt 27.11.2024,ft nr 4508 dt 10.4.2025 fh nr 37/6 dt 30.4.2025,14,Ministria e Drejtesise,1014048,Drejtoria e Pergjithshme e burgjeve (3535),6021004,Furnizime dhe sherbime me ushqim per mencat,TEUTA DURRES,88211.00,6/4/2025 12:00:00 AM,6/5/2025 12:00:00 AM
 Mat,27621320082025,Agjencia e Funks.te Patransf.Mat (2132008) Lik. Page muaji Maj 2025 per Arsimin e mesem (sekt.mbeshtetes,sanitare e roje).Bordero pagese Nr.5 Dt.02.06.2025.Liste - Pagese Nr.i Punonjesve Plan 11 - Fakt 2.,0,Unspecified,2132008,Agjencia e Funksioneve të Patransferueshme (0625),6001001,Paga neto për punonjesit e miratuar në organikë,Banka OTP Albania,83800.00,6/4/2025 12:00:00 AM,6/5/2025 12:00:00 AM
 Tirane,277101003920251,1010039-Drejt.Pergj.Tatimeve 2025 paga m Maj 2025 bord 2.6.2025 nr punonj  327/264 me kontr 42/15 sh MF 2243/1 dt 6.2.2025 ( 2 ),10,Ministria e Financave dhe Ekonomise,1010039,Aparati Drejt.Pergj.Tatimeve (3535),6001001,Paga neto për punonjesit e miratuar në organikë,UNION BANK SHA,238050.00,6/4/2025 12:00:00 AM,6/5/2025 12:00:00 AM
 Tirane,27710130012025,1013001 MIn Shens Djeta brenda vendit,listepagesa dt 26.05.2025,Aut nr 124/52 dt 20.05.2025,13,Ministria e Shendetesise dhe Mbrojtjes Sociale,1013001,Aparati i  Ministrisë së Shëndetësisë dhe Mbrojtjes Sociale (3535),6024100,Udhetim i brendshem,INTESA SANPAOLO BANK ALBANIA,5500.00,6/4/2025 12:00:00 AM,6/5/2025 12:00:00 AM
 Tirane,27710140482025,1014048 Drejt Pergj Burgjeve 2025, Bl ushqime per te denuarit ,Kont ne vazhd nr 17895/20 dt 13.01.2025 dt 27.11.2024,ft nr 4514 dt 10.4.2025 fh nr 37/7 dt 30.4.2025,14,Ministria e Drejtesise,1014048,Drejtoria e Pergjithshme e burgjeve (3535),6021004,Furnizime dhe sherbime me ushqim per mencat,TEUTA DURRES,82715.00,6/4/2025 12:00:00 AM,6/5/2025 12:00:00 AM
 Mat,27721320082025,Agjencia e Funks.te Patransf.Mat (2132008) Lik. Page muaji Maj 2025 per Arsimin e mesem (sekt.mbeshtetes,sanitare e roje).Bordero pagese Nr.5 Dt.02.06.2025.Liste - Pagese Nr.i Punonjesve Plan 11 - Fakt 1.,0,Unspecified,2132008,Agjencia e Funksioneve të Patransferueshme (0625),6001001,Paga neto për punonjesit e miratuar në organikë,BANKA E BASHKUAR E SHQIPERISE,44400.00,6/4/2025 12:00:00 AM,6/5/2025 12:00:00 AM
 Tirane,278101003920251,1010039-Drejt.Pergj.Tatimeve 2025 paga m Maj 2025 bord 2.6.2025 nr punonj  327/264 me kontr 42/15 sh MF 2243/1 dt 6.2.2025 ( 1 ),10,Ministria e Financave dhe Ekonomise,1010039,Aparati Drejt.Pergj.Tatimeve (3535),6001001,Paga neto për punonjesit e miratuar në organikë,BANKA AMERIKANE E INVESTIMEVE SHA	,88372.00,6/4/2025 12:00:00 AM,6/5/2025 12:00:00 AM
 Tirane,27810140482025,1014048 Drejt Pergj Burgjeve 2025, Bl ushqime per te denuarit ,Kont ne vazhd nr 17895/20 dt 13.01.2025 dt 27.11.2024,ft nr 4770 dt 15.4.2025 fh nr 37/8 dt 30.4.2025,14,Ministria e Drejtesise,1014048,Drejtoria e Pergjithshme e burgjeve (3535),6021004,Furnizime dhe sherbime me ushqim per mencat,TEUTA DURRES,152789.00,6/4/2025 12:00:00 AM,6/5/2025 12:00:00 AM
 Tirane,27810870412025,1087041 -SASPAK 2025 Dieta EUSAIR, marrev partneritet nr 537 dt 08.05.24, ligj nr 73/2024, urdher nr 171 dt 29.05.25, miratim sp nr 2148/1 dt 25.04.25, urdher sherb. listepagese,87,Institucione te tjera Qeveritare,1087041,Agjencia shtetërore e programimit strategjik dhe koordinimit të ndihmës (3535),2310500,Shpenz. per rritjen e te tjera AQT,BANKA CREDINS,17793.00,6/4/2025 12:00:00 AM,6/5/2025 12:00:00 AM
 Devoll,27821050012025,BASHKIA DEVOLL PAGESE PER SHERBIM PASTRIMI KONT NR 14 DT 21.09.2023 FAT NR 172 DT 04.11.2025 URDHER NR 367 DT 30.05.2025 SITUACION NR 13 NJOFT FITS DATE 18.09.2023,0,Unspecified,2105001,Bashkia Devoll (1505),6022009,Sherbime te pastrimit dhe gjelberimit,ALKO IMPEX CONSTRUCTION,3161281.00,6/4/2025 12:00:00 AM,6/5/2025 12:00:00 AM
 Mat,27821320082025,Agjencia e Funks.te Patransf.Mat (2132008) Lik. Page muaji Maj 2025 per Sekt.e Bujqesise.Bordero pagese Nr.5 Dt.02.06.2025.Liste - Pagese Nr.i Punonjesve Plan 30 - Fakt 14.,0,Unspecified,2132008,Agjencia e Funksioneve të Patransferueshme (0625),6001001,Paga neto për punonjesit e miratuar në organikë,BANKA CREDINS,668211.00,6/4/2025 12:00:00 AM,6/5/2025 12:00:00 AM
 Tirane,279101003920251,1010039-Drejt.Pergj.Tatimeve 2025 paga m Maj 2025 bord 2.6.2025 nr punonj  327/264 me kontr 42/15 sh MF 2243/1 dt 6.2.2025 ( 2 ),10,Ministria e Financave dhe Ekonomise,1010039,Aparati Drejt.Pergj.Tatimeve (3535),6001001,Paga neto për punonjesit e miratuar në organikë,PRO CREDIT BANK,211876.00,6/4/2025 12:00:00 AM,6/5/2025 12:00:00 AM
 Tirane,27910140482025,1014048 Drejt Pergj Burgjeve 2025, Bl ushqime per te denuarit ,Kont ne vazhd nr 17895/20 dt 13.01.2025 dt 27.11.2024,ft nr 4852 dt 17.4.2025 fh nr 37/9 dt 30.4.2025,14,Ministria e Drejtesise,1014048,Drejtoria e Pergjithshme e burgjeve (3535),6021004,Furnizime dhe sherbime me ushqim per mencat,TEUTA DURRES,229183.00,6/4/2025 12:00:00 AM,6/5/2025 12:00:00 AM
 Tirane,27910870412025,1087041 -SASPAK 2025 Dieta EUSAIR, marrev partneritet nr 537 dt 08.05.24, ligj nr 73/2024, urdher nr 171 dt 29.05.25, autorizim nr 542/1 dt 18.04.25, urdher sherb. listepagese,87,Institucione te tjera Qeveritare,1087041,Agjencia shtetërore e programimit strategjik dhe koordinimit të ndihmës (3535),2310500,Shpenz. per rritjen e te tjera AQT,BANKA KOMBETARE TREGTARE,245278.00,6/4/2025 12:00:00 AM,6/5/2025 12:00:00 AM
 Devoll,27921050012025,BASHKIA DEVOLL PAGESE PER SHERBIM PASTRIMI KONT NR 14 DT 21.09.2023 FAT NR 3 DT 06.01.2025 URDHER NR 367 DT 30.05.2025 SITUACION NR 15 NJOFT FITS DATE 18.09.2023,0,Unspecified,2105001,Bashkia Devoll (1505),6022009,Sherbime te pastrimit dhe gjelberimit,ALKO IMPEX CONSTRUCTION,3161281.00,6/4/2025 12:00:00 AM,6/5/2025 12:00:00 AM
 Has,27921170012025,1812.2117001.Sa likujdojme paga per punonjesit e gjendjes civile sipas listepageses dhe bordors se bankes muaji Maj- 2025,Plan 3,fakt 3.Bashkia Has.,16,Ministria e Brendshme,2117001,Bashkia Has (1812),6001001,Paga neto për punonjesit e miratuar në organikë,RAIFFEISEN BANK SH.A,283078.00,6/3/2025 12:00:00 AM,6/5/2025 12:00:00 AM
 Mat,27921320082025,Agjencia e Funks.te Patransf.Mat (2132008) Lik. Page muaji Maj 2025 per Sekt.e Bujqesise.Bordero pagese Nr.5 Dt.02.06.2025.Liste - Pagese Nr.i Punonjesve Plan 30 - Fakt 7.,0,Unspecified,2132008,Agjencia e Funksioneve të Patransferueshme (0625),6001001,Paga neto për punonjesit e miratuar në organikë,RAIFFEISEN BANK SH.A,361496.00,6/4/2025 12:00:00 AM,6/5/2025 12:00:00 AM
 Tirane,280101003920251,1010039-Drejt.Pergj.Tatimeve 2025 paga m Maj 2025 bord 2.6.2025 nr punonj  327/264 me kontr 42/15 sh MF 2243/1 dt 6.2.2025 ( 11 ),10,Ministria e Financave dhe Ekonomise,1010039,Aparati Drejt.Pergj.Tatimeve (3535),6001001,Paga neto për punonjesit e miratuar në organikë,Banka OTP Albania,1110073.00,6/4/2025 12:00:00 AM,6/5/2025 12:00:00 AM
 Tirane,28010140482025,1014048 Drejt Pergj Burgjeve 2025, Bl ushqime per te denuarit ,Kont ne vazhd nr 17895/20 dt 13.01.2025 dt 27.11.2024,ft nr 4870 dt 17.4.2025 fh nr 37/10 dt 30.4.2025,14,Ministria e Drejtesise,1014048,Drejtoria e Pergjithshme e burgjeve (3535),6021004,Furnizime dhe sherbime me ushqim per mencat,TEUTA DURRES,48914.00,6/4/2025 12:00:00 AM,6/5/2025 12:00:00 AM
 Tirane,28010870412025,1087041 -SASPAK 2025 Pagese hoteli dhe udhetimi, EUSAIR, marreveshje partnerit,nr 537 dt 08.05.24, nr 73/2024, urdher nr 171 dt 29.05.25, fature nr 2661 dt 09.05.2025, relacion pjesemarrje,87,Institucione te tjera Qeveritare,1087041,Agjencia shtetërore e programimit strategjik dhe koordinimit të ndihmës (3535),2310500,Shpenz. per rritjen e te tjera AQT,ODISEA TRAVEL & TOURS,172515.00,6/4/2025 12:00:00 AM,6/5/2025 12:00:00 AM
 Devoll,28021050012025,BASHKIA DEVOLL PAGESE PER SHERBIM PASTRIMI KONT NR 14 DT 21.09.2023 FAT NR 11 DT 08.01.2025 URDHER NR 367 DT 30.05.2025 SITUACION NR 14 NJOFT FITS DATE 18.09.2023,0,Unspecified,2105001,Bashkia Devoll (1505),6022009,Sherbime te pastrimit dhe gjelberimit,ALKO IMPEX CONSTRUCTION,3016530.00,6/4/2025 12:00:00 AM,6/5/2025 12:00:00 AM
 Has,28021170012025,1812.2117001.Sa likujdojme pagat per punonjesit e sherbimit policor sipas listepageses dhe bordors muaji Maj-2025,nr.plan 9 nr.fakt 8.Bashkia HAS,0,Unspecified,2117001,Bashkia Has (1812),6001001,Paga neto për punonjesit e miratuar në organikë,RAIFFEISEN BANK SH.A,338550.00,6/3/2025 12:00:00 AM,6/5/2025 12:00:00 AM
 Mat,28021320082025,Agjencia e Funks.te Patransf.Mat (2132008) Lik. Page muaji Maj 2025 per Sekt.e Bujqesise.Bordero pagese Nr.5 Dt.02.06.2025.Liste - Pagese Nr.i Punonjesve Plan 30 - Fakt 9.,0,Unspecified,2132008,Agjencia e Funksioneve të Patransferueshme (0625),6001001,Paga neto për punonjesit e miratuar në organikë,Banka OTP Albania,547488.00,6/4/2025 12:00:00 AM,6/5/2025 12:00:00 AM
 Vlore,2810260932025,1026093 AGJENSIA E BREGDETIT POSTA FAT NR 516 DT 04.06.2025,26,Ministria e Turizmit dhe Mjedisit,1026093,Agjencia Rajonale e Bregdetit Vlorë (3737),6022004,Posta dhe sherbimi korrier,POSTA SHQIPTARE SH.A,1440.00,6/4/2025 12:00:00 AM,6/5/2025 12:00:00 AM
 Tirane,28110140482025,1014048 Drejt Pergj Burgjeve 2025, Bl ushqime per te denuarit ,Kont ne vazhd nr 17895/20 dt 13.01.2025 dt 27.11.2024,ft nr 4903 dt 17.4.2025 fh nr 37/11 dt 30.4.2025,14,Ministria e Drejtesise,1014048,Drejtoria e Pergjithshme e burgjeve (3535),6021004,Furnizime dhe sherbime me ushqim per mencat,TEUTA DURRES,65128.00,6/4/2025 12:00:00 AM,6/5/2025 12:00:00 AM
 Tirane,28110870412025,1087041 -SASPAK 2025 Paga, qera muaji Prill 2025, Asistence Teknike Prog IPA Mali-zi-Shqip. 2021-2027, ratifik marrev nr 9/2024, dt 22.02.24, urdher nr 150 dt 12.05.25, listepagese Prill 2025,87,Institucione te tjera Qeveritare,1087041,Agjencia shtetërore e programimit strategjik dhe koordinimit të ndihmës (3535),2310500,Shpenz. per rritjen e te tjera AQT,BANKA CREDINS,135183.00,6/4/2025 12:00:00 AM,6/5/2025 12:00:00 AM
 Devoll,28121050012025,BASHKIA DEVOLL PAGESE PER SHERBIM PASTRIMI KONT NR 14 DT 21.09.2023 FAT NR 42 DT 01.04.2025 URDHER NR 367 DT 30.05.2025 SITUACION NR 18 NJOFT FITS DATE 18.09.2023,0,Unspecified,2105001,Bashkia Devoll (1505),6022009,Sherbime te pastrimit dhe gjelberimit,ALKO IMPEX CONSTRUCTION,3161281.00,6/4/2025 12:00:00 AM,6/5/2025 12:00:00 AM
 Has,28121170012025,1812.2117001.Sa likujdojme paga per punonjesit e ruajtjes nga zjarri dhe mbrojtjes civile sipas listepageses dhe bordors se bankes muaji Maj- 2025,Plan 22,fakt 22.Bashkia Has.,0,Unspecified,2117001,Bashkia Has (1812),6001001,Paga neto për punonjesit e miratuar në organikë,RAIFFEISEN BANK SH.A,1319644.00,6/3/2025 12:00:00 AM,6/5/2025 12:00:00 AM
 Mat,28121320082025,Agjencia e Funks.te Patransf.Mat (2132008) Lik. Page muaji Maj 2025 per Sekt.Cerdhet dhe Qendra Multifunksionale.Bordero pagese Nr.5 Dt.02.06.2025.Liste - Pagese Nr.i Punonjesve Plan 25 - Fakt 11.,0,Unspecified,2132008,Agjencia e Funksioneve të Patransferueshme (0625),6001001,Paga neto për punonjesit e miratuar në organikë,BANKA CREDINS,542890.00,6/4/2025 12:00:00 AM,6/5/2025 12:00:00 AM
 Tirane,28210140482025,1014048 Drejt Pergj Burgjeve 2025, Bl ushqime per te denuarit ,Kont ne vazhd nr 17895/20 dt 13.01.2025 dt 27.11.2024,ft nr 5158 dt 23.4.2025 fh nr 37/12 dt 30.4.2025,14,Ministria e Drejtesise,1014048,Drejtoria e Pergjithshme e burgjeve (3535),6021004,Furnizime dhe sherbime me ushqim per mencat,TEUTA DURRES,30228.00,6/4/2025 12:00:00 AM,6/5/2025 12:00:00 AM
 Has,28221170012025,1812.2117001.Sa likujdojme paga per punonjesit e sherbimeve bujqesore inspektimit dhe ushqimit sipas listepageses dhe bordors se bankes muaji Maj- 2025,Plan 7 ,fakt 7.Bashkia Has.,0,Unspecified,2117001,Bashkia Has (1812),6001001,Paga neto për punonjesit e miratuar në organikë,RAIFFEISEN BANK SH.A,430212.00,6/3/2025 12:00:00 AM,6/5/2025 12:00:00 AM
 Mat,28221320082025,Agjencia e Funks.te Patransf.Mat (2132008) Lik. Page muaji Maj 2025 per Sekt.Cerdhet dhe Qendra Multifunksionale.Bordero pagese Nr.5 Dt.02.06.2025.Liste - Pagese Nr.i Punonjesve Plan 25 - Fakt 3.,0,Unspecified,2132008,Agjencia e Funksioneve të Patransferueshme (0625),6001001,Paga neto për punonjesit e miratuar në organikë,RAIFFEISEN BANK SH.A,123671.00,6/4/2025 12:00:00 AM,6/5/2025 12:00:00 AM
 Tirane,28310140482025,1014048 Drejt Pergj Burgjeve 2025, Bl ushqime per te denuarit ,Kont ne vazhd nr 17895/20 dt 13.01.2025 dt 27.11.2024,ft nr 1070 dt 23.4.2025 fh nr 37/13 dt 30.4.2025,14,Ministria e Drejtesise,1014048,Drejtoria e Pergjithshme e burgjeve (3535),6021004,Furnizime dhe sherbime me ushqim per mencat,TEUTA DURRES,166254.00,6/4/2025 12:00:00 AM,6/5/2025 12:00:00 AM
 Has,28321170012025,1812.2117001.Sa likujdojme paga per punonjesit e menaxhimit te infrastruk ujitjes dhe kullimit sipas listepageses dhe bordors se bankes muaji Maj- 2025,Plan 8,fakt 7.Bashkia Has.,0,Unspecified,2117001,Bashkia Has (1812),6001001,Paga neto për punonjesit e miratuar në organikë,RAIFFEISEN BANK SH.A,332744.00,6/3/2025 12:00:00 AM,6/5/2025 12:00:00 AM
 Mat,28321320082025,Agjencia e Funks.te Patransf.Mat (2132008) Lik. Page muaji Maj 2025 per Sekt.Cerdhet dhe Qendra Multifunksionale.Bordero pagese Nr.5 Dt.02.06.2025.Liste - Pagese Nr.i Punonjesve Plan 25 - Fakt 10.,0,Unspecified,2132008,Agjencia e Funksioneve të Patransferueshme (0625),6001001,Paga neto për punonjesit e miratuar në organikë,Banka OTP Albania,516321.00,6/4/2025 12:00:00 AM,6/5/2025 12:00:00 AM
 Tirane,28410140482025,1014048 Drejt Pergj Burgjeve 2025, Bl ushqime per te denuarit ,Kont ne vazhd nr 17895/20 dt 13.01.2025 dt 27.11.2024,ft nr5384 dt 28.4.2025 fh nr 37/14 dt 30.4.2025,14,Ministria e Drejtesise,1014048,Drejtoria e Pergjithshme e burgjeve (3535),6021004,Furnizime dhe sherbime me ushqim per mencat,TEUTA DURRES,114866.00,6/4/2025 12:00:00 AM,6/5/2025 12:00:00 AM
 Tirane,28410560012025,1056001 FSHZH 2025, Lik.fat,Nderh.permiresim shtresa asfaltike raj.3 faza 4 GOA2025/P 46 PO dt.03.03.2025 fat.154/2025 dt.05.05.2025 sit.1 dt.04.03.2025-04.05.2025,56,Fondi i Zhvillimit Shqipetar,1056001,Fondi i Zhvillimit Shqiptar (3535),2313100,Shpenz. per rritjen e AQT - konstruksione te rrugeve,"SHKELQIMI 07",26649174.00,6/3/2025 12:00:00 AM,6/5/2025 12:00:00 AM
 Has,28421170012025,1812.2117001.Sa likujdojme pagat per punonjesit e pyjeve dhe kullotave sipas listepageses dhe bordors muaji Maj-2025,nr.plan 26 nr.fakt 26.Bashkia HAS,0,Unspecified,2117001,Bashkia Has (1812),6001001,Paga neto për punonjesit e miratuar në organikë,RAIFFEISEN BANK SH.A,1205843.00,6/3/2025 12:00:00 AM,6/5/2025 12:00:00 AM
 Mat,28421320082025,Agjencia e Funks.te Patransf.Mat (2132008) Lik. Page muaji Maj 2025 per Arsimin e mesem profes.(Personeli i Konviktit te Shk.se Mesme).Bordero pagese Nr.5 Dt.02.06.2025.Liste - Pagese Nr.i Punonjesve Plan 10 - Fakt 3.,0,Unspecified,2132008,Agjencia e Funksioneve të Patransferueshme (0625),6001001,Paga neto për punonjesit e miratuar në organikë,RAIFFEISEN BANK SH.A,126360.00,6/4/2025 12:00:00 AM,6/5/2025 12:00:00 AM
 Skrapar,28421390012025,2139001 Shpenzim per shperblim keshilltarve Maj 2025 Up nr 263 dt 03.06.2025 Listepagese bordero Bashkia Skrapar,0,Unspecified,2139001,Bashkia Skrapar (0232),6029006,Shpenzime kompesimi per anetaret e parlamentit dhe zyrtare te tjera te zgjedhur,BANKA CREDINS,102000.00,6/4/2025 12:00:00 AM,6/5/2025 12:00:00 AM
 Tirane,28510140482025,1014048 Drejt Pergj Burgjeve 2025, Bl ushqime per te denuarit ,Kont ne vazhd nr 17895/20 dt 13.01.2025 dt 27.11.2024,ft nr 13566 dt 29.4.2025 fh nr 37/15 dt 30.4.2025,14,Ministria e Drejtesise,1014048,Drejtoria e Pergjithshme e burgjeve (3535),6021004,Furnizime dhe sherbime me ushqim per mencat,TEUTA DURRES,33800.00,6/4/2025 12:00:00 AM,6/5/2025 12:00:00 AM
 Tirane,28510560012025,1056001 FSHZH 2025, Lik.fat,Nderh.permiresim shtresa asfaltike raj.3 faza 4 B.Fier GOA2025/P 67 PO dt.13.03.2025 fat.153/2025 dt.05.05.2025 sit.1 pjesor dt.18.04.2025-04.05.2025,56,Fondi i Zhvillimit Shqipetar,1056001,Fondi i Zhvillimit Shqiptar (3535),2313100,Shpenz. per rritjen e AQT - konstruksione te rrugeve,"SHKELQIMI 07",7950068.00,6/3/2025 12:00:00 AM,6/5/2025 12:00:00 AM
 Has,28521170012025,1812.2117001.Sa likujdojme paga per punonjesit e rrjetit rrugor rural  sipas listepageses dhe bordors se bankes muaji Maj- 2025,Plan 39,fakt 36.Bashkia Has.,0,Unspecified,2117001,Bashkia Has (1812),6001001,Paga neto për punonjesit e miratuar në organikë,RAIFFEISEN BANK SH.A,1294983.00,6/3/2025 12:00:00 AM,6/5/2025 12:00:00 AM
 Mat,28521320082025,Agjencia e Funks.te Patransf.Mat (2132008) Lik. Page muaji Maj 2025 per Arsimin e mesem profes.(Personeli i Konviktit te Shk.se Mesme).Bordero pagese Nr.5 Dt.02.06.2025.Liste - Pagese Nr.i Punonjesve Plan 10 - Fakt 7.,0,Unspecified,2132008,Agjencia e Funksioneve të Patransferueshme (0625),6001001,Paga neto për punonjesit e miratuar në organikë,Banka OTP Albania,341500.00,6/4/2025 12:00:00 AM,6/5/2025 12:00:00 AM
 Skrapar,28521390012025,2139001 Shpenzim per shperblim keshilltarve Maj 2025 Up nr 263 dt 03.06.2025 Listepagese bordero Bashkia Skrapar,0,Unspecified,2139001,Bashkia Skrapar (0232),6029006,Shpenzime kompesimi per anetaret e parlamentit dhe zyrtare te tjera te zgjedhur,RAIFFEISEN BANK SH.A,163200.00,6/4/2025 12:00:00 AM,6/5/2025 12:00:00 AM
 Has,28621170012025,1812.2117001.Sa likujdojme pagat per punonjesit e menaxhimit te mbetjeve sipas listepageses dhe bordors muaji Maj-2025,nr.plan 6 nr.fakt 6.Bashkia HAS,0,Unspecified,2117001,Bashkia Has (1812),6001001,Paga neto për punonjesit e miratuar në organikë,RAIFFEISEN BANK SH.A,232628.00,6/3/2025 12:00:00 AM,6/5/2025 12:00:00 AM
 Mat,28621320082025,Agjencia e Funks.te Patransf.Mat (2132008) Lik. Page muaji Maj 2025 per Sekt.e Ujitja Kullimi.Bordero pagese Nr.5 Dt.02.06.2025.Liste - Pagese Nr.i Punonjesve Plan 2 - Fakt 1.,0,Unspecified,2132008,Agjencia e Funksioneve të Patransferueshme (0625),6001001,Paga neto për punonjesit e miratuar në organikë,RAIFFEISEN BANK SH.A,44118.00,6/4/2025 12:00:00 AM,6/5/2025 12:00:00 AM
 Skrapar,28621390012025,2139001 Shpenzim per shperblim keshilltarve Maj 2025 Up nr 263 dt 03.06.2025 Listepagese bordero Bashkia Skrapar,0,Unspecified,2139001,Bashkia Skrapar (0232),6029006,Shpenzime kompesimi per anetaret e parlamentit dhe zyrtare te tjera te zgjedhur,BANKA KOMBETARE TREGTARE,40800.00,6/4/2025 12:00:00 AM,6/5/2025 12:00:00 AM
 Has,28721170012025,1812.2117001.Sa likujdojme pagat per punonjesit e planifikimit urban dhe vendor sipas listepageses dhe bordors muaji Maj-2025,nr.plan 4 nr.fakt 4.Bashkia HAS,0,Unspecified,2117001,Bashkia Has (1812),6001001,Paga neto për punonjesit e miratuar në organikë,RAIFFEISEN BANK SH.A,241849.00,6/3/2025 12:00:00 AM,6/5/2025 12:00:00 AM
 Mat,28721320082025,Agjencia e Funks.te Patransf.Mat (2132008) Lik. Page muaji Maj 2025 per Sekt.e Ujitja Kullimi.Bordero pagese Nr.5 Dt.02.06.2025.Liste - Pagese Nr.i Punonjesve Plan 2 - Fakt 1.,0,Unspecified,2132008,Agjencia e Funksioneve të Patransferueshme (0625),6001001,Paga neto për punonjesit e miratuar në organikë,Banka OTP Albania,67724.00,6/4/2025 12:00:00 AM,6/5/2025 12:00:00 AM
 Skrapar,28721390012025,2139001 Shpenzim per shperblim Kryepleqve Maj 2025 Up nr 263 dt 03.06.2025 Listepagese bordero Bashkia Skrapar,0,Unspecified,2139001,Bashkia Skrapar (0232),6029006,Shpenzime kompesimi per anetaret e parlamentit dhe zyrtare te tjera te zgjedhur,BANKA CREDINS,152401.00,6/4/2025 12:00:00 AM,6/5/2025 12:00:00 AM
 Tirane,28810290072025,1029007 Gjyk e Apelit Tirane 2025 - shpenz pagese eksperti, kontr nr 989/6 dt 22.05.2025, shkrese nr 989/7 dt 23.05.2025, fat nr 149/2025 dt 23.05.2025,29,Keshilli i Larte Gjyqesor,1029007,Gjykata e Apelit Tirane (3535),6029005,Shpenzime per honorare,UNIVERSITETI POLITEKNIK I TIRANES,896310.00,6/4/2025 12:00:00 AM,6/5/2025 12:00:00 AM
 Mat,28821320082025,Agjencia e Funks.te Patransf.Mat (2132008) Lik. Page muaji Maj 2025 per Qendren Kulturore,Artit dhe Muzikes.Bordero pagese Nr.5 Dt.02.06.2025.Liste - Pagese Nr.i Punonjesve Plan 23 - Fakt 4.,0,Unspecified,2132008,Agjencia e Funksioneve të Patransferueshme (0625),6001001,Paga neto për punonjesit e miratuar në organikë,BANKA CREDINS,174801.00,6/4/2025 12:00:00 AM,6/5/2025 12:00:00 AM
 Skrapar,28821390012025,2139001 Shpenzim per shperblim Kryepleqve Maj 2025 Up nr 263 dt 03.06.2025 Listepagese bordero Bashkia Skrapar,0,Unspecified,2139001,Bashkia Skrapar (0232),6029006,Shpenzime kompesimi per anetaret e parlamentit dhe zyrtare te tjera te zgjedhur,RAIFFEISEN BANK SH.A,9775.00,6/4/2025 12:00:00 AM,6/5/2025 12:00:00 AM
 Has,28921170012025,1812.2117001.Sa likujdojme paga per punonjesit e furnizimit me uje dhe kanalizime  sipas listepageses dhe bordors se bankes muaji Maj- 2025,.Bashkia Has.Plan 7 ,fakt 7,0,Unspecified,2117001,Bashkia Has (1812),6001001,Paga neto për punonjesit e miratuar në organikë,RAIFFEISEN BANK SH.A,273504.00,6/3/2025 12:00:00 AM,6/5/2025 12:00:00 AM
 Mat,28921320082025,Agjencia e Funks.te Patransf.Mat (2132008) Lik. Page muaji Maj 2025 per Qendren Kulturore,Artit dhe Muzikes.Bordero pagese Nr.5 Dt.02.06.2025.Liste - Pagese Nr.i Punonjesve Plan 23 - Fakt 4.,0,Unspecified,2132008,Agjencia e Funksioneve të Patransferueshme (0625),6001001,Paga neto për punonjesit e miratuar në organikë,RAIFFEISEN BANK SH.A,264099.00,6/4/2025 12:00:00 AM,6/5/2025 12:00:00 AM
 Skrapar,28921390012025,2139001 Shpenzim per shperblim Kryepleqve Maj 2025 Up nr 263 dt 03.06.2025 Listepagese bordero Bashkia Skrapar,0,Unspecified,2139001,Bashkia Skrapar (0232),6029006,Shpenzime kompesimi per anetaret e parlamentit dhe zyrtare te tjera te zgjedhur,POSTA SHQIPTARE SH.A,9775.00,6/4/2025 12:00:00 AM,6/5/2025 12:00:00 AM
 Has,29021170012025,1812.2117001.Sa likujdojme paga per punonjesit e sportit dhe argetimit  sipas listepageses dhe bordors se bankes muaji Maj- 2025,Plan 7,fakt 4.Bashkia Has.,0,Unspecified,2117001,Bashkia Has (1812),6001001,Paga neto për punonjesit e miratuar në organikë,RAIFFEISEN BANK SH.A,204863.00,6/3/2025 12:00:00 AM,6/5/2025 12:00:00 AM
 Mat,29021320082025,Agjencia e Funks.te Patransf.Mat (2132008) Lik. Page muaji Maj 2025 per Qendren Kulturore,Artit dhe Muzikes.Bordero pagese Nr.5 Dt.02.06.2025.Liste - Pagese Nr.i Punonjesve Plan 23 - Fakt 15.,0,Unspecified,2132008,Agjencia e Funksioneve të Patransferueshme (0625),6001001,Paga neto për punonjesit e miratuar në organikë,Banka OTP Albania,821200.00,6/4/2025 12:00:00 AM,6/5/2025 12:00:00 AM
 Skrapar,29021390012025,2139001 Shpenzim per kthim shume mbrapesh e paguar CASH Vasfi Osmani Urdher pagese nr 263 dt 03.06.2025 Fatura nr 9 dt 19.05.2025 Bashkia Skrapar,0,Unspecified,2139001,Bashkia Skrapar (0232),6029099,Shpenzime per te tjera materiale dhe sherbime operative,BANKA CREDINS,15000.00,6/4/2025 12:00:00 AM,6/5/2025 12:00:00 AM
 Tirane,2910112202025,1011220 Fed Karates - pag sherb transport, vend nr 1 dt 3.3.2025, kontr dt 9.5.2025, ft nr 66 dt 15.5.2025, urdh lik nr 3 dt 3.6.2025,11,Ministria e Arsimit Sportit dhe Rinise,1011220,Federata e Karatese (3535),6044006,Transferta per klubet dhe asociacionet e sportit,Leonard Hidri,150000.00,6/4/2025 12:00:00 AM,6/5/2025 12:00:00 AM
 Has,29121170012025,1812.2117001.Sa likujdojme pagat per punonjesit e trashegimis kulturore dhe eventeve artistike sipas listepageses dhe bordors muaji Maj-2025,nr.plan 5 nr.fakt 4.Bashkia HAS,0,Unspecified,2117001,Bashkia Has (1812),6001001,Paga neto për punonjesit e miratuar në organikë,RAIFFEISEN BANK SH.A,287297.00,6/3/2025 12:00:00 AM,6/5/2025 12:00:00 AM
 Mat,29121320082025,Agjencia e Funks.te Patransf.Mat (2132008) Lik. Page muaji Maj 2025 per Sherbimin zjarrfikes P.M.N.Z.Sh-ja.Bordero pagese Nr.5 Dt.02.06.2025.Liste - Pagese Nr.i Punonjesve Plan 21 - Fakt 17.,0,Unspecified,2132008,Agjencia e Funksioneve të Patransferueshme (0625),6001001,Paga neto për punonjesit e miratuar në organikë,BANKA CREDINS,985852.00,6/4/2025 12:00:00 AM,6/5/2025 12:00:00 AM
 Skrapar,29121390012025,2139001 Shpenzim detyrim i prapambetur Rikonstruksion i shkolles Ramiz Aranitasi  Kontrata nr 2506 dt 28.09.2023 Akt Koalidim dt 05.08.2024 Situacion Punimesh perfundimtar Bashkia Skrapar,11,Ministria e Arsimit Sportit dhe Rinise,2139001,Bashkia Skrapar (0232),2312103,Shpenz. per rritjen e AQT - ndertesa shkollore,FLED,2362711.00,6/4/2025 12:00:00 AM,6/5/2025 12:00:00 AM
 Has,29221170012025,1812.2117001.Sa likujdojme paga per punonjesit e arsimit baze parashkollor  sipas listepageses dhe bordors se bankes muaji Maj- 2025,Plan 54,fakt 52.Bashkia Has.,0,Unspecified,2117001,Bashkia Has (1812),6001001,Paga neto për punonjesit e miratuar në organikë,RAIFFEISEN BANK SH.A,2978265.00,6/3/2025 12:00:00 AM,6/5/2025 12:00:00 AM
 Mat,29221320082025,Agjencia e Funks.te Patransf.Mat (2132008) Lik. Page muaji Maj 2025 per Policine Bashkiake.Bordero pagese Nr.5 Dt.02.06.2025.Liste - Pagese Nr.i Punonjesve Plan 14 - Fakt 5.,0,Unspecified,2132008,Agjencia e Funksioneve të Patransferueshme (0625),6001001,Paga neto për punonjesit e miratuar në organikë,BANKA CREDINS,233733.00,6/4/2025 12:00:00 AM,6/5/2025 12:00:00 AM
 Skrapar,29221390012025,2139001 Shpenzim per ndihmen ekonomike  Prill 2025 Urdher pagese nr 265 dt 04.06.2025 Listepages autorizim Bashkia Skrapar,13,Ministria e Shendetesise dhe Mbrojtjes Sociale,2139001,Bashkia Skrapar (0232),6061003,Ndihme ekonomike,POSTA SHQIPTARE SH.A,128107.00,6/4/2025 12:00:00 AM,6/5/2025 12:00:00 AM
 Has,29321170012025,1812.2117001.Sa likujdojme pagat per punonjesit e arsimit te mesem te pergjitheshem sipas listepageses dhe bordors muaji Maj-2025,nr.plan 18 nr.fakt 18.Bashkia HAS,0,Unspecified,2117001,Bashkia Has (1812),6001001,Paga neto për punonjesit e miratuar në organikë,RAIFFEISEN BANK SH.A,840546.00,6/3/2025 12:00:00 AM,6/5/2025 12:00:00 AM
 Mat,29321320082025,Agjencia e Funks.te Patransf.Mat (2132008) Lik. Page muaji Maj 2025 per Policine Bashkiake.Bordero pagese Nr.5 Dt.02.06.2025.Liste - Pagese Nr.i Punonjesve Plan 14 - Fakt 2.,0,Unspecified,2132008,Agjencia e Funksioneve të Patransferueshme (0625),6001001,Paga neto për punonjesit e miratuar në organikë,RAIFFEISEN BANK SH.A,176379.00,6/4/2025 12:00:00 AM,6/5/2025 12:00:00 AM
 Skrapar,29321390012025,2139001 Shpenzim per materjale dhe sherbime operative Urdher pagese nr 265 dt 04.06.2025Listepagese Bashkia Skrapar,0,Unspecified,2139001,Bashkia Skrapar (0232),6029099,Shpenzime per te tjera materiale dhe sherbime operative,POSTA SHQIPTARE SH.A,31295.00,6/4/2025 12:00:00 AM,6/5/2025 12:00:00 AM
 Has,29421170012025,1812.2117001.Sa likujdojme pagat per punonjesit e kujdesit social per femijet dhe familjet ne nevoj sipas listepageses dhe bordors muaji Maj-2025,nr.plan 11,nr fakt i punonjesve 11.Bashkia HAS,0,Unspecified,2117001,Bashkia Has (1812),6001001,Paga neto për punonjesit e miratuar në organikë,RAIFFEISEN BANK SH.A,737409.00,6/3/2025 12:00:00 AM,6/5/2025 12:00:00 AM
 Mat,29421320082025,Agjencia e Funks.te Patransf.Mat (2132008) Lik. Page muaji Maj 2025 per Policine Bashkiake.Bordero pagese Nr.5 Dt.02.06.2025.Liste - Pagese Nr.i Punonjesve Plan 14 - Fakt 7.,0,Unspecified,2132008,Agjencia e Funksioneve të Patransferueshme (0625),6001001,Paga neto për punonjesit e miratuar në organikë,Banka OTP Albania,338298.00,6/4/2025 12:00:00 AM,6/5/2025 12:00:00 AM
 Tirane,29510290072025,1029007 Gjyk e Apelit Tirane 2025 - garanci pasurore te denuarve, kerkese nr 11828/1 dt 27.05.2025, urdher nr 93/4 dt 19.03.2025, vendim nr 1395 dt 11.11.2024,29,Keshilli i Larte Gjyqesor,1029007,Gjykata e Apelit Tirane (3535),4662116,Garanci pasurore e te denuarve, te vitit ne vazhdim,Te Dala,Florinda Ceka ID,2000000.00,6/4/2025 12:00:00 AM,6/5/2025 12:00:00 AM
 Has,29521170012025,1812.2117001.Sa likujdojme pagat per punonjesit e aparatit sipas listepageses dhe bordors muaji Maj-2025,nr.plan 39,nr fakt i punonjesve 3.Bashkia HAS,0,Unspecified,2117001,Bashkia Has (1812),6001001,Paga neto për punonjesit e miratuar në organikë,BANKA KOMBETARE TREGTARE,235412.00,6/3/2025 12:00:00 AM,6/5/2025 12:00:00 AM
 Devoll,29621050012025,BASHKIA DEVOLL PAGESE PER NDIHME EKONOMIKE MUAJI MAJ 2025 VENDIM NR 05 DT 26.05.2025,13,Ministria e Shendetesise dhe Mbrojtjes Sociale,2105001,Bashkia Devoll (1505),6061003,Ndihme ekonomike,Banka OTP Albania,427604.00,6/4/2025 12:00:00 AM,6/5/2025 12:00:00 AM
 Has,29621170012025,1812.2117001.Sa likujdojme pagat per punonjesit e infrastruktures ujitjes dhe kullimit sipas listepageses dhe bordors muaji Maj-2025,nr.plan 1,nr fakt i punonjesve 1.Bashkia HAS,0,Unspecified,2117001,Bashkia Has (1812),6001001,Paga neto për punonjesit e miratuar në organikë,BANKA KOMBETARE TREGTARE,73774.00,6/3/2025 12:00:00 AM,6/5/2025 12:00:00 AM
 Devoll,29721050012025,BASHKIA DEVOLL PAGESE PER NDIHME EKONOMIKE MUAJI MAJ 2025 VENDIM NR 05 DT 26.05.2025,13,Ministria e Shendetesise dhe Mbrojtjes Sociale,2105001,Bashkia Devoll (1505),6061003,Ndihme ekonomike,BANKA E TIRANES,311785.00,6/4/2025 12:00:00 AM,6/5/2025 12:00:00 AM
 Has,29721170012025,1812.2117001.Sa likujdojme pagat per punonjesit e rrjetit rrugor rural sipas listepageses dhe bordors muaji Maj-2025,nr.plan 1,nr fakt i punonjesve 1.Bashkia HAS,0,Unspecified,2117001,Bashkia Has (1812),6001001,Paga neto për punonjesit e miratuar në organikë,BANKA KOMBETARE TREGTARE,35875.00,6/3/2025 12:00:00 AM,6/5/2025 12:00:00 AM
 Elbasan,29810130162025,2025 Spitali Civil Riparim dhe mirëmbajtje automjetesh, UP 60 dt 16.2.23 Form.Njoft.Fit.18/6 prot dt 14.4.23,Kontr.1832 prot dt 18.11.24 Fat 2148/2024 PVMD dt 03.12.2024,13,Ministria e Shendetesise dhe Mbrojtjes Sociale,1013016,Spitali Elbasan (0808),6025600,Shpenzime per mirembajtjen e mjeteve te transportit,ALSTEZO(J63208420N),119640.00,6/4/2025 12:00:00 AM,6/5/2025 12:00:00 AM
 Tirane,298121650012025,2165001 Bashkia Vore,lik paga maj ,listepagese ,nr pun  447-428,kontr 58-58,0,Unspecified,2165001,Bashkia Vore (3535),6001001,Paga neto për punonjesit e miratuar në organikë,RAIFFEISEN BANK SH.A,43157.00,6/4/2025 12:00:00 AM,6/5/2025 12:00:00 AM
 Devoll,29821050012025,BASHKIA DEVOLL PAGESE PER NDIHME EKONOMIKE MUAJI MAJ 2025 VENDIM NR 05 DT 26.05.2025,13,Ministria e Shendetesise dhe Mbrojtjes Sociale,2105001,Bashkia Devoll (1505),6061003,Ndihme ekonomike,POSTA SHQIPTARE SH.A,5223740.00,6/4/2025 12:00:00 AM,6/5/2025 12:00:00 AM
 Has,29821170012025,1812.2117001.Sa likujdojme pagat per punonjesit e spoartit dhe argetimit sipas listepageses dhe bordors muaji Maj-2025,nr.plan 7,nr fakt i punonjesve2.Bashkia HAS,0,Unspecified,2117001,Bashkia Has (1812),6001001,Paga neto për punonjesit e miratuar në organikë,BANKA KOMBETARE TREGTARE,149297.00,6/3/2025 12:00:00 AM,6/5/2025 12:00:00 AM
 Elbasan,29910130162025,2025 Spitali Civil Riparim dhe mirëmbajtje automjetesh, UP 60 dt 16.2.23 Form.Njoft.Fit.18/6 prot dt 14.4.23,Kontr.1832 prot dt 18.11.24 Fat 1675/2024 PVMD dt 05.12.2024,13,Ministria e Shendetesise dhe Mbrojtjes Sociale,1013016,Spitali Elbasan (0808),6025600,Shpenzime per mirembajtjen e mjeteve te transportit,ALSTEZO(J63208420N),111120.00,6/4/2025 12:00:00 AM,6/5/2025 12:00:00 AM
 Devoll,29921050012025,BASHKIA DEVOLL PAGESE PER NDIHME EKONOMIKE MUAJI MAJ 2025 VENDIM NR 05 DT 26.05.2025,13,Ministria e Shendetesise dhe Mbrojtjes Sociale,2105001,Bashkia Devoll (1505),6061003,Ndihme ekonomike,BANKA KOMBETARE TREGTARE,11484.00,6/4/2025 12:00:00 AM,6/5/2025 12:00:00 AM
 Has,29921170012025,1812.2117001.Sa likujdojme pagat per punonjesit e trashegimis kulturore sipas listepageses dhe bordors muaji Maj-2025,nr.plan 5,nr fakt i punonjesve 1.Bashkia HAS,0,Unspecified,2117001,Bashkia Has (1812),6001001,Paga neto për punonjesit e miratuar në organikë,BANKA KOMBETARE TREGTARE,65756.00,6/3/2025 12:00:00 AM,6/5/2025 12:00:00 AM
 Elbasan,30010130162025,2025 Spitali Civil Riparim dhe mirëmbajtje automjetesh, UP 60 dt 16.2.23 Form.Njoft.Fit.18/6 prot dt 14.4.23,Kontr.1832 prot dt 18.11.2024 Fat 1688/2024 PVMD dt 06.12.2024,13,Ministria e Shendetesise dhe Mbrojtjes Sociale,1013016,Spitali Elbasan (0808),6025600,Shpenzime per mirembajtjen e mjeteve te transportit,ALSTEZO(J63208420N),117960.00,6/4/2025 12:00:00 AM,6/5/2025 12:00:00 AM
 Devoll,30021050012025,BASHKIA DEVOLL PAGESE PER NDIHME EKONOMIKE MUAJI MAJ 2025 VENDIM NR 05 DT 26.05.2025,13,Ministria e Shendetesise dhe Mbrojtjes Sociale,2105001,Bashkia Devoll (1505),6061003,Ndihme ekonomike,RAIFFEISEN BANK SH.A,9900.00,6/4/2025 12:00:00 AM,6/5/2025 12:00:00 AM
 Tirane,3010112202025,1011220 Fed Karates - lik material sport, vend nr 1 dt 3.3.2025, kontr dt 9.5.2025, ft nr 20 dt 20.5.2025, fh nr 4 dt 20.5.2025, urdh lik nr 4 dt 3.6.2025,11,Ministria e Arsimit Sportit dhe Rinise,1011220,Federata e Karatese (3535),6044006,Transferta per klubet dhe asociacionet e sportit,Ronald Bani,150000.00,6/4/2025 12:00:00 AM,6/5/2025 12:00:00 AM
 Elbasan,30110130162025,2025 Spitali Civil Riparim dhe mirëmbajtje automjetesh, UP 60 dt 16.2.23 Form.Njoft.Fit.18/6 prot dt 14.4.23,Kontr.1832 prot dt 18.11.2024 Fat 2368/2024 PVMD dt 24.12.2024,13,Ministria e Shendetesise dhe Mbrojtjes Sociale,1013016,Spitali Elbasan (0808),6025600,Shpenzime per mirembajtjen e mjeteve te transportit,ALSTEZO(J63208420N),39720.00,6/4/2025 12:00:00 AM,6/5/2025 12:00:00 AM
 Devoll,30121050012025,BASHKIA DEVOLL PAGESE PER BONUS STREHIMI MUAJI PRILL 2025,0,Unspecified,2105001,Bashkia Devoll (1505),6061099,Te tjera transferta tek individet,Banka OTP Albania,3000.00,6/4/2025 12:00:00 AM,6/5/2025 12:00:00 AM
 Has,30121170012025,Sa lik.ndihmen finaciare per rast semundjesh te renda z,Ramiz Sadik Jupa,Everest Myrteza Geca,Arber Iljaz Xhafa,urdh nr.194 dt.30.05.2025,vkb nr.137& 147dt.23.12.2024,m/p nr.2/34 dt.08.01.2025,sipas listepagese dhe bordoro banke.Bashkia Has,0,Unspecified,2117001,Bashkia Has (1812),6061041,Shpenzime per situata te veshtira dhe per fatekeqesi,RAIFFEISEN BANK SH.A,300000.00,6/4/2025 12:00:00 AM,6/5/2025 12:00:00 AM
 Elbasan,30210130162025,2025 Spitali Civil Riparim dhe mirëmbajtje automjetesh, UP 60 dt 16.2.23 Form.Njoft.Fit.18/6 prot dt 14.4.23,Kontr.1832 prot dt 18.11.2024 Fat 1714/2024 PVMD dt 11.12.2024,13,Ministria e Shendetesise dhe Mbrojtjes Sociale,1013016,Spitali Elbasan (0808),6025600,Shpenzime per mirembajtjen e mjeteve te transportit,ALSTEZO(J63208420N),110520.00,6/4/2025 12:00:00 AM,6/5/2025 12:00:00 AM
 Tirane,30210560012025,1056001 FSHZH 2025, Lik.fat,Sherbim konsulence Ferma didaktike,Valias IVR2024/SH 126 dt.28.06.2024 fat.8/2025 dt.30.04.2025 Akt dorzim 07.09.2024,56,Fondi i Zhvillimit Shqipetar,1056001,Fondi i Zhvillimit Shqiptar (3535),2313100,Shpenz. per rritjen e AQT - konstruksione te rrugeve,Casanova + Hernandez architects Dega Shqiptare,4188480.00,6/2/2025 12:00:00 AM,6/5/2025 12:00:00 AM
 Devoll,30221050012025,BASHKIA DEVOLL PAGESE PER BONUS STREHIMI MUAJI PRILL 2025,12,Ministria e Ekonomise, Kultures dhe Inovacionit,2105001,Bashkia Devoll (1505),6061099,Te tjera transferta tek individet,RAIFFEISEN BANK SH.A,8000.00,6/4/2025 12:00:00 AM,6/5/2025 12:00:00 AM
 Has,30221170012025,1812.2117001.Sa likujdojme pagat per punonjesit me kohe te pjeseshme sipas listepageses dhe bordors muaji Maj-2025.vkb nr.137 dt.23.12.2024,m/p nr.2/34 dt.08.01.2025,vkb nr.75 dt.30.04.2024,m/pref nr.2/15 dt.17.05.2025.Bashkia Has,0,Unspecified,2117001,Bashkia Has (1812),6002001,Paga neto e punonjësve me kontratë të përkohshme mbi numrin organik,RAIFFEISEN BANK SH.A,122625.00,6/4/2025 12:00:00 AM,6/5/2025 12:00:00 AM
 Elbasan,30310130162025,2025 Spitali Civil Riparim dhe mirëmbajtje automjetesh, UP 60 dt 16.2.23 Form.Njoft.Fit.18/6 prot dt 14.4.23,Kontr.1832 prot dt 18.11.2024 Fat 1818/2024 PVMD dt 23.12.2024,13,Ministria e Shendetesise dhe Mbrojtjes Sociale,1013016,Spitali Elbasan (0808),6025600,Shpenzime per mirembajtjen e mjeteve te transportit,ALSTEZO(J63208420N),39720.00,6/4/2025 12:00:00 AM,6/5/2025 12:00:00 AM
 Devoll,30321050012025,BASHKIA DEVOLL PAGESE PER BONUS STREHIMI MUAJI PRILL 2025,0,Unspecified,2105001,Bashkia Devoll (1505),6061099,Te tjera transferta tek individet,POSTA SHQIPTARE SH.A,19640.00,6/4/2025 12:00:00 AM,6/5/2025 12:00:00 AM
 Has,30321170012025,1812.2117001.Sa likujdojme shperblim keshilltareve dhe kryetar fshatrash sipas listepageses dhe bordors muaji maj-2025,urdh nr.205 dt.02.06.2025.Bashkia HAS,0,Unspecified,2117001,Bashkia Has (1812),6029006,Shpenzime kompesimi per anetaret e parlamentit dhe zyrtare te tjera te zgjedhur,RAIFFEISEN BANK SH.A,642638.00,6/4/2025 12:00:00 AM,6/5/2025 12:00:00 AM
 Tirane,30410170812025,%1017081Komand Doktrines.Stervitj,RU5001.2025, honorare vkm 31.10.2018shkres 30.5.25 list pag,17,Ministria e Mbrojtjes,1017081,Reparti Ushtarak Nr.5001 Tirane (3535),6029005,Shpenzime per honorare,BANKA CREDINS,127500.00,6/4/2025 12:00:00 AM,6/5/2025 12:00:00 AM
 Devoll,30421050012025,BASHKIA DEVOLL PAGESE PER BONUS STREHIMI MUAJI PRILL 2025,12,Ministria e Ekonomise, Kultures dhe Inovacionit,2105001,Bashkia Devoll (1505),6061099,Te tjera transferta tek individet,BANKA E TIRANES,3200.00,6/4/2025 12:00:00 AM,6/5/2025 12:00:00 AM
 Has,30421170012025,1812.2117001.Sa likujdojme pagat per punonjesit e sherbimit social sipas listepageses dhe bordors muaji Maj-2025.vkb nr.16 dt.24.02.2025,urdher nr.203 dt.02.06.2025,m/pref nr.178/1 dt.06.03.2025.Bashkia HAS,13,Ministria e Shendetesise dhe Mbrojtjes Sociale,2117001,Bashkia Has (1812),6061005,Kompensime speciale te tjera,RAIFFEISEN BANK SH.A,297500.00,6/4/2025 12:00:00 AM,6/5/2025 12:00:00 AM
 Tirane,30510170812025,%1017081Komand Doktrines.Stervitj,RU5001.2025, honorare vkm 31.10.2018shkres 30.5.25 list pag,17,Ministria e Mbrojtjes,1017081,Reparti Ushtarak Nr.5001 Tirane (3535),6029005,Shpenzime per honorare,RAIFFEISEN BANK SH.A,127500.00,6/4/2025 12:00:00 AM,6/5/2025 12:00:00 AM
 Devoll,30521050012025,BASHKIA DEVOLL PAGESE PER BONUS STREHIMI MUAJI PRILL 2025,0,Unspecified,2105001,Bashkia Devoll (1505),6061099,Te tjera transferta tek individet,BANKA E TIRANES,800.00,6/4/2025 12:00:00 AM,6/5/2025 12:00:00 AM
 Has,30521170012025,1812.2117001.Sa likujdojme pagat per punonjesit e sherbimit social sipas listepageses dhe bordors muaji Maj-2025.vkb nr.16 dt.24.02.2025,urdher nr.202 dt.02.06.2025,m/pref nr.178/1 dt.06.03.2025.Bashkia HAS,13,Ministria e Shendetesise dhe Mbrojtjes Sociale,2117001,Bashkia Has (1812),6061005,Kompensime speciale te tjera,BANKA KOMBETARE TREGTARE,45630.00,6/4/2025 12:00:00 AM,6/5/2025 12:00:00 AM
 Shkoder,30610130232025,1013023 Spitali Shkoder B2 Blerje barna antiefektive Gjaku vazh marr kuader nr 2326/12 dt 12.08.24,kon nr 1109 dt 13.05.2025,,fat nr 79654 dt 13.05.25,fh nr 3250 dt 15.05.2025,pv dt 15.05.2025,13,Ministria e Shendetesise dhe Mbrojtjes Sociale,1013023,Spitali Shkoder (3333),6021003,Ilaçe dhe materiale mjeksore,I L M A,90000.00,6/4/2025 12:00:00 AM,6/5/2025 12:00:00 AM
 Tirane,30610170812025,%1017081Komand Doktrines.Stervitj,RU5001.2025, honorare vkm 31.10.2018shkres 30.5.25 list pag,17,Ministria e Mbrojtjes,1017081,Reparti Ushtarak Nr.5001 Tirane (3535),6029005,Shpenzime per honorare,BANKA KOMBETARE TREGTARE,21250.00,6/4/2025 12:00:00 AM,6/5/2025 12:00:00 AM
 Devoll,30621050012025,BASHKIA DEVOLL PAGESE PER BONUS STREHIMI MUAJI PRILL 2025,12,Ministria e Ekonomise, Kultures dhe Inovacionit,2105001,Bashkia Devoll (1505),6061099,Te tjera transferta tek individet,Banka OTP Albania,12000.00,6/4/2025 12:00:00 AM,6/5/2025 12:00:00 AM
 Has,30621170012025,1812.2117001.Sa likujdojme shperblim keshilltareve dhe kryetar fshatrash sipas listepageses dhe bordors muaji maj-2025,urdh nr.204 dt.02.06.2025.Bashkia HAS,0,Unspecified,2117001,Bashkia Has (1812),6029006,Shpenzime kompesimi per anetaret e parlamentit dhe zyrtare te tjera te zgjedhur,BANKA KOMBETARE TREGTARE,58565.00,6/4/2025 12:00:00 AM,6/5/2025 12:00:00 AM
 Shkoder,30710130232025,1013023 Spitali Shkoder blerje medicamente te dele MSHMS Up nr 12 dt 02.04.2025,njof fitu dt 07.04.2025,kon nr 994 dt 28.04.2025,fat nr 25 dt 14.05.2025,fh nr 3251 dt 15.05.2025 pv dt 15.05.2025,13,Ministria e Shendetesise dhe Mbrojtjes Sociale,1013023,Spitali Shkoder (3333),6021003,Ilaçe dhe materiale mjeksore,CARPATHIA ALBANIA,94590.00,6/4/2025 12:00:00 AM,6/5/2025 12:00:00 AM
 Bulqize,30721030012025,BASHKIA  BULQIZE (2103001) likujdim paga aparati muaji maj 2025.,0,Unspecified,2103001,Bashkia Bulqize (0603),6001001,Paga neto për punonjesit e miratuar në organikë,RAIFFEISEN BANK SH.A,6125754.00,6/4/2025 12:00:00 AM,6/5/2025 12:00:00 AM
 Devoll,30721050012025,BASHKIA DEVOLL PAGESE PER BONUS STREHIMI MUAJI PRILL 2025,0,Unspecified,2105001,Bashkia Devoll (1505),6061099,Te tjera transferta tek individet,RAIFFEISEN BANK SH.A,2000.00,6/4/2025 12:00:00 AM,6/5/2025 12:00:00 AM
 Has,30721170012025,Sa lik fat nr.25/2025 dt.02.06.2025 per kont nr.3152 dt.02.10.2024"Rikonstruksion Gjimnazi Skernderbeu HAS "U-Prok 29 dt.31.07.2024,situac nr.3 pjesor,urdh blerje nr.3152 dt.02.10.2024.Bashkia Has,11,Ministria e Arsimit Sportit dhe Rinise,2117001,Bashkia Has (1812),2312103,Shpenz. per rritjen e AQT - ndertesa shkollore,T  J  Construction,14296163.00,6/4/2025 12:00:00 AM,6/5/2025 12:00:00 AM
 Tirane,307330510100392025,Drejt Pergjith Tatim, lik TVSH, sipas formatit miratimit nr 1286076 dt 29.5.2025 kerkesa 307330 dt 8.8.2025 kesti i 5,10,Ministria e Financave dhe Ekonomise,1010039,Aparati Drejt.Pergj.Tatimeve (3535),7030100,TVSH mbi mallrat dhe sherbimet brenda vendit,Karavasta Solar,63508528.00,6/3/2025 12:00:00 AM,6/5/2025 12:00:00 AM
 Tirane,307330610100392025,Drejt Pergjith Tatim, lik TVSH, sipas formatit miratimit nr 1286076 dt 29.5.2025 kerkesa 307330 dt 8.8.2025 kesti i 6,10,Ministria e Financave dhe Ekonomise,1010039,Aparati Drejt.Pergj.Tatimeve (3535),7030100,TVSH mbi mallrat dhe sherbimet brenda vendit,Karavasta Solar,63508528.00,6/3/2025 12:00:00 AM,6/5/2025 12:00:00 AM
 Shkoder,30810130232025,1013023 Spitali Shkoder Trajtim Asgjesim mbetjeve spitalore vazh kon nr 463/1 dt 20.02.2025 fat nr 66 dt 16.05.2025,situ nr 2 dt 16.05.2025,pv dt 16.05.2025,13,Ministria e Shendetesise dhe Mbrojtjes Sociale,1013023,Spitali Shkoder (3333),6022099,Sherbime te tjera,ALB - KONSTRUKSION,210739.00,6/4/2025 12:00:00 AM,6/5/2025 12:00:00 AM
 Bulqize,30821030012025,BASHKIA  BULQIZE (2103001) likujdim paga Sherbimi policor muaji maj 2025 .,0,Unspecified,2103001,Bashkia Bulqize (0603),6001001,Paga neto për punonjesit e miratuar në organikë,RAIFFEISEN BANK SH.A,527284.00,6/4/2025 12:00:00 AM,6/5/2025 12:00:00 AM
 Devoll,30821050012025,BASHKIA DEVOLL PAGESE PER BONUS STREHIMI MUAJI PRILL 2025,12,Ministria e Ekonomise, Kultures dhe Inovacionit,2105001,Bashkia Devoll (1505),6061099,Te tjera transferta tek individet,POSTA SHQIPTARE SH.A,78560.00,6/4/2025 12:00:00 AM,6/5/2025 12:00:00 AM
 Shkoder,30910130232025,1013023 spitali shkoder shp postare fat nr 4787 dt 02.06.2025,13,Ministria e Shendetesise dhe Mbrojtjes Sociale,1013023,Spitali Shkoder (3333),6022004,Posta dhe sherbimi korrier,POSTA SHQIPTARE SH.A,2815.00,6/4/2025 12:00:00 AM,6/5/2025 12:00:00 AM
 Bulqize,30921030012025,BASHKIA  BULQIZE (2103001) likujdim paga MZSH muaji maj 2025.,0,Unspecified,2103001,Bashkia Bulqize (0603),6001001,Paga neto për punonjesit e miratuar në organikë,RAIFFEISEN BANK SH.A,727291.00,6/4/2025 12:00:00 AM,6/5/2025 12:00:00 AM
 Lushnje,31010130222025,1013022 Spitali Lushnje per sa lik blerje materiale mjekimi, fat.fisk.nr.460 dt.07.05.2025, FH nr.100 dt.07.05.2025, PV marrje dorezim dt.07.05.2025, kontr.nr.779 dt.05.05.2025,13,Ministria e Shendetesise dhe Mbrojtjes Sociale,1013022,Spitali Lushnje (0922),6021003,Ilaçe dhe materiale mjeksore,BIOMETRIC ALBANIA,250440.00,6/4/2025 12:00:00 AM,6/5/2025 12:00:00 AM
 Shkoder,31010130232025,1013023 Spitali Shkoder Sherbime Laboratorike Vazh kon MSHMS dt 10.04.19,vazh marr nr 110/1 dt 20.01.21vkm nr 15 dt 09.1.25 fat nr 80 dt07.05.25,rap per nr 45/14dt 07.05..2025.,pv 1091/2 28.05.2025,13,Ministria e Shendetesise dhe Mbrojtjes Sociale,1013023,Spitali Shkoder (3333),6021099,Te tjera materiale dhe sherbime speciale,LABORATORY NETWORKS,5600000.00,6/4/2025 12:00:00 AM,6/5/2025 12:00:00 AM
 Bulqize,31021030012025,BASHKIA  BULQIZE (2103001) likujdim paga Zhvillimi Ekonomik muaji maj 2025.,0,Unspecified,2103001,Bashkia Bulqize (0603),6001001,Paga neto për punonjesit e miratuar në organikë,RAIFFEISEN BANK SH.A,216006.00,6/4/2025 12:00:00 AM,6/5/2025 12:00:00 AM
 Skrapar,31021400012025,2140001 shpenzim per shperblim kehilltarve Maj 2025 Urdher pagese nr 186 dt 02.06.2025 Listepagese autorizim Bashkia Polican,0,Unspecified,2140001,Bashkia Polican (0232),6029006,Shpenzime kompesimi per anetaret e parlamentit dhe zyrtare te tjera te zgjedhur,UNION BANK SHA,306000.00,6/4/2025 12:00:00 AM,6/5/2025 12:00:00 AM
 Tirane,3110112202025,1011220 Fed Karates - sherb katering, vend nr 1 dt 3.3.2025, kontr dt 9.5.2025, ft nr 16 dt 16.5.2025, urdh lik nr 5 dt 3.6.2025,11,Ministria e Arsimit Sportit dhe Rinise,1011220,Federata e Karatese (3535),6044006,Transferta per klubet dhe asociacionet e sportit,BESIAN HARSHOVA,150000.00,6/4/2025 12:00:00 AM,6/5/2025 12:00:00 AM
 Shkoder,3110121552025,1012155, Shk prof Ndre Mjeda,blerje mallra per zhvillimin e praktikave profesionale, Urdh brend 11 dt 26.05.25, fat 1/2025 dt 28.05.25, pcv dt 28.05.25, FH 03 dt 28.05.25,12,Ministria e Ekonomise, Kultures dhe Inovacionit,1012155,Shk Prof. "Ndre Mjeda" Shkoder (3333),6021004,Furnizime dhe sherbime me ushqim per mencat,Elton Frashnaj,119000.00,6/4/2025 12:00:00 AM,6/5/2025 12:00:00 AM
 Lushnje,31110130222025,1013022 Spitali Lushnje per sa lik blerje medikamente, fat.fisk.nr.2326 dt.08.05.2025, FH nr.101 dt.08.05.2025, PV marrje dorezim dt.08.05.2025, kontr.nr.787 dt.06.05.2025,13,Ministria e Shendetesise dhe Mbrojtjes Sociale,1013022,Spitali Lushnje (0922),6021003,Ilaçe dhe materiale mjeksore,INCOMED,20800.00,6/4/2025 12:00:00 AM,6/5/2025 12:00:00 AM
 Bulqize,31121030012025,BASHKIA  BULQIZE (2103001) likujdim paga sherbimi bujqesor muaji maj 2025.,0,Unspecified,2103001,Bashkia Bulqize (0603),6001001,Paga neto për punonjesit e miratuar në organikë,RAIFFEISEN BANK SH.A,1166516.00,6/4/2025 12:00:00 AM,6/5/2025 12:00:00 AM
 Lushnje,31210130222025,1013022 Spitali Lushnje per sa lik blerje medikamente, fat.fisk.nr.321 dt.08.05.2025, FH nr.102 dt.08.05.2025, PV marrje dorezim dt.08.05.2025, kontr.nr.296 dt.17.02.2025,13,Ministria e Shendetesise dhe Mbrojtjes Sociale,1013022,Spitali Lushnje (0922),6021003,Ilaçe dhe materiale mjeksore,EDNA - FARMA,6500.00,6/4/2025 12:00:00 AM,6/5/2025 12:00:00 AM
 Bulqize,31221030012025,BASHKIA  BULQIZE (2103001) likujdim paga Bordi i kullimit muaji maj 2025.,0,Unspecified,2103001,Bashkia Bulqize (0603),6001001,Paga neto për punonjesit e miratuar në organikë,RAIFFEISEN BANK SH.A,196233.00,6/4/2025 12:00:00 AM,6/5/2025 12:00:00 AM
 Skrapar,31221400012025,2140001 shpenzim per shperblim Kryepleqve Njesia Terpan  Maj 2025 Urdher pagese nr 186 dt 02.06.2025 Listepagese autorizim Bashkia Polican,0,Unspecified,2140001,Bashkia Polican (0232),6029006,Shpenzime kompesimi per anetaret e parlamentit dhe zyrtare te tjera te zgjedhur,UNION BANK SHA,110500.00,6/4/2025 12:00:00 AM,6/5/2025 12:00:00 AM
 Lushnje,31310130222025,1013022 Spitali Lushnje per sa lik blerje medikamente, fat.fisk.nr.322 dt.08.05.2025, FH nr.103 dt.08.05.2025, PV marrje dorezim dt.08.05.2025, kontr.nr.568 dt.27.03.2025,13,Ministria e Shendetesise dhe Mbrojtjes Sociale,1013022,Spitali Lushnje (0922),6021003,Ilaçe dhe materiale mjeksore,EDNA - FARMA,25181.00,6/4/2025 12:00:00 AM,6/5/2025 12:00:00 AM
 Bulqize,31321030012025,BASHKIA  BULQIZE (2103001) likujdim paga sh.pyjor muaji maj 2025.,0,Unspecified,2103001,Bashkia Bulqize (0603),6001001,Paga neto për punonjesit e miratuar në organikë,RAIFFEISEN BANK SH.A,1052610.00,6/4/2025 12:00:00 AM,6/5/2025 12:00:00 AM
 Skrapar,31321400012025,2140001 Shpenzim per raste fatkeqsie nga fondi per emergjencat Urdher pagese nr 187 dt 02.06.2025 Vkb nr 14 dt 17.02.2025 Konf Prefekti nr 168/1 dt 19.02.2025 Bashkia Polican,0,Unspecified,2140001,Bashkia Polican (0232),6061099,Te tjera transferta tek individet,UNION BANK SHA,12000.00,6/4/2025 12:00:00 AM,6/5/2025 12:00:00 AM
 Lushnje,31410130222025,1013022 Spitali Lushnje per sa lik blerje medikamente, fat.fisk.nr.323 dt.08.05.2025, FH nr.104 dt.08.05.2025, PV marrje dorezim dt.08.05.2025, kontr.nr.755 dt.29.04.2025,13,Ministria e Shendetesise dhe Mbrojtjes Sociale,1013022,Spitali Lushnje (0922),6021003,Ilaçe dhe materiale mjeksore,EDNA - FARMA,37850.00,6/4/2025 12:00:00 AM,6/5/2025 12:00:00 AM
 Bulqize,31421030012025,BASHKIA  BULQIZE (2103001) likujdim paga Planifikimi Urban muaji maj 2025.,0,Unspecified,2103001,Bashkia Bulqize (0603),6001001,Paga neto për punonjesit e miratuar në organikë,RAIFFEISEN BANK SH.A,239869.00,6/4/2025 12:00:00 AM,6/5/2025 12:00:00 AM
 Lushnje,31510130222025,1013022 Spitali Lushnje per sa lik blerje medikamente, fat.fisk.nr.325 dt.08.05.2025, FH nr.106 dt.08.05.2025, PV marrje dorezim dt.08.05.2025, kontr.nr.478 dt.17.03.2025,13,Ministria e Shendetesise dhe Mbrojtjes Sociale,1013022,Spitali Lushnje (0922),6021003,Ilaçe dhe materiale mjeksore,EDNA - FARMA,248310.00,6/4/2025 12:00:00 AM,6/5/2025 12:00:00 AM
 Bulqize,31521030012025,BASHKIA  BULQIZE (2103001) likujdim paga Sherbime Kulturore muaji maj 2025.,0,Unspecified,2103001,Bashkia Bulqize (0603),6001001,Paga neto për punonjesit e miratuar në organikë,RAIFFEISEN BANK SH.A,1451677.00,6/4/2025 12:00:00 AM,6/5/2025 12:00:00 AM
 Tirane,31521650012025,2165001 Bashkia Vore,lik nd ekonomike maj 25,shkrese e Drejt Rajonale vendim nr 5 dt 28.05.2025,listepagese,maj 2025,13,Ministria e Shendetesise dhe Mbrojtjes Sociale,2165001,Bashkia Vore (3535),6061003,Ndihme ekonomike,POSTA SHQIPTARE SH.A,516828.00,6/4/2025 12:00:00 AM,6/5/2025 12:00:00 AM
 Bulqize,31621030012025,BASHKIA  BULQIZE (2103001) likujdim paga Arsimi parauniversitar muaji maj 2025.,0,Unspecified,2103001,Bashkia Bulqize (0603),6001001,Paga neto për punonjesit e miratuar në organikë,RAIFFEISEN BANK SH.A,4363579.00,6/4/2025 12:00:00 AM,6/5/2025 12:00:00 AM
 Bulqize,31721030012025,BASHKIA  BULQIZE (2103001) likujdim paga Kujdesi Social muaji maj 2025.,0,Unspecified,2103001,Bashkia Bulqize (0603),6001001,Paga neto për punonjesit e miratuar në organikë,RAIFFEISEN BANK SH.A,2143059.00,6/4/2025 12:00:00 AM,6/5/2025 12:00:00 AM
 Bulqize,31821030012025,BASHKIA  BULQIZE (2103001) likujdim paga Strehimi Social muaji maj 2025.,0,Unspecified,2103001,Bashkia Bulqize (0603),6001001,Paga neto për punonjesit e miratuar në organikë,RAIFFEISEN BANK SH.A,125731.00,6/4/2025 12:00:00 AM,6/5/2025 12:00:00 AM
 Bulqize,31921030012025,BASHKIA  BULQIZE (2103001) likujdim paga Gjendja civile muaji maj 2025.,16,Ministria e Brendshme,2103001,Bashkia Bulqize (0603),6001001,Paga neto për punonjesit e miratuar në organikë,RAIFFEISEN BANK SH.A,510463.00,6/4/2025 12:00:00 AM,6/5/2025 12:00:00 AM
 Bulqize,32021030012025,BASHKIA  BULQIZE (2103001) likujdim paga PAAK muaji maj 2025.,0,Unspecified,2103001,Bashkia Bulqize (0603),6001001,Paga neto për punonjesit e miratuar në organikë,RAIFFEISEN BANK SH.A,327079.00,6/4/2025 12:00:00 AM,6/5/2025 12:00:00 AM
 Skrapar,32021400012025,2140001 shpenzim per shperblim Kryepleqve Njesia Vertop Maj 2025 Urdher pagese nr 186 dt 02.06.2025 Listepagese autorizim Bashkia Polican,0,Unspecified,2140001,Bashkia Polican (0232),6029006,Shpenzime kompesimi per anetaret e parlamentit dhe zyrtare te tjera te zgjedhur,UNION BANK SHA,147900.00,6/4/2025 12:00:00 AM,6/5/2025 12:00:00 AM
 Bulqize,32121030012025,BASHKIA  BULQIZE (2103001) likujdim pagese keshilltare muaji maj 2025.,0,Unspecified,2103001,Bashkia Bulqize (0603),6029006,Shpenzime kompesimi per anetaret e parlamentit dhe zyrtare te tjera te zgjedhur,RAIFFEISEN BANK SH.A,857438.00,6/4/2025 12:00:00 AM,6/5/2025 12:00:00 AM
 Tirane,32210560012025,1056001 FSHZH 2025, Lik.fat,Rigjenerim urban stoku banesave rajoni 2 faza 3 IVR 2025/P 9 PO dt.16.01.2025 fat.42/2025 dt.13.05.2025 sit 1. dt.20.02.2025-20.04.2025,56,Fondi i Zhvillimit Shqipetar,1056001,Fondi i Zhvillimit Shqiptar (3535),2313100,Shpenz. per rritjen e AQT - konstruksione te rrugeve,BEAN,27560984.00,6/2/2025 12:00:00 AM,6/5/2025 12:00:00 AM
 Bulqize,32221030012025,BASHKIA  BULQIZE (2103001) likujdim pagese kryetare fshatrash muaji maj 2025.,0,Unspecified,2103001,Bashkia Bulqize (0603),6029006,Shpenzime kompesimi per anetaret e parlamentit dhe zyrtare te tjera te zgjedhur,POSTA SHQIPTARE SH.A,173740.00,6/4/2025 12:00:00 AM,6/5/2025 12:00:00 AM
 Diber,32221060012025,2025 Bashkia Diber 2106001 paga neto Maj 2025 lista dhe bordoroja bashkengjitur,0,Unspecified,2106001,Bashkia Dibër (0606),6001001,Paga neto për punonjesit e miratuar në organikë,BANKA KOMBETARE TREGTARE,45300.00,6/4/2025 12:00:00 AM,6/5/2025 12:00:00 AM
 Diber,32521060012025,2025 Bashkia Diber 2106001 paga neto Maj 2025 lista dhe bordoroja bashkengjitur,0,Unspecified,2106001,Bashkia Dibër (0606),6001001,Paga neto për punonjesit e miratuar në organikë,BANKA CREDINS,13461084.00,6/4/2025 12:00:00 AM,6/5/2025 12:00:00 AM
 Bulqize,32621030012025,BASHKIA  BULQIZE (2103001) likujdim nd. ekonomike muaji maj 2025 sipas VSHSDR Diber. nr.05/2025 date 02.06.2025.,13,Ministria e Shendetesise dhe Mbrojtjes Sociale,2103001,Bashkia Bulqize (0603),6061003,Ndihme ekonomike,POSTA SHQIPTARE SH.A,12965123.00,6/4/2025 12:00:00 AM,6/5/2025 12:00:00 AM
 Diber,32621060012025,2025 Bashkia Diber 2106001 paga neto Maj 2025 lista dhe bordoroja bashkengjitur,0,Unspecified,2106001,Bashkia Dibër (0606),6001001,Paga neto për punonjesit e miratuar në organikë,RAIFFEISEN BANK SH.A,2611992.00,6/4/2025 12:00:00 AM,6/5/2025 12:00:00 AM
 Bulqize,32721030012025,BASHKIA  BULQIZE (2103001) likujdim nd. ekonomike Anxhela  Kika   muaji Maj 2025 sipas VSHSDR Diber. nr.05/2025 date 02.06.2025.,13,Ministria e Shendetesise dhe Mbrojtjes Sociale,2103001,Bashkia Bulqize (0603),6061003,Ndihme ekonomike,RAIFFEISEN BANK SH.A,18900.00,6/4/2025 12:00:00 AM,6/5/2025 12:00:00 AM
 Diber,32721060012025,2025 Bashkia Diber 2106001 paga neto Maj 2025 lista dhe bordoroja bashkengjitur,0,Unspecified,2106001,Bashkia Dibër (0606),6001001,Paga neto për punonjesit e miratuar në organikë,Banka OTP Albania,4729912.00,6/4/2025 12:00:00 AM,6/5/2025 12:00:00 AM
 Tirane,32810560012025,1056001 FSHZH 2025, Lik.fat, Dixhitalizimi i informacionit Arkivor dhe venia ne dispozicion per akses, GOA2024/SH168 PO,dt.02.09.2024,fat.nr.11/2025 dt.17.04.25,Akt.Dor.17.04.25,56,Fondi i Zhvillimit Shqipetar,1056001,Fondi i Zhvillimit Shqiptar (3535),2313500,Shpenz. per rritjen e AQT - instalimin e rrjetit kompjuterik,DATECH,30474000.00,6/3/2025 12:00:00 AM,6/5/2025 12:00:00 AM
 Tirane,32910560012025,1056001 FSHZH 2025, Lik.fat,Nderh.permiresim shtresa asfaltike GOA2025/P 57 PO dt.04.03.2025 fat.163/2025 dt.22.05.2025 sit.1 dt.08.04.2025-21.05.2025,56,Fondi i Zhvillimit Shqipetar,1056001,Fondi i Zhvillimit Shqiptar (3535),2313100,Shpenz. per rritjen e AQT - konstruksione te rrugeve,BAMI HOLDING,17692389.00,6/3/2025 12:00:00 AM,6/5/2025 12:00:00 AM
 Diber,32921060012025,2025 Bashkia Diber 2106001ndihm ekonomike Maj 2025 ligji nr 57 per asistenc sociale ne RSH urdher nr 185 dt 04.06.2025 listepagesa bashkengjitur,13,Ministria e Shendetesise dhe Mbrojtjes Sociale,2106001,Bashkia Dibër (0606),6061003,Ndihme ekonomike,POSTA SHQIPTARE SH.A,35942777.00,6/4/2025 12:00:00 AM,6/5/2025 12:00:00 AM
 Kavaje,32921190012025,BASHKIA RROGOZHINE RIPARIM KANALI VADITES PV EMERGJENCE FATURE NR 62 DT 20.05.2025,0,Unspecified,2119001,Bashkia Rogozhine (3513),6021099,Te tjera materiale dhe sherbime speciale,NATASHA LUSHKA,85000.00,6/4/2025 12:00:00 AM,6/5/2025 12:00:00 AM
 Tirane,33010560012025,1056001 FSHZH 2025, Lik.fat,Nderh.permiresim shtresa asfaltike GOA2025/P 99 PO dt09.04.2025 fat.162/2025 dt.22.05.2025 sit.1 dt.24.04.2025-20.05.2025,56,Fondi i Zhvillimit Shqipetar,1056001,Fondi i Zhvillimit Shqiptar (3535),2313100,Shpenz. per rritjen e AQT - konstruksione te rrugeve,BAMI HOLDING,25677168.00,6/3/2025 12:00:00 AM,6/5/2025 12:00:00 AM
 Diber,33021060012025,2025 Bashkia Diber 2106001ndihm ekonomike Maj 2025 ligji nr 57 per asistenc sociale ne RSH urdher nr 185 dt 04.06.2025 listepagesa bashkengjitur,13,Ministria e Shendetesise dhe Mbrojtjes Sociale,2106001,Bashkia Dibër (0606),6061003,Ndihme ekonomike,Banka OTP Albania,952064.00,6/4/2025 12:00:00 AM,6/5/2025 12:00:00 AM
 Kavaje,33021190012025,BASHKIA RROGOZHINE RIPARIM DEFEKTI ELEKTRIK  PV EMERGJENCE FATURE NR 19 DT 20.05.2025,0,Unspecified,2119001,Bashkia Rogozhine (3513),6021099,Te tjera materiale dhe sherbime speciale,ADRIANA GJINI,119400.00,6/4/2025 12:00:00 AM,6/5/2025 12:00:00 AM
 Tirane,33110560012025,1056001 FSHZH 2025, Lik.fat,Fuqizim bashkive me pajisje tekno hardware sistem kontrolli, IVR24/SH-68 PO,dt.25.04.24,fat.nr.10/25&13/25,dt.02.05.25;20.05.25,akt dorezim dt.06.05.25,56,Fondi i Zhvillimit Shqipetar,1056001,Fondi i Zhvillimit Shqiptar (3535),2313100,Shpenz. per rritjen e AQT - konstruksione te rrugeve,I RI,13021105.00,6/3/2025 12:00:00 AM,6/5/2025 12:00:00 AM
 Tirane,33210220012025,1022001 Akademia Shk,lik tarife pjesemarje ne kongresin XIII,shkrese nr 849/3 dt 3.06.2025,880 euro ,informacion dt 2.06.2025,22,Akademia e Shkencave,1022001,Aparati i Akademise (3535),6022007,Sherbimet bankare,RAIFFEISEN BANK SH.A,91556.00,6/4/2025 12:00:00 AM,6/5/2025 12:00:00 AM
 Tirane,33310220012025,1022001 Akademia Shk,lik uje maj,,fat nr 91851 dt 03.06.2025,klienti 159341,22,Akademia e Shkencave,1022001,Aparati i Akademise (3535),6022002,Uje,UJËSJELLËS KANALIZIME TIRANË,19452.00,6/4/2025 12:00:00 AM,6/5/2025 12:00:00 AM
 Tirane,33310560012025,1056001 FSHZH 2025, Lik.fat Projektim dhe oponence B.Sarande IVR 2024/SH 132 PO dt.04.07.2024 fat.122/2024 dt.27.12.2024 AD.23.05.2025 Vazhdim MK 34 dt.05.01.2021,56,Fondi i Zhvillimit Shqipetar,1056001,Fondi i Zhvillimit Shqiptar (3535),2313100,Shpenz. per rritjen e AQT - konstruksione te rrugeve,A & E ENGINEERING SH.P.K,3508252.00,5/29/2025 12:00:00 AM,6/5/2025 12:00:00 AM
 Kavaje,33321190012025,BASHKIA RROGOZHINE KONTRATE NR AL0001841 DT 09.05.2025,0,Unspecified,2119001,Bashkia Rogozhine (3513),6022001,Elektricitet,FURNIZUESI I SHERBIMIT UNIVERSAL,13984.00,6/4/2025 12:00:00 AM,6/5/2025 12:00:00 AM
 Tirane,33410560012025,1056001 FSHZH 2025, Lik.fat,Mbesht.programin supervizion,GOA23/SH-28 IVR PO,dt.07.03.25,fat.nr.21/25,dt.22.05.25,supervizion 25 dt.07.03.23-22.04.25,56,Fondi i Zhvillimit Shqipetar,1056001,Fondi i Zhvillimit Shqiptar (3535),2313100,Shpenz. per rritjen e AQT - konstruksione te rrugeve,TOWER,219000.00,6/3/2025 12:00:00 AM,6/5/2025 12:00:00 AM
 Kavaje,33421190012025,BASHKIA RROGOZHINE RERE BITUMINOZE UP NR 563 DT 20.11.2024 FATURE NR 11 DT 10.04.2025  FTESE PER OFERTE PRENTIV, PV KOMISIONI,0,Unspecified,2119001,Bashkia Rogozhine (3513),6021099,Te tjera materiale dhe sherbime speciale,Shkelzen Bahja,936000.00,6/4/2025 12:00:00 AM,6/5/2025 12:00:00 AM
 Tirane,33610560012025,1056001 FSHZH 2025, Lik.fat,Nderh,infrastrukture rrug.B.Rrogozhine GOA2024/P 124 PO dt.27.06.2024 fat.36/2025 dt.19.05.2025 sit.2 dt.01.10.2024-15.11.2024,56,Fondi i Zhvillimit Shqipetar,1056001,Fondi i Zhvillimit Shqiptar (3535),2313100,Shpenz. per rritjen e AQT - konstruksione te rrugeve,G. P. G. COMPANY,6462186.00,6/3/2025 12:00:00 AM,6/5/2025 12:00:00 AM
 Kavaje,33621190012025,BASHKIA RROGOZHINE NDIHME EKONOMIKE 6% PRILL 2025,13,Ministria e Shendetesise dhe Mbrojtjes Sociale,2119001,Bashkia Rogozhine (3513),6061003,Ndihme ekonomike,POSTA SHQIPTARE SH.A,80187.00,6/4/2025 12:00:00 AM,6/5/2025 12:00:00 AM
 Tirane,33710560012025,1056001 FSHZH 2025, Lik.fat,Nderhyrje infrastrukture B.Fier GOA2024/P 50 PO dt.18.04.2024 fat.37/2025 dt.19.05.2025 sit.2 dt.01.12.2024-11.02.2025,56,Fondi i Zhvillimit Shqipetar,1056001,Fondi i Zhvillimit Shqiptar (3535),2313100,Shpenz. per rritjen e AQT - konstruksione te rrugeve,G. P. G. COMPANY,49391473.00,6/3/2025 12:00:00 AM,6/5/2025 12:00:00 AM
 Kavaje,33721190012025,BASHKIA RROGOZHINE NDIHME EKONOMIKE 6% MAJ 2025,0,Unspecified,2119001,Bashkia Rogozhine (3513),6061041,Shpenzime per situata te veshtira dhe per fatekeqesi,POSTA SHQIPTARE SH.A,89523.00,6/4/2025 12:00:00 AM,6/5/2025 12:00:00 AM
 Kavaje,33821190012025,BASHKIA RROGOZHINE NDIHME EKONOMIKE PER URAN SALI BERMETA,0,Unspecified,2119001,Bashkia Rogozhine (3513),6061041,Shpenzime per situata te veshtira dhe per fatekeqesi,POSTA SHQIPTARE SH.A,50000.00,6/4/2025 12:00:00 AM,6/5/2025 12:00:00 AM
 Tirane,33910560012025,1056001 FSHZH 2025, Lik.fat,Mbikqyrje nderhyrje rigj.blloqe banimi faza2 GOA2023/SH 148 IVR dt.17.10.2023 fat.9/2025 dt.14.05.2025 sup.5 dt.07.12.2024,56,Fondi i Zhvillimit Shqipetar,1056001,Fondi i Zhvillimit Shqiptar (3535),2313100,Shpenz. per rritjen e AQT - konstruksione te rrugeve,STUDIO-REBUS,694740.00,6/2/2025 12:00:00 AM,6/5/2025 12:00:00 AM
 Berat,339210200012025,2102001 bashkia berat  pagese  pagat maj 2025  listepagesa,0,Unspecified,2102001,Bashkia Berat (0202),6001001,Paga neto për punonjesit e miratuar në organikë,BANKA CREDINS,1058019.00,6/4/2025 12:00:00 AM,6/5/2025 12:00:00 AM
 Kavaje,33921190012025,BASHKIA RROGOZHINE PAGE NEO ARSIMI MAJ 2025,0,Unspecified,2119001,Bashkia Rogozhine (3513),6001001,Paga neto për punonjesit e miratuar në organikë,Banka OTP Albania,2104752.00,6/4/2025 12:00:00 AM,6/5/2025 12:00:00 AM
 Gjirokaster,34010130182025,1013018 Spitali Rajonal GJ kondicionim i ambjenteve te poliklinikes fat nr 238/2025 dt 03.06.2025,13,Ministria e Shendetesise dhe Mbrojtjes Sociale,1013018,Spitali Gjirokaster (1111),2314170,Shpenz. per rritjen e AQT - paisje dhe instalimi i kondicionereve,Operatori i Blerjeve të Përqëndruara,52015.00,6/4/2025 12:00:00 AM,6/5/2025 12:00:00 AM
 Tirane,34010560012025,1056001 FSHZH 2025, Lik.fat,Nderh,permiresim shtresa asfalt B.Shijak GOA2024/P 289 PO dt.04.12.2024 fat.149/2025 dt.09.05.2025 sit.3 dt.01.04.2025-05.05.2025,56,Fondi i Zhvillimit Shqipetar,1056001,Fondi i Zhvillimit Shqiptar (3535),2313100,Shpenz. per rritjen e AQT - konstruksione te rrugeve,BAMI HOLDING,34897500.00,6/3/2025 12:00:00 AM,6/5/2025 12:00:00 AM
 Berat,34021020012025,2102001 bashkia berat  pagese  pagat maj 2025  listepagesa,0,Unspecified,2102001,Bashkia Berat (0202),6001001,Paga neto për punonjesit e miratuar në organikë,UNION BANK SHA,606159.00,6/4/2025 12:00:00 AM,6/5/2025 12:00:00 AM
 Kavaje,34021190012025,BASHKIA RROGOZHINE PAGE NEO ARSIMI MAJ 2025,0,Unspecified,2119001,Bashkia Rogozhine (3513),6001001,Paga neto për punonjesit e miratuar në organikë,UNION BANK SHA,353384.00,6/4/2025 12:00:00 AM,6/5/2025 12:00:00 AM
 Kruje,3410100162025,2025-Dega e Thesarit Kruje Paga neto per punonjesit muaji Maj 2025 list pag dt 02.06.2025,10,Ministria e Financave dhe Ekonomise,1010016,Dega e Thesarit Kruje (0716),6001001,Paga neto për punonjesit e miratuar në organikë,RAIFFEISEN BANK SH.A,110020.00,6/4/2025 12:00:00 AM,6/5/2025 12:00:00 AM
 Tirane,34101713325,1017133 rep usht 1060 2025 ushqime shkres 20.1.2025 list pag,17,Ministria e Mbrojtjes,1017133,Batalioni I Mbeshtetjes me Luftim , Reparti 1060 (3535),6021004,Furnizime dhe sherbime me ushqim per mencat,RAIFFEISEN BANK SH.A,2008872.00,6/4/2025 12:00:00 AM,6/5/2025 12:00:00 AM
 Tirane,34110560012025,1056001 FSHZH 2025, Lik.fat,Mbesht.per real.proj.bashk.infr.mat.ndert.,Lot1,B.Lushnje,Cerrik etj,IVR2024/M 286,dt.02.12.24,fat.nr.979/25,dt01.03.25,PV dt.01.03.25,56,Fondi i Zhvillimit Shqipetar,1056001,Fondi i Zhvillimit Shqiptar (3535),2313100,Shpenz. per rritjen e AQT - konstruksione te rrugeve,Z D R A V A,10241280.00,6/3/2025 12:00:00 AM,6/5/2025 12:00:00 AM
 Berat,34121020012025,2102001 bashkia berat  pagese  pagat maj 2025  listepagesa,0,Unspecified,2102001,Bashkia Berat (0202),6001001,Paga neto për punonjesit e miratuar në organikë,Banka e Parë e Investimeve-Albania/ First Investment Bank- Albania,618200.00,6/4/2025 12:00:00 AM,6/5/2025 12:00:00 AM
 Kavaje,34121190012025,BASHKIA RROGOZHINE PAGE NEO ARSIMI MAJ 2025,0,Unspecified,2119001,Bashkia Rogozhine (3513),6001001,Paga neto për punonjesit e miratuar në organikë,BANKA KOMBETARE TREGTARE,176504.00,6/4/2025 12:00:00 AM,6/5/2025 12:00:00 AM
 Tirane,34210560012025,1056001 FSHZH 2025, Lik.Garanci, Rind.i ban.indiv.,B.Mirdite,GOA2021/P Rind 102 dt.18.10.2021,AK.17.04.23,U.L.02.06.25 Certifikate perf.19.05.25,56,Fondi i Zhvillimit Shqipetar,1056001,Fondi i Zhvillimit Shqiptar (3535),4662114,Garanci te vitit vazhdim per sipermarje punimesh,Te Dala,NDREGJONI,1528350.00,6/3/2025 12:00:00 AM,6/5/2025 12:00:00 AM
 Kavaje,34221190012025,BASHKIA RROGOZHINE NDIHME EKONOMIKE MAJ 2025,13,Ministria e Shendetesise dhe Mbrojtjes Sociale,2119001,Bashkia Rogozhine (3513),6061003,Ndihme ekonomike,POSTA SHQIPTARE SH.A,1686704.00,6/4/2025 12:00:00 AM,6/5/2025 12:00:00 AM
 Kavaje,34321190012025,BASHKIA RROGOZHINE QERA BANESE PER ZGJEDHJET E VITI 2023 SHKRESE E KZAZ DT 04.06.2025,0,Unspecified,2119001,Bashkia Rogozhine (3513),6022099,Sherbime te tjera,BANKA CREDINS,20000.00,6/4/2025 12:00:00 AM,6/5/2025 12:00:00 AM
 Tirane,34410560012025,1056001 FSHZH 2025, Lik.Garanci, Rind.i ban.indiv.,B.Mirdite,GOA2021/P Rind 102 dt.18.10.2021,AK.17.04.23,U.L.02.06.25 Certifikate perf.19.05.25,56,Fondi i Zhvillimit Shqipetar,1056001,Fondi i Zhvillimit Shqiptar (3535),4662114,Garanci te vitit vazhdim per sipermarje punimesh,Te Dala,KTHELLA,3056699.00,6/3/2025 12:00:00 AM,6/5/2025 12:00:00 AM
 Kavaje,34421190012025,BASHKIA RROGOZHINE QERA OBJEKTI XHEME BEQAJ  QERSHOR KORRIK 2019 DHE JANAR  SHKURT 2025,0,Unspecified,2119001,Bashkia Rogozhine (3513),6026100,Shpenzime per qiramarrje ambjentesh,Banka OTP Albania,455600.00,6/4/2025 12:00:00 AM,6/5/2025 12:00:00 AM
 Tirane,34710260012025,1026001 MTM pr Diella dhe Dashuri. Urdher 19 dt 14.01.2025, udhezim 2 dt 28.05.2024,kontr 1685 dt 26.02.2025, fat 1 dt 25.04.25, rap monitorimi 1685/3 dt 28.05.25, rap financiar,26,Ministria e Turizmit dhe Mjedisit,1026001,Aparati i Ministrise se Turizmit dhe Mjedisit (3535),6040009,Te tjera transferime korrente,Sindi Laloshi,3600000.00,6/3/2025 12:00:00 AM,6/5/2025 12:00:00 AM
 Tirane,34710560012025,1056001 FSHZH 2025, Lik.fat Rigjenerim urban stok banesa Rajoni 1 Bash.Kurbin IVR 2025/P 41 PO dt.26.02.2025 fat.95/2025 dt.08.05.2025 sit.1 dt.13.03.2025-30.04.2025,56,Fondi i Zhvillimit Shqipetar,1056001,Fondi i Zhvillimit Shqiptar (3535),2313100,Shpenz. per rritjen e AQT - konstruksione te rrugeve,DION-AL,24016489.00,6/3/2025 12:00:00 AM,6/5/2025 12:00:00 AM
 Kukes,34721250012025,2125001 Bashkia Kukes lik pjesor situac nr 1dt 23.04.2025 Rehab i Shk'' Avni Rustemi te Kontr nr 92dt 17.12.2024 fat nr 12dt 02.05.2025 upr nr 493dt 25.09.2024,0,Unspecified,2125001,Bashkia Kukes (1818),2312103,Shpenz. per rritjen e AQT - ndertesa shkollore,OUEN,20742690.00,6/3/2025 12:00:00 AM,6/5/2025 12:00:00 AM
 Tirane,34810110392025,1011039 UT Rektorati 2025- Shpenz mirmbajtje pajisje teknike operacionale UT,UP 88 dt 23.7.24,ftes of 2194/23 dt 4.3.25,njof fit 4.3.24,kontr 2194/23 dt 4.324,fat 46 dt 9.5.25,pv 9.5.25,11,Ministria e Arsimit Sportit dhe Rinise,1011039,Universiteti i Tiranes (3535),6025500,Shpenzime per mirembajtjen e aparateve, paisjeve teknike dhe veglave te punes,CLIMACASA,1845446.00,6/4/2025 12:00:00 AM,6/5/2025 12:00:00 AM
 Tirane,34810260012025,1026001 MTM qera ambjent Maj 2025. Kontr vazhdim 2482/7 dt 10.06.2024,urdher 196 dt 27.05.2024.,njoft marr qeraje 2482/5 dt 27.05.2024,PV 2482/6 dt 07.06.2024,prok posacme 1691 dt 19.08.2021,bordero tatim burim e listepagese dt 03.06.2025,26,Ministria e Turizmit dhe Mjedisit,1026001,Aparati i Ministrise se Turizmit dhe Mjedisit (3535),6026102,Shpenzime per qiramarrje te ambienteve per aktivitete jashte institucionit,BANKA KOMBETARE TREGTARE,170000.00,6/3/2025 12:00:00 AM,6/5/2025 12:00:00 AM
 Tirane,34910260012025,1026001 MTM pr Turizmi nTur. Urdher 19 dt 14.01.2025, udhezim 2 dt 28.05.2024,kontr 755 dt 28.01.2025 origj USH 107 dt 21.02.25,fat 4 dt 12.05.2025, rap monitorimi 755/4 dt 26.05.25, rap financiar 12.05.2025,26,Ministria e Turizmit dhe Mjedisit,1026001,Aparati i Ministrise se Turizmit dhe Mjedisit (3535),6040009,Te tjera transferime korrente,Fondacioni "STARTUP ALBANIA",5600000.00,6/3/2025 12:00:00 AM,6/5/2025 12:00:00 AM
 Tirane,34910560012025,1056001 FSHZH 2025, Lik.fat Projektim mbeshtetje per programet PO GOA2024/SH7 IVR PO dt.19.02.2024 fat.2/2025 dt.06.01.2025 sup.1 dt.16.02.24-16.09.24,vazhdim MK nr.3335,dt.31.10.22,56,Fondi i Zhvillimit Shqipetar,1056001,Fondi i Zhvillimit Shqiptar (3535),2313100,Shpenz. per rritjen e AQT - konstruksione te rrugeve,NET-GROUP,6007200.00,6/2/2025 12:00:00 AM,6/5/2025 12:00:00 AM
 Fier,35010121192025,Drejtoria Rajonale AKPA Fier nxitje punesimi prill 2025 sipas VKM 17 punesim,12,Ministria e Ekonomise, Kultures dhe Inovacionit,1012119,Drejtori Rajonale AKPA Fier (0909),6031100,Subvencion per te nxitur punesimin (Paga),LUNA-AL,178829.00,6/3/2025 12:00:00 AM,6/5/2025 12:00:00 AM
 Tirane,35010560012025,1056001 FSHZH 2025, Lik.fat.Mbesht programin projektim,GOA24/SH-236-IVR PO,dt.08.11.2024,fat.nr.27/25,dt.13.05.25,Sup.20.03.25-30.04.25,Vazhdim MK nr.3516,dt.07.10.24,Nj.F.03.10.24,56,Fondi i Zhvillimit Shqipetar,0,Unspecified (0000),2313100,Shpenz. per rritjen e AQT - konstruksione te rrugeve,"TAULANT" SHPK,197757.00,6/2/2025 12:00:00 AM,6/5/2025 12:00:00 AM
 Berat,35021020012025,2102001 bashkia berat  pagese  subvension sipas VKB 108 dt 18.12.2024 konfirmim 889/1 dt 24.12.2024 kerkesa 27 dt 26.05.2025,0,Unspecified,2102001,Bashkia Berat (0202),6030099,Subvencione per diference cmimi te tjera te ngjashme,FK TOMORI 1923,900000.00,6/4/2025 12:00:00 AM,6/5/2025 12:00:00 AM
 Tirane,3510131212025,1013121 Agj. Shtet. Mbroj. Drej. Fem. - 602 dieta brenda vendit Qershor 2025, autorizim nr 35/11 dt 14.05.25, listepagese Qershor 2025,13,Ministria e Shendetesise dhe Mbrojtjes Sociale,1013121,Agjensia Shteterore per Mbrojtjen e te Drejtave te Femijeve (3535),6024100,Udhetim i brendshem,RAIFFEISEN BANK SH.A,5500.00,6/4/2025 12:00:00 AM,6/5/2025 12:00:00 AM
 Tirane,35101713325,1017133 rep usht 1060 2025 ushqime shkres 20.1.2025 list pag,17,Ministria e Mbrojtjes,1017133,Batalioni I Mbeshtetjes me Luftim , Reparti 1060 (3535),6021004,Furnizime dhe sherbime me ushqim per mencat,BANKA CREDINS,179990.00,6/4/2025 12:00:00 AM,6/5/2025 12:00:00 AM
 Fier,35110121192025,Drejtoria Rajonale AKPA Fier nxitje punesimi prill 2025 sipas VKM 17 punesim,12,Ministria e Ekonomise, Kultures dhe Inovacionit,1012119,Drejtori Rajonale AKPA Fier (0909),6031100,Subvencion per te nxitur punesimin (Paga),GENTIAN DAJA,93360.00,6/3/2025 12:00:00 AM,6/5/2025 12:00:00 AM
 Tirane,35110260012025,1026001 MTM bileta udhetimi Tr-baku-Tr. Autorizim 3302/4 dt 20.05.2025,urdh prok 186 dt 20.05.2025, ftese oferte 3845/1 dt 20.05.2025,njoft fituesi 20.05.2025,fature 147 dt 21.05.2025,26,Ministria e Turizmit dhe Mjedisit,1026001,Aparati i Ministrise se Turizmit dhe Mjedisit (3535),6024200,Udhetim jashte shtetit,ONE EXPLORER,210000.00,6/3/2025 12:00:00 AM,6/5/2025 12:00:00 AM
 Tirane,35210260012025,1026001 MTM rimb TVSH GIZ, ek qarkulluese. Urdher 192 dt 29.05.2025,memo 4147 dt 29.05.2025, kerk rimbursim 23.12.2024, permbl fatura dt 23.12.2024,marevshje zbaim dt 20.03.2024,26,Ministria e Turizmit dhe Mjedisit,1026001,Aparati i Ministrise se Turizmit dhe Mjedisit (3535),2310500,Shpenz. per rritjen e te tjera AQT,G  I  Z,6415612.00,6/3/2025 12:00:00 AM,6/5/2025 12:00:00 AM
 Fier,35310121192025,Drejtoria Rajonale AKPA Fier nxitje punesimi prill 2025 sipas VKM 17 punesim,12,Ministria e Ekonomise, Kultures dhe Inovacionit,1012119,Drejtori Rajonale AKPA Fier (0909),6031100,Subvencion per te nxitur punesimin (Paga),D S M E,46680.00,6/3/2025 12:00:00 AM,6/5/2025 12:00:00 AM
 Tirane,35310260012025,1026001 MTM leshim kopje kartele pasurie. memo 4172 dt 30.05.2025,fature 9795 dt 30.05.2025,kod fature 349917069909,26,Ministria e Turizmit dhe Mjedisit,1026001,Aparati i Ministrise se Turizmit dhe Mjedisit (3535),6022099,Sherbime te tjera,DREJTORIA VENDORE E ASHK-së SARANDË,8500.00,6/3/2025 12:00:00 AM,6/5/2025 12:00:00 AM
 Tirane,35310560012025,1056001 FSHZH 2025, Lik.fat,Mbesht.gjall.akt.social-kult,IVR25-SH-130 PO,dt.21.05.25,fat.nr.219/25,dt.26.05.25,PV dt.24.05.25,vazhdim MK nr.4422 dt.20.11.24,56,Fondi i Zhvillimit Shqipetar,1056001,Fondi i Zhvillimit Shqiptar (3535),2313100,Shpenz. per rritjen e AQT - konstruksione te rrugeve,SCREEN AD,495840.00,6/3/2025 12:00:00 AM,6/5/2025 12:00:00 AM
 Tirane,35410110392025,1011039 UT Rektorati 2025- Blerje fond libri,UP 145  dt 14.10.23,njof fit 2510/6 dt 30.11.23,kontr 2907/14 dt 1.4.25,fat 210 dt 24.4.24 ,fh 35 dt 24.4.24,pv 24.4.25,11,Ministria e Arsimit Sportit dhe Rinise,1011039,Universiteti i Tiranes (3535),2312112,Shpenz. per rritjen e AQT - krijim fondi biblioteke,EDUCATIONAL CENTRE,5069736.00,6/4/2025 12:00:00 AM,6/5/2025 12:00:00 AM
 Tirane,35410560012025,1056001 FSHZH 2025, Lik.fat,Mbesht.gjall.akt.social-kult,IVR25-SH-130 PO,dt.21.05.25,fat.nr.2740/25,dt.26.05.25,PV dt.24.05.25,vazhdim MK nr.4422 dt.20.11.24,56,Fondi i Zhvillimit Shqipetar,1056001,Fondi i Zhvillimit Shqiptar (3535),2313100,Shpenz. per rritjen e AQT - konstruksione te rrugeve,PROSOUND,494440.00,6/3/2025 12:00:00 AM,6/5/2025 12:00:00 AM
 Gjirokaster,35421150012025,2115001, Bashkia Gjirokaster Listepagese,paga maj 2025,0,Unspecified,2115001,Bashkia Gjirokaster (1111),6001001,Paga neto për punonjesit e miratuar në organikë,RAIFFEISEN BANK SH.A,4670051.00,6/3/2025 12:00:00 AM,6/5/2025 12:00:00 AM
 Gjirokaster,35521150012025,2115001, Bashkia Gjirokaster Ndalese page ,vendim gjykate.,0,Unspecified,2115001,Bashkia Gjirokaster (1111),6001001,Paga neto për punonjesit e miratuar në organikë,MICRO CREDIT ALBANIA,10000.00,6/4/2025 12:00:00 AM,6/5/2025 12:00:00 AM
 Tirane,35610110392025,1011039 UT Rektorati 2025-Honorare proj KEI ,rihedhur serish pas memo-Kredise ,urdh 70/2 dt 27.3.25,kontr 1516/3 dt 22.5.23,raport periodik Qersh 23-shtator 24,mbajtur TB,listpag(Dok ushp 180 dt 1.4.25),11,Ministria e Arsimit Sportit dhe Rinise,1011039,Universiteti i Tiranes (3535),6029005,Shpenzime per honorare,RAIFFEISEN BANK SH.A,17329.00,5/30/2025 12:00:00 AM,6/5/2025 12:00:00 AM
 Tirane,35710170092025, 1017009% reparti 1001 2025 ushqime shkres 17.1.2024 list pag,17,Ministria e Mbrojtjes,1017009,Reparti Ushtarak Nr.1001 Tirane (3535),6021004,Furnizime dhe sherbime me ushqim per mencat,RAIFFEISEN BANK SH.A,5232368.00,6/4/2025 12:00:00 AM,6/5/2025 12:00:00 AM
 Gjirokaster,35721150012025,2115001, Bashkia Gjirokaster Liste pagese,paga maj 2025.,0,Unspecified,2115001,Bashkia Gjirokaster (1111),6001001,Paga neto për punonjesit e miratuar në organikë,BANKA AMERIKANE E INVESTIMEVE SHA	,135922.00,6/4/2025 12:00:00 AM,6/5/2025 12:00:00 AM
 Tirane,35810110392025,1011039 UT Rektorati 2025- Shpenz printimi ,Urdh 1022/10 dt 5.5.25,pv komision 22.4.25,pv 22.4.25,fat 37 dt 22.4.25,11,Ministria e Arsimit Sportit dhe Rinise,1011039,Universiteti i Tiranes (3535),6021007,Libra dhe publikime profesionale,ERMIR PETANAJ,3250.00,5/30/2025 12:00:00 AM,6/5/2025 12:00:00 AM
 Tirane,35810170092025, 1017009% reparti 1001 2025 ushqime shkres 17.1.2024 list pag,17,Ministria e Mbrojtjes,1017009,Reparti Ushtarak Nr.1001 Tirane (3535),6021004,Furnizime dhe sherbime me ushqim per mencat,BANKA CREDINS,1019858.00,6/4/2025 12:00:00 AM,6/5/2025 12:00:00 AM
 Gjirokaster,35821150012025,2115001, Bashkia Gjirokaster Liste pagese,paga maj 2025.,13,Ministria e Shendetesise dhe Mbrojtjes Sociale,2115001,Bashkia Gjirokaster (1111),6061099,Te tjera transferta tek individet,BANKA AMERIKANE E INVESTIMEVE SHA	,188546.00,6/4/2025 12:00:00 AM,6/5/2025 12:00:00 AM
 Tirane,35910060542025,1006054 ARRSH Sist Asfal rrug e Drejtorise Rajonit Jugor Gjirokaster Sh 3659/1 dt 06.05.25 UP 422 dt 19.12.24 NJF Bul 7 dt 10.02.25 Kon 990/3 dt 05.03.25 Sit 1 per 18.03.2025-30.04.2025 fat 26/2025 dt 30.04.25,6,Ministria e Infrastruktures dhe Energjise,1006054,Autoriteti Rrugor Shqiptar (3535),2313100,Shpenz. per rritjen e AQT - konstruksione te rrugeve,DEHA 2010	,24765816.00,6/3/2025 12:00:00 AM,6/5/2025 12:00:00 AM
 Tirane,35910170092025, 1017009% reparti 1001 2025 ushqime shkres 17.1.2024 list pag,17,Ministria e Mbrojtjes,1017009,Reparti Ushtarak Nr.1001 Tirane (3535),6021004,Furnizime dhe sherbime me ushqim per mencat,BANKA KOMBETARE TREGTARE,612088.00,6/4/2025 12:00:00 AM,6/5/2025 12:00:00 AM
 Gramsh,35921140012025,2114001 Dieta ,autorizime,urdher sherbime,bordero,listepagese banke,0,Unspecified,2114001,Bashkia Gramsh (0810),6024100,Udhetim i brendshem,Banka OTP Albania,22000.00,6/4/2025 12:00:00 AM,6/5/2025 12:00:00 AM
 Tirane,36010060542025,1006054 ARRSH Pike lidhje QKMT-Shkresa Nr. 4462 dt. 30.05.2025, Faturat te tabela bashkelidhur.	,6,Ministria e Infrastruktures dhe Energjise,1006054,Autoriteti Rrugor Shqiptar (3535),6022001,Elektricitet,OPERATORI I SISTEMIT TE SHPERNDARJES,337221.00,6/3/2025 12:00:00 AM,6/5/2025 12:00:00 AM
 Tirane,36010170092025, 1017009% reparti 1001 2025 ushqime shkres 17.1.2024 list pag,17,Ministria e Mbrojtjes,1017009,Reparti Ushtarak Nr.1001 Tirane (3535),6021004,Furnizime dhe sherbime me ushqim per mencat,INTESA SANPAOLO BANK ALBANIA,20194.00,6/4/2025 12:00:00 AM,6/5/2025 12:00:00 AM
 Gjirokaster,36021150012025,2115001, Bashkia Gjirokaster Liste pagese,Ndalese nga paga maj 2025.,0,Unspecified,2115001,Bashkia Gjirokaster (1111),6001001,Paga neto për punonjesit e miratuar në organikë,MICRO CREDIT ALBANIA,5000.00,6/4/2025 12:00:00 AM,6/5/2025 12:00:00 AM
 Tirane,3610171332025,1017133 rep usht 1060 2025 ushqime shkres 20.1.2025 list pag,17,Ministria e Mbrojtjes,1017133,Batalioni I Mbeshtetjes me Luftim , Reparti 1060 (3535),6021004,Furnizime dhe sherbime me ushqim per mencat,Banka OTP Albania,36876.00,6/4/2025 12:00:00 AM,6/5/2025 12:00:00 AM
 Tirane,36110060542025,1006054 ARRSH Sup pun Perm i sinjal horiz vertik dhe pajisje te sig rrug ne akset e Rajonit Verior L 1 (2024) Sh 538/1 dt 05.05.25 kont 4983/7 dt 27.08.24 Sit 4 perf dt 20.12.24 fat 2/2025 dt 17.01.25 PVK dt 20.12.24,6,Ministria e Infrastruktures dhe Energjise,1006054,Autoriteti Rrugor Shqiptar (3535),2313100,Shpenz. per rritjen e AQT - konstruksione te rrugeve,LENI-ING	,405623.00,6/3/2025 12:00:00 AM,6/5/2025 12:00:00 AM
 Tirane,36110170092025, 1017009% reparti 1001 2025 ushqime shkres 17.1.2024 list pag,17,Ministria e Mbrojtjes,1017009,Reparti Ushtarak Nr.1001 Tirane (3535),6021004,Furnizime dhe sherbime me ushqim per mencat,BANKA E TIRANES,36876.00,6/4/2025 12:00:00 AM,6/5/2025 12:00:00 AM
 Tirane,36210170092025, 1017009% reparti 1001 2025 misione vkm 910 dt 22.12.2012;vkm 704 dt 4.11.2022 vkm 145 dt 20.2.2013 list pag,17,Ministria e Mbrojtjes,1017009,Reparti Ushtarak Nr.1001 Tirane (3535),6029099,Shpenzime per te tjera materiale dhe sherbime operative,RAIFFEISEN BANK SH.A,81802000.00,6/4/2025 12:00:00 AM,6/5/2025 12:00:00 AM
 Tirane,36210560012025,1056001 FSHZH 2025, Lik.fat Mbeshtetje per fuq.e kap.menaxh.te bash.neper.aplik.te skemave te grant.mak.pastrimi,IVR2025/M 8 PO,dt.16.01.25,fat.nr.11/25,dt.07.05.25,PV 07.05.25,NJ.f.30.12.24,UP nr.685 dt. 11.11.24,56,Fondi i Zhvillimit Shqipetar,1056001,Fondi i Zhvillimit Shqiptar (3535),2313100,Shpenz. per rritjen e AQT - konstruksione te rrugeve,G . A . C,19199999.00,6/3/2025 12:00:00 AM,6/5/2025 12:00:00 AM
 Tirane,36310170092025, 1017009% reparti 1001 2025 misione vkm 910 dt 22.12.2012;vkm 704 dt 4.11.2022 vkm 145 dt 20.2.2013 list pag,17,Ministria e Mbrojtjes,1017009,Reparti Ushtarak Nr.1001 Tirane (3535),6029099,Shpenzime per te tjera materiale dhe sherbime operative,BANKA CREDINS,9200000.00,6/4/2025 12:00:00 AM,6/5/2025 12:00:00 AM
 Tirane,36410170092025, 1017009% reparti 1001 2025 misione vkm 910 dt 22.12.2012;vkm 704 dt 4.11.2022 vkm 145 dt 20.2.2013 list pag,17,Ministria e Mbrojtjes,1017009,Reparti Ushtarak Nr.1001 Tirane (3535),6029099,Shpenzime per te tjera materiale dhe sherbime operative,BANKA KOMBETARE TREGTARE,9912000.00,6/4/2025 12:00:00 AM,6/5/2025 12:00:00 AM
 Tirane,36510170092025, 1017009% reparti 1001 2025 misione vkm 910 dt 22.12.2012;vkm 704 dt 4.11.2022 vkm 145 dt 20.2.2013 list pag,17,Ministria e Mbrojtjes,1017009,Reparti Ushtarak Nr.1001 Tirane (3535),6029099,Shpenzime per te tjera materiale dhe sherbime operative,Banka OTP Albania,372000.00,6/4/2025 12:00:00 AM,6/5/2025 12:00:00 AM
 Gramsh,36521140012025,2114001 Dety.prapambet,fat nr.13/2025 date 01.03.2025 mirmb varreza te vjetra muaj shkurt 2025,kontrate nr.2302 date 21.06.2021,situacion shkurt 2025,0,Unspecified,2114001,Bashkia Gramsh (0810),6025100,Shpenzime per mirembajtjen e tokave dhe aktiveve natyrore,KURORA,140034.00,6/4/2025 12:00:00 AM,6/5/2025 12:00:00 AM
 Tirane,36610170092025, 1017009% reparti 1001 2025 misione vkm 910 dt 22.12.2012;vkm 704 dt 4.11.2022 vkm 145 dt 20.2.2013 list pag,17,Ministria e Mbrojtjes,1017009,Reparti Ushtarak Nr.1001 Tirane (3535),6029099,Shpenzime per te tjera materiale dhe sherbime operative,BANKA E TIRANES,108000.00,6/4/2025 12:00:00 AM,6/5/2025 12:00:00 AM
 Tirane,36710170092025, 1017009% reparti 1001 2025 ,tef ft 2221846 dt 1.5.2025,17,Ministria e Mbrojtjes,1017009,Reparti Ushtarak Nr.1001 Tirane (3535),6022003,Sherbime telefonike,ONE ALBANIA,16661.00,6/4/2025 12:00:00 AM,6/5/2025 12:00:00 AM
 Elbasan,36721090012025,2109001 Bashkia Elbasan , Asfal i gjendjes ekzis te rr se xhamise fsh Vreshtan NjA Shushice,UP nr.5312,dt.06.11.24,derg.njoft.fit nr.5312/6 dt.24.12.24, kont nr.5312/7 dt.31.12.24 fat nr.50/2025 dt.19.05.25 sit perf, akt marr dorz, akt kola,0,Unspecified,2109001,Bashkia Elbasan (0808),2313100,Shpenz. per rritjen e AQT - konstruksione te rrugeve,XHAST SHPK,885053.00,6/3/2025 12:00:00 AM,6/5/2025 12:00:00 AM
 Gjirokaster,36721150012025,2115001, Bashkia Gjirokaster Liste pagese,pagese paaftesie maj 2025.,13,Ministria e Shendetesise dhe Mbrojtjes Sociale,2115001,Bashkia Gjirokaster (1111),6061004,Pagese paaftesie,POSTA SHQIPTARE SH.A,3545115.00,6/4/2025 12:00:00 AM,6/5/2025 12:00:00 AM
 Tirane,36810170092025, 1017009% reparti 1001 2025 ,tef ft 2116244 dt 1.5.2025,17,Ministria e Mbrojtjes,1017009,Reparti Ushtarak Nr.1001 Tirane (3535),6022003,Sherbime telefonike,ONE ALBANIA,7800.00,6/4/2025 12:00:00 AM,6/5/2025 12:00:00 AM
 Elbasan,36821090012025,2109001 Bashkia Elbasan ,Mbik Asfal i gjendj ekzis rr.xhamise fsh Vreshtan NjA Shushice,UP nr.5315,dt.06.11.24,derg.njoft.fit nr.5315/8 dt.18.12.24, kont nr.5315/15 dt.31.12.24 fat nr.20/2025 dt.19.05.25 , akt marr dorz, akt kola,0,Unspecified,2109001,Bashkia Elbasan (0808),2313100,Shpenz. per rritjen e AQT - konstruksione te rrugeve,G & L CONSTRUCTION,193264.00,6/3/2025 12:00:00 AM,6/5/2025 12:00:00 AM
 Gjirokaster,36821150012025,2115001, Bashkia Gjirokaster Liste pagese,pagese paaftesie maj 2025.,13,Ministria e Shendetesise dhe Mbrojtjes Sociale,2115001,Bashkia Gjirokaster (1111),6061004,Pagese paaftesie,INTESA SANPAOLO BANK ALBANIA,249683.00,6/4/2025 12:00:00 AM,6/5/2025 12:00:00 AM
 Tirane,36910170092025, 1017009% reparti 1001 2025 ,tef ft 1914995 dt 1.5.2025,17,Ministria e Mbrojtjes,1017009,Reparti Ushtarak Nr.1001 Tirane (3535),6022003,Sherbime telefonike,ONE ALBANIA,44550.00,6/4/2025 12:00:00 AM,6/5/2025 12:00:00 AM
 Elbasan,36921090012025,2109001 Bashkia Elbasan, Paga Neto Punonjesit Projektit"Energjia Gjelber&qendrueshme ne ndertesat e Elbasanit",Muaji Prill&Maj 2025,Bordero Paga Projekti  Prill-Maj 2025,Liste banke Paga Prill 26.05.2025,Liste banke paga Maj 2025 03.06.2025,0,Unspecified,2109001,Bashkia Elbasan (0808),6002001,Paga neto e punonjësve me kontratë të përkohshme mbi numrin organik,BANKA KOMBETARE TREGTARE,114154.00,6/4/2025 12:00:00 AM,6/5/2025 12:00:00 AM
 Gjirokaster,36921150012025,2115001, Bashkia Gjirokaster Liste pagese,pagese paaftesie maj 2025.,13,Ministria e Shendetesise dhe Mbrojtjes Sociale,2115001,Bashkia Gjirokaster (1111),6061004,Pagese paaftesie,INTESA SANPAOLO BANK ALBANIA,8202588.00,6/4/2025 12:00:00 AM,6/5/2025 12:00:00 AM
 Tirane,37010170092025,1017009% reparti 1001 2025 taks prone kerkese 6732 dt 2.6.2025 shkres 531 dt 3.6.2025,17,Ministria e Mbrojtjes,1017009,Reparti Ushtarak Nr.1001 Tirane (3535),6029004,Shpenzime per sigurimin e ndertesave dhe te tjera kosto sigurimi te ngjashme,DREJTORIA VENDORE E ASHK-se POGRADEC,2000.00,6/4/2025 12:00:00 AM,6/5/2025 12:00:00 AM
 Elbasan,37021090012025,2109001 Bashkia Elbasan, Paga Neto per Punonj Projekti"Energjia Gjelber&qendrueshme ndertesat Elbasanit" muaji Prill&Maj 2025,Bordero Paga Muaji Prill&Maj 2025, Liste banke Paga Prill 2025 dt.26.05.2025,Liste banke paga Maj 2025 d03.06.2025,0,Unspecified,2109001,Bashkia Elbasan (0808),6002001,Paga neto e punonjësve me kontratë të përkohshme mbi numrin organik,INTESA SANPAOLO BANK ALBANIA,55752.00,6/4/2025 12:00:00 AM,6/5/2025 12:00:00 AM
 Gjirokaster,37021150012025,2115001, Bashkia Gjirokaster Liste pagese,pagese paaftesie maj 2025.,13,Ministria e Shendetesise dhe Mbrojtjes Sociale,2115001,Bashkia Gjirokaster (1111),6061004,Pagese paaftesie,Banka OTP Albania,45991.00,6/4/2025 12:00:00 AM,6/5/2025 12:00:00 AM
 Durres,3710112502025,1011250/DREJTORIA RAJONALE E ARSIMIT PARAUNIVERSITAR DURRES/ PAGA MAJ 2025 SIPAS LISTEPAGESES,11,Ministria e Arsimit Sportit dhe Rinise,1011250,Drejtoria Rajonale Arsimore, Durrës (0707),6001001,Paga neto për punonjesit e miratuar në organikë,BANKA KOMBETARE TREGTARE,730753.00,6/4/2025 12:00:00 AM,6/5/2025 12:00:00 AM
 Tirane,3710171332025,1017133 rep usht 1060 2025 ushqime shkres 20.1.2025 list pag,17,Ministria e Mbrojtjes,1017133,Batalioni I Mbeshtetjes me Luftim , Reparti 1060 (3535),6021004,Furnizime dhe sherbime me ushqim per mencat,BANKA KOMBETARE TREGTARE,142236.00,6/4/2025 12:00:00 AM,6/5/2025 12:00:00 AM
 Elbasan,37121090012025,2109001 Bashkia Elbasan, Ndihma ekonomike (fondi i bashkise) per Muajin Prill 2025, Permbledhese pagese ndihma ekonomike nga fondi i bashkise muaji Prill 2025 dt.03.06.2025, VKB nr.46 dt.30.05.2025, konf akti 604/1 dt.03.06.2025,0,Unspecified,2109001,Bashkia Elbasan (0808),6061003,Ndihme ekonomike,POSTA SHQIPTARE SH.A,214600.00,6/4/2025 12:00:00 AM,6/5/2025 12:00:00 AM
 Elbasan,37221090012025,2109001 Bashkia Elbasan, Ndihma ekonomike (fondi i kushtezuar) per Muajin Prill 2025, Permbledhese pagese ndihma ekonomike nga fondi i kushtezuar muaji Prill 2025 dt.03.06.2025, VKB nr.47 dt.30.05.2025, konf akti 605/1 dt.03.06.2025,13,Ministria e Shendetesise dhe Mbrojtjes Sociale,2109001,Bashkia Elbasan (0808),6061003,Ndihme ekonomike,POSTA SHQIPTARE SH.A,1101172.00,6/4/2025 12:00:00 AM,6/5/2025 12:00:00 AM
 Tirane,37310060542025,1006054 ARRSH Paga Listepagesa e punonjesve ne dhe mbi organike per periudhen Maj 2025 Plan 212 fakt 52 Plan 8 fakt 4,6,Ministria e Infrastruktures dhe Energjise,1006054,Autoriteti Rrugor Shqiptar (3535),6001001,Paga neto për punonjesit e miratuar në organikë,RAIFFEISEN BANK SH.A,4390488.00,6/4/2025 12:00:00 AM,6/5/2025 12:00:00 AM
 Elbasan,37321090012025,2109001 Bashkia Elbasan, Anetare Keshilli Bashkiak Prill 2025, Listepagese anetare KB Prill 2025,Liste banke date 28.05.2025,0,Unspecified,2109001,Bashkia Elbasan (0808),6029006,Shpenzime kompesimi per anetaret e parlamentit dhe zyrtare te tjera te zgjedhur,BANKA KOMBETARE TREGTARE,690200.00,6/4/2025 12:00:00 AM,6/5/2025 12:00:00 AM
 Tirane,37410060542025,1006054 ARRSH Paga Listepagesa e punonjesve ne dhe mbi organike per periudhen Maj 2025 Plan 212 fakt 25 Plan 8 fakt 1,6,Ministria e Infrastruktures dhe Energjise,1006054,Autoriteti Rrugor Shqiptar (3535),6001001,Paga neto për punonjesit e miratuar në organikë,BANKA CREDINS,1966722.00,6/4/2025 12:00:00 AM,6/5/2025 12:00:00 AM
 Tirane,37410900012025,1090001 KPP-kompensim telefoni, vkm nr 673 dt 02.09.2020, liste pagese,90,Komisioni i Prokurimit Publik,1090001,Komisioni i Prokurimit Publik (3535),6061005,Kompensime speciale te tjera,BANKA KOMBETARE TREGTARE,4000.00,6/4/2025 12:00:00 AM,6/5/2025 12:00:00 AM
 Elbasan,37421090012025,2109001 Bashkia Elbasan, Anetare Keshilli Bashkiak Prill 2025, Listepagese anetare KB Prill 2025 ,Liste banke 28.05.2025,0,Unspecified,2109001,Bashkia Elbasan (0808),6029006,Shpenzime kompesimi per anetaret e parlamentit dhe zyrtare te tjera te zgjedhur,Banka e Parë e Investimeve-Albania/ First Investment Bank- Albania,197200.00,6/4/2025 12:00:00 AM,6/5/2025 12:00:00 AM
 Tirane,37510060542025,1006054 ARRSH Paga Listepagesa e punonjesve ne dhe mbi organike per periudhen Maj 2025 Plan 212 fakt 33 Plan 8 fakt 2,6,Ministria e Infrastruktures dhe Energjise,1006054,Autoriteti Rrugor Shqiptar (3535),6001001,Paga neto për punonjesit e miratuar në organikë,BANKA KOMBETARE TREGTARE,2488307.00,6/4/2025 12:00:00 AM,6/5/2025 12:00:00 AM
 Tirane,37510170092025,1017009% reparti 1001 2025 dieta me jasht urdher 488 dt 19.5.2025 aut 4197 dt 4.6.2025  me kurs 98.7,17,Ministria e Mbrojtjes,1017009,Reparti Ushtarak Nr.1001 Tirane (3535),6024200,Udhetim jashte shtetit,BANKA E TIRANES,4935000.00,6/4/2025 12:00:00 AM,6/5/2025 12:00:00 AM
 Tirane,37510900012025,1090001 KPP 2025 - sherbim perkthim materiali, up nr 236 dt 10.04.25, ftese oferte nr 1939/9 dt 10.04.2025, njoft fit dt 14.04.25, kontr nr 193/15 dt 18.04.2025, fat nr 43 dt 23.5.25, pv dt 05.05.2025,90,Komisioni i Prokurimit Publik,1090001,Komisioni i Prokurimit Publik (3535),6022099,Sherbime te tjera,Internship,208110.00,6/4/2025 12:00:00 AM,6/5/2025 12:00:00 AM
 Elbasan,37521090012025,2109001 Bashkia Elbasan, Anetare Keshilli Bashkiak Prill 2025, Listepagese anetare KB Prill 2025,Liste banke 28.05.2025,0,Unspecified,2109001,Bashkia Elbasan (0808),6029006,Shpenzime kompesimi per anetaret e parlamentit dhe zyrtare te tjera te zgjedhur,RAIFFEISEN BANK SH.A,345100.00,6/4/2025 12:00:00 AM,6/5/2025 12:00:00 AM
 Tirane,37610060542025,1006054 ARRSH Paga Listepagesa e punonjesve ne organike per periudhen Maj 2025 Plan 212 fakt 3,6,Ministria e Infrastruktures dhe Energjise,1006054,Autoriteti Rrugor Shqiptar (3535),6001001,Paga neto për punonjesit e miratuar në organikë,Banka OTP Albania,242587.00,6/4/2025 12:00:00 AM,6/5/2025 12:00:00 AM
 Elbasan,37621090012025,2109001 Bashkia Elbasan, Anetare Keshilli Bashkiak Prill 2025, Listepagese anetare KB Prill 2025,Liste banke 28.05.2025,0,Unspecified,2109001,Bashkia Elbasan (0808),6029006,Shpenzime kompesimi per anetaret e parlamentit dhe zyrtare te tjera te zgjedhur,BANKA CREDINS,98600.00,6/4/2025 12:00:00 AM,6/5/2025 12:00:00 AM
 Tirane,37710060542025,1006054 ARRSH Paga Listepagesa e punonjesve ne organike per periudhen Maj 2025 Plan 212 fakt 1,6,Ministria e Infrastruktures dhe Energjise,1006054,Autoriteti Rrugor Shqiptar (3535),6001001,Paga neto për punonjesit e miratuar në organikë,UNION BANK SHA,75516.00,6/4/2025 12:00:00 AM,6/5/2025 12:00:00 AM
 Elbasan,37721090012025,2109001 Bashkia Elbasan, Anetare Keshilli Bashkiak Prill 2025, Listepagese anetare KB Prill 2025,Liste banke 28.05.2025,0,Unspecified,2109001,Bashkia Elbasan (0808),6029006,Shpenzime kompesimi per anetaret e parlamentit dhe zyrtare te tjera te zgjedhur,UNION BANK SHA,98600.00,6/4/2025 12:00:00 AM,6/5/2025 12:00:00 AM
 Tirane,37810060542025,1006054 ARRSH Paga Listepagesa e punonjesve ne organike per periudhen Maj 2025 Plan 212 fakt 3,6,Ministria e Infrastruktures dhe Energjise,1006054,Autoriteti Rrugor Shqiptar (3535),6001001,Paga neto për punonjesit e miratuar në organikë,BANKA E TIRANES,328790.00,6/4/2025 12:00:00 AM,6/5/2025 12:00:00 AM
 Elbasan,37821090012025,2109001 Bashkia Elbasan, Anetare Keshilli Bashkiak Prill 2025, Listepagese anetare KB Prill 2025,Liste banke 28.05.2025,0,Unspecified,2109001,Bashkia Elbasan (0808),6029006,Shpenzime kompesimi per anetaret e parlamentit dhe zyrtare te tjera te zgjedhur,Banka OTP Albania,98600.00,6/4/2025 12:00:00 AM,6/5/2025 12:00:00 AM
 Tirane,37910060542025,1006054 ARRSH Paga Listepagesa e punonjesve ne organike per periudhen Maj 2025 Plan 212 fakt 7,6,Ministria e Infrastruktures dhe Energjise,1006054,Autoriteti Rrugor Shqiptar (3535),6001001,Paga neto për punonjesit e miratuar në organikë,INTESA SANPAOLO BANK ALBANIA,571208.00,6/4/2025 12:00:00 AM,6/5/2025 12:00:00 AM
 Durres,37910170312025,1017031/REP USHTARAK  KONT 511/1 SHP RIP ANIJ SHIROKA  FAT 14/2025,17,Ministria e Mbrojtjes,1017031,Reparti Ushtarak Nr.2001 Durres (0707),6025200,Shpenzime per mirembajtjen e objekteve specifike,KANTIERI I NDERTIMIT DHE RIPARIMIT TE ANIJEVE,4676155.00,6/4/2025 12:00:00 AM,6/5/2025 12:00:00 AM
 Tirane,37910900012025,1090001 KPP 2025 - kthim i te ardhurave operatoreve ekonomike ub nr 240 dt 15.04.2025 vendim i KPP nr 447/2025 dt 07.04.2025,90,Komisioni i Prokurimit Publik,1090001,Komisioni i Prokurimit Publik (3535),4662117,Garanci të vitit në vazhdim për proçedura ankimimi në Komisionin e Prokurimit Publik, Te dala,MALVIN,531236.00,6/4/2025 12:00:00 AM,6/5/2025 12:00:00 AM
 Tirane,379110110392025,1011039 UT Rektorati 2025-Honorare ekspert spitalor,urdh 762/11 dt 13.5.25,VKM 188 dt 13.2.2019,VBA 5 dt 19.1.24,Urdh brend 762/8 dt 24.4.25,marv 762/6 dt 23.4.25,rap 2.5.25,TB,listpagese,11,Ministria e Arsimit Sportit dhe Rinise,1011039,Universiteti i Tiranes (3535),6029005,Shpenzime per honorare,BANKA KOMBETARE TREGTARE,17850.00,6/4/2025 12:00:00 AM,6/5/2025 12:00:00 AM
 Elbasan,37921090012025,2109001 Bashkia Elbasan, Anetare Keshilli Bashkiak Prill 2025, Listepagese anetare KB Prill 2025,Liste banke 28.05.2025,0,Unspecified,2109001,Bashkia Elbasan (0808),6029006,Shpenzime kompesimi per anetaret e parlamentit dhe zyrtare te tjera te zgjedhur,INTESA SANPAOLO BANK ALBANIA,98600.00,6/4/2025 12:00:00 AM,6/5/2025 12:00:00 AM
 Tirane,380110110392025,1011039 UT Rektorati 2025-Honorare ekspert spitalor qsut,urdh 3708/11 dt 13.5.25,VKM 188 dt 13.2.2019,VBA 5 dt 19.1.24,Urdh brend 3708/7 dt 24.4.25,marv 851/2 dt 16.4.25,rap 6.5.25,TB,listpagese,11,Ministria e Arsimit Sportit dhe Rinise,1011039,Universiteti i Tiranes (3535),6029005,Shpenzime per honorare,BANKA KOMBETARE TREGTARE,17850.00,6/4/2025 12:00:00 AM,6/5/2025 12:00:00 AM
 Elbasan,38021090012025,2109001 Bashkia Elbasan, Anetare te Keshillit Bashkiak Prill 2025, Listepagesa anetare KB Prill 2025,Liste banke dt.28.05.2025,0,Unspecified,2109001,Bashkia Elbasan (0808),6029006,Shpenzime kompesimi per anetaret e parlamentit dhe zyrtare te tjera te zgjedhur,BANKA E TIRANES,24650.00,6/4/2025 12:00:00 AM,6/5/2025 12:00:00 AM
 Durres,3810112502025,1011250/DREJTORIA RAJONALE E ARSIMIT PARAUNIVERSITAR DURRES/ PAGA MAJ 2025 SIPAS LISTEPAGESES,11,Ministria e Arsimit Sportit dhe Rinise,1011250,Drejtoria Rajonale Arsimore, Durrës (0707),6001001,Paga neto për punonjesit e miratuar në organikë,BANKA CREDINS,80731.00,6/4/2025 12:00:00 AM,6/5/2025 12:00:00 AM
 Tirane,38110110392025,1011039 UT Rektorati 2025-Honorare Senat Akademik Prill 2025,ligj 80/2015,shkrese 1507/1 dt 30.5.2025,VKM 656 dt 31.10.2018,mbajtur TB,listpagese,11,Ministria e Arsimit Sportit dhe Rinise,1011039,Universiteti i Tiranes (3535),6029005,Shpenzime per honorare,BANKA KOMBETARE TREGTARE,608250.00,6/4/2025 12:00:00 AM,6/5/2025 12:00:00 AM
 Tirane,38110900012025,1090001 KPP-lik kthim garanci e derdhur nga operatoret per ankimim, urdh i br nr 342 dt 21.05.2025, vendim kpp nr 675 dt 19.05.2025,90,Komisioni i Prokurimit Publik,1090001,Komisioni i Prokurimit Publik (3535),4662117,Garanci të vitit në vazhdim për proçedura ankimimi në Komisionin e Prokurimit Publik, Te dala,InfoSoft Office,12500.00,6/4/2025 12:00:00 AM,6/5/2025 12:00:00 AM
 Elbasan,38121090012025,2109001 Bashkia Elbasan, Transport materiale zgjedhore, Shkrese fondi nr3664, dt 02 05 2025, shkrese nr 2321  dt 08.05.2025 akt marr. dt.09.05.2025 fat nr 01/2025, 19/2025 dt.03.06.2025,73,Komisioni Qendror i Zgjedhjeve,2109001,Bashkia Elbasan (0808),6022099,Sherbime te tjera,ZAVA 2017-TAERKO,38000.00,6/4/2025 12:00:00 AM,6/5/2025 12:00:00 AM
 Tirane,38210110392025,1011039 UT Rektorati 2025-Honorare Senat Akademik Prill 2025,ligj 80/2015,shkrese 1507/1 dt 30.5.2025,VKM 656 dt 31.10.2018,mbajtur TB,listpagese(Dok attatch ushp 381 dt 2.6.25),11,Ministria e Arsimit Sportit dhe Rinise,1011039,Universiteti i Tiranes (3535),6029005,Shpenzime per honorare,BANKA CREDINS,233750.00,6/4/2025 12:00:00 AM,6/5/2025 12:00:00 AM
 Elbasan,38221090012025,2109001 Bashkia Elbasan, Transport materiale zgjedhore, Shkrese fondi nr3664, dt 02 05 2025, shkrese nr 2321  dt 08.05.2025 akt marr. dt.16.05.2025 fat nr 02/2025 dt.04.06.2025,73,Komisioni Qendror i Zgjedhjeve,2109001,Bashkia Elbasan (0808),6022099,Sherbime te tjera,ZAVA 2017-TAERKO,16000.00,6/4/2025 12:00:00 AM,6/5/2025 12:00:00 AM
 Tirane,38310110392025,1011039 UT Rektorati 2025-Honorare Senat Akademik Prill 2025,ligj 80/2015,shkrese 1507/1 dt 30.5.2025,VKM 656 dt 31.10.2018,mbajtur TB,listpagese(Dok attatch ushp 381 dt 2.6.25),11,Ministria e Arsimit Sportit dhe Rinise,1011039,Universiteti i Tiranes (3535),6029005,Shpenzime per honorare,Banka OTP Albania,255000.00,6/4/2025 12:00:00 AM,6/5/2025 12:00:00 AM
 Durres,38310170312025,1017031/REP USHTARAK PG SIPAS BORDEROSE,17,Ministria e Mbrojtjes,1017031,Reparti Ushtarak Nr.2001 Durres (0707),6001001,Paga neto për punonjesit e miratuar në organikë,BANKA CREDINS,243630.00,6/4/2025 12:00:00 AM,6/5/2025 12:00:00 AM
 Tirane,38410110392025,1011039 UT Rektorati 2025-Honorare Senat Akademik Prill 2025,ligj 80/2015,shkrese 1507/1 dt 30.5.2025,VKM 656 dt 31.10.2018,mbajtur TB,listpagese(Dok attatch ushp 381 dt 2.6.25),11,Ministria e Arsimit Sportit dhe Rinise,1011039,Universiteti i Tiranes (3535),6029005,Shpenzime per honorare,RAIFFEISEN BANK SH.A,297500.00,6/4/2025 12:00:00 AM,6/5/2025 12:00:00 AM
 Durres,38410170312025,1017031/REP USHTARAK SHP DALJE NE PENSION  SIPAS BORDEROSE,17,Ministria e Mbrojtjes,1017031,Reparti Ushtarak Nr.2001 Durres (0707),6061099,Te tjera transferta tek individet,RAIFFEISEN BANK SH.A,176755.00,6/4/2025 12:00:00 AM,6/5/2025 12:00:00 AM
 Tirane,385110110392025,1011039 UT Rektorati 2025- Shpenz fee pjesmarrje ne projekt ,urdh 1495/1 dt 26.5.25,fat inv CIUTI dt 5.4.25,mandat pagese,listpagese,11,Ministria e Arsimit Sportit dhe Rinise,1011039,Universiteti i Tiranes (3535),6029007,Shpenzime per pjesmarrje ne konferenca,Banka OTP Albania,18036.00,6/4/2025 12:00:00 AM,6/5/2025 12:00:00 AM
 Tirane,386110110392025,1011039 UT Rektorati 2025- Honorare projekti ,urdh 1441/2 dt 30.5.25,kontr 1516/5 dt 22.5.23 ne vazhdim,projekt 14.5.25,listpagese,11,Ministria e Arsimit Sportit dhe Rinise,1011039,Universiteti i Tiranes (3535),6029005,Shpenzime per honorare,BANKA KOMBETARE TREGTARE,52559.00,6/4/2025 12:00:00 AM,6/5/2025 12:00:00 AM
 Kruje,38621230012025,2025-Bashkia Kruje Perfituesit te grantit te rindertimit te banesave individuale te demtuara nga termeti i dt 26.11.2019 Gjin Kaci vkb nr.62 dt.26.07.2021 kont nr.500 dt.29.06.2022 sipas listepageses dt.02.06.2025,0,Unspecified,2123001,Bashkia Kruje (0716),6060099,Te tjera transferta tek individet,Banka OTP Albania,1371583.00,6/4/2025 12:00:00 AM,6/5/2025 12:00:00 AM
 Tirane,387110110392025,1011039 UT Rektorati 2025- Shpenz fee pjesmarrje ne projekt AKKSHI,urdh 1487/1 dt 26.5.25,fat inv 9902025018 dt 27.4.25,mandat pagese,listpagese,11,Ministria e Arsimit Sportit dhe Rinise,1011039,Universiteti i Tiranes (3535),6029007,Shpenzime per pjesmarrje ne konferenca,Banka OTP Albania,52412.00,6/4/2025 12:00:00 AM,6/5/2025 12:00:00 AM
 Tirane,38810110392025,1011039 UT Rektorati 2025-Shpenz udhetimi brenda vendi ,urdh 1532/1 dt 28.5.25,urdh sherb leviz 20.5.25,listpagese,11,Ministria e Arsimit Sportit dhe Rinise,1011039,Universiteti i Tiranes (3535),6024100,Udhetim i brendshem,BANKA KOMBETARE TREGTARE,22000.00,6/4/2025 12:00:00 AM,6/5/2025 12:00:00 AM
 Tirane,38910110392025,1011039 UT Rektorati 2025-Pagese FEE pjesmarrje ne projekt ,urdh 1212/1 dt 19.5.25,fat invoice nr 2437-east 3136/25 dt 22.3.25,(kurs All/USD 1/89.1),11,Ministria e Arsimit Sportit dhe Rinise,1011039,Universiteti i Tiranes (3535),6022007,Sherbimet bankare,BANKA CREDINS,78408.00,6/4/2025 12:00:00 AM,6/5/2025 12:00:00 AM
 Kruje,38921230012025,2025-Bashkia Kruje Perfituesit te grantit te rindertimit te banesave individuale te demtuara nga termeti i dt 26.11.2019 Kurt Kurti vkb nr.62 dt.26.07.2021 kont nr.2424 dt.16.03.2023 sipas listepageses dt.02.06.2025,0,Unspecified,2123001,Bashkia Kruje (0716),6060099,Te tjera transferta tek individet,Banka OTP Albania,894621.00,6/4/2025 12:00:00 AM,6/5/2025 12:00:00 AM
 Kruje,39021230012025,2025-Bashkia Kruje Perfituesit te grantit te rindertimit te banesave individuale te demtuara nga termeti i dt 26.11.2019 Ali Baruni vkb nr.62 dt.26.07.2021 kont nr.4791 dt.16.03.2023 sipas listepageses dt.02.06.2025,0,Unspecified,2123001,Bashkia Kruje (0716),6060099,Te tjera transferta tek individet,Banka OTP Albania,1371583.00,6/4/2025 12:00:00 AM,6/5/2025 12:00:00 AM
 Durres,3910112502025,1011250/DREJTORIA RAJONALE E ARSIMIT PARAUNIVERSITAR DURRES/ PAGA MAJ 2025 SIPAS LISTEPAGESES,11,Ministria e Arsimit Sportit dhe Rinise,1011250,Drejtoria Rajonale Arsimore, Durrës (0707),6001001,Paga neto për punonjesit e miratuar në organikë,INTESA SANPAOLO BANK ALBANIA,94496.00,6/4/2025 12:00:00 AM,6/5/2025 12:00:00 AM
 Kruje,39121230012025,2025-Bashkia Kruje Perfituesit te grantit te rindertimit te banesave individuale te demtuara nga termeti i dt 26.11.2019 Abaz Hoxha vkb nr.62 dt.26.07.2021 kont nr.18 dt.01.08.2022 sipas listepageses dt.02.06.2025,0,Unspecified,2123001,Bashkia Kruje (0716),6060099,Te tjera transferta tek individet,Banka OTP Albania,2057375.00,6/4/2025 12:00:00 AM,6/5/2025 12:00:00 AM
 Kruje,39221230012025,2025-Bashkia Kruje Perfituesit te grantit te rindertimit te banesave individuale te demtuara nga termeti i dt 26.11.2019 Zelije Sana vkb nr.43 dt.23.08.2024 kont nr.5684 dt.12.09.2024 sipas listepageses dt.02.06.2025,0,Unspecified,2123001,Bashkia Kruje (0716),6060099,Te tjera transferta tek individet,Banka OTP Albania,1570535.00,6/4/2025 12:00:00 AM,6/5/2025 12:00:00 AM
 Shkoder,39510121242025,1012124, paga AKPA, vkm 17 dt 15.1.20, konf 336/5 dt 17.4.25, ud 5 dt 13.5.25, marr 336/2 dt 15.4.25, bord 365 dt 13.5.25, listepag 365/1 dt 13.5.25,12,Ministria e Ekonomise, Kultures dhe Inovacionit,1012124,Drejtori Rajonale AKPA Shkoder (3333),6031100,Subvencion per te nxitur punesimin (Paga),BANGA E PARE E INVESTIMEVE,32724.00,6/4/2025 12:00:00 AM,6/5/2025 12:00:00 AM
 Kruje,39521230012025,2025-Bashkia Kruje Perfituesit te grantit te rindertimit te banesave individuale te demtuara nga termeti i dt 26.11.2019 Murat Murati vkb nr.75 dt.09.08.2022 kont nr.4349 dt.08.07.2024 sipas listepageses dt.02.06.2025,0,Unspecified,2123001,Bashkia Kruje (0716),6060099,Te tjera transferta tek individet,Banka OTP Albania,1926421.00,6/4/2025 12:00:00 AM,6/5/2025 12:00:00 AM
 Kruje,39621230012025,2025-Bashkia Kruje Perfituesit te grantit te rindertimit te banesave individuale te demtuara nga termeti i dt 26.11.2019 Ilir Murati vkb nr.75 dt.09.08.2022 kont nr.4348 dt.08.07.2024 sipas listepageses dt.02.06.2025,0,Unspecified,2123001,Bashkia Kruje (0716),6060099,Te tjera transferta tek individet,Banka OTP Albania,1582790.00,6/4/2025 12:00:00 AM,6/5/2025 12:00:00 AM
 Kruje,39721230012025,2025-Bashkia Kruje Perfituesit te grantit te rindertimit te banesave individuale te demtuara nga termeti i dt 26.11.2019 Qazim Hasanaj vkb nr.65 dt.10.10.2023 kont nr.100 dt.16.01.2025 sipas listepageses dt.02.06.2025,0,Unspecified,2123001,Bashkia Kruje (0716),6060099,Te tjera transferta tek individet,Banka OTP Albania,2057375.00,6/4/2025 12:00:00 AM,6/5/2025 12:00:00 AM
 Durres,4010112502025,1011250/DREJTORIA RAJONALE E ARSIMIT PARAUNIVERSITAR DURRES/ PAGA MAJ 2025 SIPAS LISTEPAGESES,11,Ministria e Arsimit Sportit dhe Rinise,1011250,Drejtoria Rajonale Arsimore, Durrës (0707),6001001,Paga neto për punonjesit e miratuar në organikë,RAIFFEISEN BANK SH.A,837832.00,6/4/2025 12:00:00 AM,6/5/2025 12:00:00 AM
 Tirane,4010121072025,1012107 - ATRAKO 2025 - Paga maj 2025, nr punonjesish ne orgnaike 12/1 listepagese,12,Ministria e Ekonomise, Kultures dhe Inovacionit,1012107,Agjencia e Trajtimit te Konçesioneve (3535),6001001,Paga neto për punonjesit e miratuar në organikë,Banka OTP Albania,177650.00,6/4/2025 12:00:00 AM,6/5/2025 12:00:00 AM
 Fier,4010131122025,Inspektorati Shteteror Shendetesor D.Rajonale Fier  kthim shume sipas vendimit te gjykates te formes prere nr 89-2024-1016(638) dt 23.05.2024,13,Ministria e Shendetesise dhe Mbrojtjes Sociale,1013112,ISHSH Rajonal Fier (0909),6027500,Shpenzime per ekzekutim te detyrime kontraktuale te papaguara,DENISA MEÇO,52041.00,6/4/2025 12:00:00 AM,6/5/2025 12:00:00 AM
 Tirane,4021011582025,2101158,QKTQSB-paga maj  2025 nr pun 28/28 listepagese,0,Unspecified,2101158,Qendra Komunitare "Te qendrojme se bashku" (3535),6001001,Paga neto për punonjesit e miratuar në organikë,BANKA CREDINS,1749157.00,6/4/2025 12:00:00 AM,6/5/2025 12:00:00 AM
 Lushnje,40221290012025,2129001 Bashkia Lushnje, Sa lik.PAK qyteti Lushnje, Ligj.nr.57/2019,nr.17/2,n.21,nr.22/b, Urdher Kryetares per lik.nr.115,dt.20.5.2025, listepagesa Maj 2025, Akt marreveshje nr.5115,dt.18.06.2024,13,Ministria e Shendetesise dhe Mbrojtjes Sociale,2129001,Bashkia Lushnje (0922),6061004,Pagese paaftesie,POSTA SHQIPTARE SH.A,18566983.00,6/4/2025 12:00:00 AM,6/5/2025 12:00:00 AM
 Lushnje,40321290012025,2129001 Bashkia Lushnje, Sa lik.PAK per NJ.A te Bashkise Lushnje, Ligj.nr.57/2019,nr.17/2,n.21,nr.22/b, Urdher Kryetares per lik.nr.115,dt.20.5.2025, listepagesa Maj 2025, Akt marreveshje nr.5115,dt.18.06.2024,13,Ministria e Shendetesise dhe Mbrojtjes Sociale,2129001,Bashkia Lushnje (0922),6061004,Pagese paaftesie,POSTA SHQIPTARE SH.A,28868240.00,6/4/2025 12:00:00 AM,6/5/2025 12:00:00 AM
 Shkoder,40410121242025,1012124,Drejtoria Rajonale AKPA Shkoder, paga Trasheg Kult, vkm 17 dt 15.1.2020, konf 127/1 dt29.1.25, marr 638/2 dt 7.11.24, ub 5 dt 13.5.25, bord 370/1 dt 14.5.25, listepag 370/3 dt 14.5.25,12,Ministria e Ekonomise, Kultures dhe Inovacionit,1012124,Drejtori Rajonale AKPA Shkoder (3333),6031100,Subvencion per te nxitur punesimin (Paga),BANKA KOMBETARE TREGTARE,20000.00,6/4/2025 12:00:00 AM,6/5/2025 12:00:00 AM
 Lushnje,40421290012025,2129001 Bashkia Lushnje, Sa lik.bllok ndihma ekonomike 6% nga granti per qytetin Lushnje, V.K.B nr.40,dt.30.5.2025, listepagesa Prill 2025, Akt marreveshje nr.5115,dt.18.06.2024,13,Ministria e Shendetesise dhe Mbrojtjes Sociale,2129001,Bashkia Lushnje (0922),6061003,Ndihme ekonomike,POSTA SHQIPTARE SH.A,58488.00,6/4/2025 12:00:00 AM,6/5/2025 12:00:00 AM
 Shkoder,40510121242025,1012124, paga Dr Trash kult, vkm 535 dt 5.7.2020, konf 127 dt 29.1.25, marr 194/3 dt 23.4.24, vkm 17 dt 15.1.2020, konf 127/1 dt 29.1.25, marr 638/2 dt 7.11.24, ub 5 dt 13.5.25, bord 370, 370/1 dt 14.5.25, listpag 370/4 dt 9.4.25,12,Ministria e Ekonomise, Kultures dhe Inovacionit,1012124,Drejtori Rajonale AKPA Shkoder (3333),6031100,Subvencion per te nxitur punesimin (Paga),RAIFFEISEN BANK SH.A,45522.00,6/4/2025 12:00:00 AM,6/5/2025 12:00:00 AM
 Lushnje,40521290012025,2129001 Bashkia Lushnje, Sa lik.bllok ndihma ekonomike 6% nga granti per NJ.A te Bashkise Lushnje, V.K.B nr.40,dt.30.5.2025, listepagesa Prill 2025, Akt marreveshje nr.5115,dt.18.06.2024,13,Ministria e Shendetesise dhe Mbrojtjes Sociale,2129001,Bashkia Lushnje (0922),6061003,Ndihme ekonomike,POSTA SHQIPTARE SH.A,88897.00,6/4/2025 12:00:00 AM,6/5/2025 12:00:00 AM
 Tirane,40610730012025,1073001 K Q Z 2025, Shp moduli per menaxhimim e proceseve dhe faciliteteve,Urdh Prok nr 12 dt 13.02.2025,Kont nr 838/13 dt 24.02.2025,PV nr 838/1 5dt 23.05.2025,FAT nr 17/2025 dt 09.05.2025,FH nr 59 dt 23.05.2025,73,Komisioni Qendror i Zgjedhjeve,1073001,Komisioni Qendror i Zgjedhjeve  (3535),2314160,Shpenz. per rritjen e AQT - instalimi i sistemit te kompjuterave,DATECH,64800000.00,6/4/2025 12:00:00 AM,6/5/2025 12:00:00 AM
 Lushnje,40621290012025,2129001 Bashkia Lushnje, Sa lik.bllok ndihma ekonomike nga buxheti vendor per qytetin Lushnje, V.K.B nr.40,dt.30.5.2025, listepagesa Prill 2025, Akt marreveshje nr.5115,dt.18.06.2024,0,Unspecified,2129001,Bashkia Lushnje (0922),6061003,Ndihme ekonomike,POSTA SHQIPTARE SH.A,251900.00,6/4/2025 12:00:00 AM,6/5/2025 12:00:00 AM
 Shkoder,40710121242025,1012124, paga praktika AKU, vkm 17 dt 15.1.20, konf 369/5 dt 2.5.25, ub 5 dt 13.5.25, marr 369/2 dt 18.4.25, bord 371 dt 14.5.25, listepag 370/1 dt 14.5.25,12,Ministria e Ekonomise, Kultures dhe Inovacionit,1012124,Drejtori Rajonale AKPA Shkoder (3333),6031100,Subvencion per te nxitur punesimin (Paga),BANGA E PARE E INVESTIMEVE,12728.00,6/4/2025 12:00:00 AM,6/5/2025 12:00:00 AM
 Lushnje,40721290012025,2129001 Bashkia Lushnje, Sa lik.bllok ndihma ekonomike nga buxheti vendor per NJ.A Bashkia Lushnje, V.K.B nr.40,dt.30.5.2025, listepagesa Prill 2025, Akt marreveshje nr.5115,dt.18.06.2024,0,Unspecified,2129001,Bashkia Lushnje (0922),6061003,Ndihme ekonomike,POSTA SHQIPTARE SH.A,62100.00,6/4/2025 12:00:00 AM,6/5/2025 12:00:00 AM
 Lushnje,40821290012025,2129001 Bashkia Lushnje, Sa lik.ndihma ekonomike qytetin Lushnje, Vendim nr.5,dt.29.5.2025, lista nxjerre nga sistemi i pikezimit derguar nga Qarku Fier,listepagesa Maj 2025 , Akt marreveshje nr.5115,dt.18.06.2024,13,Ministria e Shendetesise dhe Mbrojtjes Sociale,2129001,Bashkia Lushnje (0922),6061003,Ndihme ekonomike,POSTA SHQIPTARE SH.A,891688.00,6/4/2025 12:00:00 AM,6/5/2025 12:00:00 AM
 Shkoder,40910121242025,1012124,Drejtoria Rajonale AKPA Shkoder, paga nx punesimi Sherbimi Spitalor, vkm 17 dt 15.1.2020, konf 314/5 dt 8.4.25, marr 294/2 dt 28.3.25, ub 5 dt 13.5.25, bord 372 dt 14.5.25, listepag 372/1 dt 14.5.25,12,Ministria e Ekonomise, Kultures dhe Inovacionit,1012124,Drejtori Rajonale AKPA Shkoder (3333),6031100,Subvencion per te nxitur punesimin (Paga),BANKA KOMBETARE TREGTARE,100000.00,6/4/2025 12:00:00 AM,6/5/2025 12:00:00 AM
 Tirane,40910141032025,1014103 Drejtoria e Ndihmes Juridike 2025-shp gjyq ndihme juridike dytesore,urdh nr 323 dt 14.05.2025,vend gjyk nr 26 dt 22.02.2024,vend Dh.Avok nr 186 dt 11.03.2024, vend gjyk nr 142-40 dt 23.01.2025,fat nr 21/2025 dt 31.03.2025,14,Ministria e Drejtesise,1014103,Drejtoria e Ndihmes Juridike Falas,6029003,Shpenzime gjyqesore,Shaqe Marinaj,40000.00,6/4/2025 12:00:00 AM,6/5/2025 12:00:00 AM
 Kolonje,40921200012025,2120001 Bashkia Kolonje shpenz.te tjera mat.sherb.operative,up.nr.8 dt.12.08.2024,lik.fat.nr.2/2025 dt.10.01.2025,minikontrate nr.2 dt.08.01.2025,0,Unspecified,2120001,Bashkia Kolonjë (1514),6021099,Te tjera materiale dhe sherbime speciale,Argert Cenko,5412000.00,6/4/2025 12:00:00 AM,6/5/2025 12:00:00 AM
 Lushnje,40921290012025,2129001 Bashkia Lushnje, Sa lik.ndihma ekonomike per NJ.A te Bashkise Lushnje, Vendim nr.5,dt.29.5.2025, lista nxjerre nga sistemi i pikezimit derguar nga Qarku Fier,listepagesa Maj 2025 , Akt marreveshje nr.5115,dt.18.06.2024,13,Ministria e Shendetesise dhe Mbrojtjes Sociale,2129001,Bashkia Lushnje (0922),6061003,Ndihme ekonomike,POSTA SHQIPTARE SH.A,1801836.00,6/4/2025 12:00:00 AM,6/5/2025 12:00:00 AM
 Shkoder,41010121242025,1012124,Drejtoria Rajonale AKPA Shkoder, paga Dr Sherbim Spitalor, vkm 17 dt 15.1.2020, konf 314/5 dt 8.4.25, marr 294/2 dt 28.3.25, ub 5 dt 13.5.25, bord 372 dt 14.5.25, listepag 372/2 dt 14.5.25,12,Ministria e Ekonomise, Kultures dhe Inovacionit,1012124,Drejtori Rajonale AKPA Shkoder (3333),6031100,Subvencion per te nxitur punesimin (Paga),RAIFFEISEN BANK SH.A,20000.00,6/4/2025 12:00:00 AM,6/5/2025 12:00:00 AM
 Kolonje,41021200012025,2120001 Bashkia Kolonje shpenz.transp.baze materiale,up.nr.15 dt.08.05.2025,lik.fat.nr.38/2025 dt.16.05.2025,ur.nr.220 dt.03.06.2025,73,Komisioni Qendror i Zgjedhjeve,2120001,Bashkia Kolonjë (1514),6029099,Shpenzime per te tjera materiale dhe sherbime operative,ER-TRANS,88000.00,6/4/2025 12:00:00 AM,6/5/2025 12:00:00 AM
 Lushnje,41021290012125,2129001 Bashkia Lushnje,Sa lik. Kerkesa nr.6810,dt.3.6.2025 per informacion dhe status juridik te pasurise, shk.nr.4669,dt.3.6.2025, Urdh.lik.dt.4.6.2025,0,Unspecified,2129001,Bashkia Lushnje (0922),6022099,Sherbime te tjera,DREJTORIA VENDORE ASHK-se LUSHNJE,10200.00,6/4/2025 12:00:00 AM,6/5/2025 12:00:00 AM
 Durres,4110112502025,1011250/DREJTORIA RAJONALE E ARSIMIT PARAUNIVERSITAR DURRES/ DIETE  SIPAS LISTEPAGESES URDHER 45 DT 27.5.25,11,Ministria e Arsimit Sportit dhe Rinise,1011250,Drejtoria Rajonale Arsimore, Durrës (0707),6024100,Udhetim i brendshem,RAIFFEISEN BANK SH.A,16500.00,6/4/2025 12:00:00 AM,6/5/2025 12:00:00 AM
 Tirane,41101210725,1012107 - ATRAKO 2025 - Paga maj 2025, nr punonjesish ne orgnaike 12/1 listepagese,12,Ministria e Ekonomise, Kultures dhe Inovacionit,1012107,Agjencia e Trajtimit te Konçesioneve (3535),6001001,Paga neto për punonjesit e miratuar në organikë,RAIFFEISEN BANK SH.A,82671.00,6/4/2025 12:00:00 AM,6/5/2025 12:00:00 AM
 Lushnje,41121290012125,2129001 Bashkia Lushnje,Sa lik. Kerkesa nr.6812,dt.3.6.2025 per informacion dhe status juridik te pasurise, shk.nr.4668,dt.3.6.2025, Urdh.lik.dt.4.6.2025,0,Unspecified,2129001,Bashkia Lushnje (0922),6022099,Sherbime te tjera,DREJTORIA VENDORE ASHK-se LUSHNJE,8200.00,6/4/2025 12:00:00 AM,6/5/2025 12:00:00 AM
 Shkoder,41210121242025,1012124,Drejtoria Rajonale AKPA Shkoder, paga  Spitali Rajonal, vkm 17 dt 15.1.2020, konf 314/5 dt 8.4.25, ub 5 dt 13.5.25, marr 301/2 dt 1.4.25, bord 373 dt 14.5.25, listepag 373/1 dt 14.5.25,12,Ministria e Ekonomise, Kultures dhe Inovacionit,1012124,Drejtori Rajonale AKPA Shkoder (3333),6031100,Subvencion per te nxitur punesimin (Paga),BANGA E PARE E INVESTIMEVE,400000.00,6/4/2025 12:00:00 AM,6/5/2025 12:00:00 AM
 Fier,4121110272025,Nd.GJ.H.M.V. 2111027 kontr. fat.269 fh.17 pvmd,0,Unspecified,2111027,Ndërmarrja e Gjelbërimit,Higjenës  dhe Mirëmbajtjes së Varrezave Publike Fier (0909),6023100,Karburant dhe vaj,A G A -1,469800.00,6/3/2025 12:00:00 AM,6/5/2025 12:00:00 AM
 Kolonje,41321200012025,2120001 Bashkia Kolonje shpenz.per ndihme ekonomike maj 2025,urdher nr.221 dt.04.06.2025,vend.Dr.Raj.Korce nr.5 dt.26.05.2025,13,Ministria e Shendetesise dhe Mbrojtjes Sociale,2120001,Bashkia Kolonjë (1514),6061003,Ndihme ekonomike,POSTA SHQIPTARE SH.A,780058.00,6/4/2025 12:00:00 AM,6/5/2025 12:00:00 AM
 Shkoder,41410121242025,1012124, paga nx punesim, Qendra shend Gruemire M.Madhe, vkm 17 dt 15.1.20, konf 314/5 dt 8.4.25, marr 306/2 dt 1.4.25, ub 5 dt 13.5.25, bord 374 dt 15.5.25, listepag 374/1 dt 15.5.25,12,Ministria e Ekonomise, Kultures dhe Inovacionit,1012124,Drejtori Rajonale AKPA Shkoder (3333),6031100,Subvencion per te nxitur punesimin (Paga),BANKA KOMBETARE TREGTARE,20000.00,6/4/2025 12:00:00 AM,6/5/2025 12:00:00 AM
 Kolonje,41421200012025,2120001 Bashkia Kolonje shpenz.per ndihme ekonomike maj 2025,urdher nr.221 dt.04.06.2025,vend.Dr.Raj.Korce nr.5 dt.26.05.2025,13,Ministria e Shendetesise dhe Mbrojtjes Sociale,2120001,Bashkia Kolonjë (1514),6061003,Ndihme ekonomike,RAIFFEISEN BANK SH.A,375024.00,6/4/2025 12:00:00 AM,6/5/2025 12:00:00 AM
 Librazhd,41421280012025,BASHKIA LIBRAZHD,NDIHMA EKONOMIKE MUAJI MAJ 2025,13,Ministria e Shendetesise dhe Mbrojtjes Sociale,2128001,Bashkia Librazhd (0821),6061003,Ndihme ekonomike,POSTA SHQIPTARE SH.A,14057833.00,6/4/2025 12:00:00 AM,6/5/2025 12:00:00 AM
 Kolonje,41521200012025,2120001 Bashkia Kolonje te tjera mat.sherb.op.ur.nr.222 dt.04.06.2025,lik.fat.nr.11076,11117 dt.03.06.2025,0,Unspecified,2120001,Bashkia Kolonjë (1514),6029099,Shpenzime per te tjera materiale dhe sherbime operative,Drejtoria vendore e ASHK Korçë Devoll Kolonje,21000.00,6/4/2025 12:00:00 AM,6/5/2025 12:00:00 AM
 Shkoder,41610121242025,1012124, paga praktika Qend Shend nr 2, vkm 17 dt 15.1.20, konf 369/5 dt 2.5.25, ud 5 dt 13.5.25, marr 370/2 dt 24.4.25, bord 375 dt 15.5.25, listepag 375/1 dt 15.5.25,12,Ministria e Ekonomise, Kultures dhe Inovacionit,1012124,Drejtori Rajonale AKPA Shkoder (3333),6031100,Subvencion per te nxitur punesimin (Paga),BANGA E PARE E INVESTIMEVE,2727.00,6/4/2025 12:00:00 AM,6/5/2025 12:00:00 AM
 Kruje,41621230012025,2025-Bashkia Kruje Perfituesit te grantit te rindertimit te banesave individuale te demtuara nga termeti i dt 26.11.2019 Kastriot Tonuzij vkb nr.75 dt.09.08.2022 kont nr.08 dt.08.01.2025 sipas listepageses dt.26.05.2025,0,Unspecified,2123001,Bashkia Kruje (0716),6060099,Te tjera transferta tek individet,RAIFFEISEN BANK SH.A,926628.00,6/4/2025 12:00:00 AM,6/5/2025 12:00:00 AM
 Kruje,41721230012025,2025-Bashkia Kruje Perfituesit te grantit te rindertimit te banesave individuale te demtuara nga termeti i dt 26.11.2019 Saba Vathi vkb nr.75 dt.09.08.2022 kont nr.79 dt.15.01.2025 sipas listepageses dt.26.05.2025,0,Unspecified,2123001,Bashkia Kruje (0716),6060099,Te tjera transferta tek individet,RAIFFEISEN BANK SH.A,1570535.00,6/4/2025 12:00:00 AM,6/5/2025 12:00:00 AM
 Shkoder,41810121242025,1012124, paga Bashkia Puke, vkm 535 dt 5.7.2020, konf 127 dt 29.1.25, marr 188/3 dt 24.4.24, ub 5 dt 15.5.25, bord 376 dt 13.5.25, listepag 37/1 dt 15.5.25,12,Ministria e Ekonomise, Kultures dhe Inovacionit,1012124,Drejtori Rajonale AKPA Shkoder (3333),6031100,Subvencion per te nxitur punesimin (Paga),RAIFFEISEN BANK SH.A,115912.00,6/4/2025 12:00:00 AM,6/5/2025 12:00:00 AM
 Kruje,41821230012025,2025-Bashkia Kruje Perfituesit te grantit te rindertimit te banesave individuale te demtuara nga termeti i dt 26.11.2019 Hydai Rroshi vkb nr.75 dt.09.08.2022 kont nr.8556 dt.11.10.2025 sipas listepageses dt.26.05.2025,0,Unspecified,2123001,Bashkia Kruje (0716),6060099,Te tjera transferta tek individet,RAIFFEISEN BANK SH.A,1570535.00,6/4/2025 12:00:00 AM,6/5/2025 12:00:00 AM
 Kruje,41921230012025,2025-Bashkia Kruje Perfituesit te grantit te rindertimit te banesave individuale te demtuara nga termeti i dt 26.11.2019 Fatbardh Daci vkb nr.75 dt.09.08.2022 kont nr.476 dt.03.06.2025 sipas listepageses dt.26.05.2025,0,Unspecified,2123001,Bashkia Kruje (0716),6060099,Te tjera transferta tek individet,RAIFFEISEN BANK SH.A,1570535.00,6/4/2025 12:00:00 AM,6/5/2025 12:00:00 AM
 Shkoder,42010121242025,1012124,Drejtoria Rajonale AKPA Shkoder,paga +sig shoq,VKM 17 dt 15.01.2020 , konf nr 127 dt 29.01.2025, ud 5 dt 13.5.25, marr 253/2 dt 21.5.24, pv 378 dt 16.5.25, lisrtpag 378/1 dt 16.5.25,12,Ministria e Ekonomise, Kultures dhe Inovacionit,1012124,Drejtori Rajonale AKPA Shkoder (3333),6031100,Subvencion per te nxitur punesimin (Paga),HYSAJ 4,93360.00,6/4/2025 12:00:00 AM,6/5/2025 12:00:00 AM
 Kruje,42021230012025,2025-Bashkia Kruje Perfituesit te grantit te rindertimit te banesave individuale te demtuara nga termeti i dt 26.11.2019 Shkelqim Leka vkb nr.65 dt.10.10.2023 kont nr.529 dt.24.01.2025 sipas listepageses dt.26.05.2025,0,Unspecified,2123001,Bashkia Kruje (0716),6060099,Te tjera transferta tek individet,RAIFFEISEN BANK SH.A,2057375.00,6/4/2025 12:00:00 AM,6/5/2025 12:00:00 AM
 Tropoje,4210100362025,DEga e Thesarit Tropoje kancelari pv 29.05.2025 ft 10 dt 2.6.2025 fh 9 dt 2.6.2025 pv marrje 2.6.2025,10,Ministria e Financave dhe Ekonomise,1010036,Dega e Thesarit Tropoje (1836),6020100,Kancelari,SAMI ISUFI  "BESIMI",28000.00,6/4/2025 12:00:00 AM,6/5/2025 12:00:00 AM
 Durres,4210112502025,1011250/DREJTORIA RAJONALE E ARSIMIT PARAUNIVERSITAR DURRES/ DIETE  SIPAS LISTEPAGESES URDHER 45 DT 27.5.25,11,Ministria e Arsimit Sportit dhe Rinise,1011250,Drejtoria Rajonale Arsimore, Durrës (0707),6024100,Udhetim i brendshem,BANKA CREDINS,16500.00,6/4/2025 12:00:00 AM,6/5/2025 12:00:00 AM
 Tirane,4210121072025,1012107 - ATRAKO 2025 - Paga maj 2025, nr punonjesish ne orgnaike 12/2 listepagese,12,Ministria e Ekonomise, Kultures dhe Inovacionit,1012107,Agjencia e Trajtimit te Konçesioneve (3535),6001001,Paga neto për punonjesit e miratuar në organikë,BANKA KOMBETARE TREGTARE,170922.00,6/4/2025 12:00:00 AM,6/5/2025 12:00:00 AM
 Tirane,4210121692025,1012169 Ins Sig Shoqer,subvension ,shkresa nr 42/06 dt 04.06.2025,12,Ministria e Ekonomise, Kultures dhe Inovacionit,1012169,Instituti I Sigurimeve Shoqerore (3535),6042009,Transferime per te mbuluar defiçitin e fondit te sigurimeve shoqerore,INSTITUTI SIGURIMEVE SHOQERORE,835000000.00,6/4/2025 12:00:00 AM,6/5/2025 12:00:00 AM
 Kruje,42121230012025,2025-Bashkia Kruje Perfituesit te grantit te rindertimit te banesave individuale te demtuara nga termeti i dt 26.11.2019 Sokol Gjoka vkb nr.75 dt.09.08.2022 kont nr.1486dt.15.07.2024 sipas listepageses dt.26.05.2025,0,Unspecified,2123001,Bashkia Kruje (0716),6060099,Te tjera transferta tek individet,RAIFFEISEN BANK SH.A,2057375.00,6/4/2025 12:00:00 AM,6/5/2025 12:00:00 AM
 Fier,4221110272025,Nd.GJ.H.M.V. 2111027 materiiele up.16.05.2025 fo.16.05.2025 njf.23.05.2025 fat.42 fh.16 pvmd,0,Unspecified,2111027,Ndërmarrja e Gjelbërimit,Higjenës  dhe Mirëmbajtjes së Varrezave Publike Fier (0909),6021099,Te tjera materiale dhe sherbime speciale,ER & EM,450000.00,6/3/2025 12:00:00 AM,6/5/2025 12:00:00 AM
 Kruje,42221230012025,2025-Bashkia Kruje Perfituesit te grantit te rindertimit te banesave individuale te demtuara nga termeti i dt 26.11.2019 Vesel Karaj vkb nr.75 dt.09.08.2022 kont nr.374 dt.17.04.2024 sipas listepageses dt.26.05.2025,0,Unspecified,2123001,Bashkia Kruje (0716),6060099,Te tjera transferta tek individet,RAIFFEISEN BANK SH.A,2057375.00,6/4/2025 12:00:00 AM,6/5/2025 12:00:00 AM
 Kruje,42321230012025,2025-Bashkia Kruje Paga neto per punonjesit muaji Maj 2025 list pag dt 03.06.2025,0,Unspecified,2123001,Bashkia Kruje (0716),6001001,Paga neto për punonjesit e miratuar në organikë,RAIFFEISEN BANK SH.A,13150145.00,6/4/2025 12:00:00 AM,6/5/2025 12:00:00 AM
 Kruje,42421230012025,2025-Bashkia Kruje Paga neto per punonjesit muaji Maj 2025 list pag dt 03.06.2025,0,Unspecified,2123001,Bashkia Kruje (0716),6001001,Paga neto për punonjesit e miratuar në organikë,Banka OTP Albania,11808607.00,6/4/2025 12:00:00 AM,6/5/2025 12:00:00 AM
 Kruje,42521230012025,2025-Bashkia Kruje Paga neto per punonjesit muaji Maj 2025 list pag dt 03.06.2025,0,Unspecified,2123001,Bashkia Kruje (0716),6001001,Paga neto për punonjesit e miratuar në organikë,BANKA KOMBETARE TREGTARE,3272302.00,6/4/2025 12:00:00 AM,6/5/2025 12:00:00 AM
 Kruje,42621230012025,2025-Bashkia Kruje Paga neto per punonjesit muaji Maj 2025 list pag dt 03.06.2025,0,Unspecified,2123001,Bashkia Kruje (0716),6001001,Paga neto për punonjesit e miratuar në organikë,BANKA CREDINS,2562352.00,6/4/2025 12:00:00 AM,6/5/2025 12:00:00 AM
 Kruje,42721230012025,2025-Bashkia Kruje Paga neto per punonjesit muaji Maj 2025 list pag dt 03.06.2025,0,Unspecified,2123001,Bashkia Kruje (0716),6001001,Paga neto për punonjesit e miratuar në organikë,BANKA E TIRANES,393158.00,6/4/2025 12:00:00 AM,6/5/2025 12:00:00 AM
 Kruje,42821230012025,2025-Bashkia Kruje Paga neto per punonjesit muaji Maj 2025 list pag dt 03.06.2025,0,Unspecified,2123001,Bashkia Kruje (0716),6001001,Paga neto për punonjesit e miratuar në organikë,UNION BANK SHA,2254511.00,6/4/2025 12:00:00 AM,6/5/2025 12:00:00 AM
 Tirane,42910120012025,1012001,projekti NODE lab studios,fat 7/2025 dt 30.4.25,kontr 6046 dt29.4.25,urdh150 dt30.1.25,291 dt 28.2.25,305 dt7.3.25,341 dt18.3.25,memo1302 dt29.1.25,3548/2 dt28.2.25,1302/2 dt7.3.25,pv1302/7 vk 1302/8 dt18.3.25,12,Ministria e Ekonomise, Kultures dhe Inovacionit,1012001,Aparati i Ministrise se Ekonomise, Kultures dhe Inovacionit (3535),6044099,Te tjera transferta per institucionet jo-fitim prurese,Esmerina Hidri,240000.00,6/2/2025 12:00:00 AM,6/5/2025 12:00:00 AM
 Shkoder,43010121242025,1012124,Drejtoria Rajonale AKPA Shkoder, paga +sig shoq,VKM 17 dt 15.01.2020 , konf nr 127 dt 29.01.2025, ud 4 dt 10.4.25, marr 215/2 dt 24.4.24, pv 387 dt 21.5.25, listpag 387/1 dt 21.5.25,12,Ministria e Ekonomise, Kultures dhe Inovacionit,1012124,Drejtori Rajonale AKPA Shkoder (3333),6031100,Subvencion per te nxitur punesimin (Paga),Gilma Kiri,46073.00,6/4/2025 12:00:00 AM,6/5/2025 12:00:00 AM
 Tirane,4310121072025,1012107 - ATRAKO 2025 - Paga maj 2025, nr punonjesish ne orgnaike 12/8, me kontrate 1/1, listepagese,12,Ministria e Ekonomise, Kultures dhe Inovacionit,1012107,Agjencia e Trajtimit te Konçesioneve (3535),6001001,Paga neto për punonjesit e miratuar në organikë,BANKA CREDINS,800968.00,6/4/2025 12:00:00 AM,6/5/2025 12:00:00 AM
 Tirane,43210121262025,1012126 DR Raj. AKPA - paga Bashkia Rogozhine prill 2025, prog. nxitje vkm nr 535 dt 08.07.2020, listepag. urdh lik dt 02.06.25,12,Ministria e Ekonomise, Kultures dhe Inovacionit,1012126,Drejtori Rajonale AKPA Tirane (3535),6031100,Subvencion per te nxitur punesimin (Paga),BANKA CREDINS,322653.00,6/4/2025 12:00:00 AM,6/5/2025 12:00:00 AM
 Berat,4321020202025,2102020 qendra lira berat pagese  pagat maj 2025  listepagesa,0,Unspecified,2102020,Qendra Lira (0202),6001001,Paga neto për punonjesit e miratuar në organikë,RAIFFEISEN BANK SH.A,1574427.00,6/4/2025 12:00:00 AM,6/5/2025 12:00:00 AM
 Tirane,43310121262025,1012126 DR Raj. AKPA - rimbursim sig.shoq. e bonus transp.  prill 2025,prog. nxitje punesimi VKM 17 dt 15.01.2020, amendament marreveshje nr 50 dt 06.01.25 bashkl. ush nr 33, urdh. pag sig shoq e listepag.urdh likujd. dt 04.06.25,12,Ministria e Ekonomise, Kultures dhe Inovacionit,1012126,Drejtori Rajonale AKPA Tirane (3535),6031100,Subvencion per te nxitur punesimin (Paga),ALCANI SHPK,48480.00,6/4/2025 12:00:00 AM,6/5/2025 12:00:00 AM
 Tirane,43410121262025,1012126 DR Raj. AKPA - subvencione bonus transp. prog. nxitje biznesi  VKM nr 17 dt 15.01.2020, listepag e bonus transp. prill 2025 urdh likujd. dt 04.06.25,12,Ministria e Ekonomise, Kultures dhe Inovacionit,1012126,Drejtori Rajonale AKPA Tirane (3535),6031400,Subvencion për të nxitur punësimin (Grant që i kalohet në total subjektit fitues të projektit),Banka OTP Albania,1800.00,6/4/2025 12:00:00 AM,6/5/2025 12:00:00 AM
 Kruje,43421230012025,2025-Bashkia Kruje Ndihma ekonomike vdrd.nr5/2025 dt23.05.2025 list pag Maj  2025 dt04.06.2025,13,Ministria e Shendetesise dhe Mbrojtjes Sociale,2123001,Bashkia Kruje (0716),6061003,Ndihme ekonomike,Banka OTP Albania,233464.00,6/4/2025 12:00:00 AM,6/5/2025 12:00:00 AM
 Kuçove,43421240012025,2124001 liste pagese NE 6% kucove  prill 2025 vkb 32 dt 21.05.2025 konf.386/1 dt 23.05.2025bashkia,13,Ministria e Shendetesise dhe Mbrojtjes Sociale,2124001,Bashkia Kucove (0217),6061003,Ndihme ekonomike,RAIFFEISEN BANK SH.A,34664.00,6/4/2025 12:00:00 AM,6/5/2025 12:00:00 AM
 Tirane,43510121262025,1012126 DR Raj. AKPA - rimbursim sig shoq. e page ne kuader te prog. nxitje biznesi  VKM nr 17 dt 15.01.2020, amend marrev. nr 58 dt 06.01.25 bashkl ush nr 161, urdh pag sig. prill 2025, urdh likujdimi  dt 04.06.25,12,Ministria e Ekonomise, Kultures dhe Inovacionit,1012126,Drejtori Rajonale AKPA Tirane (3535),6031100,Subvencion per te nxitur punesimin (Paga),LEDIO PESHKOPIA,46680.00,6/4/2025 12:00:00 AM,6/5/2025 12:00:00 AM
 Kruje,43521230012025,2025-Bashkia Kruje Ndihma ekonomike Vdrd nr .5/2025 dt.23.05.2025 list pag Maj 2025 dt04.06.2025,13,Ministria e Shendetesise dhe Mbrojtjes Sociale,2123001,Bashkia Kruje (0716),6061003,Ndihme ekonomike,POSTA SHQIPTARE SH.A,9900.00,6/4/2025 12:00:00 AM,6/5/2025 12:00:00 AM
 Kuçove,43521240012025,2124001 liste pagese NE rastet e bashkise prill 2025 vkb 33 dt 21.05.2025 konf.386/1 dt 23.05.2025bashkia,0,Unspecified,2124001,Bashkia Kucove (0217),6061003,Ndihme ekonomike,RAIFFEISEN BANK SH.A,115300.00,6/3/2025 12:00:00 AM,6/5/2025 12:00:00 AM
 Shkoder,43610121242025,1012124,Drejtoria Rajonale AKPA Shkoder, sig shoq ,VKM 17 dt 15.01.2020 , konf nr 127/1 dt 29.01.2025, ud 5 dt 13.5.25, marr 320/2 dt 28.6.24, pv 393 dt 26.5.25, listpag 393/1 dt 26.5.25,12,Ministria e Ekonomise, Kultures dhe Inovacionit,1012124,Drejtori Rajonale AKPA Shkoder (3333),6031200,Subvencion per te nxitur punesimin (Sigurime Shoqerore&Shendetesore),ROSALINE,13360.00,6/4/2025 12:00:00 AM,6/5/2025 12:00:00 AM
 Kruje,43621230012025,2025-Bashkia Kruje Nja Fushe Kruje Ndihma ekonomike vdrd.nr5/2025 dt23.05.2025 list pag Maj 2025 dt04.06.2025,13,Ministria e Shendetesise dhe Mbrojtjes Sociale,2123001,Bashkia Kruje (0716),6061003,Ndihme ekonomike,BANKA CREDINS,1952064.00,6/4/2025 12:00:00 AM,6/5/2025 12:00:00 AM
 Kuçove,43621240012025,2124001 liste pagese NE rastet e bashkise prill 2025 vkb 33 dt 21.05.2025 konf.386/1 dt 23.05.2025bashkia,0,Unspecified,2124001,Bashkia Kucove (0217),6061003,Ndihme ekonomike,BANKA KOMBETARE TREGTARE,2100.00,6/3/2025 12:00:00 AM,6/5/2025 12:00:00 AM
 Kruje,43721230012025,2025-Bashkia Kruje Nja Thumane Ndihma ekonomike vdrd.nr5/2025 dt23.05.2025 list pag Maj 2025 dt04.06.2025,13,Ministria e Shendetesise dhe Mbrojtjes Sociale,2123001,Bashkia Kruje (0716),6061003,Ndihme ekonomike,BANKA KOMBETARE TREGTARE,572587.00,6/4/2025 12:00:00 AM,6/5/2025 12:00:00 AM
 Kuçove,43721240012025,2124001 liste pagese NE rastet e bashkise Lumasi  prill 2025 vkb 33 dt 21.05.2025 konf.386/1 dt 23.05.2025bashkia,0,Unspecified,2124001,Bashkia Kucove (0217),6061003,Ndihme ekonomike,POSTA SHQIPTARE SH.A,21000.00,6/3/2025 12:00:00 AM,6/5/2025 12:00:00 AM
 Shkoder,43810121242025,1012124,Drejtoria Rajonale AKPA Shkoder, paga Bashkia Vau Dejes, vkm 535 dt 5.7.2020, konf 127 dt 29.1.25, marr 145/7 dt 30.4.24, marr 145/14 dt 25.6.24, ud 5 dt 13.5.25, bord 394 dt 26.5.25, listepag 394/1 dt 26.5.25,12,Ministria e Ekonomise, Kultures dhe Inovacionit,1012124,Drejtori Rajonale AKPA Shkoder (3333),6031100,Subvencion per te nxitur punesimin (Paga),BANKA CREDINS,365372.00,6/4/2025 12:00:00 AM,6/5/2025 12:00:00 AM
 Kruje,43821230012025,2025-Bashkia Kruje Nja Nikel Ndihma ekonomike vdrd.nr5/2025 dt23.05.2025 list pag Maj 2025 dt04.06.2025,13,Ministria e Shendetesise dhe Mbrojtjes Sociale,2123001,Bashkia Kruje (0716),6061003,Ndihme ekonomike,POSTA SHQIPTARE SH.A,470272.00,6/4/2025 12:00:00 AM,6/5/2025 12:00:00 AM
 Kuçove,43821240012025,2124001 komision poste NE rastet e bashkise Lumasi  prill 2025 vkb 33 dt 21.05.2025 konf.386/1 dt 23.05.2025bashkia,0,Unspecified,2124001,Bashkia Kucove (0217),6061003,Ndihme ekonomike,POSTA SHQIPTARE SH.A,315.00,6/4/2025 12:00:00 AM,6/5/2025 12:00:00 AM
 Shkoder,43910121242025,1012124,Drejtoria Rajonale AKPA Shkoder, paga Bashkia Vau Dejes, vkm 535 dt 5.7.2020, konf 127 dt 29.1.25, marr 145/7 dt 30.4.24, ud 5 dt 13.5.25, bord 394 dt 13.5.25, listepag 394/2 dt 26.5.25,12,Ministria e Ekonomise, Kultures dhe Inovacionit,1012124,Drejtori Rajonale AKPA Shkoder (3333),6031100,Subvencion per te nxitur punesimin (Paga),BANKA KOMBETARE TREGTARE,20000.00,6/4/2025 12:00:00 AM,6/5/2025 12:00:00 AM
 Kruje,43921230012025,2025-Bashkia Kruje Nja Bubq Ndihma ekonomike vdrd.nr5/2025 dt23.05.2025 list pag Maj 2025 dt04.06.2025,13,Ministria e Shendetesise dhe Mbrojtjes Sociale,2123001,Bashkia Kruje (0716),6061003,Ndihme ekonomike,POSTA SHQIPTARE SH.A,106455.00,6/4/2025 12:00:00 AM,6/5/2025 12:00:00 AM
 Kuçove,43921240012025,2124001posta  permbledhese e faturave maj dt 30.05.2025 bashkia,0,Unspecified,2124001,Bashkia Kucove (0217),6022004,Posta dhe sherbimi korrier,POSTA SHQIPTARE SH.A,22260.00,6/4/2025 12:00:00 AM,6/5/2025 12:00:00 AM
 Shkoder,44010121242025,1012124,Drejtoria Rajonale AKPA Shkoder, paga Bashkia Vau Dejes, vkm 535 dt 5.7.2020, konf 127 dt 29.1.25, marr 145/7 dt 30.4.24, ud 5 dt 13.5.25, bord 394 dt 13.5.25, listepag 394/3 dt 13.5.25,12,Ministria e Ekonomise, Kultures dhe Inovacionit,1012124,Drejtori Rajonale AKPA Shkoder (3333),6031100,Subvencion per te nxitur punesimin (Paga),BANKA E TIRANES,20000.00,6/4/2025 12:00:00 AM,6/5/2025 12:00:00 AM
 Kruje,44021230012025,2025-Bashkia Kruje Nja Cudhi Ndihma ekonomike vdrd.nr5/2025 dt23.05.2025 list pag Maj 2025 dt04.06.2025,13,Ministria e Shendetesise dhe Mbrojtjes Sociale,2123001,Bashkia Kruje (0716),6061003,Ndihme ekonomike,POSTA SHQIPTARE SH.A,695328.00,6/4/2025 12:00:00 AM,6/5/2025 12:00:00 AM
 Kuçove,44021240012025,2124001 transf agjent tatimor fat 206853 dt.28.05.2025 bashkia kucove,0,Unspecified,2124001,Bashkia Kucove (0217),6040009,Te tjera transferime korrente,SHOQERIA RAJONALE UJESJELLES KANALIZIME BERAT SH.A,69842.00,6/4/2025 12:00:00 AM,6/5/2025 12:00:00 AM
 Kruje,4410120162025,2025-Qendra Muzeore Krujë Paga neto per punonjesit muaji Maj 2025 list pag dt 03.06.2025,12,Ministria e Ekonomise, Kultures dhe Inovacionit,1012016,Qendra Muzeore Kruje Muzeu Kombetar Skenderbeu, Muzeu Etnografik Kruje (0716),6001001,Paga neto për punonjesit e miratuar në organikë,RAIFFEISEN BANK SH.A,915953.00,6/4/2025 12:00:00 AM,6/5/2025 12:00:00 AM
 Tirane,4410121072025,1012107 - ATRAKO 2025 - kompesim telefoni, VKM nr 673 dt 02.09.2020, listepagese,12,Ministria e Ekonomise, Kultures dhe Inovacionit,1012107,Agjencia e Trajtimit te Konçesioneve (3535),6061005,Kompensime speciale te tjera,Banka OTP Albania,3594.00,6/4/2025 12:00:00 AM,6/5/2025 12:00:00 AM
 Mirdite,4410130382025,NJ.V.K.SH MIRDITE (1013038 ) PAGA MAJ 2025.,13,Ministria e Shendetesise dhe Mbrojtjes Sociale,1013038,Njësia Vendore e Kujdesit Shëndetësor Mirditë (2026),6001001,Paga neto për punonjesit e miratuar në organikë,Banka OTP Albania,1786134.00,6/4/2025 12:00:00 AM,6/5/2025 12:00:00 AM
 Skrapar,4410130442025,1013044 Shpenzim per kite dhe reagent per labaratoret kimik dhe bakterologjike Fatura nr 66 dt 22.05.2025 Fh nr 03 dt 22.05.2025 NJVKSH Skrapar,13,Ministria e Shendetesise dhe Mbrojtjes Sociale,1013044,Njësia Vendore e Kujdesit Shëndetësor Skrapar (0232),6021003,Ilaçe dhe materiale mjeksore,LAB CHEM DISTRIBUTION,624000.00,6/4/2025 12:00:00 AM,6/5/2025 12:00:00 AM
 Kruje,44121230012025,2025-Bashkia Kruje Perfituesit te grantit te rindertimit te banesave individuale te demtuara nga termeti i dt 26.11.2019 Fadil Kulla vkb nr.43 dt.23.08.2024 kont nr.5384 dt.29.08.2024 sipas listepageses dt.26.05.2025,0,Unspecified,2123001,Bashkia Kruje (0716),6060099,Te tjera transferta tek individet,RAIFFEISEN BANK SH.A,2057375.00,6/4/2025 12:00:00 AM,6/5/2025 12:00:00 AM
 Kuçove,44121240012025,2124001 kerkese marrje dokumen fat 7419 dt 30.05.2025 bashkia,0,Unspecified,2124001,Bashkia Kucove (0217),6029099,Shpenzime per te tjera materiale dhe sherbime operative,DREJTORIA VENDORE E ASHK-së KUÇOVË,600.00,6/4/2025 12:00:00 AM,6/5/2025 12:00:00 AM
 Tirane,44210141032025,1014103 Drejtoria e Ndihmes Juridike 2025-shp gjyq akt eksp psik,urdh nr 364 dt 29.05.2025,vend gjyk nr 28 dt 10.05.2022,vend Dh.Avok nr 76 dt 16.05.2022, vend gjyk nr 2293 dt 26.06.2024,fat nr 1/2025 dt 08.04.2025,14,Ministria e Drejtesise,1014103,Drejtoria e Ndihmes Juridike Falas,6029003,Shpenzime gjyqesore,MERNILA SEJDA,40000.00,6/4/2025 12:00:00 AM,6/5/2025 12:00:00 AM
 Kolonje,4421200032025,2120003 Klubi Sportiv Gramozi paga maj 2025, permbledhese dhe listepagese dt.04.06.2025,0,Unspecified,2120003,Klubi i Futbollit Gramozi (1514),6001001,Paga neto për punonjesit e miratuar në organikë,RAIFFEISEN BANK SH.A,159307.00,6/4/2025 12:00:00 AM,6/5/2025 12:00:00 AM
 Kuçove,44221240012025,2124001  kerkese per  marrje  dokumentacioni fat nr 7502 /02.06.2025 bashkia,0,Unspecified,2124001,Bashkia Kucove (0217),6029099,Shpenzime per te tjera materiale dhe sherbime operative,DREJTORIA VENDORE E ASHK-së KUÇOVË,2000.00,6/4/2025 12:00:00 AM,6/5/2025 12:00:00 AM
 Tirane,44310141032025,1014103 Drejtoria e Ndihmes Juridike 2025-shp gjyq akt eksp psik,urdh nr 347 dt 26.05.2025,vend gjyk nr 212-26 dt 09.03.2022,vend gjyk nr 273/425/186/00293-413 dt 08.06.2022,fat nr 3/2025 dt 14.05.2025,14,Ministria e Drejtesise,1014103,Drejtoria e Ndihmes Juridike Falas,6029003,Shpenzime gjyqesore,LUAN LIPO,40000.00,6/4/2025 12:00:00 AM,6/5/2025 12:00:00 AM
 Tirane,44410141032025,1014103 Drejtoria e Ndihmes Juridike 2025-shp gjyq akt eksp psik,urdh nr 349 dt 26.05.2025,vend gjyk dt 19.09.2024,pv dt 20.02.2024,raport psik dt 26.03.2024,fat nr 40/2025 dt 12.05.2025,14,Ministria e Drejtesise,1014103,Drejtoria e Ndihmes Juridike Falas,6029003,Shpenzime gjyqesore,Arlinda Ymeri,40000.00,6/4/2025 12:00:00 AM,6/5/2025 12:00:00 AM
 Tirane,44510141032025,1014103 Drejtoria e Ndihmes Juridike 2025-shp gjyq ndihme juridike dytesore,urdh nr 369 dt 02.06.2025,vend gjyk nr 411 dt 12.07.2024,vend Dh.Avok nr 707/1dt 24.07.2024,vend gjyk nr 212 dt 11.03.2025,fat nr 10/2025 dt 05.05.2025,14,Ministria e Drejtesise,1014103,Drejtoria e Ndihmes Juridike Falas,6029003,Shpenzime gjyqesore,Erlis Nakollari	,40000.00,6/4/2025 12:00:00 AM,6/5/2025 12:00:00 AM
 Tirane,44610141032025,1014103 Drejtoria e Ndihmes Juridike 2025-shp gjyq akt ekspertim psik,urdh nr 344 dt 26.05.2025,vend gjyk nr 673 dt 21.11.2023,raport psik dt 13.11.2024,vend gjyk nr 216 dt 12.03.2025,fat nr 6/2025 dt 10.05.2025,14,Ministria e Drejtesise,1014103,Drejtoria e Ndihmes Juridike Falas,6029003,Shpenzime gjyqesore,Eli Prifti,40000.00,6/4/2025 12:00:00 AM,6/5/2025 12:00:00 AM
 Permet,44621350012025,BASHKIA PERMET TRANSPORT  TIRANE-BRUKSEL-TIRANE FAT NR 380/2025 DT 27.05.2025 URDHER NR 189 DT 03.06.2025 KONT NR 1611 PROT DT 23.05.2025,0,Unspecified,2135001,Bashkia Permet (1128),6024200,Udhetim jashte shtetit,EXPLORER TRAVEL & TOURS,80000.00,6/4/2025 12:00:00 AM,6/5/2025 12:00:00 AM
 Shkoder,44710121242025,1012124 Drejtoria Rajonale AKPA Shkoder, paga +sig shoq,VKM 17 dt 15.01.20, konf nr 127,127/1 dt 29.01.2025, marr nr 588/2 dt. 30.10.2024,ur i drejtorit nr 5 dt 13.05.25,pv nr 393/2 393/3 dt 26.05.25,listepag 393/4 dt 26.05.25,12,Ministria e Ekonomise, Kultures dhe Inovacionit,1012124,Drejtori Rajonale AKPA Shkoder (3333),6031100,Subvencion per te nxitur punesimin (Paga),ZANI I SHKODRËS,186720.00,6/4/2025 12:00:00 AM,6/5/2025 12:00:00 AM
 Shkoder,44810121242025,1012124,Drejtoria Rajonale AKPA Shkoder,paga +sig shoq,VKM 17 dt 15.01.2020 , konf nr 127/1 dt 29.01.2025, ud 5 dt 13.5.25, marr 671/2 dt 25.11.24, pv 401 dt 27.5.25, list pag 401/1 dt 27.5.25,12,Ministria e Ekonomise, Kultures dhe Inovacionit,1012124,Drejtori Rajonale AKPA Shkoder (3333),6031100,Subvencion per te nxitur punesimin (Paga),A.I.W.A,93360.00,6/4/2025 12:00:00 AM,6/5/2025 12:00:00 AM
 Fier,4510121352025,1012135 Qendra e Formimit Profesional Publik Fier Paga maj/2025 sipas listepagesave,12,Ministria e Ekonomise, Kultures dhe Inovacionit,1012135,Q.Form. Profes. Fier (0909),6001001,Paga neto për punonjesit e miratuar në organikë,RAIFFEISEN BANK SH.A,573682.00,6/4/2025 12:00:00 AM,6/5/2025 12:00:00 AM
 Tirane,45110020012025,1002001-Kuvendi,   lik Shp transp(det i meparshem i prapamb), fat 2586/2023 dt 31.5.2023, raport sherb 1725/1 dt 2.6.2023,2,Kuvendi,1002001,Kuvendi Popullor (3535),6029099,Shpenzime per te tjera materiale dhe sherbime operative,INTERGOMA,64920.00,6/3/2025 12:00:00 AM,6/5/2025 12:00:00 AM
 Tirane,4521018292025,2101829-Galeria e Arteve Tirane 2025-ndalese page Elda Kamolli, urdher nr 30 dt 1.6.23, vendim nr 19088/7128 dt 30.03.2022 Gjyk Rreth Gjyq Tirane,0,Unspecified,2101829,Galeria e Artit Tirana (3535),6001001,Paga neto për punonjesit e miratuar në organikë,Ergys Sinani,20000.00,6/4/2025 12:00:00 AM,6/5/2025 12:00:00 AM
 Durres,4521070152025,2107015 / ND. SHERBIMEVE KOMUNALE PLAZH / BLERJE NAFTE KONT 164 DT 11.4.2025 LIK FAT 44364,0,Unspecified,2107015,Nd-ja Komunale Plazh (0707),6023100,Karburant dhe vaj,KASTRATI ENERGY,6506400.00,6/4/2025 12:00:00 AM,6/5/2025 12:00:00 AM
 Shkoder,45710121242025,1012124,Drejtoria Rajonale AKPA Shkoder, paga subjekti Vila Bekteshi, vkm 264 dt27.4.23, konf 336/5 dt 17.4.25, ub 5 dt 13.5.25, marr 351/1 dt 11.4.25, bord 410 dt 30.5.25, listepag 410/1 dt 30.5.25,12,Ministria e Ekonomise, Kultures dhe Inovacionit,1012124,Drejtori Rajonale AKPA Shkoder (3333),6031100,Subvencion per te nxitur punesimin (Paga),BANGA E PARE E INVESTIMEVE,34909.00,6/4/2025 12:00:00 AM,6/5/2025 12:00:00 AM
 Berat,45710130642025,1013064 Spitali Berat  pagat MAJ   2025 listepagesa,13,Ministria e Shendetesise dhe Mbrojtjes Sociale,1013064,Qëndra Spitalore Rajonale Berat (0202),6001001,Paga neto për punonjesit e miratuar në organikë,BANKA CREDINS,14514651.00,6/3/2025 12:00:00 AM,6/5/2025 12:00:00 AM
 Kuçove,45721240012025,2124001 liste pagese paga  maj 2025 prog 05100 bashkia,0,Unspecified,2124001,Bashkia Kucove (0217),6001001,Paga neto për punonjesit e miratuar në organikë,RAIFFEISEN BANK SH.A,168419.00,6/4/2025 12:00:00 AM,6/5/2025 12:00:00 AM
 Vlore,45810111362025,3737 UNVERSITETI ISMAIL QEMALI 1011136 RIMBURSIM TELEFON  PRILL 2025 ME BORDERO MANDAT 3041152825 DT 1.6.2025,11,Ministria e Arsimit Sportit dhe Rinise,1011136,Universiteti "I.Qemali", Vlore (3737),6022003,Sherbime telefonike,RAIFFEISEN BANK SH.A,5750.00,6/4/2025 12:00:00 AM,6/5/2025 12:00:00 AM
 Berat,45810130642025,1013064 Spitali Berat pagat muaji MAJ  2025 listepagesa,13,Ministria e Shendetesise dhe Mbrojtjes Sociale,1013064,Qëndra Spitalore Rajonale Berat (0202),6001001,Paga neto për punonjesit e miratuar në organikë,BANKA KOMBETARE TREGTARE,3882278.00,6/3/2025 12:00:00 AM,6/5/2025 12:00:00 AM
 Kuçove,45821240012025,2124001 liste pagese paga  maj 2025 prog 06140 bashkia,0,Unspecified,2124001,Bashkia Kucove (0217),6001001,Paga neto për punonjesit e miratuar në organikë,BANKA KOMBETARE TREGTARE,277340.00,6/4/2025 12:00:00 AM,6/5/2025 12:00:00 AM
 Vlore,45910111362025,materiale promocionale universiteti 1011136 fat 129 dt 16.05.2025 up 1186/1 dt 28.04.2025 ftes oferte,11,Ministria e Arsimit Sportit dhe Rinise,1011136,Universiteti "I.Qemali", Vlore (3737),6029099,Shpenzime per te tjera materiale dhe sherbime operative,TRIPTIK,59040.00,6/4/2025 12:00:00 AM,6/5/2025 12:00:00 AM
 Shkoder,45910121242025,1012124,Drejtoria Rajonale AKPA Shkoder, paga subjekti MAD 6, vkm 264 dt 27.4.23, konf 336/5 dt 17.4.25, ud 5 dt 13.5.25, marr 350/1 dt 11.4.25, bord 411 dt 30.5.25, listepag 411/1 dt 30.5.25,12,Ministria e Ekonomise, Kultures dhe Inovacionit,1012124,Drejtori Rajonale AKPA Shkoder (3333),6031100,Subvencion per te nxitur punesimin (Paga),BANGA E PARE E INVESTIMEVE,69818.00,6/4/2025 12:00:00 AM,6/5/2025 12:00:00 AM
 Berat,45910130642025,1013064 Spitali Berat pagat muaji MAJ 2025 listepagesa,13,Ministria e Shendetesise dhe Mbrojtjes Sociale,1013064,Qëndra Spitalore Rajonale Berat (0202),6001001,Paga neto për punonjesit e miratuar në organikë,Banka OTP Albania,2043861.00,6/3/2025 12:00:00 AM,6/5/2025 12:00:00 AM
 Kuçove,45921240012025,2124001 liste pagese paga  maj 2025 prog 06140 bashkia,0,Unspecified,2124001,Bashkia Kucove (0217),6001001,Paga neto për punonjesit e miratuar në organikë,RAIFFEISEN BANK SH.A,643590.00,6/4/2025 12:00:00 AM,6/5/2025 12:00:00 AM
 Berat,460010130642025,1013064 Spitali Berat paga MAJ 2025 bashkelidhur listepagesa,13,Ministria e Shendetesise dhe Mbrojtjes Sociale,1013064,Qëndra Spitalore Rajonale Berat (0202),6001001,Paga neto për punonjesit e miratuar në organikë,RAIFFEISEN BANK SH.A,14052455.00,6/3/2025 12:00:00 AM,6/5/2025 12:00:00 AM
 Vlore,46010111362025,3737 UNVERSITETI ISMAIL QEMALI 1011136 PAGA MAJ 2025 ME BORDERO,11,Ministria e Arsimit Sportit dhe Rinise,1011136,Universiteti "I.Qemali", Vlore (3737),6001001,Paga neto për punonjesit e miratuar në organikë,RAIFFEISEN BANK SH.A,2511306.00,6/4/2025 12:00:00 AM,6/5/2025 12:00:00 AM
 Shkoder,46010121242025,1012124,Drejtoria Rajonale AKPA Shkoder, paga subjekti MAD 6, vkm 264 dt 27.4.23, konf 336/5 dt 17.4.25, ud 5 dt 13.5.25, marr 350/1 dt 11.4.25, bord 411 dt 30.5.25,,12,Ministria e Ekonomise, Kultures dhe Inovacionit,1012124,Drejtori Rajonale AKPA Shkoder (3333),6031100,Subvencion per te nxitur punesimin (Paga),M A D  06,10751.00,6/4/2025 12:00:00 AM,6/5/2025 12:00:00 AM
 Kuçove,46021240012025,2124001 liste pagese paga  maj 2025 prog 06140 bashkia,0,Unspecified,2124001,Bashkia Kucove (0217),6001001,Paga neto për punonjesit e miratuar në organikë,Banka OTP Albania,150486.00,6/4/2025 12:00:00 AM,6/5/2025 12:00:00 AM
 Fier,4610121352025,1012135 Qendra e Formimit Profesional Publik Fier Paga maj/2025 sipas listepagesave,12,Ministria e Ekonomise, Kultures dhe Inovacionit,1012135,Q.Form. Profes. Fier (0909),6001001,Paga neto për punonjesit e miratuar në organikë,RAIFFEISEN BANK SH.A,540928.00,6/4/2025 12:00:00 AM,6/5/2025 12:00:00 AM
 Vlore,46110111362025,3737 UNVERSITETI ISMAIL QEMALI 1011136 PAGA MAJ 2025 ME BORDERO,11,Ministria e Arsimit Sportit dhe Rinise,1011136,Universiteti "I.Qemali", Vlore (3737),6001001,Paga neto për punonjesit e miratuar në organikë,BANKA KOMBETARE TREGTARE,2469930.00,6/4/2025 12:00:00 AM,6/5/2025 12:00:00 AM
 Shkoder,46110121242025,1012124,Drejtoria Rajonale AKPA Shkoder, paga subjekti Xhenis, vkm 264 dt 27.4.23, onf 336/5 dt 17.4.25, ub 5 dt 13.5.25, marr 349/1 dt 11.4.25, bord 412 dt 30.5.25, listepag 412/1 dt 30.5.25,12,Ministria e Ekonomise, Kultures dhe Inovacionit,1012124,Drejtori Rajonale AKPA Shkoder (3333),6031100,Subvencion per te nxitur punesimin (Paga),BANGA E PARE E INVESTIMEVE,103271.00,6/4/2025 12:00:00 AM,6/5/2025 12:00:00 AM
 Berat,46110130642025,1013064 Spitali Berat pagat muaji MAJ  2025baashkelidhur listepagesa,13,Ministria e Shendetesise dhe Mbrojtjes Sociale,1013064,Qëndra Spitalore Rajonale Berat (0202),6001001,Paga neto për punonjesit e miratuar në organikë,BANKA E TIRANES,1585013.00,6/3/2025 12:00:00 AM,6/5/2025 12:00:00 AM
 Kuçove,46121240012025,2124001 liste pagese paga  maj 2025 prog 06140 bashkia,0,Unspecified,2124001,Bashkia Kucove (0217),6001001,Paga neto për punonjesit e miratuar në organikë,BANKA KOMBETARE TREGTARE,208958.00,6/4/2025 12:00:00 AM,6/5/2025 12:00:00 AM
 Vlore,46210111362025,3737 UNVERSITETI ISMAIL QEMALI 1011136 PAGA MAJ 2025 ME BORDERO,11,Ministria e Arsimit Sportit dhe Rinise,1011136,Universiteti "I.Qemali", Vlore (3737),6001001,Paga neto për punonjesit e miratuar në organikë,BANKA E TIRANES,77699.00,6/4/2025 12:00:00 AM,6/5/2025 12:00:00 AM
 Shkoder,46210121242025,1012124,Drejtoria Rajonale AKPA Shkoder, paga + sig Xhenis -Sh, vm 264 dt 27.4.23, konf 336/5 dt 17.4.25, ud 5 dt 13.5.25, marr 349/1 dt 11.4.25, bord 412 dt 30.5.25,12,Ministria e Ekonomise, Kultures dhe Inovacionit,1012124,Drejtori Rajonale AKPA Shkoder (3333),6031100,Subvencion per te nxitur punesimin (Paga),"XHENIS-SH",12379.00,6/4/2025 12:00:00 AM,6/5/2025 12:00:00 AM
 Berat,46210130642025,1013064 Spitali Berat pagat MAJ 2025 bashkelidhur listepagesa,13,Ministria e Shendetesise dhe Mbrojtjes Sociale,1013064,Qëndra Spitalore Rajonale Berat (0202),6001001,Paga neto për punonjesit e miratuar në organikë,UNION BANK SHA,290039.00,6/3/2025 12:00:00 AM,6/5/2025 12:00:00 AM
 Durres,4621070152025,2107015 / ND. SHERBIMEVE KOMUNALE PLAZH / DIFERENCE PAGESE KT LIK FAT 719,0,Unspecified,2107015,Nd-ja Komunale Plazh (0707),6023900,Shpenzime te tjera transporti,DREJT. PERGJ. E SHERB. TRANS. RRUG.,500.00,6/4/2025 12:00:00 AM,6/5/2025 12:00:00 AM
 Kuçove,46221240012025,2124001 liste pagese paga  maj 2025 prog 06260 bashkia,0,Unspecified,2124001,Bashkia Kucove (0217),6001001,Paga neto për punonjesit e miratuar në organikë,RAIFFEISEN BANK SH.A,873552.00,6/4/2025 12:00:00 AM,6/5/2025 12:00:00 AM
 Vlore,46310111362025,3737 UNVERSITETI ISMAIL QEMALI 1011136 PAGA MAJ 2025 ME BORDERO,11,Ministria e Arsimit Sportit dhe Rinise,1011136,Universiteti "I.Qemali", Vlore (3737),6001001,Paga neto për punonjesit e miratuar në organikë,Banka OTP Albania,329739.00,6/4/2025 12:00:00 AM,6/5/2025 12:00:00 AM
 Berat,46310130642025,1013064 Spitali Berat paga MAJ 2025 bashkelidhur listepagesa,13,Ministria e Shendetesise dhe Mbrojtjes Sociale,1013064,Qëndra Spitalore Rajonale Berat (0202),6001001,Paga neto për punonjesit e miratuar në organikë,RAIFFEISEN BANK SH.A,158100.00,6/3/2025 12:00:00 AM,6/5/2025 12:00:00 AM
 Kuçove,46321240012025,2124001 liste pagese paga  maj 2025 prog 06260 bashkia,0,Unspecified,2124001,Bashkia Kucove (0217),6001001,Paga neto për punonjesit e miratuar në organikë,Banka OTP Albania,94601.00,6/4/2025 12:00:00 AM,6/5/2025 12:00:00 AM
 Vlore,46410111362025,3737 UNVERSITETI ISMAIL QEMALI 1011136 PAGA MAJ 2025 ME BORDERO,11,Ministria e Arsimit Sportit dhe Rinise,1011136,Universiteti "I.Qemali", Vlore (3737),6001001,Paga neto për punonjesit e miratuar në organikë,Banka e Parë e Investimeve-Albania/ First Investment Bank- Albania,81216.00,6/4/2025 12:00:00 AM,6/5/2025 12:00:00 AM
 Kuçove,46421240012025,2124001 liste pagese paga  maj 2025 prog 06260 bashkia,0,Unspecified,2124001,Bashkia Kucove (0217),6001001,Paga neto për punonjesit e miratuar në organikë,BANKA KOMBETARE TREGTARE,41736.00,6/4/2025 12:00:00 AM,6/5/2025 12:00:00 AM
 Vlore,46510111362025,3737 UNVERSITETI ISMAIL QEMALI 1011136 PAGA MAJ 2025 ME BORDERO,11,Ministria e Arsimit Sportit dhe Rinise,1011136,Universiteti "I.Qemali", Vlore (3737),6001001,Paga neto për punonjesit e miratuar në organikë,BANKA KOMBETARE TREGTARE,3653487.00,6/4/2025 12:00:00 AM,6/5/2025 12:00:00 AM
 Kuçove,46521240012025,2124001 liste pagese paga  maj 2025 prog 10430 bashkia,13,Ministria e Shendetesise dhe Mbrojtjes Sociale,2124001,Bashkia Kucove (0217),6061003,Ndihme ekonomike,RAIFFEISEN BANK SH.A,43966.00,6/4/2025 12:00:00 AM,6/5/2025 12:00:00 AM
 Kuçove,46621240012025,2124001 liste pagese paga  maj 2025 prog 10430 bashkia,0,Unspecified,2124001,Bashkia Kucove (0217),6001001,Paga neto për punonjesit e miratuar në organikë,RAIFFEISEN BANK SH.A,472034.00,6/4/2025 12:00:00 AM,6/5/2025 12:00:00 AM
 Vlore,46710111362025,3737 UNVERSITETI ISMAIL QEMALI 1011136 PAGA MAJ 2025 ME BORDERO,11,Ministria e Arsimit Sportit dhe Rinise,1011136,Universiteti "I.Qemali", Vlore (3737),6001001,Paga neto për punonjesit e miratuar në organikë,RAIFFEISEN BANK SH.A,360178.00,6/4/2025 12:00:00 AM,6/5/2025 12:00:00 AM
 Kuçove,46721240012025,2124001 liste pagese paga  maj 2025 prog 10430 bashkia,0,Unspecified,2124001,Bashkia Kucove (0217),6001001,Paga neto për punonjesit e miratuar në organikë,BANKA KOMBETARE TREGTARE,43966.00,6/4/2025 12:00:00 AM,6/5/2025 12:00:00 AM
 Vlore,46810111362025,3737 UNVERSITETI ISMAIL QEMALI 1011136 PAGA MAJ 2025 ME BORDERO,11,Ministria e Arsimit Sportit dhe Rinise,1011136,Universiteti "I.Qemali", Vlore (3737),6001001,Paga neto për punonjesit e miratuar në organikë,BANKA E TIRANES,80731.00,6/4/2025 12:00:00 AM,6/5/2025 12:00:00 AM
 Kuçove,46821240012025,2124001 liste pagese paga  maj 2025 prog 03280 bashkia,0,Unspecified,2124001,Bashkia Kucove (0217),6001001,Paga neto për punonjesit e miratuar në organikë,RAIFFEISEN BANK SH.A,677311.00,6/4/2025 12:00:00 AM,6/5/2025 12:00:00 AM
 Vlore,46910111362025,3737 UNVERSITETI ISMAIL QEMALI 1011136 PAGA MAJ 2025 ME BORDERO,11,Ministria e Arsimit Sportit dhe Rinise,1011136,Universiteti "I.Qemali", Vlore (3737),6001001,Paga neto për punonjesit e miratuar në organikë,RAIFFEISEN BANK SH.A,2121494.00,6/4/2025 12:00:00 AM,6/5/2025 12:00:00 AM
 Kuçove,46921240012025,2124001 liste pagese paga  maj 2025 prog 03280 bashkia,0,Unspecified,2124001,Bashkia Kucove (0217),6001001,Paga neto për punonjesit e miratuar në organikë,Banka OTP Albania,441869.00,6/4/2025 12:00:00 AM,6/5/2025 12:00:00 AM
 Vlore,47010111362025,3737 UNVERSITETI ISMAIL QEMALI 1011136 PAGA MAJ 2025 ME BORDERO,11,Ministria e Arsimit Sportit dhe Rinise,1011136,Universiteti "I.Qemali", Vlore (3737),6001001,Paga neto për punonjesit e miratuar në organikë,BANKA KOMBETARE TREGTARE,1021907.00,6/4/2025 12:00:00 AM,6/5/2025 12:00:00 AM
 Kuçove,47021240012025,2124001 liste pagese paga  maj 2025 prog 01170 bashkia,16,Ministria e Brendshme,2124001,Bashkia Kucove (0217),6001001,Paga neto për punonjesit e miratuar në organikë,RAIFFEISEN BANK SH.A,277246.00,6/4/2025 12:00:00 AM,6/5/2025 12:00:00 AM
 Elbasan,4710121432025,1012143 Shkolla Mihal Shahini  Cerrik, Shpenz.udhëtimi arsimtarët Shkresë nr 242 prot dt 04.06.2025 me përmbledhëse Maj 2025 listëpagesë banke dt 04.06.2025,12,Ministria e Ekonomise, Kultures dhe Inovacionit,1012143,Shk. Prof. "Mihal Shahini" Elbasan (0808),6024100,Udhetim i brendshem,RAIFFEISEN BANK SH.A,51570.00,6/4/2025 12:00:00 AM,6/5/2025 12:00:00 AM
 Vlore,47110111362025,3737 UNVERSITETI ISMAIL QEMALI 1011136 PAGA MAJ 2025 ME BORDERO,11,Ministria e Arsimit Sportit dhe Rinise,1011136,Universiteti "I.Qemali", Vlore (3737),6001001,Paga neto për punonjesit e miratuar në organikë,BANKA CREDINS,243530.00,6/4/2025 12:00:00 AM,6/5/2025 12:00:00 AM
 Kuçove,47121240012025,2124001 liste pagese paga  maj 2025 prog 01170 bashkia,16,Ministria e Brendshme,2124001,Bashkia Kucove (0217),6001001,Paga neto për punonjesit e miratuar në organikë,Banka OTP Albania,60811.00,6/4/2025 12:00:00 AM,6/5/2025 12:00:00 AM
 Tirane,47210020012025,1002001-Kuvendi,   lik shp rimbursim Tvsh(PACEP faza II) tetor 24-janar 25, akt marreveshje 151 dt 15.1.25, kerk 950 dt 6.3.25, shkrese 950/2 dt 8.5.25, sipas permbledhese fat dt 8.5.2025,2,Kuvendi,1002001,Kuvendi Popullor (3535),2318400,Shpenz. per rritjen e AQT - fotokopje,USAID/NDI/ALBANIA,2853754.00,6/3/2025 12:00:00 AM,6/5/2025 12:00:00 AM
 Vlore,47210111362025,3737 UNVERSITETI ISMAIL QEMALI 1011136 PAGA MAJ 2025 ME BORDERO,11,Ministria e Arsimit Sportit dhe Rinise,1011136,Universiteti "I.Qemali", Vlore (3737),6001001,Paga neto për punonjesit e miratuar në organikë,INTESA SANPAOLO BANK ALBANIA,83649.00,6/4/2025 12:00:00 AM,6/5/2025 12:00:00 AM
 Durres,4721070152025,2107015 / ND. SHERBIMEVE KOMUNALE PLAZH /  LIK KUOTIZACION SINDIKATA SPASHP,0,Unspecified,2107015,Nd-ja Komunale Plazh (0707),6001001,Paga neto për punonjesit e miratuar në organikë,SINDIKATA PUNONJESVE TE ADMIN DHE SHERB PUBLIKE,15900.00,6/4/2025 12:00:00 AM,6/5/2025 12:00:00 AM
 Vlore,47310111362025,3737 UNVERSITETI ISMAIL QEMALI 1011136 PAGA MAJ 2025 ME BORDERO,11,Ministria e Arsimit Sportit dhe Rinise,1011136,Universiteti "I.Qemali", Vlore (3737),6001001,Paga neto për punonjesit e miratuar në organikë,BANKA E TIRANES,127385.00,6/4/2025 12:00:00 AM,6/5/2025 12:00:00 AM
 Vlore,47410111362025,3737 UNVERSITETI ISMAIL QEMALI 1011136 PAGA MAJ 2025 ME BORDERO,11,Ministria e Arsimit Sportit dhe Rinise,1011136,Universiteti "I.Qemali", Vlore (3737),6001001,Paga neto për punonjesit e miratuar në organikë,UNION BANK SHA,78730.00,6/4/2025 12:00:00 AM,6/5/2025 12:00:00 AM
 Vlore,47510111362025,3737 UNVERSITETI ISMAIL QEMALI 1011136 PAGA MAJ 2025 ME BORDERO,11,Ministria e Arsimit Sportit dhe Rinise,1011136,Universiteti "I.Qemali", Vlore (3737),6001001,Paga neto për punonjesit e miratuar në organikë,RAIFFEISEN BANK SH.A,762528.00,6/4/2025 12:00:00 AM,6/5/2025 12:00:00 AM
 Vlore,47610111362025,3737 UNVERSITETI ISMAIL QEMALI 1011136 PAGA MAJ 2025 ME BORDERO,11,Ministria e Arsimit Sportit dhe Rinise,1011136,Universiteti "I.Qemali", Vlore (3737),6001001,Paga neto për punonjesit e miratuar në organikë,BANKA E TIRANES,470921.00,6/4/2025 12:00:00 AM,6/5/2025 12:00:00 AM
 Vlore,47710111362025,3737 UNVERSITETI ISMAIL QEMALI 1011136 PAGA MAJ 2025 ME BORDERO,11,Ministria e Arsimit Sportit dhe Rinise,1011136,Universiteti "I.Qemali", Vlore (3737),6001001,Paga neto për punonjesit e miratuar në organikë,BANKA KOMBETARE TREGTARE,6370426.00,6/4/2025 12:00:00 AM,6/5/2025 12:00:00 AM
 Vlore,47810111362025,3737 UNVERSITETI ISMAIL QEMALI 1011136 PAGA MAJ 2025 ME BORDERO,11,Ministria e Arsimit Sportit dhe Rinise,1011136,Universiteti "I.Qemali", Vlore (3737),6001001,Paga neto për punonjesit e miratuar në organikë,Banka OTP Albania,218355.00,6/4/2025 12:00:00 AM,6/5/2025 12:00:00 AM
 Vlore,47910111362025,3737 UNVERSITETI ISMAIL QEMALI 1011136 PAGA MAJ 2025 ME BORDERO,11,Ministria e Arsimit Sportit dhe Rinise,1011136,Universiteti "I.Qemali", Vlore (3737),6001001,Paga neto për punonjesit e miratuar në organikë,BANKA CREDINS,220430.00,6/4/2025 12:00:00 AM,6/5/2025 12:00:00 AM
 Vlore,48010111362025,3737 UNVERSITETI ISMAIL QEMALI 1011136 PAGA MAJ 2025 ME BORDERO,11,Ministria e Arsimit Sportit dhe Rinise,1011136,Universiteti "I.Qemali", Vlore (3737),6001001,Paga neto për punonjesit e miratuar në organikë,UNION BANK SHA,181523.00,6/4/2025 12:00:00 AM,6/5/2025 12:00:00 AM
 Fier,4810121352025,1012135 Qendra e Formimit Profesional Publik Fier Sherbim pastrimi maj/2025 Kontrata nr.12/8 dt.08.01.2025, Fatura nr.82/2025 dt.01.06.2025,12,Ministria e Ekonomise, Kultures dhe Inovacionit,1012135,Q.Form. Profes. Fier (0909),6022009,Sherbime te pastrimit dhe gjelberimit,EB-2000,103924.00,6/4/2025 12:00:00 AM,6/5/2025 12:00:00 AM
 Tirane,4810870052025,1087005 Komiteti per pakisat Komb 2025 ,lik dieta brenda vendit , urdh nr.27 dt 10.4.25 , listpag dt 4.6.25,87,Institucione te tjera Qeveritare,1087005,Komiteti i Minoriteteve (3535),6024100,Udhetim i brendshem,RAIFFEISEN BANK SH.A,45000.00,6/4/2025 12:00:00 AM,6/5/2025 12:00:00 AM
 Vlore,48110111362025,3737 UNVERSITETI ISMAIL QEMALI 1011136 PAGA MAJ 2025 ME BORDERO,11,Ministria e Arsimit Sportit dhe Rinise,1011136,Universiteti "I.Qemali", Vlore (3737),6001001,Paga neto për punonjesit e miratuar në organikë,BANKA KOMBETARE TREGTARE,5754156.00,6/4/2025 12:00:00 AM,6/5/2025 12:00:00 AM
 Vlore,48210111362025,3737 UNVERSITETI ISMAIL QEMALI 1011136 PAGA MAJ 2025 ME BORDERO,11,Ministria e Arsimit Sportit dhe Rinise,1011136,Universiteti "I.Qemali", Vlore (3737),6001001,Paga neto për punonjesit e miratuar në organikë,RAIFFEISEN BANK SH.A,1145970.00,6/4/2025 12:00:00 AM,6/5/2025 12:00:00 AM
 Kolonje,4821200042025,2120004 Q.K.F.S.Noli paga maj 2025, permbledhese dhe listepagesa dt.04.06.2025,0,Unspecified,2120004,Qendra Kulturore Fan Noli (1514),6001001,Paga neto për punonjesit e miratuar në organikë,RAIFFEISEN BANK SH.A,984020.00,6/4/2025 12:00:00 AM,6/5/2025 12:00:00 AM
 Vlore,48310111362025,3737 UNVERSITETI ISMAIL QEMALI 1011136 PAGA MAJ 2025 ME BORDERO,11,Ministria e Arsimit Sportit dhe Rinise,1011136,Universiteti "I.Qemali", Vlore (3737),6001001,Paga neto për punonjesit e miratuar në organikë,BANKA E TIRANES,395770.00,6/4/2025 12:00:00 AM,6/5/2025 12:00:00 AM
 Vlore,48410111362025,3737 UNIVESRITETI ISMAIL QEMALI VLORE 1011136 PAGA MAJ 2025 ME BORDERO,11,Ministria e Arsimit Sportit dhe Rinise,1011136,Universiteti "I.Qemali", Vlore (3737),6001001,Paga neto për punonjesit e miratuar në organikë,Banka e Parë e Investimeve-Albania/ First Investment Bank- Albania,184869.00,6/4/2025 12:00:00 AM,6/5/2025 12:00:00 AM
 Vlore,48510111362025,3737 UNVERSITETI ISMAIL QEMALI 1011136 PAGA MAJ 2025 ME BORDERO,11,Ministria e Arsimit Sportit dhe Rinise,1011136,Universiteti "I.Qemali", Vlore (3737),6001001,Paga neto për punonjesit e miratuar në organikë,BANKA CREDINS,83649.00,6/4/2025 12:00:00 AM,6/5/2025 12:00:00 AM
 Vlore,48610111362025,3737 UNVERSITETI ISMAIL QEMALI 1011136 PAGA MAJ 2025 ME BORDERO,11,Ministria e Arsimit Sportit dhe Rinise,1011136,Universiteti "I.Qemali", Vlore (3737),6001001,Paga neto për punonjesit e miratuar në organikë,UNION BANK SHA,127385.00,6/4/2025 12:00:00 AM,6/5/2025 12:00:00 AM
 Shkoder,490051372025,1005137, DRVMBSH, paga neto Maj 2025, listepagesa mujore nr 5 dt 04.06.2025, listepagesa per banken nr 5/1 dt 04.06.2025-30+6pn,5,Ministria e Bujqesise dhe Zhvillimit Rural,1005137,Drejtoria Rajonale e Shërbimit Veterinar dhe Mbrojtjes se Bimëve Shkodër (3333),6001001,Paga neto për punonjesit e miratuar në organikë,BANKA CREDINS,2557420.00,6/4/2025 12:00:00 AM,6/5/2025 12:00:00 AM
 Fier,4910121352025,1012135 Qendra e Formimit Profesional Publik Fier Sherbim Ruajtje objekti maj/2025 kontrata nr.45/1, fatura nr.13511/2025 dt.30.05.2025,12,Ministria e Ekonomise, Kultures dhe Inovacionit,1012135,Q.Form. Profes. Fier (0909),6022008,Sherbime te sigurimit dhe ruajtjes,NAZERI - 2000,99148.00,6/4/2025 12:00:00 AM,6/5/2025 12:00:00 AM
 Tirane,4921018142025,2101814,Shk Luigj Gurakuqi-takse automjeti ft 2500256138 dt 9.05.2025 urdh 9.5.2025,0,Unspecified,2101814,Shkolla Luigj Gurakuqi (3535),6023900,Shpenzime te tjera transporti,DREJT. PERGJ. E SHERB. TRANS. RRUG.,20038.00,6/4/2025 12:00:00 AM,6/5/2025 12:00:00 AM
 Shkoder,4921410452025,2141045, DPMOP, Shrb i sig ne obj,mvk 812.01.24 up1610 21.12.23,kntr 895 31.12.24, njf app 2 dt 15.01.24, fat 113/2025 pvb 895/1 dt 14.01.25 urdh 11 dt 12.02.25, shkrese 535 dt 03.06.25, ven dije tit 275/1 dt 13.03.25, ven opert 14.03.25,,0,Unspecified,2141045,Drejtoria e Pergjithshme e Mirembajtjes se Objekteve Publike (3333),6022008,Sherbime te sigurimit dhe ruajtjes,NAZERI - 2000,344678.00,6/4/2025 12:00:00 AM,6/5/2025 12:00:00 AM
 Shkoder,5010051372025,1005137, DRVMBSH, paga neto Maj 2025, listepagesa mujore nr 5 dt 04.06.2025, listepagesa per banken nr 5/2 dt 04.06.2025-22+2pn,5,Ministria e Bujqesise dhe Zhvillimit Rural,1005137,Drejtoria Rajonale e Shërbimit Veterinar dhe Mbrojtjes se Bimëve Shkodër (3333),6001001,Paga neto për punonjesit e miratuar në organikë,BANKA KOMBETARE TREGTARE,1727485.00,6/4/2025 12:00:00 AM,6/5/2025 12:00:00 AM
 Tirane,5010111612025,1011161 Fak Ekonom Agrobiznesit, Ndalese page pension ushqimor, Urdher 60 dt 26.05.2014,vendim gjyqesor nr 3528 dt 05.04.2013, Urdher egzek. nr 1011 dt 10.3.2014, listepagese,11,Ministria e Arsimit Sportit dhe Rinise,1011161,Universiteti Bujqesor - Fakulteti i Ekonomise dhe Agrobiznesit (3535),6001001,Paga neto për punonjesit e miratuar në organikë,RAIFFEISEN BANK SH.A,30000.00,6/4/2025 12:00:00 AM,6/5/2025 12:00:00 AM
 Fier,5010121352025,1012135 Qendra e Formimit Profesional Publik Fier Posta maj/2025 fatura nr.675/2025 dt.04.06.2025,12,Ministria e Ekonomise, Kultures dhe Inovacionit,1012135,Q.Form. Profes. Fier (0909),6022004,Posta dhe sherbimi korrier,POSTA SHQIPTARE SH.A,360.00,6/4/2025 12:00:00 AM,6/5/2025 12:00:00 AM
 Durres,5021070192025,2107019/SHTEPIJA E FOSHNJES /BLERJE USHQIM FATURE NR 1743,13,Ministria e Shendetesise dhe Mbrojtjes Sociale,2107019,Shtepia e foshnjes Durres (0707),6021004,Furnizime dhe sherbime me ushqim per mencat,4 S,156552.00,6/4/2025 12:00:00 AM,6/5/2025 12:00:00 AM
 Tirane,510061622025,A.K.B.N 1006162 2025, lik transferte per projektet sipas pasqyres permbledhese Maj 2025 dhe situacionit te projekteve,6,Ministria e Infrastruktures dhe Energjise,1006162,Agjencia Kombetare e Burimeve Natyrore (AKBN) (3535),2302100,Shpenz. per rritjen e AQ - studime ose kerkime,AGJENSIA KOMB.TE BURIMEVE NATYRORE,3648000.00,6/4/2025 12:00:00 AM,6/5/2025 12:00:00 AM
 Shkoder,5110051372025,1005137, DRVMBSH, paga neto Maj 2025, listepagesa mujore nr 5 dt 04.06.2025, listepagesa per banken nr 5/3 dt 04.06.2025-15+1p+8 pn,5,Ministria e Bujqesise dhe Zhvillimit Rural,1005137,Drejtoria Rajonale e Shërbimit Veterinar dhe Mbrojtjes se Bimëve Shkodër (3333),6001001,Paga neto për punonjesit e miratuar në organikë,RAIFFEISEN BANK SH.A,4689704.00,6/4/2025 12:00:00 AM,6/5/2025 12:00:00 AM
 Fier,5110121352025,1012135 Qendra e Formimit Profesional Publik Fier Sigurim kursanteve U.P nr.06. dt.12.05.2025, Fatura nr.82615/2025. dt.13.05.2025,12,Ministria e Ekonomise, Kultures dhe Inovacionit,1012135,Q.Form. Profes. Fier (0909),6029004,Shpenzime per sigurimin e ndertesave dhe te tjera kosto sigurimi te ngjashme,Albsig,51000.00,6/4/2025 12:00:00 AM,6/5/2025 12:00:00 AM
 M.Madhe,5110131012025,Spitali M.Madhe -lik.paga Maj 2025-liste-pagesa NZ.Sonila Bardhi,13,Ministria e Shendetesise dhe Mbrojtjes Sociale,1013101,Sp. Malesi e Madhe (3323),6001001,Paga neto për punonjesit e miratuar në organikë,BANKA KOMBETARE TREGTARE,1731046.00,6/4/2025 12:00:00 AM,6/5/2025 12:00:00 AM
 Kukes,5210051262025,1005126-AKU Kukes Dieta dhe udhetime te brendshme  Muaji Maj 2025  borderoja bashkengjitur,5,Ministria e Bujqesise dhe Zhvillimit Rural,1005126,Drejtoria Rajonale AKU Kukes (1818),6024100,Udhetim i brendshem,BANKA CREDINS,224090.00,6/4/2025 12:00:00 AM,6/5/2025 12:00:00 AM
 Shkoder,5210051372025,1005137, DRVMBSH, paga neto Maj 2025, listepagesa mujore nr 5 dt 04.06.2025, listepagesa per banken nr 5/4 dt 04.06.2025-5+2 pn,5,Ministria e Bujqesise dhe Zhvillimit Rural,1005137,Drejtoria Rajonale e Shërbimit Veterinar dhe Mbrojtjes se Bimëve Shkodër (3333),6001001,Paga neto për punonjesit e miratuar në organikë,UNION BANK SHA,424750.00,6/4/2025 12:00:00 AM,6/5/2025 12:00:00 AM
 Tirane,5210061552025,1006155 AKBerth 2025, Paga Maj 2025,Nr punonjesish pl/fk 7/6,Listepagese,6,Ministria e Infrastruktures dhe Energjise,1006155,Agjencia Kombetare Berthamore (AKOB) (3535),6001001,Paga neto për punonjesit e miratuar në organikë,BANKA CREDINS,635464.00,6/4/2025 12:00:00 AM,6/5/2025 12:00:00 AM
 M.Madhe,5210131012025,Spitali M.Madhe -lik.paga Maj 2025-liste-pagesa NZ.Sonila Bardhi,13,Ministria e Shendetesise dhe Mbrojtjes Sociale,1013101,Sp. Malesi e Madhe (3323),6001001,Paga neto për punonjesit e miratuar në organikë,RAIFFEISEN BANK SH.A,757365.00,6/4/2025 12:00:00 AM,6/5/2025 12:00:00 AM
 Kukes,5310051262025,1005126-AKU Kukes Dieta dhe udhetime te brendshme  Muaji Maj 2025  borderoja bashkengjitur,5,Ministria e Bujqesise dhe Zhvillimit Rural,1005126,Drejtoria Rajonale AKU Kukes (1818),6024100,Udhetim i brendshem,RAIFFEISEN BANK SH.A,13040.00,6/4/2025 12:00:00 AM,6/5/2025 12:00:00 AM
 Shkoder,5310051372025,1005137, DRVMBSH, paga neto Maj 2025, listepagesa mujore nr 5 dt 04.06.2025, listepagesa per banken nr 5/5 dt 04.06.2025-1 pn,5,Ministria e Bujqesise dhe Zhvillimit Rural,1005137,Drejtoria Rajonale e Shërbimit Veterinar dhe Mbrojtjes se Bimëve Shkodër (3333),6001001,Paga neto për punonjesit e miratuar në organikë,Banka OTP Albania,89706.00,6/4/2025 12:00:00 AM,6/5/2025 12:00:00 AM
 Tirane,5310061552025,1006155 AKBerth 2025, Paga Maj 2025,Nr punonjesish pl/fk 7/1,Listepagese,6,Ministria e Infrastruktures dhe Energjise,1006155,Agjencia Kombetare Berthamore (AKOB) (3535),6001001,Paga neto për punonjesit e miratuar në organikë,BANKA KOMBETARE TREGTARE,89706.00,6/4/2025 12:00:00 AM,6/5/2025 12:00:00 AM
 Tirane,53310500012025,1050001 INSTAT,lik anketa,urdher nr 891/1 dt 8.05.2025, ,VKM nr 422 dt 26.06.2024,listepagese maj 25,50,Instituti Statistikes,1050001,Aparati Qendror INSTAT (3535),6022099,Sherbime te tjera,BANKA CREDINS,351206.00,6/4/2025 12:00:00 AM,6/5/2025 12:00:00 AM
 Tirane,53410500012025,1050001 INSTAT,lik anketa,urdher nr 891/1 dt 8.05.2025, ,VKM nr 422 dt 26.06.2024,listepagese maj 25,50,Instituti Statistikes,1050001,Aparati Qendror INSTAT (3535),6022099,Sherbime te tjera,RAIFFEISEN BANK SH.A,159993.00,6/4/2025 12:00:00 AM,6/5/2025 12:00:00 AM
 Tirane,53510500012025,1050001 INSTAT,lik anketa,urdher nr 891/1 dt 8.05.2025, ,VKM nr 422 dt 26.06.2024,listepagese maj 25,50,Instituti Statistikes,1050001,Aparati Qendror INSTAT (3535),6022099,Sherbime te tjera,BANKA KOMBETARE TREGTARE,111215.00,6/4/2025 12:00:00 AM,6/5/2025 12:00:00 AM
 Tirane,53610500012025,1050001 INSTAT,lik anketa,urdher nr 891/1 dt 8.05.2025, ,VKM nr 422 dt 26.06.2024,listepagese maj 25,50,Instituti Statistikes,1050001,Aparati Qendror INSTAT (3535),6022099,Sherbime te tjera,Banka OTP Albania,37071.00,6/4/2025 12:00:00 AM,6/5/2025 12:00:00 AM
 Tirane,53710500012025,1050001 INSTAT,lik anketa,urdher nr 891/1 dt 8.05.2025, ,VKM nr 422 dt 26.06.2024,listepagese maj 25,50,Instituti Statistikes,1050001,Aparati Qendror INSTAT (3535),6022099,Sherbime te tjera,INTESA SANPAOLO BANK ALBANIA,19511.00,6/4/2025 12:00:00 AM,6/5/2025 12:00:00 AM
 Tirane,53810500012025,1050001 INSTAT,lik anketa,urdher nr 891/1 dt 8.05.2025, ,VKM nr 422 dt 26.06.2024,listepagese maj 25,50,Instituti Statistikes,1050001,Aparati Qendror INSTAT (3535),6022099,Sherbime te tjera,BANKA E TIRANES,19511.00,6/4/2025 12:00:00 AM,6/5/2025 12:00:00 AM
 M.Madhe,5410131012025,Spitali M.Madhe -lik.paga mjek me kontrate Maj 2025-liste-pagesa NZ.Sonila Bardhi,13,Ministria e Shendetesise dhe Mbrojtjes Sociale,1013101,Sp. Malesi e Madhe (3323),6002001,Paga neto e punonjësve me kontratë të përkohshme mbi numrin organik,BANKA KOMBETARE TREGTARE,40290.00,6/4/2025 12:00:00 AM,6/5/2025 12:00:00 AM
 Tirane,54110500012025,1050001 INSTAT,lik bilete avioni,urdh prok nr 101 dt 5.05.2025,ftese oferte 5.05.2025,procverb dt 7.05.2025,fat nr 2346 dt 7.05.2025,50,Instituti Statistikes,1050001,Aparati Qendror INSTAT (3535),6024200,Udhetim jashte shtetit,SPIRIT TRAVEL & TOURS,29500.00,6/4/2025 12:00:00 AM,6/5/2025 12:00:00 AM
 Shkoder,5421410382025,2141038 Shtepia e Femijes Shkollore 6-15 vjec, paga Maj 2025, listepag mujore nr 06 dt 03.06.25, listepag banka nr06/2 dt03.06.25 - 4pn,13,Ministria e Shendetesise dhe Mbrojtjes Sociale,2141038,Shtepia e Femijeve Shkollor Shkoder (3333),6001001,Paga neto për punonjesit e miratuar në organikë,BANKA E TIRANES,203158.00,6/4/2025 12:00:00 AM,6/5/2025 12:00:00 AM
 Korçe,54221220012025,BASHKIA KORCE (2122001) TELEFON MUAJI MARS 2025 KUJDESI SHENDETSOR FAMILJAR M.POTTER, NR.KL.110000173716, FAT.NR.400446/2025 DT 31.03.2025,0,Unspecified,2122001,Bashkia Korce (1515),6022003,Sherbime telefonike,ONE ALBANIA,1674.00,6/4/2025 12:00:00 AM,6/5/2025 12:00:00 AM
 Tirane,54310500012025,1050001 INSTAT,lik anketa,urdher nr 847/1 dt 2.05.2025, ,VKM nr 422 dt 26.06.2024,listepagese maj 25,50,Instituti Statistikes,1050001,Aparati Qendror INSTAT (3535),6022099,Sherbime te tjera,RAIFFEISEN BANK SH.A,271208.00,6/4/2025 12:00:00 AM,6/5/2025 12:00:00 AM
 Korçe,54321220012025,BASHKIA KORCE (2122001) TELEFON MUAJI PRILL 2025 KUJDESI SHENDETSOR FAMILJAR M.POTTER, FAT.NR.529629/2025 DT 05.05.2025,0,Unspecified,2122001,Bashkia Korce (1515),6022003,Sherbime telefonike,ONE ALBANIA,3700.00,6/4/2025 12:00:00 AM,6/5/2025 12:00:00 AM
 Tirane,54410500012025,1050001 INSTAT,lik anketa,urdher nr 847/1 dt 2.05.2025, ,VKM nr 422 dt 26.06.2024,listepagese maj 25,50,Instituti Statistikes,1050001,Aparati Qendror INSTAT (3535),6022099,Sherbime te tjera,BANKA KOMBETARE TREGTARE,208771.00,6/4/2025 12:00:00 AM,6/5/2025 12:00:00 AM
 Korçe,54421220012025,BASHKIA KORCE (2122001) TAKSA VJETORE MJETI, FAT.NR.2500307066, 2500307062 DT 03.06.2025, URDHER NR.599 DT 03.06.2025,0,Unspecified,2122001,Bashkia Korce (1515),6023900,Shpenzime te tjera transporti,DREJT. PERGJ. E SHERB. TRANS. RRUG.,23925.00,6/4/2025 12:00:00 AM,6/5/2025 12:00:00 AM
 Tirane,54510500012025,1050001 INSTAT,lik anketa,urdher nr 847/1 dt 2.05.2025, ,VKM nr 422 dt 26.06.2024,listepagese maj 25,50,Instituti Statistikes,1050001,Aparati Qendror INSTAT (3535),6022099,Sherbime te tjera,BANKA CREDINS,903377.00,6/4/2025 12:00:00 AM,6/5/2025 12:00:00 AM
 Korçe,54521220012025,BASHKIA KORCE (2122001) TARIFE SHERBIMI, KERKESE APLIKIMI NR.10983,10985,10987,10989,10990,10998,10999,11000,11002 DERI 11009,11011,11013,11014 DT 30.05.2025, URDHER NR.600 DT 03.06.2025,0,Unspecified,2122001,Bashkia Korce (1515),6029008,Shpenzime per tatime dhe taksa te paguara nga institucioni,Drejtoria vendore e ASHK Korçë Devoll Kolonje,70000.00,6/4/2025 12:00:00 AM,6/5/2025 12:00:00 AM
 Tirane,54610500012025,1050001 INSTAT,lik anketa,urdher nr 847/1 dt 2.05.2025, ,VKM nr 422 dt 26.06.2024,listepagese maj 25,50,Instituti Statistikes,1050001,Aparati Qendror INSTAT (3535),6022099,Sherbime te tjera,BANKA AMERIKANE E INVESTIMEVE SHA	,39023.00,6/4/2025 12:00:00 AM,6/5/2025 12:00:00 AM
 Durres,54621070012025,2107001/Bashkia Durres Likuidim per furnizim me energji dhe lidhje te re kontrate per lagjene  ere te zones se Spitalles,0,Unspecified,2107001,Bashkia Durres (0707),2314130,Shpenz. per rritjen e AQT - paisje qe sigurojne energji,OPERATORI I SISTEMIT TE SHPERNDARJES,294667.00,6/3/2025 12:00:00 AM,6/5/2025 12:00:00 AM
 Korçe,54621220012025,BASHKIA KORCE (2122001) TARIFE SHERBIMI, KERKESE APLIKIMI NR.11227 DT 03.06.2025, URDHER NR.601 DT 03.06.2025,0,Unspecified,2122001,Bashkia Korce (1515),6029008,Shpenzime per tatime dhe taksa te paguara nga institucioni,Drejtoria vendore e ASHK Korçë Devoll Kolonje,4500.00,6/4/2025 12:00:00 AM,6/5/2025 12:00:00 AM
 Tirane,54710500012025,1050001 INSTAT,lik anketa,urdher nr 847/1 dt 2.05.2025, ,VKM nr 422 dt 26.06.2024,listepagese maj 25,50,Instituti Statistikes,1050001,Aparati Qendror INSTAT (3535),6022099,Sherbime te tjera,BANKA E TIRANES,19511.00,6/4/2025 12:00:00 AM,6/5/2025 12:00:00 AM
 Durres,54721070012025,2107001/Bashkia Durres Likuidim per furnizim me energji dhe lidhje te re kontrate per lagjene  ere te zones se Spitalles,0,Unspecified,2107001,Bashkia Durres (0707),2314130,Shpenz. per rritjen e AQT - paisje qe sigurojne energji,OPERATORI I SISTEMIT TE SHPERNDARJES,294667.00,6/3/2025 12:00:00 AM,6/5/2025 12:00:00 AM
 Korçe,54721220012025,BASHKIA KORCE (2122001) TARIFE SHERBIMI, KERKESE APLIKIMI NR.11088,11093,11095 DT 02.06.2025, URDHER NR.602 DT 03.06.2025,0,Unspecified,2122001,Bashkia Korce (1515),6029008,Shpenzime per tatime dhe taksa te paguara nga institucioni,Drejtoria vendore e ASHK Korçë Devoll Kolonje,8000.00,6/4/2025 12:00:00 AM,6/5/2025 12:00:00 AM
 Tirane,54810500012025,1050001 INSTAT,lik anketa,urdher nr 847/1 dt 2.05.2025, ,VKM nr 422 dt 26.06.2024,listepagese maj 25,50,Instituti Statistikes,1050001,Aparati Qendror INSTAT (3535),6022099,Sherbime te tjera,INTESA SANPAOLO BANK ALBANIA,19511.00,6/4/2025 12:00:00 AM,6/5/2025 12:00:00 AM
 Durres,54821070012025,2107001/Bashkia Durres Likuidim per furnizim me energji dhe lidhje te re kontrate per lagjene  ere te zones se Spitalles,0,Unspecified,2107001,Bashkia Durres (0707),2314130,Shpenz. per rritjen e AQT - paisje qe sigurojne energji,OPERATORI I SISTEMIT TE SHPERNDARJES,294667.00,6/3/2025 12:00:00 AM,6/5/2025 12:00:00 AM
 Tirane,54910500012025,1050001 INSTAT,lik anketa,urdher nr 847/1 dt 2.05.2025, ,VKM nr 422 dt 26.06.2024,listepagese maj 25,50,Instituti Statistikes,1050001,Aparati Qendror INSTAT (3535),6022099,Sherbime te tjera,UNION BANK SHA,19511.00,6/4/2025 12:00:00 AM,6/5/2025 12:00:00 AM
 Durres,54921070012025,2107001/Bashkia Durres Kthim Garancie Rikosntruksion i shkolles Vat Bushi Kthim 5 % garancie,0,Unspecified,2107001,Bashkia Durres (0707),4662114,Garanci te vitit vazhdim per sipermarje punimesh,Te Dala,T & XH,42067.00,6/3/2025 12:00:00 AM,6/5/2025 12:00:00 AM
 Tirane,5510061552025,1006155 AKBerth 2025, Page sherbim pastirmi (pastruese),Marr nr 4 2dt 02.07.2018,Listepagese,Mbajtur ne TB,6,Ministria e Infrastruktures dhe Energjise,1006155,Agjencia Kombetare Berthamore (AKOB) (3535),6022099,Sherbime te tjera,BANKA CREDINS,20400.00,6/4/2025 12:00:00 AM,6/5/2025 12:00:00 AM
 Kolonje,5510100142025,1010014Dega e Thesarit Kolonje shpenz.mat.pastrim,dizifektim, lik.fat.nr.3/2025 dt.04.06.2025,up nr.10 dt.02.06.2025,flete hyrje nr.05 dt.04.06.2025,10,Ministria e Financave dhe Ekonomise,1010014,Dega e Thesarit Kolonje (1514),6020200,Materiale per pastrim, dezinfektim, ngrohje dhe ndriçim,ROZETA HAMZAJ,33030.00,6/4/2025 12:00:00 AM,6/5/2025 12:00:00 AM
 Tirane,5510121052025,1012105 - AIE 2025 - shpenz per automjete me qera, up nr 5 dt 20.01.2025 ft ofrt nr 19/3  dt 20.01.2025,  nj fit dt 28.01.2025, fat nr 4 dt 20.05.2025,12,Ministria e Ekonomise, Kultures dhe Inovacionit,1012105,Agjencia e Inivacionit dhe Ekselences (3535),6026400,Shpenzime per qiramarrje mjetesh transporti,Charm G,99500.00,6/3/2025 12:00:00 AM,6/5/2025 12:00:00 AM
 Durres,55121070012025,2107001/Bashkia Durres Fondi i Bashkise 6 % Muaji Maj 2025,0,Unspecified,2107001,Bashkia Durres (0707),6061003,Ndihme ekonomike,POSTA SHQIPTARE SH.A,165141.00,6/3/2025 12:00:00 AM,6/5/2025 12:00:00 AM
 Tirane,5521010282025,2101028-Agjensia e Sherbimeve Funerale 2024- Ndalese nga Paga Idajet Mena Urdher Sekuestro nr 7585 dt 2.9.2020, Muaji MAJ  2025, Urdher Drejtori nr 802/1 dt 11.9.2020,0,Unspecified,2101028,Agjencia  Sherbimeve Funerale (3535),6001001,Paga neto për punonjesit e miratuar në organikë,AA BAILIFF,4400.00,6/4/2025 12:00:00 AM,6/5/2025 12:00:00 AM
 Shkoder,5521410382025,2141038 Shtepia e Femijes Shkollore 6-15 vjec, paga Maj 2025, listepag mujore nr 06 dt 03.06.25, listepag banka nr06/4 dt03.06.25 - 2+1 pn,13,Ministria e Shendetesise dhe Mbrojtjes Sociale,2141038,Shtepia e Femijeve Shkollor Shkoder (3333),6001001,Paga neto për punonjesit e miratuar në organikë,BANGA E PARE E INVESTIMEVE,120584.00,6/4/2025 12:00:00 AM,6/5/2025 12:00:00 AM
 Durres,55621070012025,2107001/Bashkia Durres Likuidim Blerje Kancelari dhe Tonera nr fat 7053 dt 07.05.2025,0,Unspecified,2107001,Bashkia Durres (0707),6029099,Shpenzime per te tjera materiale dhe sherbime operative,InfoSoft Office,1883999.00,6/3/2025 12:00:00 AM,6/5/2025 12:00:00 AM
 Durres,55721070012025,2107001/Bashkia Durres Likujdim fature per furnizimin me energji dhe lidhje te re kontrate per lagjen e re te zones ne Spitalle Durres,0,Unspecified,2107001,Bashkia Durres (0707),2314130,Shpenz. per rritjen e AQT - paisje qe sigurojne energji,OPERATORI I SISTEMIT TE SHPERNDARJES,294627.00,6/4/2025 12:00:00 AM,6/5/2025 12:00:00 AM
 Durres,55821070012025,2107001/Bashkia Durres Likujdim fature per furnizim me energji dhe lidhjet te re kontrate per lagjen e re te spitalles Durres,0,Unspecified,2107001,Bashkia Durres (0707),2314130,Shpenz. per rritjen e AQT - paisje qe sigurojne energji,OPERATORI I SISTEMIT TE SHPERNDARJES,378595.00,6/4/2025 12:00:00 AM,6/5/2025 12:00:00 AM
 Durres,55921070012025,2107001/Bashkia Durres Likudiim fature energjie dhe lidhje energjie elektrike lagja e re Spitalle,0,Unspecified,2107001,Bashkia Durres (0707),2314130,Shpenz. per rritjen e AQT - paisje qe sigurojne energji,OPERATORI I SISTEMIT TE SHPERNDARJES,378595.00,6/4/2025 12:00:00 AM,6/5/2025 12:00:00 AM
 Durres,56021070012025,2107001/Bashkia Durres Likudiim fature energjie dhe lidhje energjie elektrike lagja e re Spitalle,0,Unspecified,2107001,Bashkia Durres (0707),2314130,Shpenz. per rritjen e AQT - paisje qe sigurojne energji,OPERATORI I SISTEMIT TE SHPERNDARJES,378595.00,6/4/2025 12:00:00 AM,6/5/2025 12:00:00 AM
 Tirane,5610050402025,1005040 ESHFF 2025 - sherbim roje maj 2025, vkm nr 177 dt 04.04.2019, kontr ne vazhd nr 31 dt 15.01.2025, fature nr 1751 dt 01.06.2025,5,Ministria e Bujqesise dhe Zhvillimit Rural,1005040,Enti Shteteror i Farnave dhe fidanave (3535),6022008,Sherbime te sigurimit dhe ruajtjes,Illyrian Guard,178080.00,6/4/2025 12:00:00 AM,6/5/2025 12:00:00 AM
 Tirane,5610121052025,1012105 - AIE 2025 - shpenz per organizim eventi, up nr 2182 dt 15.11.2024, ft ofrt nr 123/2 dt 14.04.2025, MK nr 2182/23 dt 12.02.2025, kont rnr 123/4 dt 17.04.2025, fat nr 15 dt 13.05.2025,12,Ministria e Ekonomise, Kultures dhe Inovacionit,1012105,Agjencia e Inivacionit dhe Ekselences (3535),6029099,Shpenzime per te tjera materiale dhe sherbime operative,Vebian Muçaj,2079500.00,6/3/2025 12:00:00 AM,6/5/2025 12:00:00 AM
 Kavaje,5610130302025,NJVKSH KAVAJE LIKUJDIM FATURE NR 2880533 DT 02.06.2025,13,Ministria e Shendetesise dhe Mbrojtjes Sociale,1013030,Njësia Vendore e Kujdesit Shëndetësor Kavajë (3513),6022099,Sherbime te tjera,VODAFONE ALBANIA,1299.00,6/4/2025 12:00:00 AM,6/5/2025 12:00:00 AM
 Tirane,5610140492025,1014049 Komit Shqip.Biresim 2025, lik paga m maj 2025, plan/fakt 8/1 me kontrate 4/2 listepagese,14,Ministria e Drejtesise,1014049,Sherbimi per ceshtjet e biresimeve (3535),6001001,Paga neto për punonjesit e miratuar në organikë,RAIFFEISEN BANK SH.A,257317.00,6/4/2025 12:00:00 AM,6/5/2025 12:00:00 AM
 Durres,56121070012025,2107001/Bashkia Durres Lidhje rrjeti ujesjellesit dhe kanalizime per lagjen e re spitalle,0,Unspecified,2107001,Bashkia Durres (0707),2313400,Shpenz. per rritjen e AQT - konstruksione te veprave ujore,SHOQERIA RAJONALE UJESJELLES KANALIZIME DURRES SH A,500000.00,6/4/2025 12:00:00 AM,6/5/2025 12:00:00 AM
 Mirdite,5621330062025,APPM (2133006) INTERNET MARS 2025FAT 34871 DT 04.04.2025.,0,Unspecified,2133006,Agjencia e Puneve Publike dhe Mirembajtjes (2026),6022003,Sherbime telefonike,ONE ALBANIA,2200.00,6/4/2025 12:00:00 AM,6/5/2025 12:00:00 AM
 Shkoder,5621410382025,2141038 Shtepia e Femijes Shkollore 6-15 vjec, paga Maj 2025, listepag mujore nr 06 dt 03.06.25, listepag banka nr06/3 dt03.06.25 - 3+1pn,13,Ministria e Shendetesise dhe Mbrojtjes Sociale,2141038,Shtepia e Femijeve Shkollor Shkoder (3333),6001001,Paga neto për punonjesit e miratuar në organikë,BANKA CREDINS,277226.00,6/4/2025 12:00:00 AM,6/5/2025 12:00:00 AM
 Durres,56221070012025,2107001/Bashkia Durres Paga Keshilli Bashkiak Maj 2025,0,Unspecified,2107001,Bashkia Durres (0707),6029099,Shpenzime per te tjera materiale dhe sherbime operative,INTESA SANPAOLO BANK ALBANIA,1207850.00,6/4/2025 12:00:00 AM,6/5/2025 12:00:00 AM
 Durres,56321070012025,2107001/Bashkia Durres Paga Keshilli Bashkiak Maj 2025,0,Unspecified,2107001,Bashkia Durres (0707),6029099,Shpenzime per te tjera materiale dhe sherbime operative,RAIFFEISEN BANK SH.A,24650.00,6/4/2025 12:00:00 AM,6/5/2025 12:00:00 AM
 Durres,56521070012025,2107001/Bashkia Durres Paga Kryepleqte  Njesia Administrative Maj 2025,0,Unspecified,2107001,Bashkia Durres (0707),6029099,Shpenzime per te tjera materiale dhe sherbime operative,INTESA SANPAOLO BANK ALBANIA,381650.00,6/4/2025 12:00:00 AM,6/5/2025 12:00:00 AM
 Durres,56621070012025,2107001/Bashkia Durres Paga Neto per punonjesit e miratuar ne organike  Gjendja Civile Maj 2025,16,Ministria e Brendshme,2107001,Bashkia Durres (0707),6001001,Paga neto për punonjesit e miratuar në organikë,BANKA CREDINS,20343.00,6/4/2025 12:00:00 AM,6/5/2025 12:00:00 AM
 Durres,56721070012025,2107001/Bashkia Durres Paga Neto per punonjesit e miratuar ne organike  Gjendja Civile Maj 2025,16,Ministria e Brendshme,2107001,Bashkia Durres (0707),6001001,Paga neto për punonjesit e miratuar në organikë,BANKA AMERIKANE E INVESTIMEVE SHA	,1469070.00,6/4/2025 12:00:00 AM,6/5/2025 12:00:00 AM
 Tirane,5710120212025,1012021 G.K.A -  blerje materiale ngritje ekspozite 'Idromeno', up nr 23 dt 26.03.2025, nj fit nr 42/4 dt 26.03.2025, kontr nr 42/5 dt 26.03.2025, fat nr 13 dt 27.03.2025, fh nr 3 dt 27.03.2025,12,Ministria e Ekonomise, Kultures dhe Inovacionit,1012021,Galeria Kombetare e arteve (3535),6044099,Te tjera transferta per institucionet jo-fitim prurese,Telia Kurti,111822.00,6/4/2025 12:00:00 AM,6/5/2025 12:00:00 AM
 Kavaje,5710130302025,NJVKSH KAVAJE LIKUJDIM FATURE NR 14378 DT 29.05.2025,13,Ministria e Shendetesise dhe Mbrojtjes Sociale,1013030,Njësia Vendore e Kujdesit Shëndetësor Kavajë (3513),6022099,Sherbime te tjera,ABISSNET,3500.00,6/4/2025 12:00:00 AM,6/5/2025 12:00:00 AM
 Tirane,5710140492025,1014049 Komit Shqip.Biresim 2025, lik paga m maj 2025, plan/fakt 8/3 listepagese,14,Ministria e Drejtesise,1014049,Sherbimi per ceshtjet e biresimeve (3535),6001001,Paga neto për punonjesit e miratuar në organikë,BANKA KOMBETARE TREGTARE,216940.00,6/4/2025 12:00:00 AM,6/5/2025 12:00:00 AM
 Kukes,5710500192025,1050019 Instat Kukes  paga muaji maj  2025 borderoja,50,Instituti Statistikes,1050019,Dega e Instat rrethi Kukes (1818),6001001,Paga neto për punonjesit e miratuar në organikë,BANKA CREDINS,65177.00,6/4/2025 12:00:00 AM,6/5/2025 12:00:00 AM
 Mirdite,5721330062025,APPM (2133006) INTERNET PRILL 2025FAT 474175/2025 DT 05.05.2025.,0,Unspecified,2133006,Agjencia e Puneve Publike dhe Mirembajtjes (2026),6022003,Sherbime telefonike,ONE ALBANIA,2200.00,6/4/2025 12:00:00 AM,6/5/2025 12:00:00 AM
 Shkoder,5721410382025,2141038 Shtepia e Femijes Shkollore 6-15 vjec, paga Maj 2025, listepag mujore nr 06 dt 03.06.25, listepag banka nr06/5 dt03.06.25 - 14 pn,13,Ministria e Shendetesise dhe Mbrojtjes Sociale,2141038,Shtepia e Femijeve Shkollor Shkoder (3333),6001001,Paga neto për punonjesit e miratuar në organikë,RAIFFEISEN BANK SH.A,833641.00,6/4/2025 12:00:00 AM,6/5/2025 12:00:00 AM
 Mirdite,5732133001205,Bashkia Mirdite(2133001) NDALESE PAGE VLASH GJONAJ URDHER NR 133 DT 15.04.2025 PER LLOGARI TE BRAHIM MUCA .,0,Unspecified,2133001,Bashkia Mirditë (2026),6001001,Paga neto për punonjesit e miratuar në organikë,BRAHIM MUÇA,30000.00,6/4/2025 12:00:00 AM,6/5/2025 12:00:00 AM
 Mirdite,5742133001205,Bashkia Mirdite(2133001) NDALESE PAGE MARINA TOCI URDHER NR 184 DT 14.05.2025 PER LLOGARI TE BRAHIM MUCA .,0,Unspecified,2133001,Bashkia Mirditë (2026),6001001,Paga neto për punonjesit e miratuar në organikë,BRAHIM MUÇA,2979.00,6/4/2025 12:00:00 AM,6/5/2025 12:00:00 AM
 Mirdite,57521330012025,Bashkia Mirdite(2133001) PAGA MAJ 2025 LISTE PAGESE BANKE MAJ,0,Unspecified,2133001,Bashkia Mirditë (2026),6001001,Paga neto për punonjesit e miratuar në organikë,RAIFFEISEN BANK SH.A,2810405.00,6/4/2025 12:00:00 AM,6/5/2025 12:00:00 AM
 Mirdite,57621330012025,Bashkia Mirdite(2133001) PAGA MAJ 2025 LISTE PAGESE BANKE MAJ,0,Unspecified,2133001,Bashkia Mirditë (2026),6001001,Paga neto për punonjesit e miratuar në organikë,BANKA KOMBETARE TREGTARE,1324983.00,6/4/2025 12:00:00 AM,6/5/2025 12:00:00 AM
 Mirdite,57721330012025,Bashkia Mirdite(2133001) PAGA MAJ 2025 LISTE PAGESE BANKE MAJ,0,Unspecified,2133001,Bashkia Mirditë (2026),6001001,Paga neto për punonjesit e miratuar në organikë,Banka OTP Albania,2028262.00,6/4/2025 12:00:00 AM,6/5/2025 12:00:00 AM
 Mirdite,57821330012025,Bashkia Mirdite(2133001) PAGA MAJ 2025 LISTE PAGESE BANKE MAJ,0,Unspecified,2133001,Bashkia Mirditë (2026),6001001,Paga neto për punonjesit e miratuar në organikë,RAIFFEISEN BANK SH.A,786204.00,6/4/2025 12:00:00 AM,6/5/2025 12:00:00 AM
 Mirdite,57921330012025,Bashkia Mirdite(2133001) PAGA MAJ 2025 LISTE PAGESE BANKE MAJ,0,Unspecified,2133001,Bashkia Mirditë (2026),6001001,Paga neto për punonjesit e miratuar në organikë,BANKA KOMBETARE TREGTARE,915129.00,6/4/2025 12:00:00 AM,6/5/2025 12:00:00 AM
 Mirdite,58021330012025,Bashkia Mirdite(2133001) PAGA MAJ 2025 LISTE PAGESE BANKE MAJ,0,Unspecified,2133001,Bashkia Mirditë (2026),6001001,Paga neto për punonjesit e miratuar në organikë,Banka OTP Albania,779487.00,6/4/2025 12:00:00 AM,6/5/2025 12:00:00 AM
 Shkoder,5810112622025,1011262, ZVAP Vau i Dejes, paga maj 2025, listepag mujore 266 dt 4.6.25, listepag banke 266-2 dt 4.6.25, urdh 35 dt 4.6.25, 114+ 1pn,11,Ministria e Arsimit Sportit dhe Rinise,1011262,Zyra Vendore Arsimore, Vau i Dejës (3333),6001001,Paga neto për punonjesit e miratuar në organikë,BANKA CREDINS,9274379.00,6/4/2025 12:00:00 AM,6/5/2025 12:00:00 AM
 Tirane,5810121002025,1012100 - Qendra kombetare e Librit 2025 - shpenz per lidhje interneti me fibra optike, kontr ne vazzhd nr DG203972R dt 10.05.2024, fat nr 169058 dt 29.05.2025,12,Ministria e Ekonomise, Kultures dhe Inovacionit,1012100,Qendra Kombetare e Librit dhe Leximit(3535),6021099,Te tjera materiale dhe sherbime speciale,DIGICom,25200.00,6/3/2025 12:00:00 AM,6/5/2025 12:00:00 AM
 Gjirokaster,5810121322025,1012132 Formimi Profesional. Pagat Maj 2025, Listepages.,12,Ministria e Ekonomise, Kultures dhe Inovacionit,1012132,Q.Form. Profes. Gjirokaster (1111),6001001,Paga neto për punonjesit e miratuar në organikë,BANKA CREDINS,850763.00,6/4/2025 12:00:00 AM,6/5/2025 12:00:00 AM
 Vlore,5810121632025,SHKOLLA TEGTARE 1012163 Blerje mat.fat.nr.22 dt.26.05.2025 f.h.nr. 2 dt 26.05.2025 urdh.prok.nr.828 dt.13.05.2025,12,Ministria e Ekonomise, Kultures dhe Inovacionit,1012163,Shkoll. Prof."Tregtare" Vlore (3737),6020900,Furnizime dhe materiale te tjera zyre dhe te pergjishme,Alb-Korrekt,300000.00,6/4/2025 12:00:00 AM,6/5/2025 12:00:00 AM
 Tirane,5810140492025,1014049 Komit Shqip.Biresim 2025, lik paga m maj 2025, plan/fakt 8/1 listepagese,14,Ministria e Drejtesise,1014049,Sherbimi per ceshtjet e biresimeve (3535),6001001,Paga neto për punonjesit e miratuar në organikë,BANKA AMERIKANE E INVESTIMEVE SHA	,78106.00,6/4/2025 12:00:00 AM,6/5/2025 12:00:00 AM
 Kukes,5810500192025,1050019 Instat Kukes  paga muaji maj  2025 borderoja,50,Instituti Statistikes,1050019,Dega e Instat rrethi Kukes (1818),6001001,Paga neto për punonjesit e miratuar në organikë,RAIFFEISEN BANK SH.A,69482.00,6/4/2025 12:00:00 AM,6/5/2025 12:00:00 AM
 Tirane,58108704020251,1087040 - MIA 2025 , Paga Maj 2025 , listpag dt 4.6.25 , pl 69 fk 29,87,Institucione te tjera Qeveritare,1087040,Agjencia për Mediat dhe Informim (3535),6001001,Paga neto për punonjesit e miratuar në organikë,BANKA CREDINS,3041347.00,6/4/2025 12:00:00 AM,6/5/2025 12:00:00 AM
 Mirdite,58121330012025,Bashkia Mirdite(2133001) PAGA MAJ 2025 LISTE PAGESE BANKE MAJ,0,Unspecified,2133001,Bashkia Mirditë (2026),6001001,Paga neto për punonjesit e miratuar në organikë,RAIFFEISEN BANK SH.A,6100574.00,6/4/2025 12:00:00 AM,6/5/2025 12:00:00 AM
 Shkoder,5821410382025,2141038 Shtepia e Femijes Shkollore 6-15 vjec, paga Maj 2025, listepag mujore nr 06 dt 03.06.25, listepag banka nr06/1 dt03.06.25 - 1pn,13,Ministria e Shendetesise dhe Mbrojtjes Sociale,2141038,Shtepia e Femijeve Shkollor Shkoder (3333),6001001,Paga neto për punonjesit e miratuar në organikë,BANKA KOMBETARE TREGTARE,80306.00,6/4/2025 12:00:00 AM,6/5/2025 12:00:00 AM
 Mirdite,58221330012025,Bashkia Mirdite(2133001) PAGA MAJ 2025 LISTE PAGESE BANKE MAJ,0,Unspecified,2133001,Bashkia Mirditë (2026),6001001,Paga neto për punonjesit e miratuar në organikë,BANKA KOMBETARE TREGTARE,1656766.00,6/4/2025 12:00:00 AM,6/5/2025 12:00:00 AM
 Mirdite,58321330012025,Bashkia Mirdite(2133001) PAGA MAJ 2025 LISTE PAGESE BANKE MAJ,0,Unspecified,2133001,Bashkia Mirditë (2026),6001001,Paga neto për punonjesit e miratuar në organikë,Banka OTP Albania,2102900.00,6/4/2025 12:00:00 AM,6/5/2025 12:00:00 AM
 Mirdite,58421330012025,Bashkia Mirdite(2133001) PAGA MAJ 2025 LISTE PAGESE BANKE MAJ,0,Unspecified,2133001,Bashkia Mirditë (2026),6001001,Paga neto për punonjesit e miratuar në organikë,RAIFFEISEN BANK SH.A,589594.00,6/4/2025 12:00:00 AM,6/5/2025 12:00:00 AM
 Mirdite,58521330012025,Bashkia Mirdite(2133001) PAGA MAJ 2025 LISTE PAGESE BANKE MAJ,0,Unspecified,2133001,Bashkia Mirditë (2026),6001001,Paga neto për punonjesit e miratuar në organikë,BANKA KOMBETARE TREGTARE,1104467.00,6/4/2025 12:00:00 AM,6/5/2025 12:00:00 AM
 Mirdite,58621330012025,Bashkia Mirdite(2133001) PAGA MAJ 2025 LISTE PAGESE BANKE MAJ,0,Unspecified,2133001,Bashkia Mirditë (2026),6001001,Paga neto për punonjesit e miratuar në organikë,Banka OTP Albania,338817.00,6/4/2025 12:00:00 AM,6/5/2025 12:00:00 AM
 Mirdite,58721330012025,Bashkia Mirdite(2133001) PAGA MAJ 2025 LISTE PAGESE BANKE MAJ,16,Ministria e Brendshme,2133001,Bashkia Mirditë (2026),6001001,Paga neto për punonjesit e miratuar në organikë,RAIFFEISEN BANK SH.A,93540.00,6/4/2025 12:00:00 AM,6/5/2025 12:00:00 AM
 Mirdite,58821330012025,Bashkia Mirdite(2133001) PAGA MAJ 2025 LISTE PAGESE BANKE MAJ,16,Ministria e Brendshme,2133001,Bashkia Mirditë (2026),6001001,Paga neto për punonjesit e miratuar në organikë,BANKA KOMBETARE TREGTARE,208643.00,6/4/2025 12:00:00 AM,6/5/2025 12:00:00 AM
 Mirdite,58921330012025,Bashkia Mirdite(2133001) PAGA MAJ 2025 LISTE PAGESE BANKE MAJ,16,Ministria e Brendshme,2133001,Bashkia Mirditë (2026),6001001,Paga neto për punonjesit e miratuar në organikë,Banka OTP Albania,83960.00,6/4/2025 12:00:00 AM,6/5/2025 12:00:00 AM
 Mirdite,59021330012025,Bashkia Mirdite(2133001) PAGA MAJ 2025 LISTE PAGESE BANKE MAJ,0,Unspecified,2133001,Bashkia Mirditë (2026),6001001,Paga neto për punonjesit e miratuar në organikë,POSTA SHQIPTARE SH.A,202958.00,6/4/2025 12:00:00 AM,6/5/2025 12:00:00 AM
 Tropoje,5910111202025,Zyra Vendore Arsimore Tropoje, posta dhe sherbimi korrier Maj 2025, fatura nr.87/2025, datë  02.06.2025.,11,Ministria e Arsimit Sportit dhe Rinise,1011120,Zyra Vendore Arsimore, Tropojë (1836),6022004,Posta dhe sherbimi korrier,POSTA SHQIPTARE SH.A,240.00,6/4/2025 12:00:00 AM,6/5/2025 12:00:00 AM
 Shkoder,5910112622025,1011262, ZVAP Vau i Dejes, paga maj 2025, listepag mujore 266 dt 4.6.25, listepag banke 266-1 dt 4.6.25, urdh 35 dt 4.6.25, 102pn,11,Ministria e Arsimit Sportit dhe Rinise,1011262,Zyra Vendore Arsimore, Vau i Dejës (3333),6001001,Paga neto për punonjesit e miratuar në organikë,BANKA KOMBETARE TREGTARE,8169525.00,6/4/2025 12:00:00 AM,6/5/2025 12:00:00 AM
 Tirane,5910121002025,1012100 - Qendra kombetare e Librit 2025 - honorar perkthyes per projektin 'pananiri i leipzigut', vendim kolegj nr 8 dt 24.01.2025,  akt mareveshje nr 218 dt 25.03.2025, listepagese, tatim mbajtur ne burim,12,Ministria e Ekonomise, Kultures dhe Inovacionit,1012100,Qendra Kombetare e Librit dhe Leximit(3535),6040009,Te tjera transferime korrente,RAIFFEISEN BANK SH.A,53122.00,6/4/2025 12:00:00 AM,6/5/2025 12:00:00 AM
 Gjirokaster,5910121322025,1012132 Formimi Profesional. Pagat Maj 2025, Listepages.,12,Ministria e Ekonomise, Kultures dhe Inovacionit,1012132,Q.Form. Profes. Gjirokaster (1111),6001001,Paga neto për punonjesit e miratuar në organikë,BANKA KOMBETARE TREGTARE,226878.00,6/4/2025 12:00:00 AM,6/5/2025 12:00:00 AM
 Tirane,5910140492025,1014049 Komit Shqip.Biresim 2025, lik paga m maj 2025, plan/fakt 8/1 me kontrate 4/2 listepagese,14,Ministria e Drejtesise,1014049,Sherbimi per ceshtjet e biresimeve (3535),6001001,Paga neto për punonjesit e miratuar në organikë,UNION BANK SHA,158892.00,6/4/2025 12:00:00 AM,6/5/2025 12:00:00 AM
 Tirane,59108704020251,1087040 - MIA 2025 , Paga Maj 2025 , listpag dt 4.6.25 , pl 69 fk 21,87,Institucione te tjera Qeveritare,1087040,Agjencia për Mediat dhe Informim (3535),6001001,Paga neto për punonjesit e miratuar në organikë,RAIFFEISEN BANK SH.A,2012658.00,6/4/2025 12:00:00 AM,6/5/2025 12:00:00 AM
 Kukes,6010100582025,1010058 Tatimet Kukes Dieta dhe udhetime te brendshme muaji Maj Borderoja bashkengjitur,10,Ministria e Financave dhe Ekonomise,1010058,Drejtoria Rajonale Tatimore Kukes (1818),6024100,Udhetim i brendshem,RAIFFEISEN BANK SH.A,49500.00,6/4/2025 12:00:00 AM,6/5/2025 12:00:00 AM
 Tropoje,6010111202025,Zyra Vendore Arsimore  Tropoje, shpenzime per uje, fatura tatimore  nr.21047/2025, datë 03.06.2025, kontrata nr.13752, matesi nr.4388.,11,Ministria e Arsimit Sportit dhe Rinise,1011120,Zyra Vendore Arsimore, Tropojë (1836),6022002,Uje,SHOQERIA RAJONALE UJESJELLES KANALIZIME KUKES SHA,977.00,6/4/2025 12:00:00 AM,6/5/2025 12:00:00 AM
 Shkoder,6010112622025,1011262, ZVAP Vau i Dejes, paga maj 2025, listepag mujore 266 dt 4.6.25, listepag banke 266-3 dt 4.6.25, urdh 35 dt 4.6.25, 42 pn,11,Ministria e Arsimit Sportit dhe Rinise,1011262,Zyra Vendore Arsimore, Vau i Dejës (3333),6001001,Paga neto për punonjesit e miratuar në organikë,RAIFFEISEN BANK SH.A,3142365.00,6/4/2025 12:00:00 AM,6/5/2025 12:00:00 AM
 Tirane,6010121002025,1012100 - Qendra kombetare e Librit 2025 - dieta, urdh nr 41 dt 22.05.2025, aut nr 407 dt 22.05.2025, listepagese,12,Ministria e Ekonomise, Kultures dhe Inovacionit,1012100,Qendra Kombetare e Librit dhe Leximit(3535),6024100,Udhetim i brendshem,BANKA CREDINS,5500.00,6/4/2025 12:00:00 AM,6/5/2025 12:00:00 AM
 Korçe,6010121302025,1012130 QFFP KORCE, MATERIALE PASTRIMI, U.P NR. 75 DATE 09.05.2025, FTESE OFERTE, P.V.F.L DATE 09.05.2025, DOK.SIS, NJOF.FIT DATE 13.05.2025, P.V.PERF. DATE 19.05.2025, FATURA NR. 66/2025, F.H NR.108, 109, P.V.M.D DATE 19.05.2025,12,Ministria e Ekonomise, Kultures dhe Inovacionit,1012130,Q.Form. Profes. Korce (1515),6020200,Materiale per pastrim, dezinfektim, ngrohje dhe ndriçim,HEP-2012,89400.00,6/4/2025 12:00:00 AM,6/5/2025 12:00:00 AM
 Gjirokaster,6010121322025,1012132 Formimi Profesional. Pagat Maj 2025, Listepages.,12,Ministria e Ekonomise, Kultures dhe Inovacionit,1012132,Q.Form. Profes. Gjirokaster (1111),6001001,Paga neto për punonjesit e miratuar në organikë,RAIFFEISEN BANK SH.A,432505.00,6/4/2025 12:00:00 AM,6/5/2025 12:00:00 AM
 Vlore,6010121632025,SHKOLLA TEGTARE 1012163 POSTA FAT.NR.578 DT.04.06.2025 maj 2025,12,Ministria e Ekonomise, Kultures dhe Inovacionit,1012163,Shkoll. Prof."Tregtare" Vlore (3737),6022004,Posta dhe sherbimi korrier,POSTA SHQIPTARE SH.A,160.00,6/4/2025 12:00:00 AM,6/5/2025 12:00:00 AM
 Tirane,6010280372025,1028037 PPGJA -  lik. sherbimi ruajtje objekti, kontr. ne vazhd. nr 3122/1 dt 28.12.24,urdh nr 30 dt 30.12.24,  fat nr 1739 dt 01.06.25, pv sherbimi maj 2025,28,Prokuroria e Pergjithshme,1028037,Prokurori Apeli Tirane (3535),6022008,Sherbime te sigurimit dhe ruajtjes,Illyrian Guard,525243.00,6/4/2025 12:00:00 AM,6/5/2025 12:00:00 AM
 Kukes,6010500192025,1050019 Instat Kukes shp qira zyre muaji maj 2025 borderoja ,kontrate qiraje individuale dt 04.03.2025,50,Instituti Statistikes,1050019,Dega e Instat rrethi Kukes (1818),6001001,Paga neto për punonjesit e miratuar në organikë,BANKA CREDINS,23800.00,6/4/2025 12:00:00 AM,6/5/2025 12:00:00 AM
 Tirane,60108704020251,1087040 - MIA 2025 , Paga Maj 2025 , listpag dt 4.6.25 , pl 69 fk 12,87,Institucione te tjera Qeveritare,1087040,Agjencia për Mediat dhe Informim (3535),6001001,Paga neto për punonjesit e miratuar në organikë,BANKA KOMBETARE TREGTARE,1145461.00,6/4/2025 12:00:00 AM,6/5/2025 12:00:00 AM
 Shkoder,60221410012025,2141001 Shpenz per transp bazes mat per zgjedhje per KZAZ 2, pv nr15 dt05.05.25, fat nr13/2025 dt12.05.25, pv nr15/1 dt12.05.25, shk nr3664/4443 dt02.05.25/13.05.25, urdh nr557 dt16.05.25,73,Komisioni Qendror i Zgjedhjeve,2141001,Bashkia Shkoder (3333),6023900,Shpenzime te tjera transporti,Go Safe Albania,95940.00,6/4/2025 12:00:00 AM,6/5/2025 12:00:00 AM
 Shkoder,60321410012025,2141001 Shpenz per transp bazes mat per zgjedhje per KZAZ 2, pv nr16 dt05.05.25, fat nr16/2025 dt12.05.25, pv nr16/1 dt12.05.25, shk nr3664/4443 dt02.05.25/13.05.25, urdh nr557 dt16.05.25,73,Komisioni Qendror i Zgjedhjeve,2141001,Bashkia Shkoder (3333),6023900,Shpenzime te tjera transporti,Go Safe Albania,95940.00,6/4/2025 12:00:00 AM,6/5/2025 12:00:00 AM
 Shkoder,60421410012025,2141001 Shpenz per transp bazes mat per zgjedhje per KZAZ 2, pv nr17 dt05.05.25, fat nr15/2025 dt12.05.25, pv nr17/1 dt12.05.25, shk nr3664/4443 dt02.05.25/13.05.25, urdh nr557 dt16.05.25,73,Komisioni Qendror i Zgjedhjeve,2141001,Bashkia Shkoder (3333),6023900,Shpenzime te tjera transporti,Go Safe Albania,95940.00,6/4/2025 12:00:00 AM,6/5/2025 12:00:00 AM
 Shkoder,60521410012025,2141001 Shpenz per transp bazes mat per zgjedhje per KZAZ 2, pv nr18 dt05.05.25, fat nr14/2025 dt12.05.25, pv nr18/1 dt12.05.25, shk nr3664/4443 dt02.05.25/13.05.25, urdh nr557 dt16.05.25,73,Komisioni Qendror i Zgjedhjeve,2141001,Bashkia Shkoder (3333),6023900,Shpenzime te tjera transporti,Go Safe Albania,95940.00,6/4/2025 12:00:00 AM,6/5/2025 12:00:00 AM
 Lezhe,60621270012025,BASHKIA LEZHE PAG SIPAS LISTEPAGESES AKTIVITETI I 2 MARSIT DHE AT ZEF PLLUMBI,KERK PER PAGESEN E ANETAREVE NR 3351 DT 13.03.2025 & NR 5474 DT 06.05.2025, VENDIM NR 2 DT 19.2.2025,VENDIM NR 3 DT 13.3.2025,PV I MBAJTUR DY MBLEDHJE,0,Unspecified,2127001,Bashkia Lezhe (2020),6029099,Shpenzime per te tjera materiale dhe sherbime operative,POSTA SHQIPTARE SH.A,38250.00,6/4/2025 12:00:00 AM,6/5/2025 12:00:00 AM
 Shkoder,60621410012025,2141001 Shpenz per transp bazes mat per zgjedhje per KZAZ 2, pv nr23 dt13.05.25, fat nr17/2025 dt15.05.25, pv nr23/1 dt15.05.25, shk nr3664/4443 dt02.05.25/13.05.25, urdh nr557 dt16.05.25,73,Komisioni Qendror i Zgjedhjeve,2141001,Bashkia Shkoder (3333),6023900,Shpenzime te tjera transporti,Go Safe Albania,81880.00,6/4/2025 12:00:00 AM,6/5/2025 12:00:00 AM
 Lezhe,60721270012025,BASHKIA LEZHE PAG FAT 92 DT 23.04.2025,SITUACION MARS 2025, UP NR 16 DT 16.4.2021, NJ FIT 6885/19 DT07.6.21,KONTR 6885/22 DT 25.06.2021,SHERBIM I PASTRIMIT,GRUMBULLIMIT DHE DEPOZITIMIT TE MBETJEVE URBANE ZONA 3 BASHKIA LEZHE,0,Unspecified,2127001,Bashkia Lezhe (2020),6022009,Sherbime te pastrimit dhe gjelberimit,"LEKA - 2007",749843.00,6/4/2025 12:00:00 AM,6/5/2025 12:00:00 AM
 Lezhe,60821270012025,BASHKIA LEZHE PAG FAT 112 DT 16.05.2025, SITUACION PRILL 2025, UP NR 16 DT 16.04.2021, NJ FIT 6885/19 DT 07.06.2021, KONTR 6885/22 DT 25.06.2021,SHERBIM I PASTRIMIT GRUMBULLIMIT DHE DEPOZITIMIT,0,Unspecified,2127001,Bashkia Lezhe (2020),6022009,Sherbime te pastrimit dhe gjelberimit,"LEKA - 2007",937575.00,6/4/2025 12:00:00 AM,6/5/2025 12:00:00 AM
 Mirdite,60921330012025/,Bashkia Mirdite(2133001) NDIHME EKONOMIKE SISTEMI MAJ 2025.,13,Ministria e Shendetesise dhe Mbrojtjes Sociale,2133001,Bashkia Mirditë (2026),6061003,Ndihme ekonomike,Banka OTP Albania,3320522.00,6/4/2025 12:00:00 AM,6/5/2025 12:00:00 AM
 Shkoder,60921410012025,2141001 Veshje per femijet e festivalit, up nr506 dt09.05.25, ft of nr9399/1 dt09.05.25, njof fit nr9399/2 dt14.05.25, fat nr245/2025 dt23.05.25, fh nr64 dt23.05.25, pv dt23.05.25,0,Unspecified,2141001,Bashkia Shkoder (3333),6029099,Shpenzime per te tjera materiale dhe sherbime operative,LUFAPRINT,198000.00,6/4/2025 12:00:00 AM,6/5/2025 12:00:00 AM
 Tirane,610061622025,A.K.B.N 1006162 2025, lik transferte per projektet sipas pasqyres permbledhese Maj 2025 dhe situacionit te projekteve,6,Ministria e Infrastruktures dhe Energjise,1006162,Agjencia Kombetare e Burimeve Natyrore (AKBN) (3535),2302100,Shpenz. per rritjen e AQ - studime ose kerkime,AGJENSIA KOMB.TE BURIMEVE NATYRORE,1600000.00,6/4/2025 12:00:00 AM,6/5/2025 12:00:00 AM
 Mirdite,61021330012025,Bashkia Mirdite(2133001) NDIHME EKONOMIKE SISTEMI MAJ 2025.,13,Ministria e Shendetesise dhe Mbrojtjes Sociale,2133001,Bashkia Mirditë (2026),6061003,Ndihme ekonomike,RAIFFEISEN BANK SH.A,913335.00,6/4/2025 12:00:00 AM,6/5/2025 12:00:00 AM
 Kukes,6110100582025,1010058 Tatimet Kukes Dieta dhe udhetime te brendshme muaji Maj Borderoja bashkengjitur,10,Ministria e Financave dhe Ekonomise,1010058,Drejtoria Rajonale Tatimore Kukes (1818),6024100,Udhetim i brendshem,UNION BANK SHA,33000.00,6/4/2025 12:00:00 AM,6/5/2025 12:00:00 AM
 Shkoder,6110112622025,1011262, ZVAP Vau i Dejes, paga maj 2025, listepag mujore 266 dt 4.6.25, listepag banke 266-4 dt 4.6.25, urdh 35 dt 4.6.25, 23 pn,11,Ministria e Arsimit Sportit dhe Rinise,1011262,Zyra Vendore Arsimore, Vau i Dejës (3333),6001001,Paga neto për punonjesit e miratuar në organikë,BANKA E TIRANES,1916075.00,6/4/2025 12:00:00 AM,6/5/2025 12:00:00 AM
 Tirane,6110121002025,1012100 - Qendra kombetare e Librit 2025 -blerje  certefikate per projektin 'cmimet lumo skendo 2024', vendim kolegj nr 32 dt 06.09.2025, fat nr 9 dt 21.04.2025, fh nr 3 dt 21.04.2025,12,Ministria e Ekonomise, Kultures dhe Inovacionit,1012100,Qendra Kombetare e Librit dhe Leximit(3535),6040009,Te tjera transferime korrente,Alban Sipri,20200.00,6/4/2025 12:00:00 AM,6/5/2025 12:00:00 AM
 Korçe,6110121302025,1012130 QFFP KORCE, BLERJE KANCELARI, U.P NR. 74 DATE 09.05.2025, FTESE OFERTE, P.V.F.L DATE 09.05.2025, DOK.SIS, NJOF.FIT DATE 13.05.2025, P.V.PERF. DATE 20.05.2025, FATURA NR.4003/2025, F.H NR.110, 111, 112, 113, P.V.M.D DATE 20.05.2025,12,Ministria e Ekonomise, Kultures dhe Inovacionit,1012130,Q.Form. Profes. Korce (1515),6020100,Kancelari,MARKETING & DISTRIBUTION	,90000.00,6/4/2025 12:00:00 AM,6/5/2025 12:00:00 AM
 Gjirokaster,6110121322025,1012132 Formimi Profesional. Pagat Maj 2025, Listepages.,12,Ministria e Ekonomise, Kultures dhe Inovacionit,1012132,Q.Form. Profes. Gjirokaster (1111),6002001,Paga neto e punonjësve me kontratë të përkohshme mbi numrin organik,TIRANA  BANK,38203.00,6/4/2025 12:00:00 AM,6/5/2025 12:00:00 AM
 Vlore,6110121332025,3737 QFP 1012133 UJE PRILL 2025 FAT 2504601001 DT 30.04.2025,12,Ministria e Ekonomise, Kultures dhe Inovacionit,1012133,Q.Form. Profes.Vlore (3737),6022002,Uje,Shoqëria Rajonale Ujësjellës Kanalizime Vlorë,7229.00,6/4/2025 12:00:00 AM,6/5/2025 12:00:00 AM
 Kolonje,6110130312025,1013031 Nj.V.K.Shendetesor Kolonje urdher stomatologu maj 2025, permbledhese dt. 04.06.2025,13,Ministria e Shendetesise dhe Mbrojtjes Sociale,1013031,Njësia Vendore e Kujdesit Shëndetësor Kolonjë (1514),6001001,Paga neto për punonjesit e miratuar në organikë,URDHRI I STOMATOLOGUT TE SHQIPERISE(L51617452E),1000.00,6/4/2025 12:00:00 AM,6/5/2025 12:00:00 AM
 Sarande,6110130432025,Lik pagat list pagesa dat 31.05.2025 per NJVKSH sr 2025,13,Ministria e Shendetesise dhe Mbrojtjes Sociale,1013043,Njësia Vendore e Kujdesit Shëndetësor Sarandë,6001001,Paga neto për punonjesit e miratuar në organikë,RAIFFEISEN BANK SH.A,991137.00,6/4/2025 12:00:00 AM,6/5/2025 12:00:00 AM
 Tirane,6110280372025,1028037 PPGJA -  shpz poste sekret, fat nr 237 dt 02.06.25,28,Prokuroria e Pergjithshme,1028037,Prokurori Apeli Tirane (3535),6022004,Posta dhe sherbimi korrier,POSTA SHQIPTARE SH.A,792.00,6/4/2025 12:00:00 AM,6/5/2025 12:00:00 AM
 Lezhe,61121270012025,BASHKIA LEZHE PAG FAT 938 dt 24.4.2025,situacion mars 2025,up nr 16 dt 16.4.2021,nj fit 6885/19 dt 07.6.2021,kontr 6885/22 dt 25.06.2021,sherbim i pastrimitgrumbullimit dhe depozitimit te mbetjeve urbane zona 3 bashkia lezhe loti trete,0,Unspecified,2127001,Bashkia Lezhe (2020),6022009,Sherbime te pastrimit dhe gjelberimit,V.A.L.E RECYCLING,199327.00,6/4/2025 12:00:00 AM,6/5/2025 12:00:00 AM
 Mirdite,61121330012025,Bashkia Mirdite(2133001) NDIHME EKONOMIKE SISTEMI MAJ 2025.,13,Ministria e Shendetesise dhe Mbrojtjes Sociale,2133001,Bashkia Mirditë (2026),6061003,Ndihme ekonomike,POSTA SHQIPTARE SH.A,264489.00,6/4/2025 12:00:00 AM,6/5/2025 12:00:00 AM
 Lezhe,61221270012025,BASHKIA LEZHE PAG FAT 1132 DT 26.05.2025,SITUACION PRILL 2025,UP NR 16 DT 16.04.2021, NJ FIT 6885/19 DT 07.06.2021, KONTR 6885/22 DT 25.06.2021,SHERBIM I PASTRIMIT GRUMBULLIMIT DHE DEPOZITIMIT TE MBETJEVE URBANE ZONA 3 LOTI 3 BASHKIA LEZHE,0,Unspecified,2127001,Bashkia Lezhe (2020),6022009,Sherbime te pastrimit dhe gjelberimit,V.A.L.E RECYCLING,249209.00,6/4/2025 12:00:00 AM,6/5/2025 12:00:00 AM
 Tirane,61310120012025,1012001,projekti Siti Lights,fat nr 10/2025  dt26.5.25,kontr 6643 dt 13.5.25,urdh 150 dt30.1.25,291 dt 28.2.25,305 dt7.3.25,341 dt18.3.25,memo1302 dt 29.1.25,3548/2 dt28.2.25,1302/2 dt7.3.25,pv 1302/7 dt18.3.25,12,Ministria e Ekonomise, Kultures dhe Inovacionit,1012001,Aparati i Ministrise se Ekonomise, Kultures dhe Inovacionit (3535),6044099,Te tjera transferta per institucionet jo-fitim prurese,ERA TULA,300000.00,6/2/2025 12:00:00 AM,6/5/2025 12:00:00 AM
 Tirane,61410120012025,1012001,proj Arti i Thurjes,fat 1/2025 dt 27.5.25,kontr 3156/2 dt 14.5.25,urdh150 dt30.1.25,305 dt7.3.25,333 dt17.3.25,memo1302 dt29.1.25,3548/2 dt28.2.25,1302/2 dt73.25,pv 1302/4 dt 17.3.25,vk 1302/5 dt 17.3.25,12,Ministria e Ekonomise, Kultures dhe Inovacionit,1012001,Aparati i Ministrise se Ekonomise, Kultures dhe Inovacionit (3535),6044099,Te tjera transferta per institucionet jo-fitim prurese,EZMERINA KASA,300000.00,6/2/2025 12:00:00 AM,6/5/2025 12:00:00 AM
 Tirane,61710870062025,Akshi - det prap Mirëmbajtje e sistemit ASTRAIA  Kontrata Nr. 50, dt 15/02/2023, Fatura nr 48/2024, dt. 16/12/2024 Raporti i mirëmbajtjes nr. 50/26, datë 16/12/2024,87,Institucione te tjera Qeveritare,1087006,Agjencia Kombetare e Shoqerise se Informacionit (3535),6025800,Shpenzime per mirembajtjen e paisjeve te zyrave,ALBANIAN BUSINESS PARTNER,5250270.00,5/29/2025 12:00:00 AM,6/5/2025 12:00:00 AM
 Kruje,62 10051122025,2025-Q.T.T.B Fushe Kruje Paga neto per punonjesit muaji Maj  2025 list pag dt 02.06.2025,5,Ministria e Bujqesise dhe Zhvillimit Rural,1005112,Qendra e Transferimit te Teknologjive Bujqesore Kruje (0716),6001001,Paga neto për punonjesit e miratuar në organikë,BANKA KOMBETARE TREGTARE,4318087.00,6/4/2025 12:00:00 AM,6/5/2025 12:00:00 AM
 Tirane,62010870062025,Akshi- det prap Implementim i infrastrukturës së desktopëve virtual për Autoritetin e Aviacionit Civil, Kontrata Nr. 92, dt 02/04/2024, Fatura nr 33/2025, dt. 21/01/2025 Raporti i mirëmbajtjes nr. 92/18, datë 17/10/2024,87,Institucione te tjera Qeveritare,1087006,Agjencia Kombetare e Shoqerise se Informacionit (3535),6025800,Shpenzime per mirembajtjen e paisjeve te zyrave,COMMUNICATION PROGRESS,1536000.00,5/29/2025 12:00:00 AM,6/5/2025 12:00:00 AM
 Shkoder,6210112622025,1011262, ZVAP Vau i Dejes, paga maj 2025, listepag mujore 266 dt 4.6.25, listepag banke 266-5 dt 4.6.25, urdh 35 dt 4.6.25, 3 pn,11,Ministria e Arsimit Sportit dhe Rinise,1011262,Zyra Vendore Arsimore, Vau i Dejës (3333),6001001,Paga neto për punonjesit e miratuar në organikë,Banka OTP Albania,214802.00,6/4/2025 12:00:00 AM,6/5/2025 12:00:00 AM
 Vlore,6210121332025,3737 QFP 1012133 DIETA ME BORDERO,12,Ministria e Ekonomise, Kultures dhe Inovacionit,1012133,Q.Form. Profes.Vlore (3737),6024100,Udhetim i brendshem,BANKA AMERIKANE E INVESTIMEVE SHA	,2500.00,6/4/2025 12:00:00 AM,6/5/2025 12:00:00 AM
 Sarande,6210130432025,lik pagat list pagesa borderos dat 31.05.2025 per NJVKSH Sr 2025,13,Ministria e Shendetesise dhe Mbrojtjes Sociale,1013043,Njësia Vendore e Kujdesit Shëndetësor Sarandë,6001001,Paga neto për punonjesit e miratuar në organikë,UNION BANK SHA,438164.00,6/4/2025 12:00:00 AM,6/5/2025 12:00:00 AM
 Tirane,6210170792025,1017079% reparti 6010,2025 ushqime shkres 16.1.2025 list pag,17,Ministria e Mbrojtjes,1017079,Reparti Ushtarak Nr.6010 Tirane (3535),6021004,Furnizime dhe sherbime me ushqim per mencat,RAIFFEISEN BANK SH.A,16682.00,6/4/2025 12:00:00 AM,6/5/2025 12:00:00 AM
 Tirane,6210280372025,1028037 PPGJA -  shpz telefoni celular, fat nr 2562577 dt 31.05.25,28,Prokuroria e Pergjithshme,1028037,Prokurori Apeli Tirane (3535),6022003,Sherbime telefonike,ONE ALBANIA,2510.00,6/4/2025 12:00:00 AM,6/5/2025 12:00:00 AM
 Tirane,62110870062025,Akshi- det prap Implementim i infrastrukturës së desktopëve virtual për Autoritetin e Aviacionit Civil, Kontrata Nr. 92, dt 02/04/2024, Fatura nr 34/2025, dt. 21/01/2025 Raporti i mirëmbajtjes nr. 92/19, datë 18/11/2024,87,Institucione te tjera Qeveritare,1087006,Agjencia Kombetare e Shoqerise se Informacionit (3535),6025800,Shpenzime per mirembajtjen e paisjeve te zyrave,COMMUNICATION PROGRESS,1536000.00,5/29/2025 12:00:00 AM,6/5/2025 12:00:00 AM
 Tirane,62210870062025,Akshi- det prap Implementim i infrastrukturës së desktopëve virtual për Autoritetin e Aviacionit Civil, Kontrata Nr. 92, dt 02/04/2024, Fatura nr 20/2025, dt. 16/01/2025 Raporti i mirëmbajtjes nr. 92/17, datë 17/01/2025,87,Institucione te tjera Qeveritare,1087006,Agjencia Kombetare e Shoqerise se Informacionit (3535),6025800,Shpenzime per mirembajtjen e paisjeve te zyrave,COMMUNICATION PROGRESS,1536000.00,5/29/2025 12:00:00 AM,6/5/2025 12:00:00 AM
 Tirane,62310870062025,Akshi- det prap Implementim i infrastrukturës së desktopëve virtual për Autoritetin e Aviacionit Civil, Kontrata Nr. 92, dt 02/04/2024, Fatura nr 35/2025, dt. 21/01/2025 Raporti i mirëmbajtjes nr. 92/20, datë 17/12/2024,87,Institucione te tjera Qeveritare,1087006,Agjencia Kombetare e Shoqerise se Informacionit (3535),6025800,Shpenzime per mirembajtjen e paisjeve te zyrave,COMMUNICATION PROGRESS,1536000.00,5/29/2025 12:00:00 AM,6/5/2025 12:00:00 AM
 Tirane,62410870062025,Akshi- det prap Implementim i infrastrukturës së desktopëve virtual për Autoritetin e Aviacionit Civil, Kontrata Nr. 92, dt 02/04/2024, Fatura nr 104/2025, dt. 17/02/2025 Raporti i mirëmbajtjes nr. 92/21, datë 17/02/2025,87,Institucione te tjera Qeveritare,1087006,Agjencia Kombetare e Shoqerise se Informacionit (3535),6025800,Shpenzime per mirembajtjen e paisjeve te zyrave,COMMUNICATION PROGRESS,1536000.00,5/29/2025 12:00:00 AM,6/5/2025 12:00:00 AM
 Tirane,62510870062025,Akshi- det prap Implementim i infrastrukturës së desktopëve virtual për Autoritetin e Aviacionit Civil, Kontrata Nr. 92, dt 02/04/2024, Fatura nr 170/2025, dt. 17/03/2025 Raporti i mirëmbajtjes nr. 92/22, datë 17/03/2025,87,Institucione te tjera Qeveritare,1087006,Agjencia Kombetare e Shoqerise se Informacionit (3535),6025800,Shpenzime per mirembajtjen e paisjeve te zyrave,COMMUNICATION PROGRESS,1536000.00,5/29/2025 12:00:00 AM,6/5/2025 12:00:00 AM
 Tirane,62610870062025,Akshi- Implementim i infrastrukturës së desktopëve virtual për Autoritetin e Aviacionit Civil, Kontrata Nr. 92, dt 02/04/2024, Fatura nr 277/2025, dt. 16/04/2025 Raporti i mirëmbajtjes nr. 92/23, datë 17/04/2025,87,Institucione te tjera Qeveritare,1087006,Agjencia Kombetare e Shoqerise se Informacionit (3535),6025800,Shpenzime per mirembajtjen e paisjeve te zyrave,COMMUNICATION PROGRESS,1536000.00,5/29/2025 12:00:00 AM,6/5/2025 12:00:00 AM
 Tirane,62710870062025,Akshi- det  Sistemi i Kontrollit dhe Vlerësimit të Sigurisë Kibernetike për Autoritetin Kombëtar për Sigurinë Kibernetike, Kontrata Nr. 106, dt 30/09/2024, Fatura nr 17/2025, dt. 28/01/2025 Raporti i mirëmbajtjes nr. 106/18, datë 20/01/2025,87,Institucione te tjera Qeveritare,1087006,Agjencia Kombetare e Shoqerise se Informacionit (3535),6025800,Shpenzime per mirembajtjen e paisjeve te zyrave,FIRST,1420016.70,5/29/2025 12:00:00 AM,6/5/2025 12:00:00 AM
 Tirane,62810870062025,Akshi- det Sistemi i Kontrollit dhe Vlerësimit të Sigurisë Kibernetike për Autoritetin Kombëtar për Sigurinë Kibernetike, Kontrata Nr. 106, dt 30/09/2024, Fatura nr 33/2025, dt. 20/02/2025 Raporti i mirëmbajtjes nr. 106/20, datë 20/02/2025,87,Institucione te tjera Qeveritare,1087006,Agjencia Kombetare e Shoqerise se Informacionit (3535),6025800,Shpenzime per mirembajtjen e paisjeve te zyrave,FIRST,1420016.70,5/29/2025 12:00:00 AM,6/5/2025 12:00:00 AM
 Kruje,6310051122025,2025-Q.T.T.B Fushe Kruje Paga neto per punonjesit muaji Maj  2025 list pag dt 02.06.2025,5,Ministria e Bujqesise dhe Zhvillimit Rural,1005112,Qendra e Transferimit te Teknologjive Bujqesore Kruje (0716),6001001,Paga neto për punonjesit e miratuar në organikë,RAIFFEISEN BANK SH.A,244289.00,6/4/2025 12:00:00 AM,6/5/2025 12:00:00 AM
 Shkoder,6310112622025,1011262,ZVAP Vau i Dejes, ndalese per FSASH, muaji maj sipas listepageses, listepag mujore 266 dt 4.6.25, kont kol 3641-1 dt 9.6.23,11,Ministria e Arsimit Sportit dhe Rinise,1011262,Zyra Vendore Arsimore, Vau i Dejës (3333),6001001,Paga neto për punonjesit e miratuar në organikë,FED.SIND.ARSIM.&SHKENC.SHQIP.(F.S.A.SH.),6600.00,6/4/2025 12:00:00 AM,6/5/2025 12:00:00 AM
 Tirane,6310121002025,1012100 - Qendra kombetare e Librit 2025 - honorar juri per projektin 'cmimet lumo skendo 2024', vendim kolegj nr 32 dt 06.09.2025,  kontr nr 741 dt 17.12.2024 listepagese, tatim mbajtur ne burim,12,Ministria e Ekonomise, Kultures dhe Inovacionit,1012100,Qendra Kombetare e Librit dhe Leximit(3535),6040009,Te tjera transferime korrente,RAIFFEISEN BANK SH.A,42500.00,6/4/2025 12:00:00 AM,6/5/2025 12:00:00 AM
 Gjirokaster,6310121322025,1012132 Formimi Profesional. Sherbime pastrim gjelberimi Kont.27, Fatur e konfirmuar 83 dt 01.06.2025.,12,Ministria e Ekonomise, Kultures dhe Inovacionit,1012132,Q.Form. Profes. Gjirokaster (1111),6022009,Sherbime te pastrimit dhe gjelberimit,EB-2000,58655.00,6/4/2025 12:00:00 AM,6/5/2025 12:00:00 AM
 Kolonje,6310130312025,1013031 Nj.V.K.Shendetesor Kolonje shpenz.uje maj 2025, lik.fat.nr.10973/2025 dt.04.06.2025,13,Ministria e Shendetesise dhe Mbrojtjes Sociale,1013031,Njësia Vendore e Kujdesit Shëndetësor Kolonjë (1514),6022002,Uje,Shoqeria Rajonale Ujesjelles Kanalizime Korce,13544.00,6/4/2025 12:00:00 AM,6/5/2025 12:00:00 AM
 Sarande,6310130432025,Lik paga,list pages dat 31.05.2025, per NJVKSH Sr 2025,13,Ministria e Shendetesise dhe Mbrojtjes Sociale,1013043,Njësia Vendore e Kujdesit Shëndetësor Sarandë,6001001,Paga neto për punonjesit e miratuar në organikë,Banka OTP Albania,503496.00,6/4/2025 12:00:00 AM,6/5/2025 12:00:00 AM
 Tirane,6310140112025,1014011 I.E.V.P A DEMI 2025,paga maj 2025, plan/fakt 109/34 listepagese,14,Ministria e Drejtesise,1014011,Burgu 325 Tirane (3535),6001001,Paga neto për punonjesit e miratuar në organikë,BANKA KOMBETARE TREGTARE,2593219.00,6/4/2025 12:00:00 AM,6/5/2025 12:00:00 AM
 Tirane,6310170792025,1017079% reparti 6010,2025 ushqime shkres 16.1.2025 list pag,17,Ministria e Mbrojtjes,1017079,Reparti Ushtarak Nr.6010 Tirane (3535),6021004,Furnizime dhe sherbime me ushqim per mencat,BANKA CREDINS,43892.00,6/4/2025 12:00:00 AM,6/5/2025 12:00:00 AM
 Tirane,6310280372025,1028037 PPGJA -  sherb. miremb. fotokopje, kerkese nr 21 dt 28.05.25, shkr nr 21/1 dt 28.05.25, fat nr 1305 dt 03.06.25, pv nr 21/2 dt 03.06.25,28,Prokuroria e Pergjithshme,1028037,Prokurori Apeli Tirane (3535),6025800,Shpenzime per mirembajtjen e paisjeve te zyrave,KALLFA,29500.00,6/4/2025 12:00:00 AM,6/5/2025 12:00:00 AM
 Tirane,63810120012025,1012001 Pagat e keshilltareve te jashtem,maj 2025,listpag dt3.6.25,kontr 3148/2 dt25.2.25,kontr 3546/1 dt18.3.24,kontr 16525/2 dt31.12.24,kontr 13094/1 dt23.10.24,kontr 13962/1 dt4.11.24,kontr 1443/2 dt 31.1.25,12,Ministria e Ekonomise, Kultures dhe Inovacionit,1012001,Aparati i Ministrise se Ekonomise, Kultures dhe Inovacionit (3535),6029005,Shpenzime per honorare,BANKA KOMBETARE TREGTARE,612000.00,6/3/2025 12:00:00 AM,6/5/2025 12:00:00 AM
 Tirane,63910120012025,1012001 pagat e keshillt jasht,maj 2025,listpag 3.6.25,urdh 458 dt 1.7.24,kontr8546/1 dt 1.7.24,urdh 714 dt 19.9.24,kontr11534/1 dt 19.9.24,kontr205/2 dt 10.1.25,kontr16527/2 dt6.1.25,kontr1360/2 dt 30.1.25,12,Ministria e Ekonomise, Kultures dhe Inovacionit,1012001,Aparati i Ministrise se Ekonomise, Kultures dhe Inovacionit (3535),6029005,Shpenzime per honorare,RAIFFEISEN BANK SH.A,510000.00,6/3/2025 12:00:00 AM,6/5/2025 12:00:00 AM
 Tirane,63910870062025,Akshi- det prap  migrim kontrate Sistem per shperndarjen dhe monitorimin e karburantit per fermeret per MBZHR, Kontrata Nr. 1849, dt 26/03/2021, Fatura nr 301/2025, dt. 28/04/2025 Raporti i mirëmbajtjes nr. 1849/54, datë 28/04/2025,87,Institucione te tjera Qeveritare,1087006,Agjencia Kombetare e Shoqerise se Informacionit (3535),6025800,Shpenzime per mirembajtjen e paisjeve te zyrave,COMMUNICATION PROGRESS,759600.00,5/30/2025 12:00:00 AM,6/5/2025 12:00:00 AM
 Tirane,64010120012025,1012001 pagat e keshillt jasht,maj 2025,listpag 3.6.25,urdh335 dt 24.5.24,kontr 6773/1 dt24.5.24,urdh 439 dt24.6.24,kontr8224/1 dt 24.6.24,urdh733 dt23.9.24,kontr11591/1 dt23.9.24,kontr16481/2 dt31.12.24,kontr960/2 dt24.1.25,12,Ministria e Ekonomise, Kultures dhe Inovacionit,1012001,Aparati i Ministrise se Ekonomise, Kultures dhe Inovacionit (3535),6029005,Shpenzime per honorare,BANKA CREDINS,486818.00,6/3/2025 12:00:00 AM,6/5/2025 12:00:00 AM
 Shkoder,6410112622025,1011262,ZVAP Vau i Dejes, ndalese per SPASH, muaji maj 2025, listepag mujore 266 dt 04.06.2025, kont kol 3641-1 dt 9.6.23,11,Ministria e Arsimit Sportit dhe Rinise,1011262,Zyra Vendore Arsimore, Vau i Dejës (3333),6001001,Paga neto për punonjesit e miratuar në organikë,SINDIKATA E PAVARUR E ARSIMIT SHQIPTAR,12100.00,6/4/2025 12:00:00 AM,6/5/2025 12:00:00 AM
 Tirane,6410121002025,1012100 - Qendra kombetare e Librit 2025 - honorar juri per projektin 'cmimet lumo skendo 2024', vendim kolegj nr 32 dt 06.09.2025,  kontr nr 742 dt 17.12.2024 listepagese, tatim mbajtur ne burim,12,Ministria e Ekonomise, Kultures dhe Inovacionit,1012100,Qendra Kombetare e Librit dhe Leximit(3535),6040009,Te tjera transferime korrente,BANKA KOMBETARE TREGTARE,42500.00,6/4/2025 12:00:00 AM,6/5/2025 12:00:00 AM
 Kolonje,6410130312025,1013031 Nj.V.K.Shendetesor Kolonje urdher nr.27 dt.27.05.2025,lik.fat.nr.129/2025 dt.03.06.2025,situacion nr.3 dt.28.05.2025,proc.verb.dt.28.05.2025,13,Ministria e Shendetesise dhe Mbrojtjes Sociale,1013031,Njësia Vendore e Kujdesit Shëndetësor Kolonjë (1514),6022009,Sherbime te pastrimit dhe gjelberimit,Selvije Abasllari,119640.00,6/4/2025 12:00:00 AM,6/5/2025 12:00:00 AM
 Durres,6410131262025,1013126/DREJTORIA RAJONALE E SHERBIMIT SOCIAL / SHPENZIM PER QIRAMARRJE OBJEKTI LIST PAGESE,13,Ministria e Shendetesise dhe Mbrojtjes Sociale,1013126,Drejtori Rajonale e Kujd.Social Durrës (0707),6026100,Shpenzime per qiramarrje ambjentesh,RAIFFEISEN BANK SH.A,75000.00,6/4/2025 12:00:00 AM,6/5/2025 12:00:00 AM
 Tirane,6410140112025,1014011 I.E.V.P A DEMI 2025,paga maj 2025, plan/fakt 109/20 listepagese,14,Ministria e Drejtesise,1014011,Burgu 325 Tirane (3535),6001001,Paga neto për punonjesit e miratuar në organikë,RAIFFEISEN BANK SH.A,1962688.00,6/4/2025 12:00:00 AM,6/5/2025 12:00:00 AM
 Tirane,6410170792025,1017079% reparti 6010,2025 ushqime shkres 16.1.2025 list pag,17,Ministria e Mbrojtjes,1017079,Reparti Ushtarak Nr.6010 Tirane (3535),6021004,Furnizime dhe sherbime me ushqim per mencat,BANKA KOMBETARE TREGTARE,16682.00,6/4/2025 12:00:00 AM,6/5/2025 12:00:00 AM
 Tirane,64110120012025,1012001 pagat e keshillt te jasht,maj 2025,listpagese dt 3.6.2025,urdh 146 dt 26.3.24,kontr 4048/1 dt 26.3.24,urdh 134 dt 27.1.25,kontr 1147/2 dt 27.1.25,12,Ministria e Ekonomise, Kultures dhe Inovacionit,1012001,Aparati i Ministrise se Ekonomise, Kultures dhe Inovacionit (3535),6029005,Shpenzime per honorare,INTESA SANPAOLO BANK ALBANIA,204000.00,6/3/2025 12:00:00 AM,6/5/2025 12:00:00 AM
 Tirane,64210120012025,1012001 pagat e keshilt jasht,maj 2025,listpag dt 3.6.2025,urdh 491 dt 9.7.24,kontr 8872/1 dt 9.7.2024,12,Ministria e Ekonomise, Kultures dhe Inovacionit,1012001,Aparati i Ministrise se Ekonomise, Kultures dhe Inovacionit (3535),6029005,Shpenzime per honorare,TIRANA  BANK,83455.00,6/3/2025 12:00:00 AM,6/5/2025 12:00:00 AM
 Vlore,6421460142025,telefon teatri 2146014 fat 3441 dt 31.05.2025,0,Unspecified,2146014,Qendra Ekonomike Arsimit (3737),6022003,Sherbime telefonike,NISATEL,4200.00,6/4/2025 12:00:00 AM,6/5/2025 12:00:00 AM
 Tirane,64310120012025,1012001 pagat e keshilt jasht,maj 2025,listpag dt 3.6.2025,urdh 459 dt 1.7.24,kontr 8548/1 dt 1.7.24,12,Ministria e Ekonomise, Kultures dhe Inovacionit,1012001,Aparati i Ministrise se Ekonomise, Kultures dhe Inovacionit (3535),6029005,Shpenzime per honorare,UNION BANK SHA,102000.00,6/3/2025 12:00:00 AM,6/5/2025 12:00:00 AM
 Kruje,6510051122025,2025-Q.T.T.B Fushe Kruje Ndalese ne page Z.Flamur Shabani per permbarimin urdh nr 311 prot dt06.03.2022 vend nr 71 i Gjyk se Rr.Gjyq.Kruje dt05.04.2010 shkres nr168/1 prot ndal ne pag dt10.03.2023 ndales ne list pag dt 03.06.2025,5,Ministria e Bujqesise dhe Zhvillimit Rural,1005112,Qendra e Transferimit te Teknologjive Bujqesore Kruje (0716),6001001,Paga neto për punonjesit e miratuar në organikë,BRAHIM MUÇA,13000.00,6/4/2025 12:00:00 AM,6/5/2025 12:00:00 AM
 Berat,6510051192025,1005119 AKU BERATshpenzime qeramarje ambientesh   qershor 2025 Z.Taulant Toska  bashkelidhur urdheri nr 17 dt 02.06.2025 situacioni mujor  ,listepagesa,5,Ministria e Bujqesise dhe Zhvillimit Rural,1005119,Drejtoria Rajonale AKU Berat (0202),6026100,Shpenzime per qiramarrje ambjentesh,RAIFFEISEN BANK SH.A,220000.00,6/4/2025 12:00:00 AM,6/5/2025 12:00:00 AM
 Tirane,6510121002025,1012100 - Qendra kombetare e Librit 2025 - honorar juri per projektin 'cmimet lumo skendo 2024', vendim kolegj nr 32 dt 06.09.2025,  kontr nr 744 dt 17.12.2024 listepagese, tatim mbajtur ne burim,12,Ministria e Ekonomise, Kultures dhe Inovacionit,1012100,Qendra Kombetare e Librit dhe Leximit(3535),6040009,Te tjera transferime korrente,BANKA KOMBETARE TREGTARE,42500.00,6/4/2025 12:00:00 AM,6/5/2025 12:00:00 AM
 Kolonje,6510130312025,1013031 Nj.V.K.Shendetesor Kolonje urdher nr.26 dt.20.05.2025,lik.fat.nr.6/2025 dt.28.05.2025,flete hyrje nr.6 dt.28.05.2025,proc.verb.dt.28.05.2025,13,Ministria e Shendetesise dhe Mbrojtjes Sociale,1013031,Njësia Vendore e Kujdesit Shëndetësor Kolonjë (1514),6020900,Furnizime dhe materiale te tjera zyre dhe te pergjishme,Argert Cenko,120000.00,6/4/2025 12:00:00 AM,6/5/2025 12:00:00 AM
 Tirane,6510140112025,1014011 I.E.V.P A DEMI 2025,paga maj 2025, plan/fakt 109/35 listepagese,14,Ministria e Drejtesise,1014011,Burgu 325 Tirane (3535),6001001,Paga neto për punonjesit e miratuar në organikë,BANKA CREDINS,2840830.00,6/4/2025 12:00:00 AM,6/5/2025 12:00:00 AM
 Lezhe,65521270012025,BASHKIA LEZHE PAG FAT 17 DT 27.05.2025,KERK REAL AKT NR 6144/1 DT22.5.2025,REL 6144/2 DT 22.05.2025,VENDIM KESH ART NR 4DT 21.5.2025,KONTR 6144 DT 22.5.2025,REL AKT NR 6861 DT 27.05.2025,URDH SHL DET 286 DT 30.05.2025,PERFOR MUZ LUIZ EJELLI,0,Unspecified,2127001,Bashkia Lezhe (2020),6029099,Shpenzime per te tjera materiale dhe sherbime operative,Kiara Tito,500000.00,6/4/2025 12:00:00 AM,6/5/2025 12:00:00 AM
 Lezhe,65621270012025,BASHKIA LEZHE PAG FAT 40 DT23.05.2025,KERKESE NR 6142 DT 22.05.2025,RELACION NR 6142/1 DT 22.05.2025,OFERTAT EKONOMIKE BASHKELIDHUR, SHERBIM I MIREMBAJTJES PER FAQEN E INTERNETIT PER BASHKINE LEZHE,0,Unspecified,2127001,Bashkia Lezhe (2020),6029099,Shpenzime per te tjera materiale dhe sherbime operative,ALBANA KOLLUMBI,119900.00,6/4/2025 12:00:00 AM,6/5/2025 12:00:00 AM
 Lezhe,65721270012025,BASHKIA LEZHE PAG FAT 10 DT 27.03.2025,KERKESE NR 3818 DT 27.03.2025,RELACION NR 3818/1DT 27.03.2025,SHERBIM I MIRMBAJTJES PR WEBSITE WELCOME LEZHA BASHKINE LEZHE,0,Unspecified,2127001,Bashkia Lezhe (2020),6029099,Shpenzime per te tjera materiale dhe sherbime operative,Prime Spot,120000.00,6/4/2025 12:00:00 AM,6/5/2025 12:00:00 AM
 Lezhe,65821270012025,BASHKIA LEZHE PAG FAT 13 DT 02.04.2025,FH 1 DT 28.03.2025,PV 28.03.2025,LISTE PREZENCE MARS ,RELACION SHERB MARS NR 4026 DT 02.4.2025, KERK BL 2087 DT 13.2.2025,UP 5 DT 13.2.2025,FORM OF,NJ FIT REF 38251-02-17-2025,BLERJE USHQIME,0,Unspecified,2127001,Bashkia Lezhe (2020),6021004,Furnizime dhe sherbime me ushqim per mencat,TETEA,77424.00,6/4/2025 12:00:00 AM,6/5/2025 12:00:00 AM
 Shkoder,65821410012025,2141001 Bashkia Shkoder, Ndalese kuatizacion sindikal maj 25, urdh nr622 dt03.06.25, listepag pergj nr429 dt03.06.25, kont kol nr2735 dt23.02.23,0,Unspecified,2141001,Bashkia Shkoder (3333),6001001,Paga neto për punonjesit e miratuar në organikë,SINDIKATA E PAVARUR E ARSIMIT SHQIPTAR,5900.00,6/4/2025 12:00:00 AM,6/5/2025 12:00:00 AM
 Shkoder,65921410012025,2141001 Bashkia Shkoder, ndalese page per A. Martini, urdh nr 70 dt23.01.25, urdh sekuestro nr3699/1 dt22.10.24, vendim nr 11944/3699 dt regj 22.09.23, listepag pergj nr 429 dt03.06.25,0,Unspecified,2141001,Bashkia Shkoder (3333),6001001,Paga neto për punonjesit e miratuar në organikë,ENUAR MERKO,15000.00,6/4/2025 12:00:00 AM,6/5/2025 12:00:00 AM
 Lezhe,66021270012025,BASHKIA LEZHE PAG QERA AMBJENTI SIPAS LISTEPAGESES MAJ 2025 KONTR 20047/1  DT 31.12.2024 LIRIE SULA,0,Unspecified,2127001,Bashkia Lezhe (2020),6026102,Shpenzime per qiramarrje te ambienteve per aktivitete jashte institucionit,BANKA CREDINS,85000.00,6/4/2025 12:00:00 AM,6/5/2025 12:00:00 AM
 Shkoder,66021410012025,2141001 Bashkia Shkoder, Shpenzime per bonus per femijet periudha janar-maj 25, cek nr5002164942 dt03.06.25, vkm nr114 dt31.01.2007, urdh nr486 dt05.05.25, listepag nr1917/b dt16.05.25, person i aut Vitore Doci I65208040G,13,Ministria e Shendetesise dhe Mbrojtjes Sociale,2141001,Bashkia Shkoder (3333),6061099,Te tjera transferta tek individet,BANKA CREDINS,45000.00,6/4/2025 12:00:00 AM,6/5/2025 12:00:00 AM
 Kruje,6610051122025,2025-Q.T.T.B Fushe Kruje Probiotik Biosprint kerkese nr.442 dt.12.05.2025 fat.nr 8/2025 dt.13.05.2025 flete hyrje nr.5 dt.13.05.2025 p-v nr 442/1 dt.13.05.2025,5,Ministria e Bujqesise dhe Zhvillimit Rural,1005112,Qendra e Transferimit te Teknologjive Bujqesore Kruje (0716),6021002,Plehra kimike, furnitura veterinare, farera, fidane e te tjera produkte agrokulturore,Bio Nutri AL,9000.00,6/4/2025 12:00:00 AM,6/5/2025 12:00:00 AM
 Berat,6610051192025,1005119 AKU BERAT shpenzime per rojet e godines bashkelidhur ft nr 1161 dt 08.05.2025 urdheri nr 16 dt 02.06.2025,5,Ministria e Bujqesise dhe Zhvillimit Rural,1005119,Drejtoria Rajonale AKU Berat (0202),6022008,Sherbime te sigurimit dhe ruajtjes,Illyrian Guard,152709.00,6/4/2025 12:00:00 AM,6/5/2025 12:00:00 AM
 Tirane,6610121002025,1012100 - Qendra kombetare e Librit 2025 - honorar juri per projektin 'cmimet lumo skendo 2024', vendim kolegj nr 32 dt 06.09.2025,  kontr nr 743 dt 17.12.2024 listepagese, tatim mbajtur ne burim,12,Ministria e Ekonomise, Kultures dhe Inovacionit,1012100,Qendra Kombetare e Librit dhe Leximit(3535),6040009,Te tjera transferime korrente,RAIFFEISEN BANK SH.A,42500.00,6/4/2025 12:00:00 AM,6/5/2025 12:00:00 AM
 Lezhe,66121270012025,BASHKIA LEZHE PAG QERA AMBJENTI SIPAS LISTEPAGESES MAJ 2025 KONTR 19661/2 DT 31.12.2024, SANDER HALA,0,Unspecified,2127001,Bashkia Lezhe (2020),6026102,Shpenzime per qiramarrje te ambienteve per aktivitete jashte institucionit,RAIFFEISEN BANK SH.A,29750.00,6/4/2025 12:00:00 AM,6/5/2025 12:00:00 AM
 Shkoder,66121410012025,2141001 Bashkia Shkoder, Shperblim per dalje ne pension I. Lamnije, urdh nr 566 dt20.05.25, listepag e pergj nr453 dt03.06.25, listepag banka nr454 dt03.06.25,0,Unspecified,2141001,Bashkia Shkoder (3333),6061099,Te tjera transferta tek individet,RAIFFEISEN BANK SH.A,53125.00,6/4/2025 12:00:00 AM,6/5/2025 12:00:00 AM
 Lezhe,66221270012025,BASHKIA LEZHE PAG QERA AMBJENTI SIPAS LISTEPAGESES MAJ 2025 KONTR 19664/2 DT 31.12.2024, DAVIDA NDOCI,0,Unspecified,2127001,Bashkia Lezhe (2020),6026102,Shpenzime per qiramarrje te ambienteve per aktivitete jashte institucionit,BANKA KOMBETARE TREGTARE,60350.00,6/4/2025 12:00:00 AM,6/5/2025 12:00:00 AM
 Shkoder,66221410012025,2141001 Bashkia Shkoder, Shperblim per zgjidhje te menjeh te justifikuar te kont L. Tula, urdh nr 529 dt13.05.25, listepag e pergj nr455 dt03.06.25, listepag banka nr456 dt03.06.25,0,Unspecified,2141001,Bashkia Shkoder (3333),6061099,Te tjera transferta tek individet,RAIFFEISEN BANK SH.A,30309.00,6/4/2025 12:00:00 AM,6/5/2025 12:00:00 AM
 Lezhe,66321270012025,BASHKIA LEZHE PAG QERA AMBJENTI SIPAS LISTEPAGESES MAJ 2025 KONTR 19658/2 dt 06.01.2025 fabio ndreu,0,Unspecified,2127001,Bashkia Lezhe (2020),6026102,Shpenzime per qiramarrje te ambienteve per aktivitete jashte institucionit,INTESA SANPAOLO BANK ALBANIA,32300.00,6/4/2025 12:00:00 AM,6/5/2025 12:00:00 AM
 Shkoder,66321410012025,2141001 Bashkia Shkoder, Shperblim per dalje ne pension F. Kola, urdh nr 565 dt20.05.25, listepag e pergj nr457 dt03.06.25, listepag banka nr458 dt03.06.25,0,Unspecified,2141001,Bashkia Shkoder (3333),6061099,Te tjera transferta tek individet,BANKA CREDINS,96220.00,6/4/2025 12:00:00 AM,6/5/2025 12:00:00 AM
 Lezhe,66421270012025,BASHKIA LEZHE PAG QERA AMBJENTI SIPAS LISTEPAGESES MAJ 2025 KONTR 4340/1 T 10.04.2025 DEDGJELOSHI,0,Unspecified,2127001,Bashkia Lezhe (2020),6026102,Shpenzime per qiramarrje te ambienteve per aktivitete jashte institucionit,INTESA SANPAOLO BANK ALBANIA,81600.00,6/4/2025 12:00:00 AM,6/5/2025 12:00:00 AM
 Shkoder,66421410012025,2141001 Bashkia Shkoder, Shperblim per dalje ne pension M. Bushati, urdh nr 564 dt20.05.25, listepag e pergj nr459 dt03.06.25, listepag banka nr460 dt03.06.25,0,Unspecified,2141001,Bashkia Shkoder (3333),6061099,Te tjera transferta tek individet,RAIFFEISEN BANK SH.A,85680.00,6/4/2025 12:00:00 AM,6/5/2025 12:00:00 AM
 Lezhe,66521270012025,BASHKIA LEZHE PAG QERA AMBJENTI SIPAS LISTEPAGESES MAJ 2025 KONTR 19143 DT 01.12.2022,MOTRAT VENERINI,0,Unspecified,2127001,Bashkia Lezhe (2020),6026102,Shpenzime per qiramarrje te ambienteve per aktivitete jashte institucionit,INTESA SANPAOLO BANK ALBANIA,50000.00,6/4/2025 12:00:00 AM,6/5/2025 12:00:00 AM
 Shkoder,66521410012025,2141001 Bashkia Shkoder, Shperblim per dalje ne pension G. Hafizi, urdh nr 567 dt20.05.25, listepag e pergj nr461 dt03.06.25, listepag banka nr462 dt03.06.25,0,Unspecified,2141001,Bashkia Shkoder (3333),6061099,Te tjera transferta tek individet,RAIFFEISEN BANK SH.A,51213.00,6/4/2025 12:00:00 AM,6/5/2025 12:00:00 AM
 Lezhe,66621270012025,BASHKIA LEZHE PAG QERA AMBJENTI SIPAS LISTEPAGESES MAJ 2025 KONTR 19662/2 DT 31.12.2024,MARIO TOMA,0,Unspecified,2127001,Bashkia Lezhe (2020),6026102,Shpenzime per qiramarrje te ambienteve per aktivitete jashte institucionit,BANKA CREDINS,51000.00,6/4/2025 12:00:00 AM,6/5/2025 12:00:00 AM
 Lezhe,66721270012025,BASHKIA LEZHE PAG QERA AMBJENTI SIPAS LISTEPAGESES MAJ 2025 KONTR 4203/1 DT 08.04.2025 FRANO KULLI,0,Unspecified,2127001,Bashkia Lezhe (2020),6026102,Shpenzime per qiramarrje te ambienteve per aktivitete jashte institucionit,BANKA CREDINS,46750.00,6/4/2025 12:00:00 AM,6/5/2025 12:00:00 AM
 Lezhe,66821270012025,BASHKIA LEZHE PAG QEAR AMBJENTI SIPAS LISTEPAGESES MAJ 2025 KONTR 4264 DTG 26.07.2024, ARDIANA KADIJA,0,Unspecified,2127001,Bashkia Lezhe (2020),6026102,Shpenzime per qiramarrje te ambienteve per aktivitete jashte institucionit,BANKA AMERIKANE E INVESTIMEVE SHA	,25500.00,6/4/2025 12:00:00 AM,6/5/2025 12:00:00 AM
 Lezhe,66921270012025,BASHKIA LEZHE PAG QEAR AMBJENTI SIPAS LISTEPAGESES MAJ 2025 KONTR 19660/3 DT 31.12.2024,JANI VUKA,0,Unspecified,2127001,Bashkia Lezhe (2020),6026102,Shpenzime per qiramarrje te ambienteve per aktivitete jashte institucionit,RAIFFEISEN BANK SH.A,29750.00,6/4/2025 12:00:00 AM,6/5/2025 12:00:00 AM
 Shkoder,66921410012025,2141001 Akt ne part me te trete, Moto Fest Shkoder, kont nr8733 dt29.04.25, ft hapur nr4896 dt27.02.25, vend nr 9 dt17.03.25, mir shpallje fit nr6360 dt20.03.25,fat 11/2025 dt26.05.25,sit dt26.05.25,rap mon 2063/b dt26.05.25,0,Unspecified,2141001,Bashkia Shkoder (3333),6044099,Te tjera transferta per institucionet jo-fitim prurese,SHOQATA"SINFOART",2000000.00,6/4/2025 12:00:00 AM,6/5/2025 12:00:00 AM
 Lezhe,67021270012025,BASHKIA LEZHE PAG QERA AMBJENTI SIPAS LISTEPAGESES MAJ 2025,KONTR 19660/2 DT 31.12.2024, DRITA PERJAKU,0,Unspecified,2127001,Bashkia Lezhe (2020),6026102,Shpenzime per qiramarrje te ambienteve per aktivitete jashte institucionit,Banka OTP Albania,25500.00,6/4/2025 12:00:00 AM,6/5/2025 12:00:00 AM
 Shkoder,67021410012025,2141001 Akt ne partneritet me te trete Festivali Gegnisht, kont nr9229 dt07.05.25, ft hapur nr4896 dt27.02.25, vend nr9 dt17.03.25,mir shp fit 6360 dt20.03.25, fat 1/2025 dt26.05.25, rap fin dt26.05.25, rap mon 2068/b dt26.05.25,0,Unspecified,2141001,Bashkia Shkoder (3333),6044099,Te tjera transferta per institucionet jo-fitim prurese,ALBANIAN INITIATIVE FOR DEVELOPMENT (AID),400000.00,6/4/2025 12:00:00 AM,6/5/2025 12:00:00 AM
 Kruje,6710051122025,2025-Q.T.T.B Fushe Kruje Enzime silosove kerkese nr.445/2 dt.19.05.2025 fat.nr 9/2025 dt.26.05.2025 flete hyrje nr.9 dt.26.05.2025 p-v nr 445/3 dt.26.05.2025,5,Ministria e Bujqesise dhe Zhvillimit Rural,1005112,Qendra e Transferimit te Teknologjive Bujqesore Kruje (0716),6021002,Plehra kimike, furnitura veterinare, farera, fidane e te tjera produkte agrokulturore,Bio Nutri AL,40000.00,6/4/2025 12:00:00 AM,6/5/2025 12:00:00 AM
 Tirane,6710112662025,% ZVA Vore 2025 - lik transport nxenesish maj 2025, VKM nr 682 dt 29.7.2015, urdh nr 48 dt 3.6.2025, listpag,11,Ministria e Arsimit Sportit dhe Rinise,1011266,Zyra Vendore Arsimore, Vorë (3535),6023900,Shpenzime te tjera transporti,POSTA SHQIPTARE SH.A,1864800.00,6/4/2025 12:00:00 AM,6/5/2025 12:00:00 AM
 Durres,6710121422025,1012142/SHKOLLA HYSEN CELA VKM 119 PG LARGESIJE  SIPAS BORDEROSE,12,Ministria e Ekonomise, Kultures dhe Inovacionit,1012142,Shkolla "Hysen Çela" Durres (0707),6024100,Udhetim i brendshem,BANKA KOMBETARE TREGTARE,56090.00,6/4/2025 12:00:00 AM,6/5/2025 12:00:00 AM
 Tirane,6710160782025,1016078 Njesia Sig Cerem - lik dieta brenda vendit, aut. nr 30 dt 05.05.2025, aut. nr 32 dt 14.05.2025, aut nr 34 dt 20.05.2025, aut nr 38 dt 29.05.2025, listepagese,16,Ministria e Brendshme,1016078,Njësia Sigurise Ceremonialit (3535),6024100,Udhetim i brendshem,RAIFFEISEN BANK SH.A,57000.00,6/4/2025 12:00:00 AM,6/5/2025 12:00:00 AM
 Lezhe,67121270012025,BASHKIA LEZHE PAG BONUS QIRA BANESE MAJ 2025 SIPAS LISTEPAGESES ,60 FAMILJE,12,Ministria e Ekonomise, Kultures dhe Inovacionit,2127001,Bashkia Lezhe (2020),6061099,Te tjera transferta tek individet,POSTA SHQIPTARE SH.A,754717.00,6/4/2025 12:00:00 AM,6/5/2025 12:00:00 AM
 Shkoder,67121410012025,2141001 Bashkia Shkoder, Honorare Keshilltare maj 25, urdh nr05 dt22.05.25, listepag pergj nr463 dt04.06.25, listepag banka nr464 dt04.06.25 - 2 perf,0,Unspecified,2141001,Bashkia Shkoder (3333),6029006,Shpenzime kompesimi per anetaret e parlamentit dhe zyrtare te tjera te zgjedhur,BANKA AMERIKANE E INVESTIMEVE SHA	,49300.00,6/4/2025 12:00:00 AM,6/5/2025 12:00:00 AM
 Gjirokaster,6721150192025,2115019 Shtepia te Moshuareve. Blerje ushqime Kont.107, Fatur 1472 dt 05.05.2025, Flet hyrje 02 dt 05.05.2025.,13,Ministria e Shendetesise dhe Mbrojtjes Sociale,2115019,Shtepia e te moshuarve Gjirokaster (1111),6021004,Furnizime dhe sherbime me ushqim per mencat,4 S,130080.00,6/4/2025 12:00:00 AM,6/5/2025 12:00:00 AM
 Lezhe,67221270012025,BASHKIA LEZHE PAG BONUS QIRAJE BANESE SIPAS LISTEPAGESES PERIUDHA MAJ 2025,20 FAMILJE,12,Ministria e Ekonomise, Kultures dhe Inovacionit,2127001,Bashkia Lezhe (2020),6061099,Te tjera transferta tek individet,BANKA E TIRANES,255000.00,6/4/2025 12:00:00 AM,6/5/2025 12:00:00 AM
 Shkoder,67221410012025,2141001 Bashkia Shkoder, Honorare Keshilltare maj 25, urdh nr05 dt22.05.25, listepag pergj nr463 dt04.06.25, listepag banka nr465 dt04.06.25 - 10 perf,0,Unspecified,2141001,Bashkia Shkoder (3333),6029006,Shpenzime kompesimi per anetaret e parlamentit dhe zyrtare te tjera te zgjedhur,BANKA KOMBETARE TREGTARE,246500.00,6/4/2025 12:00:00 AM,6/5/2025 12:00:00 AM
 Shkoder,67321410012025,2141001 Bashkia Shkoder, Honorare Keshilltare maj 25, urdh nr05 dt22.05.25, listepag pergj nr463 dt04.06.25, listepag banka nr466 dt04.06.25 - 11 perf,0,Unspecified,2141001,Bashkia Shkoder (3333),6029006,Shpenzime kompesimi per anetaret e parlamentit dhe zyrtare te tjera te zgjedhur,BANKA CREDINS,271150.00,6/4/2025 12:00:00 AM,6/5/2025 12:00:00 AM
 Lezhe,67421270012025,BASHKIA LEZHE PAG BONUS QIRAJE TERMETI SIPAS LISTEPAGESES MAJ 2025, NR PERFITUESVE 54 PERSONA,0,Unspecified,2127001,Bashkia Lezhe (2020),6061041,Shpenzime per situata te veshtira dhe per fatekeqesi,POSTA SHQIPTARE SH.A,793400.00,6/4/2025 12:00:00 AM,6/5/2025 12:00:00 AM
 Shkoder,67421410012025,2141001 Bashkia Shkoder, Honorare Keshilltare maj 25, urdh nr05 dt22.05.25, listepag pergj nr463 dt04.06.25, listepag banka nr467 dt04.06.25 - 3 perf,0,Unspecified,2141001,Bashkia Shkoder (3333),6029006,Shpenzime kompesimi per anetaret e parlamentit dhe zyrtare te tjera te zgjedhur,INTESA SANPAOLO BANK ALBANIA,73950.00,6/4/2025 12:00:00 AM,6/5/2025 12:00:00 AM
 Lezhe,67521270012025,BASHKIA LEZHE PAG PAGAT SIPAS LISTEPAGESES MAJ 2025, NR PUNONJESVE 1,0,Unspecified,2127001,Bashkia Lezhe (2020),6001001,Paga neto për punonjesit e miratuar në organikë,BANKA CREDINS,28011.00,6/4/2025 12:00:00 AM,6/5/2025 12:00:00 AM
 Shkoder,67521410012025,2141001 Bashkia Shkoder, Honorare Keshilltare maj 25, urdh nr05 dt22.05.25, listepag pergj nr463 dt04.06.25, listepag banka nr468 dt04.06.25 - 2 perf,0,Unspecified,2141001,Bashkia Shkoder (3333),6029006,Shpenzime kompesimi per anetaret e parlamentit dhe zyrtare te tjera te zgjedhur,Banka OTP Albania,49300.00,6/4/2025 12:00:00 AM,6/5/2025 12:00:00 AM
 Lezhe,67621270012025,BASHKIA LEZHE PAG SHPERBLIM KRYETAR FSHATRASH SIPAS LISTEPAGESES MAJ 2025, NR PERFITUESVE 59,0,Unspecified,2127001,Bashkia Lezhe (2020),6061005,Kompensime speciale te tjera,BANKA CREDINS,374595.00,6/4/2025 12:00:00 AM,6/5/2025 12:00:00 AM
 Shkoder,67621410012025,2141001 Bashkia Shkoder, Honorare Keshilltare maj 25, urdh nr05 dt22.05.25, listepag pergj nr463 dt04.06.25, listepag banka nr469 dt04.06.25 - 10 perf,0,Unspecified,2141001,Bashkia Shkoder (3333),6029006,Shpenzime kompesimi per anetaret e parlamentit dhe zyrtare te tjera te zgjedhur,RAIFFEISEN BANK SH.A,246500.00,6/4/2025 12:00:00 AM,6/5/2025 12:00:00 AM
 Lezhe,67721270012025,BASHKIA LEZHE PAG SHPERBLIM KRYETAR FSHATRASH SIPAS LISTEPAGESES MAJ 2025, NR PERFITUESVE 3,0,Unspecified,2127001,Bashkia Lezhe (2020),6061005,Kompensime speciale te tjera,RAIFFEISEN BANK SH.A,17680.00,6/4/2025 12:00:00 AM,6/5/2025 12:00:00 AM
 Shkoder,67721410012025,2141001 Bashkia Shkoder, Honorare Keshilltare maj 25, urdh nr05 dt22.05.25, listepag pergj nr463 dt04.06.25, listepag banka nr470 dt04.06.25 - 9 perf,0,Unspecified,2141001,Bashkia Shkoder (3333),6029006,Shpenzime kompesimi per anetaret e parlamentit dhe zyrtare te tjera te zgjedhur,BANKA E TIRANES,221850.00,6/4/2025 12:00:00 AM,6/5/2025 12:00:00 AM
 Lezhe,67821270012025,BASHKIA LEZHE PAG SHPERBLIM KRYETAR FSHATRASH SIPAS LISTEPAGESES MAJ 2025, NR PERFITUESVE 1,0,Unspecified,2127001,Bashkia Lezhe (2020),6061005,Kompensime speciale te tjera,BANKA E TIRANES,5525.00,6/4/2025 12:00:00 AM,6/5/2025 12:00:00 AM
 Shkoder,67821410012025,2141001 Bashkia Shkoder, Honorare Keshilltare maj 25, urdh nr05 dt22.05.25, listepag pergj nr463 dt04.06.25, listepag banka nr471 dt04.06.25 - 2 perf,0,Unspecified,2141001,Bashkia Shkoder (3333),6029006,Shpenzime kompesimi per anetaret e parlamentit dhe zyrtare te tjera te zgjedhur,UNION BANK SHA,49300.00,6/4/2025 12:00:00 AM,6/5/2025 12:00:00 AM
 Lezhe,67921270012025,BASHKIA LEZHE PAG SHPERBLIM KRYETAR FSHATRASH SIPAS LISTEPAGESES MAJ 2025, NR PERFITUESVE 1,0,Unspecified,2127001,Bashkia Lezhe (2020),6061005,Kompensime speciale te tjera,Banka OTP Albania,5525.00,6/4/2025 12:00:00 AM,6/5/2025 12:00:00 AM
 Shkoder,67921410012025,2141001 Bashkia Shkoder, Honorare Keshilltare maj 25, urdh nr05 dt22.05.25, listepag pergj nr463 dt04.06.25, listepag banka nr472 dt04.06.25 - 2 perf,0,Unspecified,2141001,Bashkia Shkoder (3333),6029006,Shpenzime kompesimi per anetaret e parlamentit dhe zyrtare te tjera te zgjedhur,BANGA E PARE E INVESTIMEVE,49300.00,6/4/2025 12:00:00 AM,6/5/2025 12:00:00 AM
 Shkoder,68021410012025,2141001 Realizim I akt te Teatrit Migjeni Kerkoj vrases per nenen, kont 7958 dt15.04.25,ft hapur 366 dt10.01.25,vend 2 dt30.01.25,mir shpallje fit nr413/b dt03.02.25, fat 14/2025 dt26.05.25, rap fin dt26.05.25, rap mon 2069/b dt26.05.25,0,Unspecified,2141001,Bashkia Shkoder (3333),6044099,Te tjera transferta per institucionet jo-fitim prurese,QENDRA ALBANIA COMMUNITY ASSIST, (A C A),2180000.00,6/4/2025 12:00:00 AM,6/5/2025 12:00:00 AM
 Sarande,6810111562025,lik pagat borderoja dat 31.05.2025 per UET FL Sr 2025,11,Ministria e Arsimit Sportit dhe Rinise,1011156,Universiteti i Tiranes Filiali Sarande (3731),6001001,Paga neto për punonjesit e miratuar në organikë,BANKA KOMBETARE TREGTARE,40262.00,6/3/2025 12:00:00 AM,6/5/2025 12:00:00 AM
 Elbasan,6810121312025,1012131 Qendra e Formimit Profesional - Paguar paga punonjesit me kontrate  Maj 2025, Listepagese e bankes dt 04.06.2025, nr punonjesve 8,12,Ministria e Ekonomise, Kultures dhe Inovacionit,1012131,Q.Form. Profes. Elbasan (0808),6002001,Paga neto e punonjësve me kontratë të përkohshme mbi numrin organik,Banka OTP Albania,463547.00,6/4/2025 12:00:00 AM,6/5/2025 12:00:00 AM
 Durres,6810121422025,1012142/SHKOLLA HYSEN CELA  PG LARGESIJE VKM 119 SIPAS BORDEROSE,12,Ministria e Ekonomise, Kultures dhe Inovacionit,1012142,Shkolla "Hysen Çela" Durres (0707),6024100,Udhetim i brendshem,RAIFFEISEN BANK SH.A,37920.00,6/4/2025 12:00:00 AM,6/5/2025 12:00:00 AM
 Tirane,6810160782025,1016078 Njesia Sig Cerem - lik dieta brenda vendit, aut. nr 30 dt 05.05.2025, aut. nr 32 dt 14.05.2025, aut nr 34 dt 20.05.2025, aut nr 38 dt 29.05.2025, listepagese,16,Ministria e Brendshme,1016078,Njësia Sigurise Ceremonialit (3535),6024100,Udhetim i brendshem,BANKA KOMBETARE TREGTARE,28000.00,6/4/2025 12:00:00 AM,6/5/2025 12:00:00 AM
 Lezhe,68121270012025,BASHKIA LEZHE PAG SIPAS LISTEPAGESES KESHILLTARE MAJ 2025 NR PERFITUESVE 3,0,Unspecified,2127001,Bashkia Lezhe (2020),6061005,Kompensime speciale te tjera,BANKA E TIRANES,66300.00,6/4/2025 12:00:00 AM,6/5/2025 12:00:00 AM
 Shkoder,68121410012025,2141001 Bl pajisje + medikamente per kliniken ne strehez, kont nr6916/10 dt13.05.25, up nr329 dt01.04.25, njshk nr6916/2 dt03.04.25, bul fit nr23 dt05.05.25, fat nr1096/2025 dt21.05.25, fh nr62 dt21.05.25, pv dt21.05.25,0,Unspecified,2141001,Bashkia Shkoder (3333),6021099,Te tjera materiale dhe sherbime speciale,MILI FAR,2281700.00,6/4/2025 12:00:00 AM,6/5/2025 12:00:00 AM
 Lezhe,68221270012025,BASHKIA LEZHE PAG SIPAS LISTEPAGESES KESHILLTARE MAJ 2025 NR PERFITUESVE 7,0,Unspecified,2127001,Bashkia Lezhe (2020),6061005,Kompensime speciale te tjera,RAIFFEISEN BANK SH.A,154700.00,6/4/2025 12:00:00 AM,6/5/2025 12:00:00 AM
 Lezhe,68321270012025,BASHKIA LEZHE PAG SIPAS LISTEPAGESES KESHILLTARE MAJ 2025 NR PERFITUESVE 2,0,Unspecified,2127001,Bashkia Lezhe (2020),6061005,Kompensime speciale te tjera,INTESA SANPAOLO BANK ALBANIA,44200.00,6/4/2025 12:00:00 AM,6/5/2025 12:00:00 AM
 Shkoder,68321410012025,2141001 Bashkia Shkoder, Honorare Kryepleq maj 25, urdh nr 625 dt 04.06.25, listepag pergj nr 473 dt 04.06.25, listepag banka nr 474 dt 04.06.25 - 10 perf,0,Unspecified,2141001,Bashkia Shkoder (3333),6029006,Shpenzime kompesimi per anetaret e parlamentit dhe zyrtare te tjera te zgjedhur,BANKA KOMBETARE TREGTARE,243138.00,6/4/2025 12:00:00 AM,6/5/2025 12:00:00 AM
 Lezhe,68421270012025,BASHKIA LEZHE PAG SIPAS LISTEPAGESES KESHILLTARE MAJ 2025 NR PERFITUESVE 8,0,Unspecified,2127001,Bashkia Lezhe (2020),6061005,Kompensime speciale te tjera,BANKA KOMBETARE TREGTARE,176800.00,6/4/2025 12:00:00 AM,6/5/2025 12:00:00 AM
 Shkoder,68421410012025,2141001 Bashkia Shkoder, Honorare Kryepleq maj 25, urdh nr 625 dt 04.06.25, listepag pergj nr 473 dt 04.06.25, listepag banka nr 475 dt 04.06.25 - 33 perf,0,Unspecified,2141001,Bashkia Shkoder (3333),6029006,Shpenzime kompesimi per anetaret e parlamentit dhe zyrtare te tjera te zgjedhur,BANKA CREDINS,801125.00,6/4/2025 12:00:00 AM,6/5/2025 12:00:00 AM
 Lezhe,68521270012025,BASHKIA LEZHE PAG SIPAS LISTEPAGESES KESHILLTARE MAJ 2025 NR PERFITUESVE 12,0,Unspecified,2127001,Bashkia Lezhe (2020),6061005,Kompensime speciale te tjera,BANKA CREDINS,265200.00,6/4/2025 12:00:00 AM,6/5/2025 12:00:00 AM
 Shkoder,68521410012025,2141001 Bashkia Shkoder, honorare kryepleq maj 25, urdh nr625 dt03.06.25, listepag pergj nr473 dt04.06.25, listepag banka nr476 dt04.06.25 - 23 perf,0,Unspecified,2141001,Bashkia Shkoder (3333),6029006,Shpenzime kompesimi per anetaret e parlamentit dhe zyrtare te tjera te zgjedhur,RAIFFEISEN BANK SH.A,580155.00,6/4/2025 12:00:00 AM,6/5/2025 12:00:00 AM
 Lezhe,68621270012025,BASHKIA LEZHE PAG SIPAS LISTEPAGESES KESHILLTARE MAJ 2025 NR PERFITUESVE 2,0,Unspecified,2127001,Bashkia Lezhe (2020),6061005,Kompensime speciale te tjera,UNION BANK SHA,44200.00,6/4/2025 12:00:00 AM,6/5/2025 12:00:00 AM
 Shkoder,68621410012025,2141001 Bashkia Shkoder, honorare kryepleq maj 25, urdh nr625 dt03.06.25, listepag pergj nr473 dt04.06.25, listepag banka nr477 dt04.06.25 - 10 perf,0,Unspecified,2141001,Bashkia Shkoder (3333),6029006,Shpenzime kompesimi per anetaret e parlamentit dhe zyrtare te tjera te zgjedhur,BANKA E TIRANES,222970.00,6/4/2025 12:00:00 AM,6/5/2025 12:00:00 AM
 Lezhe,68721270012025,BASHKIA LEZHE PAG SIPAS LISTEPAGESES KESHILLTARE MAJ 2025 NR PERFITUESVE 4,0,Unspecified,2127001,Bashkia Lezhe (2020),6061005,Kompensime speciale te tjera,Banka e Parë e Investimeve-Albania/ First Investment Bank- Albania,88400.00,6/4/2025 12:00:00 AM,6/5/2025 12:00:00 AM
 Shkoder,68721410012025,2141001 Bashkia Shkoder, honorare kryepleq maj 25, urdh nr625 dt03.06.25, listepag pergj nr473 dt04.06.25, listepag banka nr478 dt04.06.25 - 2 perf,0,Unspecified,2141001,Bashkia Shkoder (3333),6029006,Shpenzime kompesimi per anetaret e parlamentit dhe zyrtare te tjera te zgjedhur,UNION BANK SHA,49300.00,6/4/2025 12:00:00 AM,6/5/2025 12:00:00 AM
 Lezhe,68821270012025,BASHKIA LEZHE PAG SIPAS LISTEPAGESES KESHILLTARE MAJ 2025 NR PERFITUESVE 3,0,Unspecified,2127001,Bashkia Lezhe (2020),6061005,Kompensime speciale te tjera,Banka OTP Albania,66300.00,6/4/2025 12:00:00 AM,6/5/2025 12:00:00 AM
 Shkoder,68821410012025,2141001 Bashkia Shkoder, honorare kryepleq maj 25, urdh nr625 dt03.06.25, listepag pergj nr473 dt04.06.25, listepag banka nr479 dt04.06.25 - 1 perf,0,Unspecified,2141001,Bashkia Shkoder (3333),6029006,Shpenzime kompesimi per anetaret e parlamentit dhe zyrtare te tjera te zgjedhur,Banka OTP Albania,24650.00,6/4/2025 12:00:00 AM,6/5/2025 12:00:00 AM
 Shkoder,68921410012025,2141001 Bashkia Shkoder, Honorare Kryepleq maj 25, urdh nr 625 dt 04.06.25, listepag pergj nr 473 dt 04.06.25, listepag banka nr 480 dt 04.06.25 - 1 perf,0,Unspecified,2141001,Bashkia Shkoder (3333),6029006,Shpenzime kompesimi per anetaret e parlamentit dhe zyrtare te tjera te zgjedhur,BANKA AMERIKANE E INVESTIMEVE SHA	,24650.00,6/4/2025 12:00:00 AM,6/5/2025 12:00:00 AM
 Shkoder,69021410012025,2141001 Bashkia Shkoder, Honorare Kryepleq maj 25, urdh nr 625 dt 04.06.25, listepag pergj nr 473 dt 04.06.25, listepag banka nr 481 dt 04.06.25 - 2 perf,0,Unspecified,2141001,Bashkia Shkoder (3333),6029006,Shpenzime kompesimi per anetaret e parlamentit dhe zyrtare te tjera te zgjedhur,PRO CREDIT BANK,49300.00,6/4/2025 12:00:00 AM,6/5/2025 12:00:00 AM
 Sarande,6910111562025,lik pagat borderoja dat 31.05.2025 per UET FL Sr 2025,11,Ministria e Arsimit Sportit dhe Rinise,1011156,Universiteti i Tiranes Filiali Sarande (3731),6001001,Paga neto për punonjesit e miratuar në organikë,BANKA E TIRANES,68708.00,6/3/2025 12:00:00 AM,6/5/2025 12:00:00 AM
 Elbasan,6910121312025,1012131 Qendra e Formimit Profesional - Paguar paga punonjes me kontrate  Maj 2025 , Listepagese bordero bashklidhur dt. 04.06.2025, Nr punonjes 18,12,Ministria e Ekonomise, Kultures dhe Inovacionit,1012131,Q.Form. Profes. Elbasan (0808),6002001,Paga neto e punonjësve me kontratë të përkohshme mbi numrin organik,BANKA E TIRANES,1040791.00,6/4/2025 12:00:00 AM,6/5/2025 12:00:00 AM
 Berat,6910121382025,1012138 Shkolla e mesme Kristo Isak paga muaji Maj 2024bashkelidhur listepagesa,12,Ministria e Ekonomise, Kultures dhe Inovacionit,1012138,Shkolla "Kristo Isak" Berat (0202),6001001,Paga neto për punonjesit e miratuar në organikë,Banka OTP Albania,56846.00,6/4/2025 12:00:00 AM,6/5/2025 12:00:00 AM
 Durres,6910121422025,1012142/SHKOLLA HYSEN CELA FAT 52 MISH,12,Ministria e Ekonomise, Kultures dhe Inovacionit,1012142,Shkolla "Hysen Çela" Durres (0707),6021004,Furnizime dhe sherbime me ushqim per mencat,SOFIA MYFTARI,208800.00,6/4/2025 12:00:00 AM,6/5/2025 12:00:00 AM
 Tirane,6910160782025,1016078 Njesia Sig Cerem - lik dieta brenda vendit, aut. nr 30 dt 05.05.2025, aut. nr 32 dt 14.05.2025, aut nr 34 dt 20.05.2025, aut nr 38 dt 29.05.2025, listepagese,16,Ministria e Brendshme,1016078,Njësia Sigurise Ceremonialit (3535),6024100,Udhetim i brendshem,BANKA CREDINS,14000.00,6/4/2025 12:00:00 AM,6/5/2025 12:00:00 AM
 Gjirokaster,6910161062025,1016106 Drejtoria Vendore e Kufirit. Liste pagese,paga maj 2025.,16,Ministria e Brendshme,1016106,Drejtoria Vendore e Kufirit dhe Migracionit Gjirokaster (1111),6001001,Paga neto për punonjesit e miratuar në organikë,RAIFFEISEN BANK SH.A,7351551.00,6/4/2025 12:00:00 AM,6/5/2025 12:00:00 AM
 Shkoder,69121410012025,2141001 Bashkia Shkoder, honorare kryepleq maj 25, urdh nr625 dt03.06.25, listepag pergj nr473 dt04.06.25, listepag banka nr482 dt04.06.25 - 2 perf,0,Unspecified,2141001,Bashkia Shkoder (3333),6029006,Shpenzime kompesimi per anetaret e parlamentit dhe zyrtare te tjera te zgjedhur,BANGA E PARE E INVESTIMEVE,49300.00,6/4/2025 12:00:00 AM,6/5/2025 12:00:00 AM
 Shkoder,6921410372025,2141037 Qendra e Zhvillimit Shkoder, paga Maj 2025, list pag muj 7 dt 03.06.2025, ub60 dt 03.06.2025, list pag banke 7/1 dt 03.06.2025, vkm e perk 24.01.2025, pn 1,13,Ministria e Shendetesise dhe Mbrojtjes Sociale,2141037,Qendra e Zhvillimit Shkoder (3333),6001001,Paga neto për punonjesit e miratuar në organikë,Banka OTP Albania,92361.00,6/4/2025 12:00:00 AM,6/5/2025 12:00:00 AM
 Shkoder,69221410012025,2141001 Bashkia Shkoder, honorare kryepleq maj 25, urdh nr625 dt03.06.25, listepag pergj nr473 dt04.06.25, listepag banka nr483 dt04.06.25 - 1 perf,0,Unspecified,2141001,Bashkia Shkoder (3333),6029006,Shpenzime kompesimi per anetaret e parlamentit dhe zyrtare te tjera te zgjedhur,INTESA SANPAOLO BANK ALBANIA,24650.00,6/4/2025 12:00:00 AM,6/5/2025 12:00:00 AM
 Elbasan,7010121312025,1012131 Qendra e Formimit Profesional - Paguar paga punonjes me kontrate  Maj 2025, Listepagese e bankes dt.04.06.2025, nr punonjesve.1,12,Ministria e Ekonomise, Kultures dhe Inovacionit,1012131,Q.Form. Profes. Elbasan (0808),6002001,Paga neto e punonjësve me kontratë të përkohshme mbi numrin organik,BANKA CREDINS,76668.00,6/4/2025 12:00:00 AM,6/5/2025 12:00:00 AM
 Tirane,7010160782025,1016078 Rep Ceremonialit - bl pjese kembimi ( goma), Kerkese nr 8 dt 26.05.2025, pv vl of dt 27.05.2025, ft 4334/2025 dt 29.05.2025, fh nr 13 dt 29.05.2025, pv md dt 29.05.2025	,16,Ministria e Brendshme,1016078,Njësia Sigurise Ceremonialit (3535),6023100,Karburant dhe vaj,TYRES GROUP ALBANIA,16000.00,6/4/2025 12:00:00 AM,6/5/2025 12:00:00 AM
 Gjirokaster,7010161062025,1016106 Drejtoria Vendore e Kufirit. Liste pagese,paga maj 2025.,16,Ministria e Brendshme,1016106,Drejtoria Vendore e Kufirit dhe Migracionit Gjirokaster (1111),6001001,Paga neto për punonjesit e miratuar në organikë,BANKA KOMBETARE TREGTARE,5078275.00,6/4/2025 12:00:00 AM,6/5/2025 12:00:00 AM
 Shkoder,7021410372025,2141037 Qendra e Zhvillimit Shkoder, paga Maj 2025, list pag muj 7 dt 03.06.2025, ub60 dt 03.06.2025, list pag banke 7/2 dt 03.06.2025, vkm e perk 24.01.2025, pn 7+1,13,Ministria e Shendetesise dhe Mbrojtjes Sociale,2141037,Qendra e Zhvillimit Shkoder (3333),6001001,Paga neto për punonjesit e miratuar në organikë,BANKA CREDINS,543738.00,6/4/2025 12:00:00 AM,6/5/2025 12:00:00 AM
 Diber,7110100462025,2025, Tatimet Diber, 1010046,shperblim per rast fatkeqesie urdher dhe listepagesa bashkengjitur,10,Ministria e Financave dhe Ekonomise,1010046,Drejtoria Rajonale Tatimore Diber (0606),6061099,Te tjera transferta tek individet,BANKA CREDINS,60000.00,6/4/2025 12:00:00 AM,6/5/2025 12:00:00 AM
 Elbasan,7110121312025,1012131 Qendra e Formimit Profesional - Paguar paga Maj 2025 punonjes me kontrate , Listepagese e bankes  dt.04.06.2025,12,Ministria e Ekonomise, Kultures dhe Inovacionit,1012131,Q.Form. Profes. Elbasan (0808),6002001,Paga neto e punonjësve me kontratë të përkohshme mbi numrin organik,RAIFFEISEN BANK SH.A,193275.00,6/4/2025 12:00:00 AM,6/5/2025 12:00:00 AM
 Tirane,7110150042025,1015004-QSPA- Dieta sherbimi korce Urdher Titullari 21 dt 3.6.2025 Urdher tit 20 dt 26.5.2025 Lisp,15,Ministria per Evropen dhe Punet e Jashtme,1015004,Qendra e Studimeve dhe Publikimeve per Arbereshet (3535),6024100,Udhetim i brendshem,Banka OTP Albania,4000.00,6/4/2025 12:00:00 AM,6/5/2025 12:00:00 AM
 Gjirokaster,7110161062025,1016106 Drejtoria Vendore e Kufirit. Liste pagese,paga maj 2025.,16,Ministria e Brendshme,1016106,Drejtoria Vendore e Kufirit dhe Migracionit Gjirokaster (1111),6001001,Paga neto për punonjesit e miratuar në organikë,TIRANA  BANK,697918.00,6/4/2025 12:00:00 AM,6/5/2025 12:00:00 AM
 Sarande,7121380072025,PAGA MAJ 2025 NGA SEKSIONI EKONOMIK,0,Unspecified,2138007,Bashkia-Seksioni Ekonomik (3731),6001001,Paga neto për punonjesit e miratuar në organikë,RAIFFEISEN BANK SH.A,5716391.00,6/4/2025 12:00:00 AM,6/5/2025 12:00:00 AM
 Shkoder,7121410372025,2141037 Qendra e Zhvillimit Shkoder, paga Maj 2025, list pag muj 7 dt 03.06.2025, ub60 dt 03.06.2025, list pag banke 7/3 dt 03.06.2025, vkm e perk 24.01.2025, pn 4,13,Ministria e Shendetesise dhe Mbrojtjes Sociale,2141037,Qendra e Zhvillimit Shkoder (3333),6001001,Paga neto për punonjesit e miratuar në organikë,RAIFFEISEN BANK SH.A,267766.00,6/4/2025 12:00:00 AM,6/5/2025 12:00:00 AM
 Mallakaster,71421310012025,BASHKIA MALLAKASTER 2131001,Pagat Maj 25,bordero,listepages banke,0,Unspecified,2131001,Bashkia Mallakastër (0924),6001001,Paga neto për punonjesit e miratuar në organikë,RAIFFEISEN BANK SH.A,4410644.00,6/4/2025 12:00:00 AM,6/5/2025 12:00:00 AM
 Mallakaster,71521310012025,BASHKIA MALLAKASTER 2131001,Pagat Maj 25,bordero,listepages banke,0,Unspecified,2131001,Bashkia Mallakastër (0924),6001001,Paga neto për punonjesit e miratuar në organikë,BANKA CREDINS,3272544.00,6/4/2025 12:00:00 AM,6/5/2025 12:00:00 AM
 Mallakaster,71621310012025,BASHKIA MALLAKASTER 2131001,Pagat Maj 25,bordero,listepages banke,0,Unspecified,2131001,Bashkia Mallakastër (0924),6001001,Paga neto për punonjesit e miratuar në organikë,Banka OTP Albania,956563.00,6/4/2025 12:00:00 AM,6/5/2025 12:00:00 AM
 Mallakaster,71721310012025,BASHKIA MALLAKASTER 2131001,Pagat Maj 25,bordero,listepages banke,0,Unspecified,2131001,Bashkia Mallakastër (0924),6001001,Paga neto për punonjesit e miratuar në organikë,RAIFFEISEN BANK SH.A,315410.00,6/4/2025 12:00:00 AM,6/5/2025 12:00:00 AM
 Mallakaster,71821310012025,BASHKIA MALLAKASTER 2131001,Pagat Maj 25,bordero,listepages banke,0,Unspecified,2131001,Bashkia Mallakastër (0924),6001001,Paga neto për punonjesit e miratuar në organikë,BANKA CREDINS,235646.00,6/4/2025 12:00:00 AM,6/5/2025 12:00:00 AM
 Mallakaster,71921310012025,BASHKIA MALLAKASTER 2131001,Pagat Maj 25,bordero,listepages banke,0,Unspecified,2131001,Bashkia Mallakastër (0924),6001001,Paga neto për punonjesit e miratuar në organikë,Banka OTP Albania,201575.00,6/4/2025 12:00:00 AM,6/5/2025 12:00:00 AM
 Mallakaster,72021310012025,BASHKIA MALLAKASTER 2131001,Pagat Maj 25,bordero,listepages banke,0,Unspecified,2131001,Bashkia Mallakastër (0924),6001001,Paga neto për punonjesit e miratuar në organikë,RAIFFEISEN BANK SH.A,225294.00,6/4/2025 12:00:00 AM,6/5/2025 12:00:00 AM
 Elbasan,7210121312025,1012131 Qendra e Formimit Profesional - Paguar paga punonjes me kontrate  Maj 2025, Listepagese e ban kes dt.04.06.2025, nr punonjesish 4,12,Ministria e Ekonomise, Kultures dhe Inovacionit,1012131,Q.Form. Profes. Elbasan (0808),6002001,Paga neto e punonjësve me kontratë të përkohshme mbi numrin organik,BANKA KOMBETARE TREGTARE,133662.00,6/4/2025 12:00:00 AM,6/5/2025 12:00:00 AM
 Tirane,7210150042025,1015004-QSPA- Dieta sherbimi korce Urdher Titullari 21 dt 3.6.2025 Urdher tit 20 dt 26.5.2025 Lisp,15,Ministria per Evropen dhe Punet e Jashtme,1015004,Qendra e Studimeve dhe Publikimeve per Arbereshet (3535),6024100,Udhetim i brendshem,Banka OTP Albania,5500.00,6/4/2025 12:00:00 AM,6/5/2025 12:00:00 AM
 Tirane,7210160072025,1016007 QMMT, Paga neto maj 25, plan 125 fakt 118 (59punonjes), listepag,16,Ministria e Brendshme,1016007,Qendra e Mirëmbajtjes së Mjeteve të Transportit (3535),6001001,Paga neto për punonjesit e miratuar në organikë,BANKA KOMBETARE TREGTARE,3397768.00,6/4/2025 12:00:00 AM,6/5/2025 12:00:00 AM
 Gjirokaster,7210161062025,1016106 Drejtoria Vendore e Kufirit. Liste pagese,paga maj 2025.,16,Ministria e Brendshme,1016106,Drejtoria Vendore e Kufirit dhe Migracionit Gjirokaster (1111),6001001,Paga neto për punonjesit e miratuar në organikë,INTESA SANPAOLO BANK ALBANIA,1990931.00,6/4/2025 12:00:00 AM,6/5/2025 12:00:00 AM
 Mallakaster,72121310012025,BASHKIA MALLAKASTER 2131001,Pagat Maj 25,bordero,listepages banke,0,Unspecified,2131001,Bashkia Mallakastër (0924),6001001,Paga neto për punonjesit e miratuar në organikë,BANKA CREDINS,264451.00,6/4/2025 12:00:00 AM,6/5/2025 12:00:00 AM
 Sarande,7221380072025,PAGA MAJ 2025 NGA SEKSIONI EKONOMIK,0,Unspecified,2138007,Bashkia-Seksioni Ekonomik (3731),6001001,Paga neto për punonjesit e miratuar në organikë,BANKA AMERIKANE E INVESTIMEVE SHA	,472246.00,6/4/2025 12:00:00 AM,6/5/2025 12:00:00 AM
 Shkoder,7221410372025,2141037 Qendra e Zhvillimit Shkoder, paga Maj 2025, list pag muj 7 dt 03.06.2025, ub60 dt 03.06.2025, list pag banke 7/4 dt 03.06.2025, vkm e perk 24.01.2025, pn 3,13,Ministria e Shendetesise dhe Mbrojtjes Sociale,2141037,Qendra e Zhvillimit Shkoder (3333),6001001,Paga neto për punonjesit e miratuar në organikë,BANKA KOMBETARE TREGTARE,210546.00,6/4/2025 12:00:00 AM,6/5/2025 12:00:00 AM
 Tepelene,7221430022025,ndalese nga paga jonida mece drejtori sherbimi memaliaj,0,Unspecified,2143002,Drejtoria e Sherbimit (1134),6001001,Paga neto për punonjesit e miratuar në organikë,BLEK-K,5000.00,6/4/2025 12:00:00 AM,6/5/2025 12:00:00 AM
 Mallakaster,72221310012025,BASHKIA MALLAKASTER 2131001,Pagat Maj 25,bordero,listepages banke,0,Unspecified,2131001,Bashkia Mallakastër (0924),6001001,Paga neto për punonjesit e miratuar në organikë,Banka OTP Albania,126393.00,6/4/2025 12:00:00 AM,6/5/2025 12:00:00 AM
 Mallakaster,72321310012025,BASHKIA MALLAKASTER 2131001,Pagat Maj 25,bordero,listepages banke,0,Unspecified,2131001,Bashkia Mallakastër (0924),6001001,Paga neto për punonjesit e miratuar në organikë,RAIFFEISEN BANK SH.A,418577.00,6/4/2025 12:00:00 AM,6/5/2025 12:00:00 AM
 Mallakaster,72421310012025,BASHKIA MALLAKASTER 2131001,Pagat Maj 25,bordero,listepages banke,0,Unspecified,2131001,Bashkia Mallakastër (0924),6001001,Paga neto për punonjesit e miratuar në organikë,BANKA CREDINS,47624.00,6/4/2025 12:00:00 AM,6/5/2025 12:00:00 AM
 Mallakaster,72521310012025,BASHKIA MALLAKASTER 2131001,Pagat Maj 25,bordero,listepages banke,0,Unspecified,2131001,Bashkia Mallakastër (0924),6001001,Paga neto për punonjesit e miratuar në organikë,RAIFFEISEN BANK SH.A,1997572.00,6/4/2025 12:00:00 AM,6/5/2025 12:00:00 AM
 Mallakaster,72621310012025,BASHKIA MALLAKASTER 2131001,Pagat Maj 25,bordero,listepages banke,0,Unspecified,2131001,Bashkia Mallakastër (0924),6001001,Paga neto për punonjesit e miratuar në organikë,BANKA CREDINS,2561381.00,6/4/2025 12:00:00 AM,6/5/2025 12:00:00 AM
 Mallakaster,72721310012025,BASHKIA MALLAKASTER 2131001,Pagat Maj 25,bordero,listepages banke,0,Unspecified,2131001,Bashkia Mallakastër (0924),6001001,Paga neto për punonjesit e miratuar në organikë,Banka OTP Albania,133875.00,6/4/2025 12:00:00 AM,6/5/2025 12:00:00 AM
 Mallakaster,72821310012025,BASHKIA MALLAKASTER 2131001,Pagat Maj 25,bordero,listepages banke,16,Ministria e Brendshme,2131001,Bashkia Mallakastër (0924),6001001,Paga neto për punonjesit e miratuar në organikë,RAIFFEISEN BANK SH.A,200511.00,6/4/2025 12:00:00 AM,6/5/2025 12:00:00 AM
 Mallakaster,72921310012025,BASHKIA MALLAKASTER 2131001,Pagat Maj 25,bordero,listepages banke,16,Ministria e Brendshme,2131001,Bashkia Mallakastër (0924),6001001,Paga neto për punonjesit e miratuar në organikë,Banka OTP Albania,238619.00,6/4/2025 12:00:00 AM,6/5/2025 12:00:00 AM
 Diber,7310100462025,2025, Tatimet Diber, 1010046,uje Maj 2025 ft nr 30187 dt 02.06.2025,10,Ministria e Financave dhe Ekonomise,1010046,Drejtoria Rajonale Tatimore Diber (0606),6022002,Uje,Shoqeria Rajonale Ujesjelles Kanalizime Diber Sha,24000.00,6/4/2025 12:00:00 AM,6/5/2025 12:00:00 AM
 Tirane,7310150042025,1015004-QSPA- Dieta sherbimi korce Urdher Titullari 21 dt 3.6.2025 Urdher tit 20 dt 26.5.2025 Lisp,15,Ministria per Evropen dhe Punet e Jashtme,1015004,Qendra e Studimeve dhe Publikimeve per Arbereshet (3535),6024100,Udhetim i brendshem,RAIFFEISEN BANK SH.A,16500.00,6/4/2025 12:00:00 AM,6/5/2025 12:00:00 AM
 Gjirokaster,7310161062025,1016106 Drejtoria Vendore e Kufirit. Liste pagese,paga maj 2025.,16,Ministria e Brendshme,1016106,Drejtoria Vendore e Kufirit dhe Migracionit Gjirokaster (1111),6001001,Paga neto për punonjesit e miratuar në organikë,BANKA AMERIKANE E INVESTIMEVE SHA	,187921.00,6/4/2025 12:00:00 AM,6/5/2025 12:00:00 AM
 Berat,7310170132025,1017013 rep.usht.1030 berat  pagese  kerkesa 9754 date 28.05.2025 tarife sherbimi per rregjistrim pasurie,17,Ministria e Mbrojtjes,1017013,Reparti Ushtarak Nr.1030 Berat (0202),6022099,Sherbime te tjera,DREJTORIA VENDORE E ASHK-së SARANDË,2000.00,6/4/2025 12:00:00 AM,6/5/2025 12:00:00 AM
 Tirane,7310170792025,1017079% reparti 6010,2025 dieta shkres 23.5.25 list pag,17,Ministria e Mbrojtjes,1017079,Reparti Ushtarak Nr.6010 Tirane (3535),6024100,Udhetim i brendshem,BANKA CREDINS,45379.00,6/4/2025 12:00:00 AM,6/5/2025 12:00:00 AM
 Fier,7310180182025,Drejtoria Rajonale nr.4(SHISH) 1018018  shpenzime  operative,18,Sherbimi Informativ Kombtar,1018018,Drejtoria Rajonale nr.4 (0909),6029099,Shpenzime per te tjera materiale dhe sherbime operative,BANKA CREDINS,600000.00,6/4/2025 12:00:00 AM,6/5/2025 12:00:00 AM
 Sarande,7321380072025,PAGA MAJ 2025 NGA SEKSIONI EKONOMIK,0,Unspecified,2138007,Bashkia-Seksioni Ekonomik (3731),6001001,Paga neto për punonjesit e miratuar në organikë,Banka OTP Albania,299806.00,6/4/2025 12:00:00 AM,6/5/2025 12:00:00 AM
 Shkoder,7321410372025,2141037 Qendra e Zhvillimit Shkoder, paga Maj 2025, list pag muj 7 dt 03.06.2025, ub60 dt 03.06.2025, list pag banke 7/5 dt 03.06.2025, vkm e perk 24.01.2025, pn 2,13,Ministria e Shendetesise dhe Mbrojtjes Sociale,2141037,Qendra e Zhvillimit Shkoder (3333),6001001,Paga neto për punonjesit e miratuar në organikë,UNION BANK SHA,134747.00,6/4/2025 12:00:00 AM,6/5/2025 12:00:00 AM
 Diber,7410100462025,2025, Tatimet Diber, 1010046,uje Maj 2025 ft nr 42410 dt 02.06.2025,10,Ministria e Financave dhe Ekonomise,1010046,Drejtoria Rajonale Tatimore Diber (0606),6022002,Uje,Shoqeria Rajonale Ujesjelles Kanalizime Diber Sha,180.00,6/4/2025 12:00:00 AM,6/5/2025 12:00:00 AM
 Tirane,7410112052025,1011205 Agjen Sherb Sport - paga maj 2025, nr punonj pl/fk 14/10, me kontr pl/fk 1/1, listpag,11,Ministria e Arsimit Sportit dhe Rinise,1011205,Agjensia e Sherbimeve te Sportit (3535),6001001,Paga neto për punonjesit e miratuar në organikë,BANKA E TIRANES,848190.00,6/4/2025 12:00:00 AM,6/5/2025 12:00:00 AM
 Elbasan,7410121312025,1012131 Qendra e Formimit Profesional - Shperblim ne rast dalje pension Rakip Veliu, Shkrese Miratim Fondi nr.6693/1 dt.28.05.2025, Urdher Titull nr.403 dt.04.06.2025 sipas VKm Nr.493 dt.06.07.2011, Listepagese e bankes dt.04.06.2025,12,Ministria e Ekonomise, Kultures dhe Inovacionit,1012131,Q.Form. Profes. Elbasan (0808),6061041,Shpenzime per situata te veshtira dhe per fatekeqesi,BANKA E TIRANES,100800.00,6/4/2025 12:00:00 AM,6/5/2025 12:00:00 AM
 Tirane,7410150042025,1015004-QSPA- Dieta sherbimi korce Urdher Titullari 21 dt 3.6.2025 Urdher tit 20 dt 26.5.2025 Lisp,15,Ministria per Evropen dhe Punet e Jashtme,1015004,Qendra e Studimeve dhe Publikimeve per Arbereshet (3535),6024100,Udhetim i brendshem,BANKA KOMBETARE TREGTARE,5500.00,6/4/2025 12:00:00 AM,6/5/2025 12:00:00 AM
 Gjirokaster,7410161062025,1016106 Drejtoria Vendore e Kufirit. Liste pagese,paga maj 2025.,16,Ministria e Brendshme,1016106,Drejtoria Vendore e Kufirit dhe Migracionit Gjirokaster (1111),6001001,Paga neto për punonjesit e miratuar në organikë,BANKA CREDINS,193745.00,6/4/2025 12:00:00 AM,6/5/2025 12:00:00 AM
 Tirane,7410170792025,1017079% reparti 6010,2025 dieta shkres 23.5.25 list pag,17,Ministria e Mbrojtjes,1017079,Reparti Ushtarak Nr.6010 Tirane (3535),6024100,Udhetim i brendshem,BANKA KOMBETARE TREGTARE,87798.00,6/4/2025 12:00:00 AM,6/5/2025 12:00:00 AM
 Sarande,7421380072025,PAGA MAJ 2025 NGA SEKSIONI EKONOMIK,0,Unspecified,2138007,Bashkia-Seksioni Ekonomik (3731),6001001,Paga neto për punonjesit e miratuar në organikë,BANKA E TIRANES,553821.00,6/4/2025 12:00:00 AM,6/5/2025 12:00:00 AM
 Shkoder,7421410372025,2141037 Qendra e Zhvillimit Shkoder, paga Maj 2025, list pag muj 7 dt 03.06.2025, ub60 dt 03.06.2025, list pag banke 7/6 dt 03.06.2025, vkm e perk 24.01.2025, pn 20,13,Ministria e Shendetesise dhe Mbrojtjes Sociale,2141037,Qendra e Zhvillimit Shkoder (3333),6001001,Paga neto për punonjesit e miratuar në organikë,BANKA E TIRANES,1302283.00,6/4/2025 12:00:00 AM,6/5/2025 12:00:00 AM
 Tirane,74921660012025, Bashkia Kamez 2166001 2025   kolaudim punimesh ndertim rruga Betim Muco  up nr 4320  dt 21.05.2025 njof fit dt 22.05.2025 kont  nr 4445 dt 26.05.2025  ft  nr 17dt29.05.2025  fh  nr sit  dt 22.04.2025,0,Unspecified,2166001,Bashkia Kamez (3535),2313100,Shpenz. per rritjen e AQT - konstruksione te rrugeve,2H STUDIO,131217.00,6/4/2025 12:00:00 AM,6/5/2025 12:00:00 AM
 Lushnje,7510051142025,1005114 QTTB Lushnje per sa lik pagese keshilltar i jashtem juridik, kontr.sherbimi nr.269 dt.02.12.2024,shkr.kryerje detyrash nr.115 dt.30.05.2025 sipas listepageses per muajin Maj 2025,5,Ministria e Bujqesise dhe Zhvillimit Rural,1005114,Qendra e Transferimit te Teknologjive Bujqesore Lushnje (0922),6029099,Shpenzime per te tjera materiale dhe sherbime operative,BANKA KOMBETARE TREGTARE,93500.00,6/4/2025 12:00:00 AM,6/5/2025 12:00:00 AM
 Diber,7510100462025,2025, Tatimet Diber, 1010046,energji elektrike Maj 2025 ft nr 6272862 dt 27.05.2025,10,Ministria e Financave dhe Ekonomise,1010046,Drejtoria Rajonale Tatimore Diber (0606),6022001,Elektricitet,FURNIZUESI I SHERBIMIT UNIVERSAL,29601.00,6/4/2025 12:00:00 AM,6/5/2025 12:00:00 AM
 Tirane,7510111622025,1011162 Fak Bujq dhe Mjedisit-Pension vullnetar privat Maj 2025,kontrate 24.7.24,akt marreveshje 328/1 dt 30.1.25 Alban Ibraliu(Dok attach ushp 15 dt 6.2.25)
,11,Ministria e Arsimit Sportit dhe Rinise,1011162,Universiteti Bujqesor - Fakulteti i Bujqesise dhe Mjedisit (3535),6001001,Paga neto për punonjesit e miratuar në organikë,SIGAL UNIQA INVEST Shoqëria Administruese e Fondeve të Pensionit Privat dhe Sipërmarrjeve të Investimeve Kolektive sh.a.,5000.00,6/4/2025 12:00:00 AM,6/5/2025 12:00:00 AM
 Tirane,7510112052025,1011205 Agjen Sherb Sport - paga maj 2025, nr punonj pl/fk 14/1,  listpag,11,Ministria e Arsimit Sportit dhe Rinise,1011205,Agjensia e Sherbimeve te Sportit (3535),6001001,Paga neto për punonjesit e miratuar në organikë,UNION BANK SHA,106624.00,6/4/2025 12:00:00 AM,6/5/2025 12:00:00 AM
 Tirane,7510150042025,1015004-QSPA- Dieta sherbimi korce Urdher Titullari 21 dt 3.6.2025 Urdher tit 20 dt 26.5.2025 Lisp,15,Ministria per Evropen dhe Punet e Jashtme,1015004,Qendra e Studimeve dhe Publikimeve per Arbereshet (3535),6024100,Udhetim i brendshem,INTESA SANPAOLO BANK ALBANIA,5500.00,6/4/2025 12:00:00 AM,6/5/2025 12:00:00 AM
 Tirane,7510160072025,1016007 QMMT, Paga neto maj 25, plan 125 fakt 118 (4punonjes), listepag,16,Ministria e Brendshme,1016007,Qendra e Mirëmbajtjes së Mjeteve të Transportit (3535),6001001,Paga neto për punonjesit e miratuar në organikë,BANKA E TIRANES,288431.00,6/4/2025 12:00:00 AM,6/5/2025 12:00:00 AM
 Gjirokaster,7510161062025,1016106 Drejtoria Vendore e Kufirit. Liste pagese,paga maj 2025.,16,Ministria e Brendshme,1016106,Drejtoria Vendore e Kufirit dhe Migracionit Gjirokaster (1111),6001001,Paga neto për punonjesit e miratuar në organikë,Banka OTP Albania,94544.00,6/4/2025 12:00:00 AM,6/5/2025 12:00:00 AM
 Tirane,75121660012025, Bashkia Kamez 2166001 2025   Blerje artikuj ushqimor up nr 271 dt 09.01.2025 njof fit dt 23.04.2025 kont  nr 3823/1 dt 2904.2025  ft  nr 5 dt 07.052025  fh  nr 87 dt 07.05.2025,0,Unspecified,2166001,Bashkia Kamez (3535),6021004,Furnizime dhe sherbime me ushqim per mencat,Zenepe Hodo,249295.00,6/4/2025 12:00:00 AM,6/5/2025 12:00:00 AM
 Durres,7521070222025,2107022/QENDRA KULTURORE E FEMIJEVE DURRES/ UP2 DT 14.4.25 SHERBIM AKOMODIMI PER FESTIVALIN "LUAJME DHE VALLEZOJME" LIK FAT 142 DT 30.5.25,0,Unspecified,2107022,Qendra Kulturore e Femijeve Durres (0707),6029099,Shpenzime per te tjera materiale dhe sherbime operative,Enkleona Kondi,1188000.00,6/3/2025 12:00:00 AM,6/5/2025 12:00:00 AM
 Lushnje,7610051142025,1005114 QTTB Lushnje per sa lik shpenz.energji elektrike, kontr.nr.E 108308, fat.fisk.nr.6911713 dt.03.06.2025,5,Ministria e Bujqesise dhe Zhvillimit Rural,1005114,Qendra e Transferimit te Teknologjive Bujqesore Lushnje (0922),6022001,Elektricitet,FURNIZUESI I SHERBIMIT UNIVERSAL,22142.00,6/4/2025 12:00:00 AM,6/5/2025 12:00:00 AM
 Tirane,7610061632025,1006163, EITI , 2025,Pag police sigurimi ,Urdh Prok 123 dt 22.04.2025,PV vleresimi 123/1 dt 23.04.2025,PV MD 24.04.2025,FAT 29038/2025 dt 24.04.2025,6,Ministria e Infrastruktures dhe Energjise,1006163,Sekretariati i nismes per Transparence ne Industrine Nxjerrese (EITI) (3535),2302100,Shpenz. per rritjen e AQ - studime ose kerkime,INSIG SH.A,22651.00,6/4/2025 12:00:00 AM,6/5/2025 12:00:00 AM
 Diber,7610100462025,2025, Tatimet Diber, 1010046,energji elektrike Maj 2025 ft nr 6537520 dt 29.05.2025,10,Ministria e Financave dhe Ekonomise,1010046,Drejtoria Rajonale Tatimore Diber (0606),6022001,Elektricitet,FURNIZUESI I SHERBIMIT UNIVERSAL,10466.00,6/4/2025 12:00:00 AM,6/5/2025 12:00:00 AM
 Tirane,7610112052025,1011205 Agjen Sherb Sport - paga maj 2025, nr punonj pl/fk 14/3,  listpag,11,Ministria e Arsimit Sportit dhe Rinise,1011205,Agjensia e Sherbimeve te Sportit (3535),6001001,Paga neto për punonjesit e miratuar në organikë,BANKA KOMBETARE TREGTARE,270357.00,6/4/2025 12:00:00 AM,6/5/2025 12:00:00 AM
 Gjirokaster,7610161062025,1016106 Drejtoria Vendore e Kufirit. Liste pagese per furnizim me ushqim,maj 2025.,16,Ministria e Brendshme,1016106,Drejtoria Vendore e Kufirit dhe Migracionit Gjirokaster (1111),6021004,Furnizime dhe sherbime me ushqim per mencat,TIRANA  BANK,1529100.00,6/4/2025 12:00:00 AM,6/5/2025 12:00:00 AM
 Tirane,7710061632025,1006163, EITI , 2025,Pag per sherbim web,Urdh Prok nr 125 dt 24.04.2025,PV vleresimi nr 125/1 dt 25.04.2025,PV MD dt 29.04.2025,FAT nr 213/2025 dt 29.04.2025,6,Ministria e Infrastruktures dhe Energjise,1006163,Sekretariati i nismes per Transparence ne Industrine Nxjerrese (EITI) (3535),2302100,Shpenz. per rritjen e AQ - studime ose kerkime,KEMINET,22000.00,6/4/2025 12:00:00 AM,6/5/2025 12:00:00 AM
 Tirane,7710111622025,1011162 Fak Bujq dhe Mjedisit- Bursa Maj 2025,VBA 46 dt 16.12.24,VBA 48 dt 16.12.24,VBA 49 dt 16.12.24,listpagese,11,Ministria e Arsimit Sportit dhe Rinise,1011162,Universiteti Bujqesor - Fakulteti i Bujqesise dhe Mjedisit (3535),6061021,Bursa,RAIFFEISEN BANK SH.A,470000.00,6/4/2025 12:00:00 AM,6/5/2025 12:00:00 AM
 Tirane,7710140452025,1014045 Qendra Botimeve Zyrtare 2025, blerje materiale pastrimi, urdher nr 37 dt 23.5.2025 pvmd nr 767/2 dt 23.5.2025 ft nr 170/2025 dt 23.5.2025 fh nr 23.5.2025,14,Ministria e Drejtesise,1014045,Qendra e Publikimeve zyrtare (3535),6020200,Materiale per pastrim, dezinfektim, ngrohje dhe ndriçim,TOTAL CLEANING,119970.00,6/4/2025 12:00:00 AM,6/5/2025 12:00:00 AM
 Tirane,77110112092025,1011209 Fed Peshengritjes,lik page  ,urdher finance nr 193 dt 02.06.2025,listepagese 02.06.2025, nr pun 1-1,11,Ministria e Arsimit Sportit dhe Rinise,1011209,Federata Shqipetare e Peshngritjes (3535),6044006,Transferta per klubet dhe asociacionet e sportit,BANKA E TIRANES,100000.00,6/4/2025 12:00:00 AM,6/5/2025 12:00:00 AM
 Tirane,7810061632025,1006163, EITI , 2025,Pag rinovim i domain,Urdh i brend nr 148 dt 14.05.2025,FAT nr 1038/2025 dt13.05.2025,6,Ministria e Infrastruktures dhe Energjise,1006163,Sekretariati i nismes per Transparence ne Industrine Nxjerrese (EITI) (3535),2302100,Shpenz. per rritjen e AQ - studime ose kerkime,AUTORITETI KOMUNIK.ELEKTRONIK.E POSTARE,5000.00,6/4/2025 12:00:00 AM,6/5/2025 12:00:00 AM
 Tirane,7810111622025,1011162 Fak Bujq dhe Mjedisit- Bursa 2024-2025, Shkrese MAS 495/4 dt 21.1.25,Ligj 23/2024,listpagese,11,Ministria e Arsimit Sportit dhe Rinise,1011162,Universiteti Bujqesor - Fakulteti i Bujqesise dhe Mjedisit (3535),6061021,Bursa,RAIFFEISEN BANK SH.A,9829.00,6/4/2025 12:00:00 AM,6/5/2025 12:00:00 AM
 Tirane,7810140452025,1014045 Qendra Botimeve Zyrtare 2025, lik posta  ft nr 631200/2025 dt 07.05.2025,14,Ministria e Drejtesise,1014045,Qendra e Publikimeve zyrtare (3535),6022004,Posta dhe sherbimi korrier,POSTA SHQIPTARE SH.A,220.00,6/4/2025 12:00:00 AM,6/5/2025 12:00:00 AM
 Tirane,78521660012025, Bashkia Kamez 2166001 2025 paga Maj nr punonjesve pl 493  fakt  46, listepagese,0,Unspecified,2166001,Bashkia Kamez (3535),6001001,Paga neto për punonjesit e miratuar në organikë,BANKA CREDINS,2384878.00,6/4/2025 12:00:00 AM,6/5/2025 12:00:00 AM
 Tirane,78621660012025, Bashkia Kamez 2166001 2025 paga Maj nr punonjesve pl 493  fakt  1, listepagese,0,Unspecified,2166001,Bashkia Kamez (3535),6001001,Paga neto për punonjesit e miratuar në organikë,BANKA E TIRANES,64222.00,6/4/2025 12:00:00 AM,6/5/2025 12:00:00 AM
 Tirane,78721660012025, Bashkia Kamez 2166001 2025 paga Maj nr punonjesve pl 493  fakt  1, listepagese,0,Unspecified,2166001,Bashkia Kamez (3535),6001001,Paga neto për punonjesit e miratuar në organikë,BANKA KOMBETARE TREGTARE,53885.00,6/4/2025 12:00:00 AM,6/5/2025 12:00:00 AM
 Tirane,7910061632025,1006163, EITI , 2024, Pag kamat vonese Nentor 2023-31.03.2025,Urdh nr 147 dt 13.05.2025,Pasqyre permbledhese nr 35922757,6,Ministria e Infrastruktures dhe Energjise,1006163,Sekretariati i nismes per Transparence ne Industrine Nxjerrese (EITI) (3535),2302100,Shpenz. per rritjen e AQ - studime ose kerkime,FURNIZUESI I SHERBIMIT UNIVERSAL,4796.00,6/4/2025 12:00:00 AM,6/5/2025 12:00:00 AM
 Shkoder,7910100822025,1010082 Dogana Shkoder, paga maj 2025, vkm 19 dt 9.1.25, shk 2243/1 dt 6.2.25,listepagese mujore nr 5 dt 02.06.2025, listepagese banke nr 5.02 dt 02.06.2025 per 13+5 pn,10,Ministria e Financave dhe Ekonomise,1010082,Dogana Shkoder (3333),6001001,Paga neto për punonjesit e miratuar në organikë,BANKA KOMBETARE TREGTARE,1238669.00,6/4/2025 12:00:00 AM,6/5/2025 12:00:00 AM
 Tirane,7910111622025,1011162 Fak Bujq dhe Mjedisit- Bursa prog prioritar 2025,VBA 49 dt 11.2.2025,listpagese,11,Ministria e Arsimit Sportit dhe Rinise,1011162,Universiteti Bujqesor - Fakulteti i Bujqesise dhe Mjedisit (3535),6061021,Bursa,RAIFFEISEN BANK SH.A,2920000.00,6/4/2025 12:00:00 AM,6/5/2025 12:00:00 AM
 Tirane,8010061632025,1006163, EITI , 2025,Pag telefon zyre Mars 2025,FAT nr 438677 dt 04.04.2025,6,Ministria e Infrastruktures dhe Energjise,1006163,Sekretariati i nismes per Transparence ne Industrine Nxjerrese (EITI) (3535),2302100,Shpenz. per rritjen e AQ - studime ose kerkime,ONE ALBANIA,2619.00,6/4/2025 12:00:00 AM,6/5/2025 12:00:00 AM
 Kavaje,8021180102025,SHTEPIA E TE MOSHUARVE KAVAJE SHERBIM BESHTEPIA E TE MOSHUARVE KAVAJE SHERBIM BERBERI, KONTRATE NR 2 DT 28.02.2025 UP NR 2 DT 04.01.2025 FATURE NR 17 DT 03.03.2025 LIKUJDIM PJESOR,13,Ministria e Shendetesise dhe Mbrojtjes Sociale,2118010,Shtepia e te Moshuarve Kavaje (3513),6021099,Te tjera materiale dhe sherbime speciale,HENRI 2010,300000.00,6/4/2025 12:00:00 AM,6/5/2025 12:00:00 AM
 Tirane,8110061632025,1006163, EITI , 2025,Pag telefon zyre Prill 2025,FAT nr 542369 dt 05.05.2025,6,Ministria e Infrastruktures dhe Energjise,1006163,Sekretariati i nismes per Transparence ne Industrine Nxjerrese (EITI) (3535),2302100,Shpenz. per rritjen e AQ - studime ose kerkime,ONE ALBANIA,2800.00,6/4/2025 12:00:00 AM,6/5/2025 12:00:00 AM
 Fier,8110103232025,Drejtoria mbledhes detyrimeve tatimore te papaguara  Paga maj 2025,10,Ministria e Financave dhe Ekonomise,1010323,Drejtoria e Mbledhjes se Detyrimeve Tatimore te Papaguara (Rajoni Jugor) (0909),6001001,Paga neto për punonjesit e miratuar në organikë,Banka OTP Albania,84156.00,6/3/2025 12:00:00 AM,6/5/2025 12:00:00 AM
 Tirane,8110131472025,1013147 Dr. Qendrore OKSH - 602 bl mat. kancelarie, uprok nr 1342/3 dt 25.04.25, ft of nr 1342/4 dt 25.04.25, nj fit nr 1342/11 dt 30.04.25, ft nr 7408 dt 13.05.25, pvmd dt 13.05.25, fh nr 8,8/1,8/2 dt 13.05.25,13,Ministria e Shendetesise dhe Mbrojtjes Sociale,1013147,Drejtoria Qendrore e Operatorit të Shërbimeve të Kujdesit Shëndetësor (3535),6020100,Kancelari,InfoSoft Office,359640.00,6/4/2025 12:00:00 AM,6/5/2025 12:00:00 AM
 Tepelene,8110140052025,PAGA BURGU TEPELENE,14,Ministria e Drejtesise,1014005,Burgu Tepelene (1134),6001001,Paga neto për punonjesit e miratuar në organikë,RAIFFEISEN BANK SH.A,4161491.00,6/4/2025 12:00:00 AM,6/5/2025 12:00:00 AM
 Pogradec,8120251014131,1014131, I.E.V.P Pojske likujdon riparim automjeti, urdher prokurimi 174 dt 21.5.2025, pv blerje 1518/2 dt 22.5.2025, fatura 30 dt 27.5.25, aktkolaudim 3 dt 27.5.2025,14,Ministria e Drejtesise,1014131,Institucioni i Ekzekutimit të Vendimeve Penale Pojskë (IEVP Pojskë) (1529),6023900,Shpenzime te tjera transporti,ANDI JAZXHI,48800.00,6/4/2025 12:00:00 AM,6/5/2025 12:00:00 AM
 Kavaje,8121180102025,SHTEPIA E TE MOSHUARVE KAVAJE SHERBIM JURIDIK PER ROMINA KALA, TATIM I MBAJTUR NE BURIM UP NR 27 DT 04.06.2025 PV NR 12 DT 04.06.2025,13,Ministria e Shendetesise dhe Mbrojtjes Sociale,2118010,Shtepia e te Moshuarve Kavaje (3513),6021099,Te tjera materiale dhe sherbime speciale,BANKA CREDINS,42500.00,6/4/2025 12:00:00 AM,6/5/2025 12:00:00 AM
 Tirane,81421660012025, Bashkia Kamez 2166001 2025  blerje libra up nr 359  dt 02.06.2025 akt marr nr 3455 dt 16.04.2025    ft nr 254 dt 23.04.2025 fh nr 57 dt 23.04.2025,0,Unspecified,2166001,Bashkia Kamez (3535),6021007,Libra dhe publikime profesionale,MEDIA  - PRINT,250000.00,6/4/2025 12:00:00 AM,6/5/2025 12:00:00 AM
 Tirane,81621660012025, Bashkia Kamez 2166001 2025  bonus qeraje strhimi vkb nr 146 dt 25.11.2022  vkb nr 83 dt 22.08.2023  listepagese,12,Ministria e Ekonomise, Kultures dhe Inovacionit,2166001,Bashkia Kamez (3535),6060099,Te tjera transferta tek individet,POSTA SHQIPTARE SH.A,424000.00,6/4/2025 12:00:00 AM,6/5/2025 12:00:00 AM
 Tirane,81721660012025, Bashkia Kamez 2166001 2025  bonus qeraje strhimi vkb nr 6 dt 24.01.2025  vkb nr 113 dt 20.11.2024  listepagese,12,Ministria e Ekonomise, Kultures dhe Inovacionit,2166001,Bashkia Kamez (3535),6060099,Te tjera transferta tek individet,POSTA SHQIPTARE SH.A,232000.00,6/4/2025 12:00:00 AM,6/5/2025 12:00:00 AM
 Tirane,81821660012025, Bashkia Kamez 2166001 2025  blerje printer up nr 8191 dt 02.10.2024 njof fit dt 12.05.2025 kont nr 4313 dt 21.05.2025  ft nr 1272 dt 30.05.2025 fh nr 100 dt 30.05.2025,0,Unspecified,2166001,Bashkia Kamez (3535),2318700,Shpenz. per rritjen e AQT - te tjera paisje zyre,ADD GROUP,946680.00,6/4/2025 12:00:00 AM,6/5/2025 12:00:00 AM
 Tirane,81921660012025, Bashkia Kamez 2166001 2025  blerje bojera printeri fotokopjo up nr 1389 dt 06.02.2025 njof fit dt 06.05.2025 kont nr 4314 dt 21.05.2025  ft nr 1271 dt 30.05.2025 fh nr 101dt 30.05.2025,0,Unspecified,2166001,Bashkia Kamez (3535),6020900,Furnizime dhe materiale te tjera zyre dhe te pergjishme,ADD GROUP,5026800.00,6/4/2025 12:00:00 AM,6/5/2025 12:00:00 AM
 Tirane,82021660012025, Bashkia Kamez 2166001 2025  ndihma ekonomike Maj Kamez Bathore vendim nr 5 dt 28.05.2025 listepagese,13,Ministria e Shendetesise dhe Mbrojtjes Sociale,2166001,Bashkia Kamez (3535),6061003,Ndihme ekonomike,POSTA SHQIPTARE SH.A,3410684.00,6/4/2025 12:00:00 AM,6/5/2025 12:00:00 AM
 Tirane,8210061632025,1006163, EITI , 2025,Kompesim telefon celular Prill 2025,VKM nr 673 dt 02.09.2020,FAT nr 2047998/2025 dt 19.05.2025,Listepaagese,6,Ministria e Infrastruktures dhe Energjise,1006163,Sekretariati i nismes per Transparence ne Industrine Nxjerrese (EITI) (3535),2302100,Shpenz. per rritjen e AQ - studime ose kerkime,BANKA CREDINS,2000.00,6/4/2025 12:00:00 AM,6/5/2025 12:00:00 AM
 Tirane,8210112092025,1011209 Fed Peshengritjes,lik trajt ushqimor A.Mullisi,urdher nr 197 dt 3.06.2025,listepagese 3.06.2025,11,Ministria e Arsimit Sportit dhe Rinise,1011209,Federata Shqipetare e Peshngritjes (3535),6044006,Transferta per klubet dhe asociacionet e sportit,BANKA E TIRANES,35000.00,6/4/2025 12:00:00 AM,6/5/2025 12:00:00 AM
 Tirane,8210131472025,1013147 Dr. Qendrore OKSH - 602 shp te mjeteve te transp, identifik dif. kerkese nr 943 dt 12.03.25, miratim kerkese nr 943/1 dt 12.03.25, pvmd dt 05.05.25, ft nr 320 dt 05.05.25,13,Ministria e Shendetesise dhe Mbrojtjes Sociale,1013147,Drejtoria Qendrore e Operatorit të Shërbimeve të Kujdesit Shëndetësor (3535),6025600,Shpenzime per mirembajtjen e mjeteve te transportit,AUTO EXPERT,15000.00,6/4/2025 12:00:00 AM,6/5/2025 12:00:00 AM
 Tirane,82121660012025, Bashkia Kamez 2166001 2025  ndihma ekonomike Maj Paskuqan vendim nr 5 dt 28.05.2025 listepagese,13,Ministria e Shendetesise dhe Mbrojtjes Sociale,2166001,Bashkia Kamez (3535),6061003,Ndihme ekonomike,POSTA SHQIPTARE SH.A,796458.00,6/4/2025 12:00:00 AM,6/5/2025 12:00:00 AM
 Tirane,82221660012025, Bashkia Kamez 2166001 2025  blerje kancelari up nr 4122/2 dt 26.05.2025     ft nr 16  dt 02.06.2025.2025 fh nr 102 dt 02.06.2025,0,Unspecified,2166001,Bashkia Kamez (3535),6021099,Te tjera materiale dhe sherbime speciale,FATOS ÇULLHAJ,118800.00,6/4/2025 12:00:00 AM,6/5/2025 12:00:00 AM
 Tirane,8310112092025,1011209 Fed Peshengritjes,lik trajt ushqimor S.Lagjia,urdher nr 198 dt 3.06.2025,listepagese 3.06.2025,11,Ministria e Arsimit Sportit dhe Rinise,1011209,Federata Shqipetare e Peshngritjes (3535),6044006,Transferta per klubet dhe asociacionet e sportit,BANKA E TIRANES,35000.00,6/4/2025 12:00:00 AM,6/5/2025 12:00:00 AM
 Tepelene,8310140052025,PAGA BURGU TEPELENE,14,Ministria e Drejtesise,1014005,Burgu Tepelene (1134),6001001,Paga neto për punonjesit e miratuar në organikë,Banka OTP Albania,4386679.00,6/4/2025 12:00:00 AM,6/5/2025 12:00:00 AM
 Tepelene,8410140052025,SHPERBLIM I TE BURGOSURVE  BURGU TEPELENE,14,Ministria e Drejtesise,1014005,Burgu Tepelene (1134),6061099,Te tjera transferta tek individet,RAIFFEISEN BANK SH.A,3709.00,6/4/2025 12:00:00 AM,6/5/2025 12:00:00 AM
 Durres,8410140542025,1014054/PARABURGIMI DURRES/ MIREMBAJTJE FAT 62 DT 28.05.2025,14,Ministria e Drejtesise,1014054,Paraburgimi Durres (0707),6025300,Shpenzime per mirembajtjen e objekteve ndertimore,Luan Spahija,112800.00,6/4/2025 12:00:00 AM,6/5/2025 12:00:00 AM
 Shkoder,8421410452025,2141045, DPMOP, paga neto Maj 2025, vkb 76 dt 19.12.24, shp ligj 849/1 dt 26.12.24, listepag mujore 533 dt 03.06.25, listepag banke 533/1 dt 03.06.25-94 pn,0,Unspecified,2141045,Drejtoria e Pergjithshme e Mirembajtjes se Objekteve Publike (3333),6001001,Paga neto për punonjesit e miratuar në organikë,RAIFFEISEN BANK SH.A,4413268.00,6/4/2025 12:00:00 AM,6/5/2025 12:00:00 AM
 Tepelene,8510140052025,SHPERBLIM I TE BURGOSURVE BURGU TEPELENE,14,Ministria e Drejtesise,1014005,Burgu Tepelene (1134),6061099,Te tjera transferta tek individet,Banka OTP Albania,10601.00,6/4/2025 12:00:00 AM,6/5/2025 12:00:00 AM
 Tirane,85108702725,1087027 - AKCESK 2025 , lik kute anetarsimi vjetor , urdh nr.161 dt 04.06.25 , ft TFC -20240059 dt 09.7.25 , ligji 97/2024 , kemb val 1euro = 100 total 126900,87,Institucione te tjera Qeveritare,1087027,Autoriteti Kombëtar për Çertifikimin Elektronik dhe Sigurinë Kibernetike (3535),6022007,Sherbimet bankare,RAIFFEISEN BANK SH.A,126900.00,6/4/2025 12:00:00 AM,6/5/2025 12:00:00 AM
 Kukes,8520180012025,2018001- Qarku Kukes likujdim sherbim telefoni  muaji maj 2025 borderoja bashkengjitur,0,Unspecified,2018001,Qarku Kukes (1818),6022003,Sherbime telefonike,ONE ALBANIA,4300.00,6/4/2025 12:00:00 AM,6/5/2025 12:00:00 AM
 Lushnje,8610130122025,1013012 NJ.V.K.SH Lushnje, Sa lik.kuotizacion per sindikaten ndalur nga pagat e punonjesve,Urdher lik.nr.33,dt.2.6.2025, listepagesa Maj 2025,13,Ministria e Shendetesise dhe Mbrojtjes Sociale,1013012,Njësia Vendore e Kujdesit Shëndetësor Lushnje (0922),6001001,Paga neto për punonjesit e miratuar në organikë,KONFEDERATA E SINDIKATAVE TE SHQIPERISE,5200.00,6/4/2025 12:00:00 AM,6/5/2025 12:00:00 AM
 Tepelene,8610140052025,NDALESE NGA PAGA  MOSI CANA BURGU TEPELENE,14,Ministria e Drejtesise,1014005,Burgu Tepelene (1134),6001001,Paga neto për punonjesit e miratuar në organikë,ZYRA PËRMBARIMORE PRIVATE REAL BAILIFF SERVICE,8007.00,6/4/2025 12:00:00 AM,6/5/2025 12:00:00 AM
 Tirane,8610170852025,1017085%reparti 6004,2025 ushqime shkres 31.12.2024 list pag,17,Ministria e Mbrojtjes,1017085,Reparti Ushtarak Nr.6660 Tirane (3535),6021004,Furnizime dhe sherbime me ushqim per mencat,RAIFFEISEN BANK SH.A,919266.00,6/4/2025 12:00:00 AM,6/5/2025 12:00:00 AM
 Shkoder,8621410452025,2141045 DPMOP, paga maj 25, listepag mujore nr533 dt03.06.25, listepag banka nr533/3 dt03.06.25 - 18 pn,0,Unspecified,2141045,Drejtoria e Pergjithshme e Mirembajtjes se Objekteve Publike (3333),6001001,Paga neto për punonjesit e miratuar në organikë,BANKA CREDINS,898816.00,6/4/2025 12:00:00 AM,6/5/2025 12:00:00 AM
 Kavaje,86821180012025,BASHKIA KAVAJE PAGA NETO MAJ 2025 POLICIA BASHKIAKE,0,Unspecified,2118001,Bashkia Kavaja (3513),6001001,Paga neto për punonjesit e miratuar në organikë,BANKA CREDINS,571720.00,6/4/2025 12:00:00 AM,6/5/2025 12:00:00 AM
 Kavaje,86921180012025,BASHKIA KAVAJE PAGA NETO MAJ 2025 POLICIA BASHKIAKE,0,Unspecified,2118001,Bashkia Kavaja (3513),6001001,Paga neto për punonjesit e miratuar në organikë,RAIFFEISEN BANK SH.A,370486.00,6/4/2025 12:00:00 AM,6/5/2025 12:00:00 AM
 Kavaje,87021180012025,BASHKIA KAVAJE PAGA NETO MAJ 2025 POLICIA BASHKIAKE,0,Unspecified,2118001,Bashkia Kavaja (3513),6001001,Paga neto për punonjesit e miratuar në organikë,BANKA KOMBETARE TREGTARE,408948.00,6/4/2025 12:00:00 AM,6/5/2025 12:00:00 AM
 Tirane,8710051352025,1005135 DRVMB 2025- Paga Maj 2025,Nr punonjesish pl/fk 121/1,mbi orgamike 16/0,Listepagese,5,Ministria e Bujqesise dhe Zhvillimit Rural,1005135,Drejtoria Rajonale e Shërbimit Veterinar dhe Mbrojtjes së Bimëve Tiranë (3535),6001001,Paga neto për punonjesit e miratuar në organikë,Banka e Parë e Investimeve-Albania/ First Investment Bank- Albania,68845.00,6/3/2025 12:00:00 AM,6/5/2025 12:00:00 AM
 Lushnje,8710130122025,1013012 NJ.V.K.SH Lushnje, Sa lik.kuotizacion per sindikaten ndalur nga pagat e punonjesve,Urdher lik.nr.34,dt.2.6.2025, listepagesa Maj 2025,13,Ministria e Shendetesise dhe Mbrojtjes Sociale,1013012,Njësia Vendore e Kujdesit Shëndetësor Lushnje (0922),6001001,Paga neto për punonjesit e miratuar në organikë,URDHRI I STOMATOLOGUT TE SHQIPERISE(L51617452E),7000.00,6/4/2025 12:00:00 AM,6/5/2025 12:00:00 AM
 Tirane,8710170852025,1017085%reparti 6004,2025 ushqime shkres 31.12.2024 list pag,17,Ministria e Mbrojtjes,1017085,Reparti Ushtarak Nr.6660 Tirane (3535),6021004,Furnizime dhe sherbime me ushqim per mencat,BANKA CREDINS,17560.00,6/4/2025 12:00:00 AM,6/5/2025 12:00:00 AM
 Tirane,8710870012025,1087001-APP 2025 , Lik pension vullnetar , kont indv S1005604 , listpag dt 2.6.25,87,Institucione te tjera Qeveritare,1087001,Agjensia e Prokurimit Publik (3535),6001001,Paga neto për punonjesit e miratuar në organikë,SIGAL UNIQA INVEST Shoqëria Administruese e Fondeve të Pensionit Privat dhe Sipërmarrjeve të Investimeve Kolektive sh.a.,20000.00,6/4/2025 12:00:00 AM,6/5/2025 12:00:00 AM
 Kavaje,87121180012025,BASHKIA KAVAJE PAGA NETO MAJ 2025 MBROJTJA E KONSUMATORIT,0,Unspecified,2118001,Bashkia Kavaja (3513),6001001,Paga neto për punonjesit e miratuar në organikë,BANKA CREDINS,616895.00,6/4/2025 12:00:00 AM,6/5/2025 12:00:00 AM
 Shkoder,8721410452025,2141045, DPMOP, paga neto Maj 2025, vkb 76 dt 19.12.24, shp ligj 849/1 dt 26.12.24, listepag mujore 533 dt 03.06.25, listepag banke533/4 dt 03.06.25-2 pn,0,Unspecified,2141045,Drejtoria e Pergjithshme e Mirembajtjes se Objekteve Publike (3333),6001001,Paga neto për punonjesit e miratuar në organikë,BANGA E PARE E INVESTIMEVE,90720.00,6/4/2025 12:00:00 AM,6/5/2025 12:00:00 AM
 Kavaje,87221180012025,BASHKIA KAVAJE PAGA NETO MAJ 2025 BORDI I KULLIMIT,0,Unspecified,2118001,Bashkia Kavaja (3513),6001001,Paga neto për punonjesit e miratuar në organikë,UNION BANK SHA,199743.00,6/4/2025 12:00:00 AM,6/5/2025 12:00:00 AM
 Mat,8726540022025,Agjencia Funks.Patransf.Klos (2654002) Lik. Page muaji Maj 2025 per Administraten (Aparati).Bordero pagese Nr.5 Dt.03.06.2025.Liste - Pagese Nr.i Punonjesve Plan 20 - Fakt 1.,0,Unspecified,2654002,Agjencia e Funksioneve të Patransferueshme Klos (0625),6001001,Paga neto për punonjesit e miratuar në organikë,Banka OTP Albania,58749.00,6/4/2025 12:00:00 AM,6/5/2025 12:00:00 AM
 Kavaje,87321180012025,BASHKIA KAVAJE PAGA NETO MAJ 2025 BORDI I KULLIMIT,0,Unspecified,2118001,Bashkia Kavaja (3513),6001001,Paga neto për punonjesit e miratuar në organikë,BANKA CREDINS,347118.00,6/4/2025 12:00:00 AM,6/5/2025 12:00:00 AM
 Kavaje,87421180012025,BASHKIA KAVAJE PAGA NETO MAJ 2025 PYJORJA,0,Unspecified,2118001,Bashkia Kavaja (3513),6001001,Paga neto për punonjesit e miratuar në organikë,BANKA CREDINS,67724.00,6/4/2025 12:00:00 AM,6/5/2025 12:00:00 AM
 Kavaje,87521180012025,BASHKIA KAVAJE PAGA NETO MAJ 2025RRUGET RURALE,0,Unspecified,2118001,Bashkia Kavaja (3513),6001001,Paga neto për punonjesit e miratuar në organikë,BANKA CREDINS,46904.00,6/4/2025 12:00:00 AM,6/5/2025 12:00:00 AM
 Kavaje,87621180012025,BASHKIA KAVAJE PAGA NETO MAJ 2025TRANSPORTI PUBLIK,0,Unspecified,2118001,Bashkia Kavaja (3513),6001001,Paga neto për punonjesit e miratuar në organikë,RAIFFEISEN BANK SH.A,41077.00,6/4/2025 12:00:00 AM,6/5/2025 12:00:00 AM
 Kavaje,87721180012025,BASHKIA KAVAJE PAGA NETO MAJ 2025 MENAXHIMI I MBETJEVE,0,Unspecified,2118001,Bashkia Kavaja (3513),6001001,Paga neto për punonjesit e miratuar në organikë,UNION BANK SHA,91548.00,6/4/2025 12:00:00 AM,6/5/2025 12:00:00 AM
 Kavaje,87821180012025,BASHKIA KAVAJE PAGA NETO MAJ 2025,PLANIFIKIMI URBAN VENDOR,0,Unspecified,2118001,Bashkia Kavaja (3513),6001001,Paga neto për punonjesit e miratuar në organikë,RAIFFEISEN BANK SH.A,215341.00,6/4/2025 12:00:00 AM,6/5/2025 12:00:00 AM
 Tirane,8810111392025,1011139 Fak Mjekesise 2025-Bursa me mesatare,VKM 39 dt 23.1.2019,VBA 52 dt 27.12.24,shkrese 542/37 dt 26.5.25 ,listpagese,11,Ministria e Arsimit Sportit dhe Rinise,1011139,Fakulteti i Mjekesise (3535),6061021,Bursa,BANKA CREDINS,9160000.00,6/4/2025 12:00:00 AM,6/5/2025 12:00:00 AM
 Vlore,8810120702025,1012070 DRTK VLORE PAGA MAJ 2025 ,ME BORDERO,12,Ministria e Ekonomise, Kultures dhe Inovacionit,1012070,Drejtoria Rajonale e Trashegimise Kulturore Vlore (3737),6001001,Paga neto për punonjesit e miratuar në organikë,RAIFFEISEN BANK SH.A,2019031.00,6/4/2025 12:00:00 AM,6/5/2025 12:00:00 AM
 Fier,8821110202025,Shtepia e te Moshuarve Fier 2111020  shpenzime personale te moshuarve list pagesa qershor 2025,13,Ministria e Shendetesise dhe Mbrojtjes Sociale,2111020,Shtepia e te moshuarve Fier (0909),6022099,Sherbime te tjera,POSTA SHQIPTARE SH.A,60000.00,6/4/2025 12:00:00 AM,6/5/2025 12:00:00 AM
 Shkoder,8821410452025,2141045 DPMOP, paga maj 25, listepag mujore nr533 dt03.06.25, listepag banka nr533/5 dt03.06.25 - 11 pn,0,Unspecified,2141045,Drejtoria e Pergjithshme e Mirembajtjes se Objekteve Publike (3333),6001001,Paga neto për punonjesit e miratuar në organikë,BANKA KOMBETARE TREGTARE,481557.00,6/4/2025 12:00:00 AM,6/5/2025 12:00:00 AM
 Mat,8826540022025,Agjencia Funks.Patransf.Klos (2654002) Lik. Page muaji Maj 2025 per Administraten (Aparati).Bordero pagese Nr.5 Dt.03.06.2025.Liste - Pagese Nr.i Punonjesve Plan 20 - Fakt 14.,0,Unspecified,2654002,Agjencia e Funksioneve të Patransferueshme Klos (0625),6001001,Paga neto për punonjesit e miratuar në organikë,RAIFFEISEN BANK SH.A,1068699.00,6/4/2025 12:00:00 AM,6/5/2025 12:00:00 AM
 Kavaje,88621180012025,BASHKIA KAVAJE PAGE NEO CERDHE MAJ 2025,0,Unspecified,2118001,Bashkia Kavaja (3513),6001001,Paga neto për punonjesit e miratuar në organikë,BANKA CREDINS,854515.00,6/4/2025 12:00:00 AM,6/5/2025 12:00:00 AM
 Lushnje,88710130122025,1013012 NJ.V.K.SH Lushnje, Sa lik.Kont.nr.126,dt.11.02.2025 Sherbim interneti muaji Maj 2025,fat.nr.101,dt.30.5.2025, Pcv marr.dorezim dt.30.5.2025,13,Ministria e Shendetesise dhe Mbrojtjes Sociale,1013012,Njësia Vendore e Kujdesit Shëndetësor Lushnje (0922),6022099,Sherbime te tjera,ENIAN GJEKA,11310.00,6/4/2025 12:00:00 AM,6/5/2025 12:00:00 AM
 Kavaje,88721180012025,BASHKIA KAVAJE PAGE NEO CERDHE MAJ 2025,0,Unspecified,2118001,Bashkia Kavaja (3513),6001001,Paga neto për punonjesit e miratuar në organikë,RAIFFEISEN BANK SH.A,1034548.00,6/4/2025 12:00:00 AM,6/5/2025 12:00:00 AM
 Tirane,8910100402025,1010040-Drejtoria Raj. Tat. Tirane 2025 paga  m Maj 2025 bord 2.6.2024 pl nr pl 189/154 me kontr 30/16 ( 100 ),10,Ministria e Financave dhe Ekonomise,1010040,Drejtoria Rajonale Tatimore Tirane (3535),6001001,Paga neto për punonjesit e miratuar në organikë,BANKA CREDINS,8597893.00,6/3/2025 12:00:00 AM,6/5/2025 12:00:00 AM
 Tirane,8910111392025,1011139 Fak Mjekesise 2025-Paga Maj 2025,nr punonjesi,plan fakt 316/266, VKM 421,26.6.24,VKM 422 dt 30.10.24,shkr 4141/7 dt 30.4.25,listpagese,11,Ministria e Arsimit Sportit dhe Rinise,1011139,Fakulteti i Mjekesise (3535),6001001,Paga neto për punonjesit e miratuar në organikë,BANKA CREDINS,29378811.00,6/4/2025 12:00:00 AM,6/5/2025 12:00:00 AM
 Elbasan,8910112532025,1011253 Zyra Arsimore Belsh,Shpenzime transporti per mesuesit Maj 2025,Listepagese dt.04.06.2025,11,Ministria e Arsimit Sportit dhe Rinise,1011253,Zyra Vendore Arsimore , Belsh  (0808),6024100,Udhetim i brendshem,RAIFFEISEN BANK SH.A,757458.00,6/4/2025 12:00:00 AM,6/5/2025 12:00:00 AM
 Lushnje,8910130122025,1013012 NJ.V.K.SH Lushnje, Sa lik.Kont.nr.187,dt.28.02.2025 Sigurim i ruajtjes me kamera dhe sistem alarmi per ambjentet e NJVKSH dhe godina D.H.E Lushnje ,fat.nr.12657,dt.31.5.2025, situacion Maj 2025,13,Ministria e Shendetesise dhe Mbrojtjes Sociale,1013012,Njësia Vendore e Kujdesit Shëndetësor Lushnje (0922),6022008,Sherbime te sigurimit dhe ruajtjes,ARB - SECURITY SH.P.K,90000.00,6/4/2025 12:00:00 AM,6/5/2025 12:00:00 AM
 Shkoder,8921410452025,2141045, DPMOP, shpenzime paga Maj 2025 list pag muj 533 dt 03.06.2025, list pag banke 533/6 dt 03.06.2025,0,Unspecified,2141045,Drejtoria e Pergjithshme e Mirembajtjes se Objekteve Publike (3333),6001001,Paga neto për punonjesit e miratuar në organikë,Banka OTP Albania,94590.00,6/4/2025 12:00:00 AM,6/5/2025 12:00:00 AM
 Kavaje,89221180012025,BASHKIA KAVAJE PAGE NEO CERDHE DHE KUJDESI SIAL MAJ 2025,0,Unspecified,2118001,Bashkia Kavaja (3513),6001001,Paga neto për punonjesit e miratuar në organikë,INTESA SANPAOLO BANK ALBANIA,199642.00,6/4/2025 12:00:00 AM,6/5/2025 12:00:00 AM
 Mat,8926540022025,Agjencia Funks.Patransf.Klos (2654002) Lik. Page muaji Maj 2025 per Administraten (Aparati).Bordero pagese Nr.5 Dt.03.06.2025.Liste - Pagese Nr.i Punonjesve Plan 20 - Fakt 1.,0,Unspecified,2654002,Agjencia e Funksioneve të Patransferueshme Klos (0625),6001001,Paga neto për punonjesit e miratuar në organikë,BANKA CREDINS,84787.00,6/4/2025 12:00:00 AM,6/5/2025 12:00:00 AM
 Kavaje,89821180012025,BASHKIA KAVAJE PAGE NEO CERDHE DHE KUJDESI SIAL MAJ 2025,0,Unspecified,2118001,Bashkia Kavaja (3513),6001001,Paga neto për punonjesit e miratuar në organikë,UNION BANK SHA,129909.00,6/4/2025 12:00:00 AM,6/5/2025 12:00:00 AM
 Tirane,9010100402025,1010040-Drejtoria Raj. Tat. Tirane 2025 paga  m Maj 2025 bord 2.6.2024 pl nr pl 189/154 me kontr 30/16 ( 25 ),10,Ministria e Financave dhe Ekonomise,1010040,Drejtoria Rajonale Tatimore Tirane (3535),6001001,Paga neto për punonjesit e miratuar në organikë,BANKA KOMBETARE TREGTARE,2109025.00,6/3/2025 12:00:00 AM,6/5/2025 12:00:00 AM
 Tirane,90101113925,1011139 Fak Mjekesise 2025-Paga Maj 2025,nr punonjesi,plan fakt 316/5,listpagese,11,Ministria e Arsimit Sportit dhe Rinise,1011139,Fakulteti i Mjekesise (3535),6001001,Paga neto për punonjesit e miratuar në organikë,BANKA KOMBETARE TREGTARE,504824.00,6/4/2025 12:00:00 AM,6/5/2025 12:00:00 AM
 Elbasan,9010112532025,1011253 Zyra Arsimore Belsh,Shpenzime transporti per mesuesit Maj 2025,Listepagese dt.04.06.2025,11,Ministria e Arsimit Sportit dhe Rinise,1011253,Zyra Vendore Arsimore , Belsh  (0808),6024100,Udhetim i brendshem,BANKA KOMBETARE TREGTARE,358187.00,6/4/2025 12:00:00 AM,6/5/2025 12:00:00 AM
 Kavaje,90121180012025,BASHKIA KAVAJE PAGE NETO ARSIMI  ARSIMI BAZE ARSIMI MBESHTETES MAJ 2025,0,Unspecified,2118001,Bashkia Kavaja (3513),6001001,Paga neto për punonjesit e miratuar në organikë,BANKA CREDINS,3567588.00,6/4/2025 12:00:00 AM,6/5/2025 12:00:00 AM
 Shkoder,9021410452025,2141045, DPMOP, paga neto Maj 2025, vkb 76 dt 19.12.24, shp ligj 849/1 dt 26.12.24, listepag mujore 533 dt 03.06.25, listepag banke533/7 dt 03.06.25-1 pn,0,Unspecified,2141045,Drejtoria e Pergjithshme e Mirembajtjes se Objekteve Publike (3333),6001001,Paga neto për punonjesit e miratuar në organikë,UNION BANK SHA,48781.00,6/4/2025 12:00:00 AM,6/5/2025 12:00:00 AM
 Mat,9026540022025,Agjencia Funks.Patransf.Klos (2654002) Lik. Page muaji Maj 2025 per Arsimin baze perfshire parashkollorin (edukatore,roje e sanitare).Bordero pagese Nr.5 Dt.03.06.2025.Liste - Pagese Nr.i Punonjesve Plan 44 - Fakt 11.,0,Unspecified,2654002,Agjencia e Funksioneve të Patransferueshme Klos (0625),6001001,Paga neto për punonjesit e miratuar në organikë,Banka OTP Albania,679734.00,6/4/2025 12:00:00 AM,6/5/2025 12:00:00 AM
 Tirane,9110100402025,1010040-Drejtoria Raj. Tat. Tirane 2025 paga  m Maj 2025 bord 2.6.2024 pl nr pl 189/154 me kontr 30/16 ( 6 ),10,Ministria e Financave dhe Ekonomise,1010040,Drejtoria Rajonale Tatimore Tirane (3535),6001001,Paga neto për punonjesit e miratuar në organikë,Banka OTP Albania,475220.00,6/3/2025 12:00:00 AM,6/5/2025 12:00:00 AM
 Tirane,9110111392025,1011139 Fak Mjekesise 2025-Paga Maj 2025,nr punonjesi,plan fakt 316/2,listpagese,11,Ministria e Arsimit Sportit dhe Rinise,1011139,Fakulteti i Mjekesise (3535),6001001,Paga neto për punonjesit e miratuar në organikë,RAIFFEISEN BANK SH.A,193225.00,6/4/2025 12:00:00 AM,6/5/2025 12:00:00 AM
 Elbasan,9110112532025,1011253 Zyra Arsimore Belsh,Shpenzime transporti per mesuesit Maj 2025,Listepagese dt.04.06.2025,11,Ministria e Arsimit Sportit dhe Rinise,1011253,Zyra Vendore Arsimore , Belsh  (0808),6024100,Udhetim i brendshem,BANKA AMERIKANE E INVESTIMEVE SHA	,5838.00,6/4/2025 12:00:00 AM,6/5/2025 12:00:00 AM
 Tirane,9110670012025,1067001-KMSHC-Djeta ne valute pjesmarje ne konferenca Ub 45 dt 3.6.2025 Shkresa 530 dt 22.5.2025 Autorizim per sheb jashte vendi 530/1 dt 27.5.2025 Shuma 2700E Kursi 1E=99.5 Leke,67,Komisioni i Sherbimit Civil,1067001,Komisioneri per Mbikqyrjen  e Sherbimit Civil (3535),6022007,Sherbimet bankare,BANKA CREDINS,271137.50,6/4/2025 12:00:00 AM,6/5/2025 12:00:00 AM
 Mat,9126540022025,Agjencia Funks.Patransf.Klos (2654002) Lik. Page muaji Maj 2025 per Arsimin baze perfshire parashkollorin (edukatore,roje e sanitare).Bordero pagese Nr.5 Dt.03.06.2025.Liste - Pagese Nr.i Punonjesve Plan 44 - Fakt 27.,0,Unspecified,2654002,Agjencia e Funksioneve të Patransferueshme Klos (0625),6001001,Paga neto për punonjesit e miratuar në organikë,RAIFFEISEN BANK SH.A,1556903.00,6/4/2025 12:00:00 AM,6/5/2025 12:00:00 AM
 Tirane,9210100402025,1010040-Drejtoria Raj. Tat. Tirane 2025 paga  m Maj 2025 bord 2.6.2024 pl nr pl 189/154 me kontr 30/16 ( 35 ),10,Ministria e Financave dhe Ekonomise,1010040,Drejtoria Rajonale Tatimore Tirane (3535),6001001,Paga neto për punonjesit e miratuar në organikë,RAIFFEISEN BANK SH.A,2903488.00,6/3/2025 12:00:00 AM,6/5/2025 12:00:00 AM
 Tirane,9210111412025,1011141 Fak Drejtesise 2025- Bursa Ekselent  dhe mbeshtetje financiare prog prioritar 2025 ,VKM 39 dt 23.1.2019,VKM 386 dt 1.6.22,listpagese,11,Ministria e Arsimit Sportit dhe Rinise,1011141,Universiteti i Tiranes, fakulteti i Drejtesise (3535),6061021,Bursa,BANKA CREDINS,2946442.00,6/4/2025 12:00:00 AM,6/5/2025 12:00:00 AM
 Elbasan,9210112532025,1011253 Zyra Arsimore Belsh,Shpenzime transporti per nxenesit Maj 2025,Permbledhese,11,Ministria e Arsimit Sportit dhe Rinise,1011253,Zyra Vendore Arsimore , Belsh  (0808),6024100,Udhetim i brendshem,POSTA SHQIPTARE SH.A,1471971.00,6/4/2025 12:00:00 AM,6/5/2025 12:00:00 AM
 Tirane,9210121082025,1012108 - QKB 2025 - blerje bileta avioni, up nr 3 dt 13.05.2025, ft ofdrt nr 9771/1 dt 14.05.2025, nj fit nr 14.05.2025, fat nr 2437 dt 14.05.2025,12,Ministria e Ekonomise, Kultures dhe Inovacionit,1012108,Qendra Kombetare e Biznesit (3535),6024200,Udhetim jashte shtetit,SPIRIT TRAVEL & TOURS,73400.00,6/3/2025 12:00:00 AM,6/5/2025 12:00:00 AM
 Peqin,9210140072025,1014007 IEVP Burgu Peqin,Likujduar transferte page muaji Maj 2025ne baze te shkreses D.P.B Nr.7165 date.13.06.2022 se ministrisi se financave nr.11720 dt.22.06.2022 liste pagese bashkelidhur,14,Ministria e Drejtesise,1014007,Burgu Peqin (0827),6060099,Te tjera transferta tek individet,BANKA KOMBETARE TREGTARE,379089.00,6/3/2025 12:00:00 AM,6/5/2025 12:00:00 AM
 Diber,9210290142025,2025, Gjykata Diber, 1029014,likujdim avokati ft nr 6 dt 22.05.2025 sipas urdher te titullarit,29,Keshilli i Larte Gjyqesor,1029014,Gjykata e rrethit Diber (0606),6029005,Shpenzime per honorare,Dorald Rama,30000.00,6/4/2025 12:00:00 AM,6/5/2025 12:00:00 AM
 Mat,9226540022025,Agjencia Funks.Patransf.Klos (2654002) Lik. Page muaji Maj 2025 per Arsimin baze perfshire parashkollorin (edukatore,roje e sanitare).Bordero pagese Nr.5 Dt.03.06.2025.Liste - Pagese Nr.i Punonjesve Plan 44 - Fakt 4.,0,Unspecified,2654002,Agjencia e Funksioneve të Patransferueshme Klos (0625),6001001,Paga neto për punonjesit e miratuar në organikë,BANKA CREDINS,245361.00,6/4/2025 12:00:00 AM,6/5/2025 12:00:00 AM
 Tirane,9310100402025,1010040-Drejtoria Raj. Tat. Tirane 2025 paga  m Maj 2025 bord 2.6.2024 pl nr pl 189/154 me kontr 30/16 ( 2 ),10,Ministria e Financave dhe Ekonomise,1010040,Drejtoria Rajonale Tatimore Tirane (3535),6001001,Paga neto për punonjesit e miratuar në organikë,BANKA E TIRANES,114580.00,6/3/2025 12:00:00 AM,6/5/2025 12:00:00 AM
 Gjirokaster,9310100862025.,1010086 Dogana Kakavie. Larje xhamash,fatura nr.128/2025 dt.29.05.2025,Urdher Prokurimi nr.06 dt.15.05.2025.,10,Ministria e Financave dhe Ekonomise,1010086,Dogana Gjirokaster (1111),6022099,Sherbime te tjera,ALPEN PULITO,264000.00,6/4/2025 12:00:00 AM,6/5/2025 12:00:00 AM
 Tirane,9310121122025,1012112 - Drejt Pergjithshme Akreditimit 2025 - shpenz pe rblerje artikuj kancelarie, up nr 11 dt 26.05.2025, pv dt 26.05.2025, fa tnr 2092 dt 26.05.2025, fh nr 1 dt 26.05.2025,12,Ministria e Ekonomise, Kultures dhe Inovacionit,1012112,Drejtoria e Pergjithshme e Akreditimit (3535),6022009,Sherbime te pastrimit dhe gjelberimit,InfoSoft Office,119870.00,6/3/2025 12:00:00 AM,6/5/2025 12:00:00 AM
 Diber,9310130152025,2025 Spitali Diber 1013015 shpenzime transporti per pacientet qe trajtohen me dializ listepagesa bashkengjitur Maj 2025,13,Ministria e Shendetesise dhe Mbrojtjes Sociale,1013015,Spitali Diber (0606),6021099,Te tjera materiale dhe sherbime speciale,BANKA KOMBETARE TREGTARE,704060.00,6/4/2025 12:00:00 AM,6/5/2025 12:00:00 AM
 Peqin,9310140072025,1014007 IEVP Burgu Peqin,Likujduar Transferte page kalimtare muaji Maj 2025,permbledhese liste pagese bashkelidhur ne banke,nr punonjesve 4,14,Ministria e Drejtesise,1014007,Burgu Peqin (0827),6060099,Te tjera transferta tek individet,BANKA KOMBETARE TREGTARE,269583.00,6/3/2025 12:00:00 AM,6/5/2025 12:00:00 AM
 Diber,9310290142025,2025, Gjykata Diber, 1029014,uje Maj 2025 ft nr 30202 dt 02.06.2025,29,Keshilli i Larte Gjyqesor,1029014,Gjykata e rrethit Diber (0606),6022002,Uje,Shoqeria Rajonale Ujesjelles Kanalizime Diber Sha,2880.00,6/4/2025 12:00:00 AM,6/5/2025 12:00:00 AM
 Durres,9321070132025,2107013/ NSHK DURRES/ NDALESE PAGE FLAMAUR SHARRA URDHER 431 DT 12.12.2024,0,Unspecified,2107013,Nd-ja Sherbimeve Komunale (0707),6001001,Paga neto për punonjesit e miratuar në organikë,AA BAILIFF,10000.00,6/4/2025 12:00:00 AM,6/5/2025 12:00:00 AM
 Mat,9326540022025,Agjencia Funks.Patransf.Klos (2654002) Lik. Page muaji Maj 2025 per Arsimin e mesem (sektori mbeshtetes).Bordero pagese Nr.5 Dt.03.06.2025.Liste - Pagese Nr.i Punonjesve Plan 4 - Fakt 1.,0,Unspecified,2654002,Agjencia e Funksioneve të Patransferueshme Klos (0625),6001001,Paga neto për punonjesit e miratuar në organikë,Banka OTP Albania,40138.00,6/4/2025 12:00:00 AM,6/5/2025 12:00:00 AM
 Mat,9326540032025,Agjencia Funks.Transf.Klos (2654003) Lik.Page muaji Maj 2025 per Administraten (Aparati).Bordero pagese Nr.5 Dt.02.06.2025.Liste - Pagese Nr.i Punonjesve Plan 9 - Fakt 2.,0,Unspecified,2654003,Agjencia e Funksioneve të Transferueshme Klos (0625),6001001,Paga neto për punonjesit e miratuar në organikë,Banka OTP Albania,200195.00,6/4/2025 12:00:00 AM,6/5/2025 12:00:00 AM
 Tirane,9410100402025,1010040-Drejtoria Raj. Tat. Tirane 2025 paga  m Maj 2025 bord 2.6.2024 pl nr pl 189/154 me kontr 30/16 ( 2 ),10,Ministria e Financave dhe Ekonomise,1010040,Drejtoria Rajonale Tatimore Tirane (3535),6001001,Paga neto për punonjesit e miratuar në organikë,PRO CREDIT BANK,174318.00,6/3/2025 12:00:00 AM,6/5/2025 12:00:00 AM
 Peqin,9410140072025,1014007 IEVP Burgu Peqin,Likujduar transferte page kalimtare per muajin Maj 2025,Perpmbledhese liste pagese bashkelidhur,Nr punonjesve 7,14,Ministria e Drejtesise,1014007,Burgu Peqin (0827),6060099,Te tjera transferta tek individet,RAIFFEISEN BANK SH.A,222686.00,6/3/2025 12:00:00 AM,6/5/2025 12:00:00 AM
 Diber,9410290142025,2025, Gjykata Diber, 1029014,uje Maj 2025 ft nr 38762 dt 02.06.2025,29,Keshilli i Larte Gjyqesor,1029014,Gjykata e rrethit Diber (0606),6022002,Uje,Shoqeria Rajonale Ujesjelles Kanalizime Diber Sha,244.00,6/4/2025 12:00:00 AM,6/5/2025 12:00:00 AM
 Tirane,9421018312025,2101831,IMT Tirana-ndalese permbarimore Altin Bleta urdher venie sek 831 dt 31.10.2024 vendim 17.11.2023 vendim leshim urdh ekz 27.03.2024,0,Unspecified,2101831,Inspektoriati i Mbrojtjes së Territorit (3535),6001001,Paga neto për punonjesit e miratuar në organikë,Altin Vako,10500.00,6/4/2025 12:00:00 AM,6/5/2025 12:00:00 AM
 Durres,9421070132025,2107013/ NSHK DURRES/ NDALESE PAGE FIQIRI SHIMA URDHER 430 DT 12.12.2024,0,Unspecified,2107013,Nd-ja Sherbimeve Komunale (0707),6001001,Paga neto për punonjesit e miratuar në organikë,ZYRË E PËRMBARIMIT PRIVAT PRESTIGE,10000.00,6/4/2025 12:00:00 AM,6/5/2025 12:00:00 AM
 Mat,9426540022025,Agjencia Funks.Patransf.Klos (2654002) Lik. Page muaji Maj 2025 per Arsimin e mesem (sektori mbeshtetes).Bordero pagese Nr.5 Dt.03.06.2025.Liste - Pagese Nr.i Punonjesve Plan 4 - Fakt 3.,0,Unspecified,2654002,Agjencia e Funksioneve të Patransferueshme Klos (0625),6001001,Paga neto për punonjesit e miratuar në organikë,RAIFFEISEN BANK SH.A,122931.00,6/4/2025 12:00:00 AM,6/5/2025 12:00:00 AM
 Mat,9426540032025,Agjencia Funks.Transf.Klos (2654003) Lik.Page muaji Maj 2025 per Administraten (Aparati).Bordero pagese Nr.5 Dt.02.06.2025.Liste - Pagese Nr.i Punonjesve Plan 9 - Fakt 5.,0,Unspecified,2654003,Agjencia e Funksioneve të Transferueshme Klos (0625),6001001,Paga neto për punonjesit e miratuar në organikë,RAIFFEISEN BANK SH.A,368685.00,6/4/2025 12:00:00 AM,6/5/2025 12:00:00 AM
 Diber,9510130152025,2025 Spitali Diber 1013015 paga Maj lista dhe bordoroja bashkengjitur,13,Ministria e Shendetesise dhe Mbrojtjes Sociale,1013015,Spitali Diber (0606),6001001,Paga neto për punonjesit e miratuar në organikë,BANKA KOMBETARE TREGTARE,1559906.00,6/4/2025 12:00:00 AM,6/5/2025 12:00:00 AM
 Has,9510130702025,1812.1013070 Sa likujdojme djeta udhetim i brendshem per punonjesit muaji prill-2025,sipas listepageses dhe bordoros se bankes ,vkm nr.997 dt.10.12.2010,urdh i brendsh nr.37 dt.30.04.2025.Spitali HAS,13,Ministria e Shendetesise dhe Mbrojtjes Sociale,1013070,Sp. Has (1812),6024100,Udhetim i brendshem,RAIFFEISEN BANK SH.A,109500.00,6/2/2025 12:00:00 AM,6/5/2025 12:00:00 AM
 Tirane,9510161382025,1016138 NSMV, dieta brenda vendit, VKM nr 997 dt 10.12.2010, Urdher nr 9 dt 23.01.2025, listepagese,16,Ministria e Brendshme,1016138,Njesia Speciale e Mbrojtjes se Vecante,6024100,Udhetim i brendshem,RAIFFEISEN BANK SH.A,1513500.00,6/4/2025 12:00:00 AM,6/5/2025 12:00:00 AM
 Diber,9510290142025,2025, Gjykata Diber, 1029014,posta Maj 2025 ft nr 187 dt 02.06.2025,29,Keshilli i Larte Gjyqesor,1029014,Gjykata e rrethit Diber (0606),6022004,Posta dhe sherbimi korrier,POSTA SHQIPTARE SH.A,80.00,6/4/2025 12:00:00 AM,6/5/2025 12:00:00 AM
 Tirane,9521018312025,2101831,IMT Tirana-ndalese permbarimore Lisjan Allushi urdh 11.12.2024 vendim denim me gjobe 17.11.2023 IKMT vendim ekz 27.03.2025,0,Unspecified,2101831,Inspektoriati i Mbrojtjes së Territorit (3535),6001001,Paga neto për punonjesit e miratuar në organikë,Altin Vako,33000.00,6/4/2025 12:00:00 AM,6/5/2025 12:00:00 AM
 Mat,9526540022025,Agjencia Funks.Patransf.Klos (2654002) Lik. Page muaji Maj 2025 per Policine Bashkiake.Bordero pagese Nr.5 Dt.03.06.2025.Liste - Pagese Nr.i Punonjesve Plan 9 - Fakt 2.,0,Unspecified,2654002,Agjencia e Funksioneve të Patransferueshme Klos (0625),6001001,Paga neto për punonjesit e miratuar në organikë,BANKA CREDINS,144998.00,6/4/2025 12:00:00 AM,6/5/2025 12:00:00 AM
 Mat,9526540032025,Agjencia Funks.Transf.Klos (2654003) Lik.Page muaji Maj 2025 per Administraten (Aparati).Bordero pagese Nr.5 Dt.02.06.2025.Liste - Pagese Nr.i Punonjesve Plan 9 - Fakt 1.,0,Unspecified,2654003,Agjencia e Funksioneve të Transferueshme Klos (0625),6001001,Paga neto për punonjesit e miratuar në organikë,BANKA CREDINS,41736.00,6/4/2025 12:00:00 AM,6/5/2025 12:00:00 AM
 Gjirokaster,9610100862025.,1010086 Dogana Kakavie. Sherbime pastrimi,fatura nr.93/2025 dt.01.06.2025,kontrata nr.2019/2 dt.06.01.2025.,10,Ministria e Financave dhe Ekonomise,1010086,Dogana Gjirokaster (1111),6022009,Sherbime te pastrimit dhe gjelberimit,EB-2000,78156.00,6/4/2025 12:00:00 AM,6/5/2025 12:00:00 AM
 Diber,9610130152025,2025 Spitali Diber 1013015 paga neto Maj 2025 lista dhe bordoroja bashkengjitur,13,Ministria e Shendetesise dhe Mbrojtjes Sociale,1013015,Spitali Diber (0606),6001001,Paga neto për punonjesit e miratuar në organikë,Banka OTP Albania,5221710.00,6/4/2025 12:00:00 AM,6/5/2025 12:00:00 AM
 Peqin,9610140072025,1014007 IEVP Burgu Peqin,Likujduar Ndalesa nga pagat muaji Maj 2025 per punonjesin Taulant Sulkja per llogari te Sherbimit Permbarimor "AA BAILiff "SHPK  Tirane,14,Ministria e Drejtesise,1014007,Burgu Peqin (0827),6001001,Paga neto për punonjesit e miratuar në organikë,AA BAILIFF,15000.00,6/3/2025 12:00:00 AM,6/5/2025 12:00:00 AM
 Tirane,9610161382025,1016138 NSMV, dieta brenda vendit, VKM nr 997 dt 10.12.2010, Urdher nr 9 dt 23.01.2025, listepagese,16,Ministria e Brendshme,1016138,Njesia Speciale e Mbrojtjes se Vecante,6024100,Udhetim i brendshem,BANKA KOMBETARE TREGTARE,417000.00,6/4/2025 12:00:00 AM,6/5/2025 12:00:00 AM
 Tirane,9610870132025,1087013 - ASIG 2025 , Fond pensioni vullnetar , listpag dt 2.6.25 , kont ind 1019595,87,Institucione te tjera Qeveritare,1087013,Autoriteti Shteteror Gjeohapsinor (ASIG) (3535),6001001,Paga neto për punonjesit e miratuar në organikë,CREDINS INVEST-sh.a-Shoqeri administruese e Fondeve te Pensionit dhe Sipermarrjeve te Investimeve Kolektive.,40000.00,6/4/2025 12:00:00 AM,6/5/2025 12:00:00 AM
 Mat,9626540022025,Agjencia Funks.Patransf.Klos (2654002) Lik. Page muaji Maj 2025 per Policine Bashkiake.Bordero pagese Nr.5 Dt.03.06.2025.Liste - Pagese Nr.i Punonjesve Plan 9 - Fakt 4.,0,Unspecified,2654002,Agjencia e Funksioneve të Patransferueshme Klos (0625),6001001,Paga neto për punonjesit e miratuar në organikë,RAIFFEISEN BANK SH.A,184928.00,6/4/2025 12:00:00 AM,6/5/2025 12:00:00 AM
 Mat,9626540032025,Agjencia Funks.Transf.Klos (2654003) Lik. Page muaji Maj 2025 per Sekt.Ujitja Kullimi.Bordero pagese Nr.5 Dt.02.06.2025.Liste - Pagese Nr.i Punonjesve Plan 3 - Fakt 1.,0,Unspecified,2654003,Agjencia e Funksioneve të Transferueshme Klos (0625),6001001,Paga neto për punonjesit e miratuar në organikë,Banka OTP Albania,58052.00,6/4/2025 12:00:00 AM,6/5/2025 12:00:00 AM
 Gjirokaster,9710100862025,1010086 Dogana Kakavie. Posta, fatura nr.974/2025 dt.02.06.2025.,10,Ministria e Financave dhe Ekonomise,1010086,Dogana Gjirokaster (1111),6022004,Posta dhe sherbimi korrier,POSTA SHQIPTARE SH.A,2370.00,6/4/2025 12:00:00 AM,6/5/2025 12:00:00 AM
 Tirane,9710110552025,1011055 QSHA 2025- terheqj limit arke, urdh nr 2476 dt 21.5.2025, autoriz nr 2476/1 dt 21.5.2025,11,Ministria e Arsimit Sportit dhe Rinise,1011055,Qendra e Shërbimeve Arsimore(3535),6029009,Shpenzime per terheqjen e limitit te arkes,BANKA CREDINS,10000.00,5/29/2025 12:00:00 AM,6/5/2025 12:00:00 AM
 Diber,9710130152025,2025 Spitali Diber 1013015 paga neto Maj 2025 lista dhe bordoroja bashkengjitur,13,Ministria e Shendetesise dhe Mbrojtjes Sociale,1013015,Spitali Diber (0606),6001001,Paga neto për punonjesit e miratuar në organikë,BANKA CREDINS,18558614.00,6/4/2025 12:00:00 AM,6/5/2025 12:00:00 AM
 Peqin,9710140072025,1014007 IEVP Burgu Peqin,Likujduar Ndalesa nga pagat muajin Maj 2025 per punonjesen Natasha Lundraxhiu per llogari te Zyres se  Permbarimit Elbasan sipas shkreses Nr.4734 date 14.08.2023,14,Ministria e Drejtesise,1014007,Burgu Peqin (0827),6001001,Paga neto për punonjesit e miratuar në organikë,ZYRA E PERMBARIMIT ELBASAN,20000.00,6/3/2025 12:00:00 AM,6/5/2025 12:00:00 AM
 Tirane,9710161372025,1016137 IPSH, paga Maj, nr  pun 78/4, listepagese,16,Ministria e Brendshme,1016137,Instituti i Policisë Shkencore (3535),6001001,Paga neto për punonjesit e miratuar në organikë,BANKA CREDINS,365795.00,6/3/2025 12:00:00 AM,6/5/2025 12:00:00 AM
 Tirane,9710161382025,1016138 NSMV, dieta brenda vendit, VKM nr 997 dt 10.12.2010, Urdher nr 9 dt 23.01.2025, listepagese,16,Ministria e Brendshme,1016138,Njesia Speciale e Mbrojtjes se Vecante,6024100,Udhetim i brendshem,BANKA CREDINS,258000.00,6/4/2025 12:00:00 AM,6/5/2025 12:00:00 AM
 Tirane,97102608825,1026088 Agj.Komb.Turiz.- paga maj 2025, listepagese, nr pun 24/10, me kon 1/1 shkr MF nr 956/1 dt 30.01.25,26,Ministria e Turizmit dhe Mjedisit,1026088,Agjensia Kombetare e Turizmit (3535),6001001,Paga neto për punonjesit e miratuar në organikë,BANKA KOMBETARE TREGTARE,811409.00,6/4/2025 12:00:00 AM,6/5/2025 12:00:00 AM
 Mat,9726540022025,Agjencia Funks.Patransf.Klos (2654002) Lik. Page muaji Maj 2025 per Sherbimin zjarrfikes P.M.N.Z.Sh-ja.Bordero pagese Nr.5 Dt.03.06.2025.Liste - Pagese Nr.i Punonjesve Plan 14 - Fakt 4.,0,Unspecified,2654002,Agjencia e Funksioneve të Patransferueshme Klos (0625),6001001,Paga neto për punonjesit e miratuar në organikë,Banka OTP Albania,237487.00,6/4/2025 12:00:00 AM,6/5/2025 12:00:00 AM
 Mat,9726540032025,Agjencia Funks.Transf.Klos (2654003) Lik. Page muaji Maj 2025 per Sekt.Ujitja Kullimi.Bordero pagese Nr.5 Dt.02.06.2025.Liste - Pagese Nr.i Punonjesve Plan 3 - Fakt 2.,0,Unspecified,2654003,Agjencia e Funksioneve të Transferueshme Klos (0625),6001001,Paga neto për punonjesit e miratuar në organikë,RAIFFEISEN BANK SH.A,162902.00,6/4/2025 12:00:00 AM,6/5/2025 12:00:00 AM
 Diber,9810130152025,2025 Spitali Diber 1013015 paga Maj lista dhe bordoroja bashkengjitur,13,Ministria e Shendetesise dhe Mbrojtjes Sociale,1013015,Spitali Diber (0606),6001001,Paga neto për punonjesit e miratuar në organikë,RAIFFEISEN BANK SH.A,197121.00,6/4/2025 12:00:00 AM,6/5/2025 12:00:00 AM
 Peqin,9810140072025,1014007 IEVP Burgu Peqin,Likujduar kompensim shpenzim udhetimi per punonjesit per muajin Maj 2025,ne baze te vendimit 920 date 25.11.2020,liste pagese bashkelidhur ne banke,nr punonjesve 4,14,Ministria e Drejtesise,1014007,Burgu Peqin (0827),6024100,Udhetim i brendshem,BANKA KOMBETARE TREGTARE,20000.00,6/3/2025 12:00:00 AM,6/5/2025 12:00:00 AM
 Tirane,9810161372025,1016137 IPSH, paga Maj, nr  pun 78/1, listepagese,16,Ministria e Brendshme,1016137,Instituti i Policisë Shkencore (3535),6001001,Paga neto për punonjesit e miratuar në organikë,UNION BANK SHA,44982.00,6/3/2025 12:00:00 AM,6/5/2025 12:00:00 AM
 Tirane,9810161382025,1016138 NSMV, dieta brenda vendit, VKM nr 997 dt 10.12.2010, Urdher nr 9 dt 23.01.2025, listepagese,16,Ministria e Brendshme,1016138,Njesia Speciale e Mbrojtjes se Vecante,6024100,Udhetim i brendshem,INTESA SANPAOLO BANK ALBANIA,72500.00,6/4/2025 12:00:00 AM,6/5/2025 12:00:00 AM
 Durres,9821070132025,2107013/ NSHK DURRES/ PAGA SIPAS LISTEPAGESES,0,Unspecified,2107013,Nd-ja Sherbimeve Komunale (0707),6001001,Paga neto për punonjesit e miratuar në organikë,Banka OTP Albania,8342412.00,6/4/2025 12:00:00 AM,6/5/2025 12:00:00 AM
 Mat,9826540022025,Agjencia Funks.Patransf.Klos (2654002) Lik. Page muaji Maj 2025 per Sherbimin zjarrfikes P.M.N.Z.Sh-ja.Bordero pagese Nr.5 Dt.03.06.2025.Liste - Pagese Nr.i Punonjesve Plan 14 - Fakt 8.,0,Unspecified,2654002,Agjencia e Funksioneve të Patransferueshme Klos (0625),6001001,Paga neto për punonjesit e miratuar në organikë,RAIFFEISEN BANK SH.A,417060.00,6/4/2025 12:00:00 AM,6/5/2025 12:00:00 AM
 Mat,9826540032025,Agjencia Funks.Transf.Klos (2654003) Lik. Page muaji Maj 2025 per Sekt.e Pastrim Gjelberimit.Bordero pagese Nr.5 Dt.02.06.2025.Liste - Pagese Nr.i Punonjesve Plan 10 - Fakt 2.,0,Unspecified,2654003,Agjencia e Funksioneve të Transferueshme Klos (0625),6001001,Paga neto për punonjesit e miratuar në organikë,Banka OTP Albania,92829.00,6/4/2025 12:00:00 AM,6/5/2025 12:00:00 AM
 Peqin,9910140072025,014007 IEVP Burgu Peqin,Likujduar kompensim shpenzim udhetimi per punonjesit per muajin Maj 2025,ne baze te vendimit 920 date 25.11.2020,liste pagese bashkelidhur ne banke,nr punonjesve 4,14,Ministria e Drejtesise,1014007,Burgu Peqin (0827),6024100,Udhetim i brendshem,RAIFFEISEN BANK SH.A,18000.00,6/3/2025 12:00:00 AM,6/5/2025 12:00:00 AM
 Tirane,9910161382025,1016138 NSMV, dieta brenda vendit, VKM nr 997 dt 10.12.2010, Urdher nr 9 dt 23.01.2025, listepagese,16,Ministria e Brendshme,1016138,Njesia Speciale e Mbrojtjes se Vecante,6024100,Udhetim i brendshem,BANKA E TIRANES,170500.00,6/4/2025 12:00:00 AM,6/5/2025 12:00:00 AM
 Diber,9910290142025,2025, Gjykata Diber, 1029014 shpenzim per shpallje ne gazet nga gjykata ft nr 772 dt 22.05.2025,29,Keshilli i Larte Gjyqesor,1029014,Gjykata e rrethit Diber (0606),6029003,Shpenzime gjyqesore,PANORAMA GROUP,1600.00,6/4/2025 12:00:00 AM,6/5/2025 12:00:00 AM
 Mat,9926540022025,Agjencia Funks.Patransf.Klos (2654002) Lik. Page muaji Maj 2025 per Sherbimin zjarrfikes P.M.N.Z.Sh-ja.Bordero pagese Nr.5 Dt.03.06.2025.Liste - Pagese Nr.i Punonjesve Plan 14 - Fakt 1.,0,Unspecified,2654002,Agjencia e Funksioneve të Patransferueshme Klos (0625),6001001,Paga neto për punonjesit e miratuar në organikë,BANKA CREDINS,52186.00,6/4/2025 12:00:00 AM,6/5/2025 12:00:00 AM
 Mat,9926540032025,Agjencia Funks.Transf.Klos (2654003) Lik. Page muaji Maj 2025 per Sekt.e Pastrim Gjelberimit.Bordero pagese Nr.5 Dt.02.06.2025.Liste - Pagese Nr.i Punonjesve Plan 10 - Fakt 7.,0,Unspecified,2654003,Agjencia e Funksioneve të Transferueshme Klos (0625),6001001,Paga neto për punonjesit e miratuar në organikë,RAIFFEISEN BANK SH.A,348240.00,6/4/2025 12:00:00 AM,6/5/2025 12:00:00 AM
 Elbasan,pt11910112522025,2025 Zyra Vendore Arsimore Cerrik, shperblim per semundje urdher Z.V.A nr.48 dt27.03.2025 permbledhse,11,Ministria e Arsimit Sportit dhe Rinise,1011252,Zyra Vendore Arsimore, Cërrik (0808),6061041,Shpenzime per situata te veshtira dhe per fatekeqesi,BANKA KOMBETARE TREGTARE,50000.00,6/4/2025 12:00:00 AM,6/5/2025 12:00:00 AM
