DOSAGE,GENERIC_DRUG_ID,GENERIC_DRUG_NAME,PHARMACEUTICAL_FORM
500mg + 5mg1260Paracetamol + metoclopramide hydrochloride monohydratecapsule,500mg + 5mg1260Paracetamol + metoclopramide hydrochloride monohydratecapsule,500mg + 5mg1260Paracetamol + metoclopramide hydrochloride monohydratecapsule,500mg + 5mg1260Paracetamol + metoclopramide hydrochloride monohydratecapsule
,1261Mesalazine 500mg/sachet,1261Mesalazine 500mg/sachet,
,1262Mesalazine 1000mg/sachet,1262Mesalazine 1000mg/sachet,
,1263Mesalazine 1500mg/sachet,1263Mesalazine 1500mg/sachet,
,1264Mesalazine 3000mg/sachet,1264Mesalazine 3000mg/sachet,
,1265Meropenem 500mg/vial,1265Meropenem 500mg/vial,
,1266Meropenem 1000mg/vial,1266Meropenem 1000mg/vial,
,1267Meloxicam 15mg,1267Meloxicam 15mg,
,1269Meloxicam 15mg/1.5ml,1269Meloxicam 15mg/1.5ml,
,1270Memantine Hydrochloride 10mg,1270Memantine Hydrochloride 10mg,
,1271Memantine Hydrochloride 20mg,1271Memantine Hydrochloride 20mg,
,1272Memantine Hydrochloride 10mg/g - 100goral drops, solution,1272Memantine Hydrochloride 10mg/g - 100goral drops, solution,1272Memantine Hydrochloride 10mg/g - 100goral drops, solution
,1273Mannitol 200mg/ml - 250ml,1273Mannitol 200mg/ml - 250ml,
,1274Mannitol 200mg/ml - 500ml,1274Mannitol 200mg/ml - 500ml,
,1277Mannitol 20% - 250ml,1277Mannitol 20% - 250ml,
,1278Mannitol 20% - 500ml,1278Mannitol 20% - 500ml,
,1281Mebicarum 300mg,1281Mebicarum 300mg,
250mg + 100mg + 2mg1282Paracetamol + oxolamine citrate + chlorpheniramine maleatecapsule,250mg + 100mg + 2mg1282Paracetamol + oxolamine citrate + chlorpheniramine maleatecapsule,250mg + 100mg + 2mg1282Paracetamol + oxolamine citrate + chlorpheniramine maleatecapsule,250mg + 100mg + 2mg1282Paracetamol + oxolamine citrate + chlorpheniramine maleatecapsule
,1284Mebhydroline napadisylate 50mg,1284Mebhydroline napadisylate 50mg,
650mg + 200mg + 4mg + 60mg1285Paracetamol + oxolamine citrate + chlorpheniramine maleate + pseudoephedrine hclfilm-coated tablet,650mg + 200mg + 4mg + 60mg1285Paracetamol + oxolamine citrate + chlorpheniramine maleate + pseudoephedrine hclfilm-coated tablet,650mg + 200mg + 4mg + 60mg1285Paracetamol + oxolamine citrate + chlorpheniramine maleate + pseudoephedrine hclfilm-coated tablet,650mg + 200mg + 4mg + 60mg1285Paracetamol + oxolamine citrate + chlorpheniramine maleate + pseudoephedrine hclfilm-coated tablet
,1286Mefenamic acid 500mg,1286Mefenamic acid 500mg,
,1287Mefenamic acid 50mg/5ml - 125mloral suspension,1287Mefenamic acid 50mg/5ml - 125mloral suspension,1287Mefenamic acid 50mg/5ml - 125mloral suspension
650mg + 10mg1288Paracetamol + phenyephrine hydrochloridegranules for oral suspension in sachet,650mg + 10mg1288Paracetamol + phenyephrine hydrochloridegranules for oral suspension in sachet,650mg + 10mg1288Paracetamol + phenyephrine hydrochloridegranules for oral suspension in sachet,650mg + 10mg1288Paracetamol + phenyephrine hydrochloridegranules for oral suspension in sachet
,1289Meldonium 250mg,1289Meldonium 250mg,
,1290Meldonium 500mg,1290Meldonium 500mg,
,1291Meldonium 100mg/ml - 5ml,1291Meldonium 100mg/ml - 5ml,
,1292Meldonium 500mg/5ml - 5ml,1292Meldonium 500mg/5ml - 5ml,
(650mg + 10mg + 4mg)/sachet1293Paracetamol + phenyephrine hydrochloride + chlorphenamine maleatepowder for oral solution,(650mg + 10mg + 4mg)/sachet1293Paracetamol + phenyephrine hydrochloride + chlorphenamine maleatepowder for oral solution,(650mg + 10mg + 4mg)/sachet1293Paracetamol + phenyephrine hydrochloride + chlorphenamine maleatepowder for oral solution,(650mg + 10mg + 4mg)/sachet1293Paracetamol + phenyephrine hydrochloride + chlorphenamine maleatepowder for oral solution
(250mg + 210mg + 50mg)1294Paracetamol + propyphenazone + caffeinetablet,(250mg + 210mg + 50mg)1294Paracetamol + propyphenazone + caffeinetablet,(250mg + 210mg + 50mg)1294Paracetamol + propyphenazone + caffeinetablet,(250mg + 210mg + 50mg)1294Paracetamol + propyphenazone + caffeinetablet
,1295Menotrophin 75 IU,1295Menotrophin 75 IU,
,1296Menthol 1% (w/w) - 100g,1296Menthol 1% (w/w) - 100g,
,1297Merbromin 2% - 30ml,1297Merbromin 2% - 30ml,
(200mg + 200mg + 50mg + 10mg)1298Paracetamol + propyphenazone + caffeine + codeine phosphate hemihydratetablet,(200mg + 200mg + 50mg + 10mg)1298Paracetamol + propyphenazone + caffeine + codeine phosphate hemihydratetablet,(200mg + 200mg + 50mg + 10mg)1298Paracetamol + propyphenazone + caffeine + codeine phosphate hemihydratetablet,(200mg + 200mg + 50mg + 10mg)1298Paracetamol + propyphenazone + caffeine + codeine phosphate hemihydratetablet
,1299Meprobamate + Bendroflumethiazide + Medroxyprogesterone acetate 200mg + 2mg + 2.5mg,1299Meprobamate + Bendroflumethiazide + Medroxyprogesterone acetate 200mg + 2mg + 2.5mg,
(250mg + 210mg + 50mg + 10mg)1300Paracetamol + propyphenazone + caffeine + codeine phosphate sesquihydratetablet,(250mg + 210mg + 50mg + 10mg)1300Paracetamol + propyphenazone + caffeine + codeine phosphate sesquihydratetablet,(250mg + 210mg + 50mg + 10mg)1300Paracetamol + propyphenazone + caffeine + codeine phosphate sesquihydratetablet,(250mg + 210mg + 50mg + 10mg)1300Paracetamol + propyphenazone + caffeine + codeine phosphate sesquihydratetablet
,1301Mequitazine 0.05g/100ml - 60mlsyrup,1301Mequitazine 0.05g/100ml - 60mlsyrup,1301Mequitazine 0.05g/100ml - 60mlsyrup
(325mg + 30mg + 15mg)1302Paracetamol + pseudoephedrine + dextromethorphanfilm-coated tablet,(325mg + 30mg + 15mg)1302Paracetamol + pseudoephedrine + dextromethorphanfilm-coated tablet,(325mg + 30mg + 15mg)1302Paracetamol + pseudoephedrine + dextromethorphanfilm-coated tablet,(325mg + 30mg + 15mg)1302Paracetamol + pseudoephedrine + dextromethorphanfilm-coated tablet
(500mg + 60mg)/ sachet1304Paracetamol + pseudoephedrine hydrochloridegranules,(500mg + 60mg)/ sachet1304Paracetamol + pseudoephedrine hydrochloridegranules,(500mg + 60mg)/ sachet1304Paracetamol + pseudoephedrine hydrochloridegranules,(500mg + 60mg)/ sachet1304Paracetamol + pseudoephedrine hydrochloridegranules
(3.2g + 0.3g + 0.02g)/100ml1305Paracetamol + pseudoephedrine hydrochloride + chlorpheniramine maleatesyrup,(3.2g + 0.3g + 0.02g)/100ml1305Paracetamol + pseudoephedrine hydrochloride + chlorpheniramine maleatesyrup,(3.2g + 0.3g + 0.02g)/100ml1305Paracetamol + pseudoephedrine hydrochloride + chlorpheniramine maleatesyrup,(3.2g + 0.3g + 0.02g)/100ml1305Paracetamol + pseudoephedrine hydrochloride + chlorpheniramine maleatesyrup
500mg + 30mg + 15mg + 60mg1306Paracetamol + pseudoephedrine hydrochloride + dextromethorphan hydrochloride + ascorbic acidfilm-coated tablet,500mg + 30mg + 15mg + 60mg1306Paracetamol + pseudoephedrine hydrochloride + dextromethorphan hydrochloride + ascorbic acidfilm-coated tablet,500mg + 30mg + 15mg + 60mg1306Paracetamol + pseudoephedrine hydrochloride + dextromethorphan hydrochloride + ascorbic acidfilm-coated tablet,500mg + 30mg + 15mg + 60mg1306Paracetamol + pseudoephedrine hydrochloride + dextromethorphan hydrochloride + ascorbic acidfilm-coated tablet
5mcg/ml1309Paricalcitolsolution for injection,5mcg/ml1309Paricalcitolsolution for injection,5mcg/ml1309Paricalcitolsolution for injection,5mcg/ml1309Paricalcitolsolution for injection
,1310Magnesium lactate dihydrate + Pyridoxine hydrochloride 470mg + 5mg,1310Magnesium lactate dihydrate + Pyridoxine hydrochloride 470mg + 5mg,
,1311Magaldrate anhydrous 1600mg/10mloral gel,1311Magaldrate anhydrous 1600mg/10mloral gel,1311Magaldrate anhydrous 1600mg/10mloral gel
20mg1312Paroxetine (as paroxetine hydrochloride)film-coated tablet,20mg1312Paroxetine (as paroxetine hydrochloride)film-coated tablet,20mg1312Paroxetine (as paroxetine hydrochloride)film-coated tablet,20mg1312Paroxetine (as paroxetine hydrochloride)film-coated tablet
,1313Naphazoline hydrochloride + Boric acid (3mg + 150mg)/10mleye drops, solution,1313Naphazoline hydrochloride + Boric acid (3mg + 150mg)/10mleye drops, solution,1313Naphazoline hydrochloride + Boric acid (3mg + 150mg)/10mleye drops, solution
,1325Clofarabine 1mg/ml - 20ml,1325Clofarabine 1mg/ml - 20ml,
,1143Nadroparin calcium 1900 IU axa/0.2ml,1143Nadroparin calcium 1900 IU axa/0.2ml,
,1144Nadroparin calcium 2850 IU axa/0.3ml,1144Nadroparin calcium 2850 IU axa/0.3ml,
,1145Nadroparin calcium 3800 IU axa/0.4ml,1145Nadroparin calcium 3800 IU axa/0.4ml,
,1146Nadroparin calcium 5700 IU axa/0.6ml,1146Nadroparin calcium 5700 IU axa/0.6ml,
,1154Ciclosporine 50mg,1154Ciclosporine 50mg,
,1157Natural Vitamin E - 200 IU,1157Natural Vitamin E - 200 IU,
,1159Cinnarizin + piracetam 25mg + 400mg,1159Cinnarizin + piracetam 25mg + 400mg,
,1175Ciprofloxacine 10mg/ml - 10ml,1175Ciprofloxacine 10mg/ml - 10ml,
,1182Ciprofloxacine 400mg/200ml,1182Ciprofloxacine 400mg/200ml,
,1184Ciprofloxacine 750mg,1184Ciprofloxacine 750mg,
500mg + 30mg + 25mg + 20mg + 5mg1187Paracetamol + ascorbic acid + caffeine + terpine hydrate + phenylephrine hydrochloridetablet,500mg + 30mg + 25mg + 20mg + 5mg1187Paracetamol + ascorbic acid + caffeine + terpine hydrate + phenylephrine hydrochloridetablet,500mg + 30mg + 25mg + 20mg + 5mg1187Paracetamol + ascorbic acid + caffeine + terpine hydrate + phenylephrine hydrochloridetablet,500mg + 30mg + 25mg + 20mg + 5mg1187Paracetamol + ascorbic acid + caffeine + terpine hydrate + phenylephrine hydrochloridetablet
,1190Ciprofloxacine 15mg/5ml - 5mlear drops,1190Ciprofloxacine 15mg/5ml - 5mlear drops,1190Ciprofloxacine 15mg/5ml - 5mlear drops
,1192Mitoxantrone 2mg/ml - 5mlconcentrate for solution for infusion,1192Mitoxantrone 2mg/ml - 5mlconcentrate for solution for infusion,1192Mitoxantrone 2mg/ml - 5mlconcentrate for solution for infusion
,1193Mitoxantrone 2mg/ml - 10mlconcentrate for solution for infusion,1193Mitoxantrone 2mg/ml - 10mlconcentrate for solution for infusion,1193Mitoxantrone 2mg/ml - 10mlconcentrate for solution for infusion
(750mg + 60mg + 10mg)/sachet1194Paracetamol + ascorbic acid + phenylephrine hydrochloridepowder for oral solution,(750mg + 60mg + 10mg)/sachet1194Paracetamol + ascorbic acid + phenylephrine hydrochloridepowder for oral solution,(750mg + 60mg + 10mg)/sachet1194Paracetamol + ascorbic acid + phenylephrine hydrochloridepowder for oral solution,(750mg + 60mg + 10mg)/sachet1194Paracetamol + ascorbic acid + phenylephrine hydrochloridepowder for oral solution
,1199Midecamycin 400mg,1199Midecamycin 400mg,
,1201Citalopram 40mg,1201Citalopram 40mg,
,1205Midazolam 7.5mg,1205Midazolam 7.5mg,
,1207Clemastine 0.5mg/5ml - 100ml,1207Clemastine 0.5mg/5ml - 100ml,
,1210Clindamycin 300mg,1210Clindamycin 300mg,
,1213Midazolam 1mg/1ml - 5ml,1213Midazolam 1mg/1ml - 5ml,
,1218Metronidazole 500mg/100mlsolution for infusion,1218Metronidazole 500mg/100mlsolution for infusion,1218Metronidazole 500mg/100mlsolution for infusion
,1219Clarithromycine 500mg/vial,1219Clarithromycine 500mg/vial,
,1226Metronidazole 125mg/5ml - 120mloral suspension,1226Metronidazole 125mg/5ml - 120mloral suspension,1226Metronidazole 125mg/5ml - 120mloral suspension
,1231Metronidazole	200mg,1231Metronidazole	200mg,
(160mg + 1mg + 5mg +15mg)/5ml1236paracetamol + chlorpheniramine maleate + dextromethorphan hydrobromide + pseudoephedrine hydrochloridesyrup,(160mg + 1mg + 5mg +15mg)/5ml1236paracetamol + chlorpheniramine maleate + dextromethorphan hydrobromide + pseudoephedrine hydrochloridesyrup,(160mg + 1mg + 5mg +15mg)/5ml1236paracetamol + chlorpheniramine maleate + dextromethorphan hydrobromide + pseudoephedrine hydrochloridesyrup,(160mg + 1mg + 5mg +15mg)/5ml1236paracetamol + chlorpheniramine maleate + dextromethorphan hydrobromide + pseudoephedrine hydrochloridesyrup
,1243Methylergometrine maleate 0.2mg/1ml,1243Methylergometrine maleate 0.2mg/1ml,
(600 + 20)mg/4ml1251Paracetamol + hyoscine butylbromidesolution for injection,(600 + 20)mg/4ml1251Paracetamol + hyoscine butylbromidesolution for injection,(600 + 20)mg/4ml1251Paracetamol + hyoscine butylbromidesolution for injection,(600 + 20)mg/4ml1251Paracetamol + hyoscine butylbromidesolution for injection
,1259Mesalazine 1000mg,1259Mesalazine 1000mg,
,1268Meloxicam 7.5mg,1268Meloxicam 7.5mg,
,1275Mannitol 18% - 100ml,1275Mannitol 18% - 100ml,
,1276Mannitol 18% - 250ml,1276Mannitol 18% - 250ml,
,1279Mebendazole 20mg/ml - 30ml,1279Mebendazole 20mg/ml - 30ml,
(120mg + 50mg + 1mg/5ml)1280Paracetamol + oxolamine citrate + chlorpheniramine maleatesyrup,(120mg + 50mg + 1mg/5ml)1280Paracetamol + oxolamine citrate + chlorpheniramine maleatesyrup,(120mg + 50mg + 1mg/5ml)1280Paracetamol + oxolamine citrate + chlorpheniramine maleatesyrup,(120mg + 50mg + 1mg/5ml)1280Paracetamol + oxolamine citrate + chlorpheniramine maleatesyrup
,1283Malathion 0.5g/100ml,1283Malathion 0.5g/100ml,
,1303Mequitazine 10mg,1303Mequitazine 10mg,
,1307Lovastatine 40mg,1307Lovastatine 40mg,
,1308Magnesium 47.4mg,1308Magnesium 47.4mg,
,1314Passiflora dry extract 100mgfilm-coated tablet,1314Passiflora dry extract 100mgfilm-coated tablet,1314Passiflora dry extract 100mgfilm-coated tablet
,1315Naphazoline hydrochloride + Diphenhydramine hydrochloride (1mg + 1mg)/ml - 15mlnasal spray, solution,1315Naphazoline hydrochloride + Diphenhydramine hydrochloride (1mg + 1mg)/ml - 15mlnasal spray, solution,1315Naphazoline hydrochloride + Diphenhydramine hydrochloride (1mg + 1mg)/ml - 15mlnasal spray, solution
,1316Pazopanib 200mgfilm-coated tablet,1316Pazopanib 200mgfilm-coated tablet,1316Pazopanib 200mgfilm-coated tablet
,1317Losartan potassium 100mg,1317Losartan potassium 100mg,
,1318Pazopanib 400mgfilm-coated tablet,1318Pazopanib 400mgfilm-coated tablet,1318Pazopanib 400mgfilm-coated tablet
,1319Losartan potassium 12.5mg,1319Losartan potassium 12.5mg,
,1320Clioquinol + cetrimide (250mg + 25mg),1320Clioquinol + cetrimide (250mg + 25mg),
,1321Losartan potassium 500mg,1321Losartan potassium 500mg,
,1322Clioquinol + fluocinolone acetonide (3% + 0.025%),1322Clioquinol + fluocinolone acetonide (3% + 0.025%),
,1323Losartan potassium + Hydrochlorothiazide 100mg + 25mg,1323Losartan potassium + Hydrochlorothiazide 100mg + 25mg,
120mcg/0.5ml1324Peginterferon alfa-2bpowder and solvent for solution for injection,120mcg/0.5ml1324Peginterferon alfa-2bpowder and solvent for solution for injection,120mcg/0.5ml1324Peginterferon alfa-2bpowder and solvent for solution for injection,120mcg/0.5ml1324Peginterferon alfa-2bpowder and solvent for solution for injection
,1326Clomipramine hydrochloride 25mg/2ml,1326Clomipramine hydrochloride 25mg/2ml,
,1327Losartan potassium + Hydrochlorothiazide 100mg + 12.5mg,1327Losartan potassium + Hydrochlorothiazide 100mg + 12.5mg,
150mcg/0.5ml1328Peginterferon alfa-2bpowder and solvent for solution for injection,150mcg/0.5ml1328Peginterferon alfa-2bpowder and solvent for solution for injection,150mcg/0.5ml1328Peginterferon alfa-2bpowder and solvent for solution for injection,150mcg/0.5ml1328Peginterferon alfa-2bpowder and solvent for solution for injection
,1329Clopidogrel 300mg,1329Clopidogrel 300mg,
,1330Losartan potassium + Hydrochlorothiazide 50mg + 12.5mg,1330Losartan potassium + Hydrochlorothiazide 50mg + 12.5mg,
500mg/vial1331Pemetrexedpowder for concentrate for solution for infusion,500mg/vial1331Pemetrexedpowder for concentrate for solution for infusion,500mg/vial1331Pemetrexedpowder for concentrate for solution for infusion,500mg/vial1331Pemetrexedpowder for concentrate for solution for infusion
,1332Clopidogrel + acetylsalicylic acid 75mg + 100mg,1332Clopidogrel + acetylsalicylic acid 75mg + 100mg,
,1333Clopidogrel + acetylsalicylic acid 75mg + 75mg,1333Clopidogrel + acetylsalicylic acid 75mg + 75mg,
,1334Pentoxifylline 400mgprolonged-release tablet,1334Pentoxifylline 400mgprolonged-release tablet,1334Pentoxifylline 400mgprolonged-release tablet
,1335Clotrimazole 1%,1335Clotrimazole 1%,
,1336Lopinavir + Ritonavir (80mg + 20mg)/ml - 60mloral solution,1336Lopinavir + Ritonavir (80mg + 20mg)/ml - 60mloral solution,1336Lopinavir + Ritonavir (80mg + 20mg)/ml - 60mloral solution
,1337Clotrimazole 10mg/g - 20g,1337Clotrimazole 10mg/g - 20g,
,1338Clotrimazole 10mg/g - 35g,1338Clotrimazole 10mg/g - 35g,
,1339Lopinavir + Ritonavir 200mg + 50mgtablet,1339Lopinavir + Ritonavir 200mg + 50mgtablet,1339Lopinavir + Ritonavir 200mg + 50mgtablet
,1340Clotrimazole 10mg/g - 50g,1340Clotrimazole 10mg/g - 50g,
,1341Loperamide 2mg,1341Loperamide 2mg,
,1342Clotrimazole 1g - 100ml - 20ml,1342Clotrimazole 1g - 100ml - 20ml,
,1343Lisinopril 10mg,1343Lisinopril 10mg,
4mg + 1.25mg1344Perindopril + indapamidetablet,4mg + 1.25mg1344Perindopril + indapamidetablet,4mg + 1.25mg1344Perindopril + indapamidetablet,4mg + 1.25mg1344Perindopril + indapamidetablet
,1346Clotrimazole 200mgvaginal tablet,1346Clotrimazole 200mgvaginal tablet,1346Clotrimazole 200mgvaginal tablet
8mg + 2.5mg1347Perindopril + indapamidetablet,8mg + 2.5mg1347Perindopril + indapamidetablet,8mg + 2.5mg1347Perindopril + indapamidetablet,8mg + 2.5mg1347Perindopril + indapamidetablet
,1348Clotrimazole 20mg/g - 20g,1348Clotrimazole 20mg/g - 20g,
,1349Lisinopril 20mg,1349Lisinopril 20mg,
,1350Clotrimazole + metronidazole (100mg + 500mg),1350Clotrimazole + metronidazole (100mg + 500mg),
,1351Clotrimazole + metronidazole (200mg/10ml + 1g/130ml),1351Clotrimazole + metronidazole (200mg/10ml + 1g/130ml),
,1352Perindopril erbumine 4mgtablet,1352Perindopril erbumine 4mgtablet,1352Perindopril erbumine 4mgtablet
,1353Clotrimazole + metronidazole (20mg + 4mg)/100g,1353Clotrimazole + metronidazole (20mg + 4mg)/100g,
,1354Clozapine 25mg,1354Clozapine 25mg,
,1355Lisinopril + Hydrochlorothiazide 10mg + 12.5mg,1355Lisinopril + Hydrochlorothiazide 10mg + 12.5mg,
,1356Lisinopril + Hydrochlorothiazide 20mg + 12.5mg,1356Lisinopril + Hydrochlorothiazide 20mg + 12.5mg,
,1357Lisinopril + Hydrochlorothiazide 20mg + 25mg,1357Lisinopril + Hydrochlorothiazide 20mg + 25mg,
,1358Coagulation factor VIII 250 IU/5ml,1358Coagulation factor VIII 250 IU/5ml,
,1359Perindopril erbumine 8mgtablet,1359Perindopril erbumine 8mgtablet,1359Perindopril erbumine 8mgtablet
,1360Coagulation factor VIII 500 IU/5ml,1360Coagulation factor VIII 500 IU/5ml,
(2mg + 0.625mg)1361Perindopril erbumine + indapamidetablet,(2mg + 0.625mg)1361Perindopril erbumine + indapamidetablet,(2mg + 0.625mg)1361Perindopril erbumine + indapamidetablet,(2mg + 0.625mg)1361Perindopril erbumine + indapamidetablet
,1362Lisuride Hydrogen Maleate 0.2mg,1362Lisuride Hydrogen Maleate 0.2mg,
,1363Phenazone 5% (w/v)ear drops, solution,1363Phenazone 5% (w/v)ear drops, solution,1363Phenazone 5% (w/v)ear drops, solution
,1364Codeine + guaiacol (0.08g + 0.5g)/100ml,1364Codeine + guaiacol (0.08g + 0.5g)/100ml,
(4g + 1g)/100g1365Phenazone + lidocaine hydrochlorideear drops, solution,(4g + 1g)/100g1365Phenazone + lidocaine hydrochlorideear drops, solution,(4g + 1g)/100g1365Phenazone + lidocaine hydrochlorideear drops, solution,(4g + 1g)/100g1365Phenazone + lidocaine hydrochlorideear drops, solution
,1366Codeine + guaiacol (0.08g + 1.5g)/100ml,1366Codeine + guaiacol (0.08g + 1.5g)/100ml,
,1367Codeine phosphate + paracetamol (30mg + 500mg),1367Codeine phosphate + paracetamol (30mg + 500mg),
,1368Phenibutum 250mgtablet,1368Phenibutum 250mgtablet,1368Phenibutum 250mgtablet
(0.6mg + 0.08mg + 40mg + 90mg)/1g1369Codeine phosphate hemihydrate + benzaldehyde + tolu balsam extract +thymi extractum fluidum,(0.6mg + 0.08mg + 40mg + 90mg)/1g1369Codeine phosphate hemihydrate + benzaldehyde + tolu balsam extract +thymi extractum fluidum,(0.6mg + 0.08mg + 40mg + 90mg)/1g1369Codeine phosphate hemihydrate + benzaldehyde + tolu balsam extract +thymi extractum fluidum,
(0.3% + 0.05%) w/v1370Pheniramine maleate + tetryzoline hydrochlorideeye drops, solution,(0.3% + 0.05%) w/v1370Pheniramine maleate + tetryzoline hydrochlorideeye drops, solution,(0.3% + 0.05%) w/v1370Pheniramine maleate + tetryzoline hydrochlorideeye drops, solution,(0.3% + 0.05%) w/v1370Pheniramine maleate + tetryzoline hydrochlorideeye drops, solution
150 mg577Capecitabine 150 mg,150 mg577Capecitabine 150 mg,150 mg577Capecitabine 150 mg,
500 mg578Capecitabine 500 mg,500 mg578Capecitabine 500 mg,500 mg578Capecitabine 500 mg,
500mg579Hydroxyurea 500mg,500mg579Hydroxyurea 500mg,500mg579Hydroxyurea 500mg,
,580Bicalutamide 50mg,580Bicalutamide 50mg,
,581Everolimus 0.5 mg,581Everolimus 0.5 mg,
,582Everolimus 0.25mg,582Everolimus 0.25mg,
3.75mg583Triptorelin 3.75mg,3.75mg583Triptorelin 3.75mg,3.75mg583Triptorelin 3.75mg,
,584Fingolimod 0.5 mg,584Fingolimod 0.5 mg,
135mcg/0.5ml585Peginterferon alfa-2a 135mcg/0.5ml,135mcg/0.5ml585Peginterferon alfa-2a 135mcg/0.5ml,135mcg/0.5ml585Peginterferon alfa-2a 135mcg/0.5ml,
180mcg/0.5ml586Peginterferon alfa-2a 180mcg/0.5ml,180mcg/0.5ml586Peginterferon alfa-2a 180mcg/0.5ml,180mcg/0.5ml586Peginterferon alfa-2a 180mcg/0.5ml,
150 mg587Acid Ibandronic 150 mg,150 mg587Acid Ibandronic 150 mg,150 mg587Acid Ibandronic 150 mg,
,588Fentanyl 25mg/h,588Fentanyl 25mg/h,
,589Fentanyl 50mg/h,589Fentanyl 50mg/h,
50mg591Tramadol Hydrochloride 50mg,50mg591Tramadol Hydrochloride 50mg,50mg591Tramadol Hydrochloride 50mg,
100mg/ml-10ml592Tramadol Hydrochloride 100mg/ml-10ml pika nga goja,100mg/ml-10ml592Tramadol Hydrochloride 100mg/ml-10ml pika nga goja,100mg/ml-10ml592Tramadol Hydrochloride 100mg/ml-10ml pika nga goja,
,593Risperidone 25mg,593Risperidone 25mg,
,594Risperidone 37.5mg,594Risperidone 37.5mg,
,595Risperidone 50mg,595Risperidone 50mg,
6mg596Paliperidone 6mg,6mg596Paliperidone 6mg,6mg596Paliperidone 6mg,
9mg597Paliperidone 9mg,9mg597Paliperidone 9mg,9mg597Paliperidone 9mg,
18mg598Methylphenidate Hydrochloride 18mg,18mg598Methylphenidate Hydrochloride 18mg,18mg598Methylphenidate Hydrochloride 18mg,
36mg599Methylphenidate Hydrochloride 36mg,36mg599Methylphenidate Hydrochloride 36mg,36mg599Methylphenidate Hydrochloride 36mg,
,600Disulfiram 200mg,600Disulfiram 200mg,
150mg/2ml602Omalizumab 150mg/2ml,150mg/2ml602Omalizumab 150mg/2ml,150mg/2ml602Omalizumab 150mg/2ml,
20mg603Bilastine 20mg,20mg603Bilastine 20mg,20mg603Bilastine 20mg,
,604Dorzolamide 2% - 5ml,604Dorzolamide 2% - 5ml,
800mg605Sevelamer Carbonate 800mg,800mg605Sevelamer Carbonate 800mg,800mg605Sevelamer Carbonate 800mg,
10mg/ml606Ranibizumab 10mg/ml,10mg/ml606Ranibizumab 10mg/ml,10mg/ml606Ranibizumab 10mg/ml,
3mg607Paliperidone 3mg,3mg607Paliperidone 3mg,3mg607Paliperidone 3mg,
,608Aflibercept 40mg/ml,608Aflibercept 40mg/ml,
,609Insuline Humane Biosintetike Bifazike Izofane 100 Nj.N/ml - 3 ml 30/70,609Insuline Humane Biosintetike Bifazike Izofane 100 Nj.N/ml - 3 ml 30/70,
70 mg + 5600 Nj.N610Acid Alendronic 70 mg + Colecalciferol 5600 Nj.Ntablet,70 mg + 5600 Nj.N610Acid Alendronic 70 mg + Colecalciferol 5600 Nj.Ntablet,70 mg + 5600 Nj.N610Acid Alendronic 70 mg + Colecalciferol 5600 Nj.Ntablet,70 mg + 5600 Nj.N610Acid Alendronic 70 mg + Colecalciferol 5600 Nj.Ntablet
,611Levetiracetam 500 mgtabl. retard.,611Levetiracetam 500 mgtabl. retard.,611Levetiracetam 500 mgtabl. retard.
,612Hydrocortisone 17 - Bytyrate 0.1% - 30 g,612Hydrocortisone 17 - Bytyrate 0.1% - 30 g,
,613Glyceryl Trinitrate 0.5 mg,613Glyceryl Trinitrate 0.5 mg,
,614Cefixime 100mg/5ml - 50ml,614Cefixime 100mg/5ml - 50ml,
250 mg615Penicillamine 250 mg,250 mg615Penicillamine 250 mg,250 mg615Penicillamine 250 mg,
50 mg616Acarbose 50 mg,50 mg616Acarbose 50 mg,50 mg616Acarbose 50 mg,
100 mg617Acarbose 100 mg,100 mg617Acarbose 100 mg,100 mg617Acarbose 100 mg,
30mg/2ml618Octreotide 30mg/2ml,30mg/2ml618Octreotide 30mg/2ml,30mg/2ml618Octreotide 30mg/2ml,
,619Lercanidipine 20 mg,619Lercanidipine 20 mg,
50 mg620Spironolactone 50 mg,50 mg620Spironolactone 50 mg,50 mg620Spironolactone 50 mg,
,621Fluvoxamine Maleate 100 mg,621Fluvoxamine Maleate 100 mg,
80 mg622Telmisartan 80 mg,80 mg622Telmisartan 80 mg,80 mg622Telmisartan 80 mg,
,623Lixisenatide 20mcg/0.2ml,623Lixisenatide 20mcg/0.2ml,
,624Iron (III) Hydroxide Sucrose Complex 100mg/5ml - 5ml,624Iron (III) Hydroxide Sucrose Complex 100mg/5ml - 5ml,
50mcg/0.5ml625Peginterferon alfa-2b 50mcg/0.5ml,50mcg/0.5ml625Peginterferon alfa-2b 50mcg/0.5ml,50mcg/0.5ml625Peginterferon alfa-2b 50mcg/0.5ml,
80mcg/0.5ml626Peginterferon alfa-2b 80mcg/0.5ml,80mcg/0.5ml626Peginterferon alfa-2b 80mcg/0.5ml,80mcg/0.5ml626Peginterferon alfa-2b 80mcg/0.5ml,
100mcg/0.5ml627Peginterferon alfa-2b 100mcg/0.5ml,100mcg/0.5ml627Peginterferon alfa-2b 100mcg/0.5ml,100mcg/0.5ml627Peginterferon alfa-2b 100mcg/0.5ml,
,628Levodopa + Carbidopa (2g + 0.5g)/100 ml,628Levodopa + Carbidopa (2g + 0.5g)/100 ml,
400mg629Sofosbuvir 400mg,400mg629Sofosbuvir 400mg,400mg629Sofosbuvir 400mg,
,630Lactulose 667 mg/ml,630Lactulose 667 mg/ml,
100 mg631Infliximab 100 mg,100 mg631Infliximab 100 mg,100 mg631Infliximab 100 mg,
,632Ruxolitinib 20mg,632Ruxolitinib 20mg,
,633Erythropoietine Zeta 30 000 Nj.N - 0.75ml,633Erythropoietine Zeta 30 000 Nj.N - 0.75ml,
,634Ruxolitinib 15mg,634Ruxolitinib 15mg,
240 mg635Vemurafenib 240 mg,240 mg635Vemurafenib 240 mg,240 mg635Vemurafenib 240 mg,
250 mg636Abiraterone acetate 250 mg,250 mg636Abiraterone acetate 250 mg,250 mg636Abiraterone acetate 250 mg,
,637Ruxolitinib 5mg,637Ruxolitinib 5mg,
,638Glycopyrronium 50 mg,638Glycopyrronium 50 mg,
,639Lomustine 40 mg,639Lomustine 40 mg,
,641Everolimus 10 mg,641Everolimus 10 mg,
30mg644Atorvastatine 30mg,30mg644Atorvastatine 30mg,30mg644Atorvastatine 30mg,
60mg645Atorvastatine 60mg,60mg645Atorvastatine 60mg,60mg645Atorvastatine 60mg,
80mg646Atorvastatine 80mg,80mg646Atorvastatine 80mg,80mg646Atorvastatine 80mg,
,651Itraconazole 100mg,651Itraconazole 100mg,
,652Ketoprofen 100mg/2ml - 2ml Ampoules,652Ketoprofen 100mg/2ml - 2ml Ampoules,
,654Alprazolam 0.5mg,654Alprazolam 0.5mg,
,655Alprazolam 0.75mg/ml - 20ml oral drops, solution,655Alprazolam 0.75mg/ml - 20ml oral drops, solution,
0.26mg664Pramipexole 0.26mg - prolonged-release tabletprolonged-release tablet,0.26mg664Pramipexole 0.26mg - prolonged-release tabletprolonged-release tablet,0.26mg664Pramipexole 0.26mg - prolonged-release tabletprolonged-release tablet,0.26mg664Pramipexole 0.26mg - prolonged-release tabletprolonged-release tablet
2.1mg666Pramipexole 2.1mg - prolonged-release tabletprolonged-release tablet,2.1mg666Pramipexole 2.1mg - prolonged-release tabletprolonged-release tablet,2.1mg666Pramipexole 2.1mg - prolonged-release tabletprolonged-release tablet,2.1mg666Pramipexole 2.1mg - prolonged-release tabletprolonged-release tablet
,670Pantoprazole 40mg/vial,670Pantoprazole 40mg/vial,
0.2mg671Moxonidine 0.2mgtablet,0.2mg671Moxonidine 0.2mgtablet,0.2mg671Moxonidine 0.2mgtablet,0.2mg671Moxonidine 0.2mgtablet
,676Acetylcysteine 20mg/ml - 100ml oral solution,676Acetylcysteine 20mg/ml - 100ml oral solution,
,677Acetylcysteine 200mg,677Acetylcysteine 200mg,
,678Acetylcysteine 200mg/sachet,678Acetylcysteine 200mg/sachet,
,679Acetylcysteine 5% - 5ml eye drops,679Acetylcysteine 5% - 5ml eye drops,
325mg687Acid Acetylsalicylic 325mg,325mg687Acid Acetylsalicylic 325mg,325mg687Acid Acetylsalicylic 325mg,
,689Acid Acetylsalicylic + Acid Ascorbic 400mg + 240mg,689Acid Acetylsalicylic + Acid Ascorbic 400mg + 240mg,
,690Acid Acetylsalicylic + Paracetamol + Caffeine 250mg + 250mg + 50mg,690Acid Acetylsalicylic + Paracetamol + Caffeine 250mg + 250mg + 50mg,
,693Aciclovir 8gr/100ml - oral suspension,693Aciclovir 8gr/100ml - oral suspension,
,694Aciclovir 250mg/vial,694Aciclovir 250mg/vial,
,695Aciclovir 30mg/geye ointment,695Aciclovir 30mg/geye ointment,695Aciclovir 30mg/geye ointment
,696Aciclovir 5% - 10mg cream,696Aciclovir 5% - 10mg cream,
,697Aciclovir 5% - 3g cream,697Aciclovir 5% - 3g cream,
,698Aciclovir 5% - 2g cream,698Aciclovir 5% - 2g cream,
,699Aciclovir 5% - 2.5mg cream,699Aciclovir 5% - 2.5mg cream,
,700Aciclovir 5% - 5g cream,700Aciclovir 5% - 5g cream,
,701Aciclovir 5% - 15g cream,701Aciclovir 5% - 15g cream,
,702Aclidinium bromide 322mcg,702Aclidinium bromide 322mcg,
,703Activated charcoal + papaverine hydrochloride 70mg + 14mgtablet,703Activated charcoal + papaverine hydrochloride 70mg + 14mgtablet,703Activated charcoal + papaverine hydrochloride 70mg + 14mgtablet
,704Adapalene 1mg/g - 30gcream,704Adapalene 1mg/g - 30gcream,704Adapalene 1mg/g - 30gcream
,706Adenosine 3mg/ml,706Adenosine 3mg/ml,
,707Adrenaline 1mg/ml,707Adrenaline 1mg/ml,
,708Aethacizinum 50mg,708Aethacizinum 50mg,
,709Albendazole 0.4g/10ml,709Albendazole 0.4g/10ml,
,710Albendazole 400mgtablet,710Albendazole 400mgtablet,710Albendazole 400mgtablet
,711Alclometasone 0.5mg/1g - 20g cream,711Alclometasone 0.5mg/1g - 20g cream,
,712Alendronic acid 70mg,712Alendronic acid 70mg,
,713Alfacalcidol 0.25mcg,713Alfacalcidol 0.25mcg,
,714Alfacalcidol 1mcg,714Alfacalcidol 1mcg,
,715Aliskiren 150mgtablet,715Aliskiren 150mgtablet,715Aliskiren 150mgtablet
,716Aliskiren 300mg,716Aliskiren 300mg,
,717Allopurinol 300mgtablet,717Allopurinol 300mgtablet,717Allopurinol 300mgtablet
,718Ambroxol 30mg/5ml - 125ml,718Ambroxol 30mg/5ml - 125ml,
,719Ambroxol 30mg/5ml - 150ml,719Ambroxol 30mg/5ml - 150ml,
,720Ambroxol 0.3% - 180ml,720Ambroxol 0.3% - 180ml,
,721Ambroxol 0.3g/100ml - 100ml,721Ambroxol 0.3g/100ml - 100ml,
,722Ambroxol 15mg/2ml,722Ambroxol 15mg/2ml,
,723Ambroxol 15mg/5ml - 100ml,723Ambroxol 15mg/5ml - 100ml,
,724Ambroxol 15mg/2ml nebuliser,724Ambroxol 15mg/2ml nebuliser,
,725Ambroxol 15mg/5ml - 200ml,725Ambroxol 15mg/5ml - 200ml,
,726Ambroxol 15mg/5ml - 125ml,726Ambroxol 15mg/5ml - 125ml,
,727Ambroxol 15mg/5ml - 150ml,727Ambroxol 15mg/5ml - 150ml,
,728Ambroxol 30mgtablet,728Ambroxol 30mgtablet,728Ambroxol 30mgtablet
,729Ambroxol 30mg/5ml - 100ml,729Ambroxol 30mg/5ml - 100ml,
,730Ambroxol 30mg/5ml - 200ml,730Ambroxol 30mg/5ml - 200ml,
,731Ambroxol 30mg/10ml - 200ml,731Ambroxol 30mg/10ml - 200ml,
,732Ambroxol 60mgeffervescent tablet,732Ambroxol 60mgeffervescent tablet,732Ambroxol 60mgeffervescent tablet
,733Ambroxol 75mgcapsule,733Ambroxol 75mgcapsule,733Ambroxol 75mgcapsule
,734Amikacin 1000mg/4ml,734Amikacin 1000mg/4ml,
,735Amikacin 500mg/2ml,735Amikacin 500mg/2ml,
,736Amikacin 250mg/2ml,736Amikacin 250mg/2ml,
,737Aminophylline 240mg/10ml,737Aminophylline 240mg/10ml,
,738Aminophylline 250mg/10ml,738Aminophylline 250mg/10ml,
,739Amiodarone 150mg/3ml,739Amiodarone 150mg/3ml,
,740Amisulpride 100mg/ml - 60mloral drops,740Amisulpride 100mg/ml - 60mloral drops,740Amisulpride 100mg/ml - 60mloral drops
,741Amisulpride 400mgfilm-coated tablet,741Amisulpride 400mgfilm-coated tablet,741Amisulpride 400mgfilm-coated tablet
,742Amitriptyline Hydrochloride 10mg,742Amitriptyline Hydrochloride 10mg,
,743Amitriptyline Hydrochloride + Perphenazine 10mg + 2mg,743Amitriptyline Hydrochloride + Perphenazine 10mg + 2mg,
,744Amitriptyline Hydrochloride + Perphenazine 25mg + 4mg,744Amitriptyline Hydrochloride + Perphenazine 25mg + 4mg,
,745Amorolfine 5%(w/v),745Amorolfine 5%(w/v),
,746Amoxicilline 1g/vial,746Amoxicilline 1g/vial,
,747Amoxicilline 500mg/vial,747Amoxicilline 500mg/vial,
,748Amoxicilline 1gtablet,748Amoxicilline 1gtablet,748Amoxicilline 1gtablet
,749Amoxicilline Trihydrate + Acid Clavulonic (400 + 57)mg/5ml - 70ml,749Amoxicilline Trihydrate + Acid Clavulonic (400 + 57)mg/5ml - 70ml,
,750Amoxicilline Trihydrate + Acid Clavulonic (400 + 57)mg/5ml - 100ml,750Amoxicilline Trihydrate + Acid Clavulonic (400 + 57)mg/5ml - 100ml,
,751Amoxicilline Trihydrate + Acid Clavulonic (400 + 57)mg/5ml - 140ml,751Amoxicilline Trihydrate + Acid Clavulonic (400 + 57)mg/5ml - 140ml,
,752Amoxicilline Trihydrate + Acid Clavulonic (200 + 28.5)mg/5ml - 70ml,752Amoxicilline Trihydrate + Acid Clavulonic (200 + 28.5)mg/5ml - 70ml,
,753Amoxicilline Trihydrate + Acid Clavulonic (200 + 28)mg/5ml - 70ml,753Amoxicilline Trihydrate + Acid Clavulonic (200 + 28)mg/5ml - 70ml,
,754Amoxicilline Trihydrate + Acid Clavulonic (200 + 28)mg/5ml - 100ml,754Amoxicilline Trihydrate + Acid Clavulonic (200 + 28)mg/5ml - 100ml,
,755Amoxicilline Trihydrate + Acid Clavulonic 250mg + 125mgtablet,755Amoxicilline Trihydrate + Acid Clavulonic 250mg + 125mgtablet,755Amoxicilline Trihydrate + Acid Clavulonic 250mg + 125mgtablet
,756Amoxicilline Trihydrate + Acid Clavulonic 500mg + 125mg,756Amoxicilline Trihydrate + Acid Clavulonic 500mg + 125mg,
,758Amoxicilline Trihydrate + Acid Clavulonic 600mg/42.9mg - 100ml,758Amoxicilline Trihydrate + Acid Clavulonic 600mg/42.9mg - 100ml,
,759Apixaban 2.5mgtablet,759Apixaban 2.5mgtablet,759Apixaban 2.5mgtablet
,760Apixaban 5mg,760Apixaban 5mg,
,761Ascorbic acid 100mgtablet,761Ascorbic acid 100mgtablet,761Ascorbic acid 100mgtablet
,762Ascorbic acid 250mgvaginal tablet,762Ascorbic acid 250mgvaginal tablet,762Ascorbic acid 250mgvaginal tablet
,763Ascorbic acid 500mgtablet,763Ascorbic acid 500mgtablet,763Ascorbic acid 500mgtablet
,764Atenolol 50mgtablet,764Atenolol 50mgtablet,764Atenolol 50mgtablet
,765Atenolol + Chlortalidone 100mg + 25mgtablet,765Atenolol + Chlortalidone 100mg + 25mgtablet,765Atenolol + Chlortalidone 100mg + 25mgtablet
,766Avanafil 100mgtablet,766Avanafil 100mgtablet,766Avanafil 100mgtablet
,767Avanafil 50mgtablet,767Avanafil 50mgtablet,767Avanafil 50mgtablet
,768Avanafil 200mgtablet,768Avanafil 200mgtablet,768Avanafil 200mgtablet
,769Axitinib 1mgtablet,769Axitinib 1mgtablet,769Axitinib 1mgtablet
,770Axitinib 5mgtablet,770Axitinib 5mgtablet,770Axitinib 5mgtablet
,771Azelaic acid 2g/100g - 30g creamcream,771Azelaic acid 2g/100g - 30g creamcream,771Azelaic acid 2g/100g - 30g creamcream
,773Azithromycine 500mg/vial,773Azithromycine 500mg/vial,
,776Beclometasone dipropionate 5mgtablet,776Beclometasone dipropionate 5mgtablet,776Beclometasone dipropionate 5mgtablet
,777Beclomethasone dipropionate 0.8mg/2ml,777Beclomethasone dipropionate 0.8mg/2ml,
,787Benzocaine + Cetylpyridinium chloride 5mg + 1mglozenge,787Benzocaine + Cetylpyridinium chloride 5mg + 1mglozenge,787Benzocaine + Cetylpyridinium chloride 5mg + 1mglozenge
,789Betahistine 24mgtablet,789Betahistine 24mgtablet,789Betahistine 24mgtablet
,790Betahistine 16mgtablet,790Betahistine 16mgtablet,790Betahistine 16mgtablet
,791Betahistine 8mgtablet,791Betahistine 8mgtablet,791Betahistine 8mgtablet
,792Bisacodyl 5mgtablet,792Bisacodyl 5mgtablet,792Bisacodyl 5mgtablet
,793Bisacodyl 10mgtablet,793Bisacodyl 10mgtablet,793Bisacodyl 10mgtablet
,794Bisacodyl 10mgsuppository,794Bisacodyl 10mgsuppository,794Bisacodyl 10mgsuppository
,810Bromhexine hydrochloride 0.2g/100ml - 100mloral solution,810Bromhexine hydrochloride 0.2g/100ml - 100mloral solution,810Bromhexine hydrochloride 0.2g/100ml - 100mloral solution
,824Budesonide 0.05mg/dosenasal spray,824Budesonide 0.05mg/dosenasal spray,824Budesonide 0.05mg/dosenasal spray
,825Budesonide 0.5mg/2ml - 2ml,825Budesonide 0.5mg/2ml - 2ml,
,829Bupivacaine hydrochloride 0.5% - 10ml,829Bupivacaine hydrochloride 0.5% - 10ml,
,831Buprenorphrine hydrochloride 2mg,831Buprenorphrine hydrochloride 2mg,
,833Folic acid 400mcgtablet,833Folic acid 400mcgtablet,833Folic acid 400mcgtablet
,834Butamirate citrate 7.5mg/5ml - 200ml,834Butamirate citrate 7.5mg/5ml - 200ml,
,835Acid folinic 15 mgcapsule,835Acid folinic 15 mgcapsule,835Acid folinic 15 mgcapsule
,836Butylscopolamine bromide 10mgsuppository,836Butylscopolamine bromide 10mgsuppository,836Butylscopolamine bromide 10mgsuppository
,837Fosfomycin 3g/sachet,837Fosfomycin 3g/sachet,
,839Furosemide 20mg/2mlampule,839Furosemide 20mg/2mlampule,839Furosemide 20mg/2mlampule
,844Anhydrous cyclophosphamide 500mg/vial,844Anhydrous cyclophosphamide 500mg/vial,
,846Norfloxacin 400mg,846Norfloxacin 400mg,
,847Artichoke leaf dry extract,847Artichoke leaf dry extract,
,853Ascorbic acid + Dequalinum chloride (30mg +0.5mg),853Ascorbic acid + Dequalinum chloride (30mg +0.5mg),
,854Nystatin 100 000 IU/ml - 30mloral suspension,854Nystatin 100 000 IU/ml - 30mloral suspension,854Nystatin 100 000 IU/ml - 30mloral suspension
,859Glimepiride 6 mgtablet,859Glimepiride 6 mgtablet,859Glimepiride 6 mgtablet
,861Glucosamine 750 mg,861Glucosamine 750 mg,
,866Betamethasone 4mg/ml - 1ml,866Betamethasone 4mg/ml - 1ml,
,867Glucose 5 % - 250 ml,867Glucose 5 % - 250 ml,
,869Nystatin 100.000 IU/ml - 48mloral suspension,869Nystatin 100.000 IU/ml - 48mloral suspension,869Nystatin 100.000 IU/ml - 48mloral suspension
,870Betamethasone Dipropionate 0.2% + 0.5%eye drops,870Betamethasone Dipropionate 0.2% + 0.5%eye drops,870Betamethasone Dipropionate 0.2% + 0.5%eye drops
,871Betamethasone Dipropionate 0.2% + 0.5%eye ointment,871Betamethasone Dipropionate 0.2% + 0.5%eye ointment,871Betamethasone Dipropionate 0.2% + 0.5%eye ointment
,872Glucose 5 % - 500 ml,872Glucose 5 % - 500 ml,
,876Nystatin 100000 IU/ml - 60mlpowder for oral suspension,876Nystatin 100000 IU/ml - 60mlpowder for oral suspension,876Nystatin 100000 IU/ml - 60mlpowder for oral suspension
,879Betamethasone + Salicylic acid (0.5mg + 30mg)/g - 30gointment,879Betamethasone + Salicylic acid (0.5mg + 30mg)/g - 30gointment,879Betamethasone + Salicylic acid (0.5mg + 30mg)/g - 30gointment
,881Betamethasone + Tetrahydrozoline hydrochloride 0.05% + 0.1%,881Betamethasone + Tetrahydrozoline hydrochloride 0.05% + 0.1%,
,884Acid folinic 10 mg/ml - 5 ml,884Acid folinic 10 mg/ml - 5 ml,
,888Octreotide 10mg/2mlpowder and solvent for suspension for injection,888Octreotide 10mg/2mlpowder and solvent for suspension for injection,888Octreotide 10mg/2mlpowder and solvent for suspension for injection
,889Caffeine + Sodium benzoate (96mg + 104mg)/ml,889Caffeine + Sodium benzoate (96mg + 104mg)/ml,
,891Folitropine alfa 75 iu/vial (5.5mcg/vial),891Folitropine alfa 75 iu/vial (5.5mcg/vial),
,893Olanzapine + fluoxetine (6mg + 50mg)capsule,893Olanzapine + fluoxetine (6mg + 50mg)capsule,893Olanzapine + fluoxetine (6mg + 50mg)capsule
,895Caffeine + Ergotamine tartrate (100mg + 1mg),895Caffeine + Ergotamine tartrate (100mg + 1mg),
,897Fucus vesiculosus dry extract +Rhamnus frangula + Rhamnus purshiana126mg + 222mg + 170mg ,897Fucus vesiculosus dry extract +Rhamnus frangula + Rhamnus purshiana126mg + 222mg + 170mg ,
,898Olanzapine + fluoxetine 12mg + 50mgcapsule,898Olanzapine + fluoxetine 12mg + 50mgcapsule,898Olanzapine + fluoxetine 12mg + 50mgcapsule
,900Furagine 25 mgtablet,900Furagine 25 mgtablet,900Furagine 25 mgtablet
,901Caffeine + Phenacetin + Barbital + Aminophenazone (20 mg + 150 mg + 50 mg + 300 mg),901Caffeine + Phenacetin + Barbital + Aminophenazone (20 mg + 150 mg + 50 mg + 300 mg),
,904Caffeine + Propyphenazone + Paracetamol (50mg + 250mg + 300mg),904Caffeine + Propyphenazone + Paracetamol (50mg + 250mg + 300mg),
,906Olmesartan medoxomil + amlodipine 40mg + 5mgfilm-coated tablet,906Olmesartan medoxomil + amlodipine 40mg + 5mgfilm-coated tablet,906Olmesartan medoxomil + amlodipine 40mg + 5mgfilm-coated tablet
,907Fusidic Acid 2 % - 15 g,907Fusidic Acid 2 % - 15 g,
,908Olmesartan medoxomil + amlodipine + hydrochlorthiazide 20mg + 5mg + 12.5mgfilm-coated tablet,908Olmesartan medoxomil + amlodipine + hydrochlorthiazide 20mg + 5mg + 12.5mgfilm-coated tablet,908Olmesartan medoxomil + amlodipine + hydrochlorthiazide 20mg + 5mg + 12.5mgfilm-coated tablet
,912Fusidic Acid 20mg/1g - 5 g,912Fusidic Acid 20mg/1g - 5 g,
,913Calcium + Cholecalciferol (1000mg + 880 IU)/sachet,913Calcium + Cholecalciferol (1000mg + 880 IU)/sachet,
,914Calcium + Colecalciferol 600mg + 400 IU,914Calcium + Colecalciferol 600mg + 400 IU,
,915Oolmesartan medoxomil + amlodipine + hydrochlorthiazide 40mg + 5mg + 25mg film-coated tablet,915Oolmesartan medoxomil + amlodipine + hydrochlorthiazide 40mg + 5mg + 25mg film-coated tablet,915Oolmesartan medoxomil + amlodipine + hydrochlorthiazide 40mg + 5mg + 25mg film-coated tablet
,826Budesonide 1mg/2ml - 2ml,826Budesonide 1mg/2ml - 2ml,
,845Gabapentin 800mgtablet,845Gabapentin 800mgtablet,845Gabapentin 800mgtablet
,851Ascorbic acid + Calcium ascorbate 500mg,851Ascorbic acid + Calcium ascorbate 500mg,
,856Nystatin 100.000 IU vaginal tablet,856Nystatin 100.000 IU vaginal tablet,856Nystatin 100.000 IU vaginal tablet
,863Glucoasmine 1500 mg,863Glucoasmine 1500 mg,
,910Calcitriol 0.5mcgcapsule,910Calcitriol 0.5mcgcapsule,910Calcitriol 0.5mcgcapsule
,917Olmesartan medoxomil + amlodipine + hydrochlorthiazide 40mg +10mg + 25mgfilm-coated tablet,917Olmesartan medoxomil + amlodipine + hydrochlorthiazide 40mg +10mg + 25mgfilm-coated tablet,917Olmesartan medoxomil + amlodipine + hydrochlorthiazide 40mg +10mg + 25mgfilm-coated tablet
,918Calcium element + Cholecalciferol (vitamin d3) 500mg + 400 IU,918Calcium element + Cholecalciferol (vitamin d3) 500mg + 400 IU,
,919Olopatadine 1mg/mleye drops, solution,919Olopatadine 1mg/mleye drops, solution,919Olopatadine 1mg/mleye drops, solution
,921Calcium Chloride 1g/10ml,921Calcium Chloride 1g/10ml,
,923Gadobutrol 1.0mmol/ml - 15 ml,923Gadobutrol 1.0mmol/ml - 15 ml,
,924Gadopentetate  dimeglumine 0.5mmol/ml,924Gadopentetate  dimeglumine 0.5mmol/ml,
,925Calcium dobesilate monohydrate + Lidocaine hydrochloride (40mg + 20mg)/g ,925Calcium dobesilate monohydrate + Lidocaine hydrochloride (40mg + 20mg)/g ,
,927Calcium gluconate 1000mg/10ml,927Calcium gluconate 1000mg/10ml,
,928Calcium gluconate 500mg,928Calcium gluconate 500mg,
,932Omeprazole 40mg/vialpowder and solvent for solution for injection,932Omeprazole 40mg/vialpowder and solvent for solution for injection,932Omeprazole 40mg/vialpowder and solvent for solution for injection
,934Camphor + Menthol + Ethereal eucalyptus oil + Rectified ethereal terpentine oil + Thymol (50mg + 27.5mg + 15mg + 50mg + 2.5mg/g,934Camphor + Menthol + Ethereal eucalyptus oil + Rectified ethereal terpentine oil + Thymol (50mg + 27.5mg + 15mg + 50mg + 2.5mg/g,
,937Candesartan cilexetil 4mg,937Candesartan cilexetil 4mg,
,938Candesartan cilexetil 8mg,938Candesartan cilexetil 8mg,
,941Carbazochrome + Troxerutin (1.5mg + 150mg)/3ml,941Carbazochrome + Troxerutin (1.5mg + 150mg)/3ml,
,943Ondansetron 4mg/2mlsolution for injection,943Ondansetron 4mg/2mlsolution for injection,943Ondansetron 4mg/2mlsolution for injection
,948Gemcitabine 1000mg/vial - 26.3 ml,948Gemcitabine 1000mg/vial - 26.3 ml,
,950Gemcitabine 200 mg/vial,950Gemcitabine 200 mg/vial,
,951Gemcitabine 40 mg /vial,951Gemcitabine 40 mg /vial,
,953Ondansetron 8mgfilm-coated tablet,953Ondansetron 8mgfilm-coated tablet,953Ondansetron 8mgfilm-coated tablet
,954Carbocisteine 125mg/5ml - 150ml,954Carbocisteine 125mg/5ml - 150ml,
,955Ondansetron 4mgfilm-coated tablet,955Ondansetron 4mgfilm-coated tablet,955Ondansetron 4mgfilm-coated tablet
,956Carbocisteine 1500mg/sachet,956Carbocisteine 1500mg/sachet,
,957Carbocisteine 2% - 150ml,957Carbocisteine 2% - 150ml,
,960Carbocisteine 2.5% - 200ml,960Carbocisteine 2.5% - 200ml,
,962Ginkgo leaf dry extract 80 mgcapsule,962Ginkgo leaf dry extract 80 mgcapsule,962Ginkgo leaf dry extract 80 mgcapsule
,965Carbocisteine 250mg/5ml - 150ml,965Carbocisteine 250mg/5ml - 150ml,
,967Orlistat 120mgcapsule,967Orlistat 120mgcapsule,967Orlistat 120mgcapsule
,968Ornidazole 250mgfilm-coated tablet,968Ornidazole 250mgfilm-coated tablet,968Ornidazole 250mgfilm-coated tablet
,969Glicerol 85 % - 2.25 grectal solution,969Glicerol 85 % - 2.25 grectal solution,969Glicerol 85 % - 2.25 grectal solution
,970Gliclazide 30 mgprolonged-release tablet,970Gliclazide 30 mgprolonged-release tablet,970Gliclazide 30 mgprolonged-release tablet
,971Gliclazide 60 mgprolonged-release tablet,971Gliclazide 60 mgprolonged-release tablet,971Gliclazide 60 mgprolonged-release tablet
,974Ornidazole  500mgvaginal tablet,974Ornidazole  500mgvaginal tablet,974Ornidazole  500mgvaginal tablet
,975Glucose 4g/10mlampule,975Glucose 4g/10mlampule,975Glucose 4g/10mlampule
,977Carbocisteine 2g/100ml - 200ml,977Carbocisteine 2g/100ml - 200ml,
,978Carbocisteine 375mg,978Carbocisteine 375mg,
,981Carbocisteine 50mg/ml - 125ml,981Carbocisteine 50mg/ml - 125ml,
,983Carbocisteine 90mg/ml,983Carbocisteine 90mg/ml,
,985Carboplatin 450mg/45ml,985Carboplatin 450mg/45ml,
,987Carboplatin 10mg/ml,987Carboplatin 10mg/ml,
,989Catalase 800.000 iu/100g,989Catalase 800.000 iu/100g,
,991Cefalexin 1g,991Cefalexin 1g,
,992Cefalexin 250mg/5ml,992Cefalexin 250mg/5ml,
,993Cefalexin 500mg,993Cefalexin 500mg,
,995Cefdinir 125mg/5ml,995Cefdinir 125mg/5ml,
,998Cefepime 2g/vial,998Cefepime 2g/vial,
,999Cefixim 200mg,999Cefixim 200mg,
,1001Cefixim 100mg/5ml,1001Cefixim 100mg/5ml,
,1002Cefixim 400mg,1002Cefixim 400mg,
,1004Cefonicide 1g/vial,1004Cefonicide 1g/vial,
,1005Cefoperazone sodium 1g/vial,1005Cefoperazone sodium 1g/vial,
,1007Cefotaxime 0.5g/vial,1007Cefotaxime 0.5g/vial,
,1011Cefpodoxime 40mg/5ml,1011Cefpodoxime 40mg/5ml,
,1013Cefprozil 250mg/5m,1013Cefprozil 250mg/5m,
,1014Cefprozil 500mg,1014Cefprozil 500mg,
,1015Oseltamivir 45mgcapsule, hard,1015Oseltamivir 45mgcapsule, hard,1015Oseltamivir 45mgcapsule, hard
,1016Ceftazidime 1g/vial,1016Ceftazidime 1g/vial,
,1019Ceftriaxone 1g/vial,1019Ceftriaxone 1g/vial,
,1022Oseltamivir 30mgcapsule, hard,1022Oseltamivir 30mgcapsule, hard,1022Oseltamivir 30mgcapsule, hard
,1023Ceftriaxone 2g/vial,1023Ceftriaxone 2g/vial,
,1024Ceftriaxone 500mg/vial,1024Ceftriaxone 500mg/vial,
,1025Cefuroxime 1.5mg/vial,1025Cefuroxime 1.5mg/vial,
,1026Cefuroxime 750mg/vial,1026Cefuroxime 750mg/vial,
,1029Cefuroxime 500mg,1029Cefuroxime 500mg,
,1032Oxaliplatin 100mg/20mlconcentrate for solution for infusion,1032Oxaliplatin 100mg/20mlconcentrate for solution for infusion,1032Oxaliplatin 100mg/20mlconcentrate for solution for infusion
,1033Oxaliplatin 50mg/10mlconcentrate for solution for infusion,1033Oxaliplatin 50mg/10mlconcentrate for solution for infusion,1033Oxaliplatin 50mg/10mlconcentrate for solution for infusion
,1034Oxaliplatin 5mg/10mlconcentrate for solution for infusion,1034Oxaliplatin 5mg/10mlconcentrate for solution for infusion,1034Oxaliplatin 5mg/10mlconcentrate for solution for infusion
,1037Oxaliplatin 5mg/40mlconcentrate for solution for infusion,1037Oxaliplatin 5mg/40mlconcentrate for solution for infusion,1037Oxaliplatin 5mg/40mlconcentrate for solution for infusion
,1038Oxaliplatin 200mg/40mlconcentrate for solution for infusion,1038Oxaliplatin 200mg/40mlconcentrate for solution for infusion,1038Oxaliplatin 200mg/40mlconcentrate for solution for infusion
,1040Oxcarbazepine 60mg/mloral suspension,1040Oxcarbazepine 60mg/mloral suspension,1040Oxcarbazepine 60mg/mloral suspension
,1042Cetirizine hydrochloride 10mg/ml - 20ml,1042Cetirizine hydrochloride 10mg/ml - 20ml,
,1043Cetirizine hydrochloride 10mg/ml - 10ml,1043Cetirizine hydrochloride 10mg/ml - 10ml,
,1044Oxygen 1.337g/1l (15°C and 1 bar),1044Oxygen 1.337g/1l (15°C and 1 bar),
,1045Oxymetazoline hydrochloride 0.25mg/10mlnasal drops, solution,1045Oxymetazoline hydrochloride 0.25mg/10mlnasal drops, solution,1045Oxymetazoline hydrochloride 0.25mg/10mlnasal drops, solution
,1047Oxymetazoline hydrochloride 0.05%nasal drops, solution,1047Oxymetazoline hydrochloride 0.05%nasal drops, solution,1047Oxymetazoline hydrochloride 0.05%nasal drops, solution
,1049Cetylpyridinium chloride 1.5mg,1049Cetylpyridinium chloride 1.5mg,
,1050Oxyphenonium bromide 5mgtablet,1050Oxyphenonium bromide 5mgtablet,1050Oxyphenonium bromide 5mgtablet
,1051Oxytetracycline hydrochloride + hydrocortisone 9.3mg/g + 3.1mg/gcutaneous spray, suspension,1051Oxytetracycline hydrochloride + hydrocortisone 9.3mg/g + 3.1mg/gcutaneous spray, suspension,1051Oxytetracycline hydrochloride + hydrocortisone 9.3mg/g + 3.1mg/gcutaneous spray, suspension
,1052Oxytocin 10 IU/1mlsolution for injection,1052Oxytocin 10 IU/1mlsolution for injection,1052Oxytocin 10 IU/1mlsolution for injection
,1053Paclitaxel 100mg/16.7mlconcentrate for solution for infusion,1053Paclitaxel 100mg/16.7mlconcentrate for solution for infusion,1053Paclitaxel 100mg/16.7mlconcentrate for solution for infusion
,1060Paclitaxel 6mg/50mlconcentrate for solution for infusion,1060Paclitaxel 6mg/50mlconcentrate for solution for infusion,1060Paclitaxel 6mg/50mlconcentrate for solution for infusion
,1061Paclitaxel 100mg/16.67mlconcentrate for solution for infusion,1061Paclitaxel 100mg/16.67mlconcentrate for solution for infusion,1061Paclitaxel 100mg/16.67mlconcentrate for solution for infusion
,1062Paliperidone 100mg/mlprolonged-release suspension for injection,1062Paliperidone 100mg/mlprolonged-release suspension for injection,1062Paliperidone 100mg/mlprolonged-release suspension for injection
,1063Paliperidone 150mg/1.5mlprolonged-release suspension for injection,1063Paliperidone 150mg/1.5mlprolonged-release suspension for injection,1063Paliperidone 150mg/1.5mlprolonged-release suspension for injection
,1065Palivizumab 100mg/vialpowder and solvent for solution for injection,1065Palivizumab 100mg/vialpowder and solvent for solution for injection,1065Palivizumab 100mg/vialpowder and solvent for solution for injection
,1066Palivizumab 50mg/vialpowder and solvent for solution for injection,1066Palivizumab 50mg/vialpowder and solvent for solution for injection,1066Palivizumab 50mg/vialpowder and solvent for solution for injection
,1068Palonosetron hydrochloride 500mcgcapsule, soft,1068Palonosetron hydrochloride 500mcgcapsule, soft,1068Palonosetron hydrochloride 500mcgcapsule, soft
,1071Pancreatin 300mgcapsule,1071Pancreatin 300mgcapsule,1071Pancreatin 300mgcapsule
,1073Pancreatin 400mggastro-resistant capsule, hard,1073Pancreatin 400mggastro-resistant capsule, hard,1073Pancreatin 400mggastro-resistant capsule, hard
,1074Nonoxynol 9 - 120mg,1074Nonoxynol 9 - 120mg,
,1076Nonivamide + Nicoboxil (0.4g + 2.5g)/100g,1076Nonivamide + Nicoboxil (0.4g + 2.5g)/100g,
,1077Nimesulide 100mg/sachet,1077Nimesulide 100mg/sachet,
,1082Nilotinib 200mg,1082Nilotinib 200mg,
,1083Paracetamol 10mg/mlsolution for infusion,1083Paracetamol 10mg/mlsolution for infusion,1083Paracetamol 10mg/mlsolution for infusion
,1085Nimodipine 30mg/0.75ml - 25mloral drops, solution,1085Nimodipine 30mg/0.75ml - 25mloral drops, solution,1085Nimodipine 30mg/0.75ml - 25mloral drops, solution
,772Azithromycine 200mg/5ml - 30ml,772Azithromycine 200mg/5ml - 30ml,
,779Bemiparin 2500 IU anti-xa/0.2ml,779Bemiparin 2500 IU anti-xa/0.2ml,
,781Bemiparin 3500 IU anti-xa/0.2ml,781Bemiparin 3500 IU anti-xa/0.2ml,
,782Aripiprazole 10mgtablet,782Aripiprazole 10mgtablet,782Aripiprazole 10mgtablet
,786Benzocaine + Cetylpyridinium chloride (10mg + 2mg)/ml - 30ml solution,786Benzocaine + Cetylpyridinium chloride (10mg + 2mg)/ml - 30ml solution,
,796Boric acid 25mg/ml - 10mlear drops, solution,796Boric acid 25mg/ml - 10mlear drops, solution,796Boric acid 25mg/ml - 10mlear drops, solution
,798Bosentan 62.5mgtablet,798Bosentan 62.5mgtablet,798Bosentan 62.5mgtablet
,806Brivudine 125mgtablet,806Brivudine 125mgtablet,806Brivudine 125mgtablet
,811Bromhexine hydrochloride 0.2g/100ml - 40mloral solution,811Bromhexine hydrochloride 0.2g/100ml - 40mloral solution,811Bromhexine hydrochloride 0.2g/100ml - 40mloral solution
,812Bromhexine hydrochloride 0.8mg/ml - 200ml,812Bromhexine hydrochloride 0.8mg/ml - 200ml,
,838Acetaminophen + Aspirin + Caffein (250mg + 250mg + 65mg),838Acetaminophen + Aspirin + Caffein (250mg + 250mg + 65mg),
,860Benzydamine hydrochloride 0.15% (w/v) - 120ml,860Benzydamine hydrochloride 0.15% (w/v) - 120ml,
,877Betamethasone + Salicylic acid (0.5mg + 20mg)/g - 50ml,877Betamethasone + Salicylic acid (0.5mg + 20mg)/g - 50ml,
,878Glucose 5 % - 1000 ml,878Glucose 5 % - 1000 ml,
,883Acid folinic 10 mg/ml - 3 ml,883Acid folinic 10 mg/ml - 3 ml,
,885Octreotide 0.1mg/mlsolution for injection,885Octreotide 0.1mg/mlsolution for injection,885Octreotide 0.1mg/mlsolution for injection
,892Caffeine + Codeine phosphate hemihydrate + Metamizole sodium + Paracetamol + Phenobarbital,892Caffeine + Codeine phosphate hemihydrate + Metamizole sodium + Paracetamol + Phenobarbital,
,896Olanzapine + fluoxetine 12mg + 25mgcapsule,896Olanzapine + fluoxetine 12mg + 25mgcapsule,896Olanzapine + fluoxetine 12mg + 25mgcapsule
,903Furagine 50 mgtablet,903Furagine 50 mgtablet,903Furagine 50 mgtablet
,911Olmesartan medoxomil + amlodipine + hydrochlorthiazide 40mg + 5mg + 12.5mg film-coated tablet,911Olmesartan medoxomil + amlodipine + hydrochlorthiazide 40mg + 5mg + 12.5mg film-coated tablet,911Olmesartan medoxomil + amlodipine + hydrochlorthiazide 40mg + 5mg + 12.5mg film-coated tablet
,929Calcium gluconate + Calcium glucoheptonate (700mg + 328mg)/10ml,929Calcium gluconate + Calcium glucoheptonate (700mg + 328mg)/10ml,
,946Ondansetron 8mg/4mlsolution for injection,946Ondansetron 8mg/4mlsolution for injection,946Ondansetron 8mg/4mlsolution for injection
,949Ondansetron 2mg/2mlsolution for injection,949Ondansetron 2mg/2mlsolution for injection,949Ondansetron 2mg/2mlsolution for injection
,959Gestodene + Ethinylestradiol 0.075mg + 0.03mgtablet,959Gestodene + Ethinylestradiol 0.075mg + 0.03mgtablet,959Gestodene + Ethinylestradiol 0.075mg + 0.03mgtablet
,972Ornidazole 500mgfilm-coated tablet,972Ornidazole 500mgfilm-coated tablet,972Ornidazole 500mgfilm-coated tablet
,973Gliclazide 80 mgtablet,973Gliclazide 80 mgtablet,973Gliclazide 80 mgtablet
,982Carbocisteine 2.7g,982Carbocisteine 2.7g,
,994Cefazolin 1g/vial,994Cefazolin 1g/vial,
,1010Cefpodoxime 200mg,1010Cefpodoxime 200mg,
,1039Oxcarbazepine 300mgfilm-coated tablet,1039Oxcarbazepine 300mgfilm-coated tablet,1039Oxcarbazepine 300mgfilm-coated tablet
,1054Paclitaxel 150mg/25mlconcentrate for solution for infusion,1054Paclitaxel 150mg/25mlconcentrate for solution for infusion,1054Paclitaxel 150mg/25mlconcentrate for solution for infusion
,1059Paclitaxel 6mg/25mlconcentrate for solution for infusion,1059Paclitaxel 6mg/25mlconcentrate for solution for infusion,1059Paclitaxel 6mg/25mlconcentrate for solution for infusion
,1072Norethisterone acetate 5mgtablet,1072Norethisterone acetate 5mgtablet,1072Norethisterone acetate 5mgtablet
,1079Nimesulide 100mgtablet,1079Nimesulide 100mgtablet,1079Nimesulide 100mgtablet
,1080Nimesulide 3% - 50gcream,1080Nimesulide 3% - 50gcream,1080Nimesulide 3% - 50gcream
,1087Nifuroxazide 100mg,1087Nifuroxazide 100mg,
,1088Nifuroxazide 200mg,1088Nifuroxazide 200mg,
,1089Paracetamol 120mg/5ml - 125mlsyrup,1089Paracetamol 120mg/5ml - 125mlsyrup,1089Paracetamol 120mg/5ml - 125mlsyrup
,1091Nonacog alfa 500 IU/vial,1091Nonacog alfa 500 IU/vial,
,1092Nonacog alfa 1000 IU/vial,1092Nonacog alfa 1000 IU/vial,
,1093Nonacog alfa 2000 IU/vial,1093Nonacog alfa 2000 IU/vial,
,1094Nifuroxazide 200mg/5ml - 90mloral suspension,1094Nifuroxazide 200mg/5ml - 90mloral suspension,1094Nifuroxazide 200mg/5ml - 90mloral suspension
,1095Paracetamol 1g/6.7mlsolution for infusion,1095Paracetamol 1g/6.7mlsolution for infusion,1095Paracetamol 1g/6.7mlsolution for infusion
,1096Nitroglycerine 10mg/24hourstransdermal system,1096Nitroglycerine 10mg/24hourstransdermal system,1096Nitroglycerine 10mg/24hourstransdermal system
,1098Nifedipine + Lidocaine hydrochloride (0.3mg + 1.5mg)/100grectal cream,1098Nifedipine + Lidocaine hydrochloride (0.3mg + 1.5mg)/100grectal cream,1098Nifedipine + Lidocaine hydrochloride (0.3mg + 1.5mg)/100grectal cream
,1099Nicotine 2mg,1099Nicotine 2mg,
,1100Nicotine 4mg,1100Nicotine 4mg,
,1102Nicergoline 10mg,1102Nicergoline 10mg,
,1103Nicergoline 30mg,1103Nicergoline 30mg,
,1105Chamomile extract 100g/100g,1105Chamomile extract 100g/100g,
,1106Neostigmine bromide 0.5mg/1ml,1106Neostigmine bromide 0.5mg/1ml,
,1107Chloramphenicol 0.5% - 10mleye drops,1107Chloramphenicol 0.5% - 10mleye drops,1107Chloramphenicol 0.5% - 10mleye drops
,1108Neostigmine methylsulfate 0.5mg/1ml,1108Neostigmine methylsulfate 0.5mg/1ml,
,1109Neostigmine methylsulfate 0.5mg/1ml- 10ml,1109Neostigmine methylsulfate 0.5mg/1ml- 10ml,
,1110Chloramphenicol 10mg/g - 5g,1110Chloramphenicol 10mg/g - 5g,
,1111Paracetamol 40mg/mlsyrup,1111Paracetamol 40mg/mlsyrup,1111Paracetamol 40mg/mlsyrup
,1112Chloramphenicol 1g/vial-10ml,1112Chloramphenicol 1g/vial-10ml,
,1113Chloramphenicol 125mg/5ml - 60ml,1113Chloramphenicol 125mg/5ml - 60ml,
,1122Chlorhexidine dihydrochloride + lidocaine hydrochloride 5mg + 1mg,1122Chlorhexidine dihydrochloride + lidocaine hydrochloride 5mg + 1mg,
,1124Chlorhexidine hydrochloride + benzocaine + enoxolone 5mg + 4mg + 3mg,1124Chlorhexidine hydrochloride + benzocaine + enoxolone 5mg + 4mg + 3mg,
,1125Montelukast 4mg,1125Montelukast 4mg,
,1126Montelukast 5mg,1126Montelukast 5mg,
,1127Montelukast 10mg,1127Montelukast 10mg,
,1128Choline alfoscerate 1000mg/4ml,1128Choline alfoscerate 1000mg/4ml,
,1130Choline alfoscerate 400mg,1130Choline alfoscerate 400mg,
,1131Choline salicylate + cetalkonium chloride (8.7g + 0.01g)/100g,1131Choline salicylate + cetalkonium chloride (8.7g + 0.01g)/100g,
,1133Moxifloxacin 400mg,1133Moxifloxacin 400mg,
,1134Moxifloxacin 400mg/250ml,1134Moxifloxacin 400mg/250ml,
,1136Ciclopirox olamine 8% (w/w),1136Ciclopirox olamine 8% (w/w),
,1140Ciclopirox olamine 1% (w/w) - 30g,1140Ciclopirox olamine 1% (w/w) - 30g,
,1147Nadroparin calcium 7600 IU axa/0.8ml,1147Nadroparin calcium 7600 IU axa/0.8ml,
,1148Nadroparin calcium 9500 IU axa/1ml - 5ml,1148Nadroparin calcium 9500 IU axa/1ml - 5ml,
,1149Ciclopirox olamine 1% (w/w) - 20ml,1149Ciclopirox olamine 1% (w/w) - 20ml,
,1151Naftifine hydrochloride 1% - 20ml,1151Naftifine hydrochloride 1% - 20ml,
,1152Naftifine hydrochloride 1% - 30g,1152Naftifine hydrochloride 1% - 30g,
,1155Nandrolone decanoate 50mg/ml,1155Nandrolone decanoate 50mg/ml,
,1156Ciclosporine 100mg/ml - 50ml,1156Ciclosporine 100mg/ml - 50ml,
,1158Cilostazol 100mg,1158Cilostazol 100mg,
,1160Morphine Hydrochloride 20mg/ml - 1ml,1160Morphine Hydrochloride 20mg/ml - 1ml,
,1162Cinnarizin 25mg,1162Cinnarizin 25mg,
,1163Cinoxacin 500mg,1163Cinoxacin 500mg,
,1164Moroctocog alfa 250 IU,1164Moroctocog alfa 250 IU,
,1165Moroctocog alfa 500 IU,1165Moroctocog alfa 500 IU,
,1386Cyclosporine 100mg,1386Cyclosporine 100mg,
,1394Cytisine 1.5mg,1394Cytisine 1.5mg,
,1400Dabrafenib mesylate 75mg,1400Dabrafenib mesylate 75mg,
(4 + 0.5)g/vial1425Piperacillin + tazobactampowder for solution for injection,(4 + 0.5)g/vial1425Piperacillin + tazobactampowder for solution for injection,(4 + 0.5)g/vial1425Piperacillin + tazobactampowder for solution for injection,(4 + 0.5)g/vial1425Piperacillin + tazobactampowder for solution for injection
,1445Diclofenac sodium 75mg/3ml,1445Diclofenac sodium 75mg/3ml,
,1448Levodopa + Carbidopa + Entacapone 150mg + 37.5mg + 200mg,1448Levodopa + Carbidopa + Entacapone 150mg + 37.5mg + 200mg,
,1450Diclofenac sodium 25mg,1450Diclofenac sodium 25mg,
,1453Diclofenac sodium 1% - 50g,1453Diclofenac sodium 1% - 50g,
(1mcg + 3mcg + 1mcg + 1mcg + 1mcg + 1mcg + 1mcg + 3mcg + 3mcg + 1mcg) / 1 dose (0.5ml)1477Pneumococcal polysaccharide serotype 11,2 + pneumococcal polysaccharide serotype 41,2 + pneumococcal polysaccharide serotype 51,2 + pneumococcal polysaccharide serotype 6b1,2 + pneumococcal polysaccharide serotype 7f1,2 + pneumococcal polysaccharide serotsuspension for injection,(1mcg + 3mcg + 1mcg + 1mcg + 1mcg + 1mcg + 1mcg + 3mcg + 3mcg + 1mcg) / 1 dose (0.5ml)1477Pneumococcal polysaccharide serotype 11,2 + pneumococcal polysaccharide serotype 41,2 + pneumococcal polysaccharide serotype 51,2 + pneumococcal polysaccharide serotype 6b1,2 + pneumococcal polysaccharide serotype 7f1,2 + pneumococcal polysaccharide serotsuspension for injection,(1mcg + 3mcg + 1mcg + 1mcg + 1mcg + 1mcg + 1mcg + 3mcg + 3mcg + 1mcg) / 1 dose (0.5ml)1477Pneumococcal polysaccharide serotype 11,2 + pneumococcal polysaccharide serotype 41,2 + pneumococcal polysaccharide serotype 51,2 + pneumococcal polysaccharide serotype 6b1,2 + pneumococcal polysaccharide serotype 7f1,2 + pneumococcal polysaccharide serotsuspension for injection,(1mcg + 3mcg + 1mcg + 1mcg + 1mcg + 1mcg + 1mcg + 3mcg + 3mcg + 1mcg) / 1 dose (0.5ml)1477Pneumococcal polysaccharide serotype 11,2 + pneumococcal polysaccharide serotype 41,2 + pneumococcal polysaccharide serotype 51,2 + pneumococcal polysaccharide serotype 6b1,2 + pneumococcal polysaccharide serotype 7f1,2 + pneumococcal polysaccharide serotsuspension for injection
,1501Dexpanthenol 50mg/gcream,1501Dexpanthenol 50mg/gcream,1501Dexpanthenol 50mg/gcream
,1515Ketorolac 20mg/ml - 10mloral drops, solution,1515Ketorolac 20mg/ml - 10mloral drops, solution,1515Ketorolac 20mg/ml - 10mloral drops, solution
,1516Diazepam 5mg/mloral drops,1516Diazepam 5mg/mloral drops,1516Diazepam 5mg/mloral drops
,1518Diazepam 2mg/mlrectal solution,1518Diazepam 2mg/mlrectal solution,1518Diazepam 2mg/mlrectal solution
,1519Diazepam 4mg/mlrectal solution,1519Diazepam 4mg/mlrectal solution,1519Diazepam 4mg/mlrectal solution
100mg1557Pressed juice of fresh flowering purple coneflower herb [22 - 65:1]tablet,100mg1557Pressed juice of fresh flowering purple coneflower herb [22 - 65:1]tablet,100mg1557Pressed juice of fresh flowering purple coneflower herb [22 - 65:1]tablet,100mg1557Pressed juice of fresh flowering purple coneflower herb [22 - 65:1]tablet
,1561Docetaxel 20mg/0.5ml,1561Docetaxel 20mg/0.5ml,
,1563Docetaxel 80mg/2ml,1563Docetaxel 80mg/2ml,
,1565Docetaxel 80mg/4ml,1565Docetaxel 80mg/4ml,
,1575Donepezil 5mg,1575Donepezil 5mg,
,1577Progesterone 100mg/mlsolution for injection,1577Progesterone 100mg/mlsolution for injection,1577Progesterone 100mg/mlsolution for injection
10mg/20ml1582Propofolemulsion for injection/infusion,10mg/20ml1582Propofolemulsion for injection/infusion,10mg/20ml1582Propofolemulsion for injection/infusion,10mg/20ml1582Propofolemulsion for injection/infusion
2.07mg/g1594Protein-free haemodialysate of blood of veal calves, chemically and biologically standardized (expressed as dry matter)ointment,2.07mg/g1594Protein-free haemodialysate of blood of veal calves, chemically and biologically standardized (expressed as dry matter)ointment,2.07mg/g1594Protein-free haemodialysate of blood of veal calves, chemically and biologically standardized (expressed as dry matter)ointment,2.07mg/g1594Protein-free haemodialysate of blood of veal calves, chemically and biologically standardized (expressed as dry matter)ointment
42.5mg/ml1600Protein-free haemodialysate of blood of veal calves, chemically and biologically standardized (expressed as dry matter)solution for injection,42.5mg/ml1600Protein-free haemodialysate of blood of veal calves, chemically and biologically standardized (expressed as dry matter)solution for injection,42.5mg/ml1600Protein-free haemodialysate of blood of veal calves, chemically and biologically standardized (expressed as dry matter)solution for injection,42.5mg/ml1600Protein-free haemodialysate of blood of veal calves, chemically and biologically standardized (expressed as dry matter)solution for injection
,1614Enalapril maleate 5mg,1614Enalapril maleate 5mg,
,1636Glyceryl trinitrate 10mg/24hrstransdermal patch,1636Glyceryl trinitrate 10mg/24hrstransdermal patch,1636Glyceryl trinitrate 10mg/24hrstransdermal patch
,1640Epoetin theta 1000 IU/1ml,1640Epoetin theta 1000 IU/1ml,
,1641Epoetin theta 2000 IU/1ml,1641Epoetin theta 2000 IU/1ml,
,1649Epoetin theta 20 000 IU/1ml,1649Epoetin theta 20 000 IU/1ml,
,1654Epoetin zeta 40 000 IU/1ml,1654Epoetin zeta 40 000 IU/1ml,
,1713Escitalopram 10mg,1713Escitalopram 10mg,
,1714Escitalopram 20mg,1714Escitalopram 20mg,
,1717Ramipril 5mgtablet,1717Ramipril 5mgtablet,1717Ramipril 5mgtablet
,1740Ranitidine 50mg/2mlsolution for injection,1740Ranitidine 50mg/2mlsolution for injection,1740Ranitidine 50mg/2mlsolution for injection
(500IU + 3.30mg)/g1791Bacitracin + neomycin,(500IU + 3.30mg)/g1791Bacitracin + neomycin,(500IU + 3.30mg)/g1791Bacitracin + neomycin,
(0.5ml + 0.5g) / 100ml - 200ml1823Chlorhexidine digluconate solution + chlorobutanol hemihydrate,(0.5ml + 0.5g) / 100ml - 200ml1823Chlorhexidine digluconate solution + chlorobutanol hemihydrate,(0.5ml + 0.5g) / 100ml - 200ml1823Chlorhexidine digluconate solution + chlorobutanol hemihydrate,
50mg + 45mg + 10mg + 50mg1833Dried hydro-alcoholic hawthorn extract + dry hydro-alcoholic lemon balm extract + pentahydrated calcium lactate + magnesium thiosulphatetablet,50mg + 45mg + 10mg + 50mg1833Dried hydro-alcoholic hawthorn extract + dry hydro-alcoholic lemon balm extract + pentahydrated calcium lactate + magnesium thiosulphatetablet,50mg + 45mg + 10mg + 50mg1833Dried hydro-alcoholic hawthorn extract + dry hydro-alcoholic lemon balm extract + pentahydrated calcium lactate + magnesium thiosulphatetablet,50mg + 45mg + 10mg + 50mg1833Dried hydro-alcoholic hawthorn extract + dry hydro-alcoholic lemon balm extract + pentahydrated calcium lactate + magnesium thiosulphatetablet
,1834Rituximab 10mg/1ml/10mlconcentrate for solution for infusion,1834Rituximab 10mg/1ml/10mlconcentrate for solution for infusion,1834Rituximab 10mg/1ml/10mlconcentrate for solution for infusion
,1836Rituximab 1400mg/vialsolution for injection,1836Rituximab 1400mg/vialsolution for injection,1836Rituximab 1400mg/vialsolution for injection
,1838Rivaroxaban 10mgfilm-coated tablet,1838Rivaroxaban 10mgfilm-coated tablet,1838Rivaroxaban 10mgfilm-coated tablet
,1841Rivastigmine 18mg/10cm2transdermal patch,1841Rivastigmine 18mg/10cm2transdermal patch,1841Rivastigmine 18mg/10cm2transdermal patch
,1843Rivastigmine 1.5mgcapsule, hard,1843Rivastigmine 1.5mgcapsule, hard,1843Rivastigmine 1.5mgcapsule, hard
,1846Rivastigmine 6mgcapsule, hard,1846Rivastigmine 6mgcapsule, hard,1846Rivastigmine 6mgcapsule, hard
,1851Felodipine 2.5mg,1851Felodipine 2.5mg,
100mg/5ml1860Ibuprofen 100mg/5ml - 150mloral suspension,100mg/5ml1860Ibuprofen 100mg/5ml - 150mloral suspension,100mg/5ml1860Ibuprofen 100mg/5ml - 150mloral suspension,100mg/5ml1860Ibuprofen 100mg/5ml - 150mloral suspension
,1863Ropivacaine hydrochloride 10mg/mlsolution for injection,1863Ropivacaine hydrochloride 10mg/mlsolution for injection,1863Ropivacaine hydrochloride 10mg/mlsolution for injection
,1867Rosuvastatin 15mgfilm-coated tablet,1867Rosuvastatin 15mgfilm-coated tablet,1867Rosuvastatin 15mgfilm-coated tablet
,1873Ibuprofen 20mg/ml - 150mloral suspension,1873Ibuprofen 20mg/ml - 150mloral suspension,1873Ibuprofen 20mg/ml - 150mloral suspension
,1875Ibuprofen 400mggranules for oral solution,1875Ibuprofen 400mggranules for oral solution,1875Ibuprofen 400mggranules for oral solution
,1882Roxithromycin 150mgfilm-coated tablet,1882Roxithromycin 150mgfilm-coated tablet,1882Roxithromycin 150mgfilm-coated tablet
,1886Ibuprofen 10% - 50gcream,1886Ibuprofen 10% - 50gcream,1886Ibuprofen 10% - 50gcream
(5% w/w + 3 % w/w)-50 g1894Ibuprofen + Levomentholgel,(5% w/w + 3 % w/w)-50 g1894Ibuprofen + Levomentholgel,(5% w/w + 3 % w/w)-50 g1894Ibuprofen + Levomentholgel,(5% w/w + 3 % w/w)-50 g1894Ibuprofen + Levomentholgel
,1902Fentanyl 0.5mg/10ml,1902Fentanyl 0.5mg/10ml,
,1904Fentanyl 0.15mg/3ml,1904Fentanyl 0.15mg/3ml,
,1906Ferric iron 40mg/sachet,1906Ferric iron 40mg/sachet,
540 ui/3ml1908Human anti-hepatitis b immunoglobulinsolution for injection,540 ui/3ml1908Human anti-hepatitis b immunoglobulinsolution for injection,540 ui/3ml1908Human anti-hepatitis b immunoglobulinsolution for injection,540 ui/3ml1908Human anti-hepatitis b immunoglobulinsolution for injection
250 iu/vial1924Human coagulation factor VIII (rdna) (octocog alfa)powder and solvent for solution for injection,250 iu/vial1924Human coagulation factor VIII (rdna) (octocog alfa)powder and solvent for solution for injection,250 iu/vial1924Human coagulation factor VIII (rdna) (octocog alfa)powder and solvent for solution for injection,250 iu/vial1924Human coagulation factor VIII (rdna) (octocog alfa)powder and solvent for solution for injection
(900 iu + 800 iu)/vial1928Human coagulation factor VIII + human von willebrand factorpowder and solvent for solution for injection,(900 iu + 800 iu)/vial1928Human coagulation factor VIII + human von willebrand factorpowder and solvent for solution for injection,(900 iu + 800 iu)/vial1928Human coagulation factor VIII + human von willebrand factorpowder and solvent for solution for injection,(900 iu + 800 iu)/vial1928Human coagulation factor VIII + human von willebrand factorpowder and solvent for solution for injection
50mg1937Sildenafilfilm-coated tablet,50mg1937Sildenafilfilm-coated tablet,50mg1937Sildenafilfilm-coated tablet,50mg1937Sildenafilfilm-coated tablet
,1941Fluconazole 100mg/50ml,1941Fluconazole 100mg/50ml,
,1947Fluconazole 2mg/ml - 200ml,1947Fluconazole 2mg/ml - 200ml,
,1948Fluconazole 2mg/ml - 25ml,1948Fluconazole 2mg/ml - 25ml,
,1949Fluconazole 2mg/ml - 50ml,1949Fluconazole 2mg/ml - 50ml,
,1951Fluconazole 40mg/ml - 24.4ml,1951Fluconazole 40mg/ml - 24.4ml,
(1mg + 1.3mg + 50mg)/ml1953Fludrocortisone + polymyxin b + lidocaine,(1mg + 1.3mg + 50mg)/ml1953Fludrocortisone + polymyxin b + lidocaine,(1mg + 1.3mg + 50mg)/ml1953Fludrocortisone + polymyxin b + lidocaine,
,1954Flumazenil 0.5mg/5ml,1954Flumazenil 0.5mg/5ml,
,1955Flunarizine (as flunarizine hydrochloride) 5mg,1955Flunarizine (as flunarizine hydrochloride) 5mg,
,1957Fluocinolone acetonide 0.25mg/g - 15g ointment,1957Fluocinolone acetonide 0.25mg/g - 15g ointment,1957Fluocinolone acetonide 0.25mg/g - 15g ointment
,1958Fluocinolone acetonide 0.25mg/g - 15g cream,1958Fluocinolone acetonide 0.25mg/g - 15g cream,1958Fluocinolone acetonide 0.25mg/g - 15g cream
3 mg534Warfarine Sodium 3 mg,3 mg534Warfarine Sodium 3 mg,3 mg534Warfarine Sodium 3 mg,
5 mg535Warfarine Sodium 5 mg,5 mg535Warfarine Sodium 5 mg,5 mg535Warfarine Sodium 5 mg,
,536Ferric Sodium Gluconate Complex 781.2mg/100ml - 240ml,536Ferric Sodium Gluconate Complex 781.2mg/100ml - 240ml,
,537Amlodipine + Valsartan 10mg +160mg,537Amlodipine + Valsartan 10mg +160mg,
,538Amlodipine + Valsartan +Hydrochlorthiazide 10mg + 160mg + 25mg,538Amlodipine + Valsartan +Hydrochlorthiazide 10mg + 160mg + 25mg,
150mg539Nilotinib 150 mg,150mg539Nilotinib 150 mg,150mg539Nilotinib 150 mg,
,541Pregabalin 75mg,541Pregabalin 75mg,
,542Pregabalin 150mg,542Pregabalin 150mg,
,543Pregabalin 300mg,543Pregabalin 300mg,
,544Erythropoietine Zeta 2000 Nj.N - 0.6 ml,544Erythropoietine Zeta 2000 Nj.N - 0.6 ml,
20mg545Tamoxifene 20mg,20mg545Tamoxifene 20mg,20mg545Tamoxifene 20mg,
,546Insuline Humane Biosintetike Neutrale 100 Nj.N. /ml - 3 ml,546Insuline Humane Biosintetike Neutrale 100 Nj.N. /ml - 3 ml,
,547Budesonide inhaler 200mcg/doze - 200 doza,547Budesonide inhaler 200mcg/doze - 200 doza,
200000 NjN - 1 ml550Cholecalciferol 200000 NjN - 1 ml,200000 NjN - 1 ml550Cholecalciferol 200000 NjN - 1 ml,200000 NjN - 1 ml550Cholecalciferol 200000 NjN - 1 ml,
,551Aminoacide pa Lysine,Tryptophan etj.(mixture) 400g,551Aminoacide pa Lysine,Tryptophan etj.(mixture) 400g,
,552Aminoacide pa Lysine,Tryptophan etj.(mixture) 500g,552Aminoacide pa Lysine,Tryptophan etj.(mixture) 500g,
,553Enoxaparin Sodium 40mg-0.4ml,553Enoxaparin Sodium 40mg-0.4ml,
,554Enoxaparin Sodium 60mg-0.4ml,554Enoxaparin Sodium 60mg-0.4ml,
100mg555Acid Acetylsalicylic 100mg,100mg555Acid Acetylsalicylic 100mg,100mg555Acid Acetylsalicylic 100mg,
,556Ferrous Sulphate 80mg,556Ferrous Sulphate 80mg,
375mg558Ranolazine 375mg,375mg558Ranolazine 375mg,375mg558Ranolazine 375mg,
500mg559Ranolazine 500mg,500mg559Ranolazine 500mg,500mg559Ranolazine 500mg,
35mg560Trimetazidine 35mg,35mg560Trimetazidine 35mg,35mg560Trimetazidine 35mg,
0.4mg561Moxonidine 0.4mg,0.4mg561Moxonidine 0.4mg,0.4mg561Moxonidine 0.4mg,
50/25mg562Triamteren + Hydrochlorthiazide 50/25mg,50/25mg562Triamteren + Hydrochlorthiazide 50/25mg,50/25mg562Triamteren + Hydrochlorthiazide 50/25mg,
,564Enalapril + Lercanidipine 20 + 10mg,564Enalapril + Lercanidipine 20 + 10mg,
40mg565Telmisartan 40mg,40mg565Telmisartan 40mg,40mg565Telmisartan 40mg,
,566Irbesartan + Hydrochlorthiazide 150mg + 12.5mg,566Irbesartan + Hydrochlorthiazide 150mg + 12.5mg,
,567Irbesartan + Hydrochlorthiazide 300mg + 12.5mg,567Irbesartan + Hydrochlorthiazide 300mg + 12.5mg,
,568Irbesartan + Hydrochlorthiazide 300mg + 25mg,568Irbesartan + Hydrochlorthiazide 300mg + 25mg,
,569Amlodipine + Atorvastatin 5mg + 10mg,569Amlodipine + Atorvastatin 5mg + 10mg,
,570Amlodipine + Atorvastatin 10mg + 10mg,570Amlodipine + Atorvastatin 10mg + 10mg,
0.2%+1% -25g571Acid Hyaluronic+Silver Sulfadiazine 0.2%+1% -25g,0.2%+1% -25g571Acid Hyaluronic+Silver Sulfadiazine 0.2%+1% -25g,0.2%+1% -25g571Acid Hyaluronic+Silver Sulfadiazine 0.2%+1% -25g,
200mg/500mg/660000Nj.N/15mg572Chloramphenicol + Metronidazole + Nystatin + Hydrocortizone Acetate 200mg/500mg/660000Nj.N/15mg,200mg/500mg/660000Nj.N/15mg572Chloramphenicol + Metronidazole + Nystatin + Hydrocortizone Acetate 200mg/500mg/660000Nj.N/15mg,200mg/500mg/660000Nj.N/15mg572Chloramphenicol + Metronidazole + Nystatin + Hydrocortizone Acetate 200mg/500mg/660000Nj.N/15mg,
5mg573Nomegestrol Acetate 5mg,5mg573Nomegestrol Acetate 5mg,5mg573Nomegestrol Acetate 5mg,
,574Dutasteride 0.5mg,574Dutasteride 0.5mg,
,575Amoxicilline 250mg/7ml - 100ml,575Amoxicilline 250mg/7ml - 100ml,
245 mg576Tenofovir 245 mg,245 mg576Tenofovir 245 mg,245 mg576Tenofovir 245 mg,
200 mg1Cimetidine 200mg,200 mg1Cimetidine 200mg,200 mg1Cimetidine 200mg,
150 mg2Ranitidine 150 mg,150 mg2Ranitidine 150 mg,150 mg2Ranitidine 150 mg,
300 mg3Ranitidine 300 mg,300 mg3Ranitidine 300 mg,300 mg3Ranitidine 300 mg,
20 mg4Omeprazole 20 mg,20 mg4Omeprazole 20 mg,20 mg4Omeprazole 20 mg,
4% -1ml5Papaverine hydrochloride 4% -1ml,4% -1ml5Papaverine hydrochloride 4% -1ml,4% -1ml5Papaverine hydrochloride 4% -1ml,
,6Atropine sulphate 1 mg - 1 mlampule,6Atropine sulphate 1 mg - 1 mlampule,6Atropine sulphate 1 mg - 1 mlampule
10mg7Butylscopolamine bromide 10mgcoated tablet,10mg7Butylscopolamine bromide 10mgcoated tablet,10mg7Butylscopolamine bromide 10mgcoated tablet,10mg7Butylscopolamine bromide 10mgcoated tablet
10 mg8Metoclopramide tablet,10 mg8Metoclopramide tablet,10 mg8Metoclopramide tablet,10 mg8Metoclopramide tablet
,9Metoclopramide 10mg/2mlsolution for injection,9Metoclopramide 10mg/2mlsolution for injection,9Metoclopramide 10mg/2mlsolution for injection
150 mg10Acid ursodeoxycholic 150 mg,150 mg10Acid ursodeoxycholic 150 mg,150 mg10Acid ursodeoxycholic 150 mg,
250mg11Acid ursodeoxycholic 250mg,250mg11Acid ursodeoxycholic 250mg,250mg11Acid ursodeoxycholic 250mg,
,12Acid ursodesoxycholic 300 mg,12Acid ursodesoxycholic 300 mg,
35 mg13Silymarine 35mg,35 mg13Silymarine 35mg,35 mg13Silymarine 35mg,
500.000 Nj. N14Nystatine 500.000 Nj. N,500.000 Nj. N14Nystatine 500.000 Nj. N,500.000 Nj. N14Nystatine 500.000 Nj. N,
500mg15Sulfasalazine 500mg,500mg15Sulfasalazine 500mg,500mg15Sulfasalazine 500mg,
,19Insuline Humane Biosintetike Neutrale 100 Nj.N. / ml - 3 ml,19Insuline Humane Biosintetike Neutrale 100 Nj.N. / ml - 3 ml,
,20Insuline Humane Biosintetike Izofane 100 Nj.N. / ml - 3 ml,20Insuline Humane Biosintetike Izofane 100 Nj.N. / ml - 3 ml,
,21Insuline Humane Biosintetike Bifazike Izofane 100 Nj.N/ ml - 3 ml 50/50,21Insuline Humane Biosintetike Bifazike Izofane 100 Nj.N/ ml - 3 ml 50/50,
,24Insuline Humane Biosintetike Bifazike Izofane 100 Nj.N/ ml - 3 ml 30/70,24Insuline Humane Biosintetike Bifazike Izofane 100 Nj.N/ ml - 3 ml 30/70,
,26Insuline Humane Biosintetike Bifazike Izofane 100 Nj.N/ ml - 3 ml 15/85,26Insuline Humane Biosintetike Bifazike Izofane 100 Nj.N/ ml - 3 ml 15/85,
,27Insuline Humane Biosintetike Bifazike Izofane 100 Nj.N/ ml - 3 ml 25/75,27Insuline Humane Biosintetike Bifazike Izofane 100 Nj.N/ ml - 3 ml 25/75,
,28Metformin 500 mg,28Metformin 500 mg,
,29Metformin 850 mg,29Metformin 850 mg,
,30Glibenclamide 5 mg,30Glibenclamide 5 mg,
,37Dihydrotachysterol  30 ml,37Dihydrotachysterol  30 ml,
5% - 1 ml39Thiamine 50 mg/ml,5% - 1 ml39Thiamine 50 mg/ml,5% - 1 ml39Thiamine 50 mg/ml,
5 % - 2 ml40Acid Ascorbic 100 mg/ 2 ml,5 % - 2 ml40Acid Ascorbic 100 mg/ 2 ml,5 % - 2 ml40Acid Ascorbic 100 mg/ 2 ml,
200 mg41Nicotinamide 200 mg,200 mg41Nicotinamide 200 mg,200 mg41Nicotinamide 200 mg,
5 % - 2 ml42Pyridoxine 100 mg/ 2 ml,5 % - 2 ml42Pyridoxine 100 mg/ 2 ml,5 % - 2 ml42Pyridoxine 100 mg/ 2 ml,
4 mg43Acenocoumarol 4 mg,4 mg43Acenocoumarol 4 mg,4 mg43Acenocoumarol 4 mg,
,49Ferri sulfas 100 mg,49Ferri sulfas 100 mg,
,50Cyanocobalamine 100mcg - 1ml,50Cyanocobalamine 100mcg - 1ml,
,51Cyanocobalamine 500mcg - 1ml,51Cyanocobalamine 500mcg - 1ml,
,52Cyanocobalamine 1000mcg - 1ml,52Cyanocobalamine 1000mcg - 1ml,
5 % - 2 ml53Acid folic 5 mg,5 % - 2 ml53Acid folic 5 mg,5 % - 2 ml53Acid folic 5 mg,
,54Erythropoietine (Epoetin alfa) 1000 Nj.N - 0.5 ml,54Erythropoietine (Epoetin alfa) 1000 Nj.N - 0.5 ml,
,55Erythropoietine (Epoetin alfa) 2000 Nj.N - 0.5 ml,55Erythropoietine (Epoetin alfa) 2000 Nj.N - 0.5 ml,
,56Magnesium Sulphate 2.5g/10ml,56Magnesium Sulphate 2.5g/10ml,
,57Digoxine 0.25 mg,57Digoxine 0.25 mg,
150 mg59Propafenone 150 mg,150 mg59Propafenone 150 mg,150 mg59Propafenone 150 mg,
,60Amiodarone 200 mg,60Amiodarone 200 mg,
,62Isosorbite dinitrate 10 mg,62Isosorbite dinitrate 10 mg,
250 mg63Methyldopa 250 mg,250 mg63Methyldopa 250 mg,250 mg63Methyldopa 250 mg,
25 mg64Hydrochlorothiazide 25 mg,25 mg64Hydrochlorothiazide 25 mg,25 mg64Hydrochlorothiazide 25 mg,
,65Furosemide 40 mg,65Furosemide 40 mg,
,66Furosemide 10 mg/ml - 2 ml,66Furosemide 10 mg/ml - 2 ml,
25 mg67Spironolactone 25 mg,25 mg67Spironolactone 25 mg,25 mg67Spironolactone 25 mg,
40 mg72Propranolol 40 mg,40 mg72Propranolol 40 mg,40 mg72Propranolol 40 mg,
,73Atenolol 100mg,73Atenolol 100mg,
,74Amlodipine 5 mg,74Amlodipine 5 mg,
,75Amlodipine 10 mg,75Amlodipine 10 mg,
10 mg76Nifedipine 10 mg,10 mg76Nifedipine 10 mg,10 mg76Nifedipine 10 mg,
20 mg77Nifedipine 20 mg,20 mg77Nifedipine 20 mg,20 mg77Nifedipine 20 mg,
30 mg78Nifedipine 30 mg,30 mg78Nifedipine 30 mg,30 mg78Nifedipine 30 mg,
60 mg79Nifedipine 60 mg,60 mg79Nifedipine 60 mg,60 mg79Nifedipine 60 mg,
40 mg80Verapamil 40 mg,40 mg80Verapamil 40 mg,40 mg80Verapamil 40 mg,
80 mg81Verapamil 80 mg,80 mg81Verapamil 80 mg,80 mg81Verapamil 80 mg,
,82Diltiazem 60 mg,82Diltiazem 60 mg,
,83Diltiazem 90 mg,83Diltiazem 90 mg,
25 mg84Captopril 25 mg,25 mg84Captopril 25 mg,25 mg84Captopril 25 mg,
50 mg85Captopril 50 mg,50 mg85Captopril 50 mg,50 mg85Captopril 50 mg,
,87Enalapril 20 mg,87Enalapril 20 mg,
80 mg88Valsartan 80 mg,80 mg88Valsartan 80 mg,80 mg88Valsartan 80 mg,
,89Fluvastatin 40 mg,89Fluvastatin 40 mg,
,90Griseofulvine 125 mg,90Griseofulvine 125 mg,
250 mg91Terbinafine 250 mg,250 mg91Terbinafine 250 mg,250 mg91Terbinafine 250 mg,
,92Bacitracine 500 Nj.N/g + Neomycinum 3.5mg/g - 30 g,92Bacitracine 500 Nj.N/g + Neomycinum 3.5mg/g - 30 g,
,95Betamethasone Dipropionate 0.5mg/g - 15g krem,95Betamethasone Dipropionate 0.5mg/g - 15g krem,
,97Betamethasone 0.1% 15 g,97Betamethasone 0.1% 15 g,
,98Methylprednisolone Aceponate 1mg/1gr - 15gr Krem,pom.,98Methylprednisolone Aceponate 1mg/1gr - 15gr Krem,pom.,
,99Flumetasone 0.02% + Neomycine 0.05 % 15g Pomade,99Flumetasone 0.02% + Neomycine 0.05 % 15g Pomade,
100.000 Nj.N100Nystatine 100.000 Nj.N,100.000 Nj.N100Nystatine 100.000 Nj.N,100.000 Nj.N100Nystatine 100.000 Nj.N,
(35000+35000+100000)Nj.N101Neomycin Sulphate + Polymixin B Sulphate + Nystatin (35000+35000+100000)Nj.Nvaginal capsule,(35000+35000+100000)Nj.N101Neomycin Sulphate + Polymixin B Sulphate + Nystatin (35000+35000+100000)Nj.Nvaginal capsule,(35000+35000+100000)Nj.N101Neomycin Sulphate + Polymixin B Sulphate + Nystatin (35000+35000+100000)Nj.Nvaginal capsule,(35000+35000+100000)Nj.N101Neomycin Sulphate + Polymixin B Sulphate + Nystatin (35000+35000+100000)Nj.Nvaginal capsule
,102Metronidazol 500 mg,102Metronidazol 500 mg,
2% -78g103Miconazol 2% -78g Krem vaginal,2% -78g103Miconazol 2% -78g Krem vaginal,2% -78g103Miconazol 2% -78g Krem vaginal,
,104Econazole nitrate 150 mg,104Econazole nitrate 150 mg,
,105Nifuratel 500 mg + Nystatine 200.000 Nj.N,105Nifuratel 500 mg + Nystatine 200.000 Nj.N,
2.5 mg107Bromocriptine 2.5 mg,2.5 mg107Bromocriptine 2.5 mg,2.5 mg107Bromocriptine 2.5 mg,
2.5 % - 1 ml109Progesterone 2.5 % - 1 ml,2.5 % - 1 ml109Progesterone 2.5 % - 1 ml,2.5 % - 1 ml109Progesterone 2.5 % - 1 ml,
,110Progesterone 100mg,110Progesterone 100mg,
50 mg111Clomifene 50 mg,50 mg111Clomifene 50 mg,50 mg111Clomifene 50 mg,
,112Cyproterone Acetate 50 mg,112Cyproterone Acetate 50 mg,
,115Danazol 200mg,115Danazol 200mg,
500 mg116Acid nalidiksik 500 mg,500 mg116Acid nalidiksik 500 mg,500 mg116Acid nalidiksik 500 mg,
100mg117Nitrofurantoine 100mg,100mg117Nitrofurantoine 100mg,100mg117Nitrofurantoine 100mg,
,118Alfuzosine 5 mg,118Alfuzosine 5 mg,
,119Alfuzosine 10 mg,119Alfuzosine 10 mg,
0.4mg120Tamsulosine 0.4mg,0.4mg120Tamsulosine 0.4mg,0.4mg120Tamsulosine 0.4mg,
,121Finasteride 5mg,121Finasteride 5mg,
1 mg - 1 ml122Tetracosactide Acetate 1 mg - 1 ml,1 mg - 1 ml122Tetracosactide Acetate 1 mg - 1 ml,1 mg - 1 ml122Tetracosactide Acetate 1 mg - 1 ml,
5 mg- 1.5 m (15 Nj.N)123Somatropine 5 mg- 1.5 m (15 Nj.N) sol. Inj.,5 mg- 1.5 m (15 Nj.N)123Somatropine 5 mg- 1.5 m (15 Nj.N) sol. Inj.,5 mg- 1.5 m (15 Nj.N)123Somatropine 5 mg- 1.5 m (15 Nj.N) sol. Inj.,
6 mg(18 Nj.N)124Somatropine 6 mg(18 Nj.N),6 mg(18 Nj.N)124Somatropine 6 mg(18 Nj.N),6 mg(18 Nj.N)124Somatropine 6 mg(18 Nj.N),
10 mg- 1.5 ml(30 Nj.N)125Somatropine 10 mg- 1.5 ml(30 Nj.N) sol. Inj.,10 mg- 1.5 ml(30 Nj.N)125Somatropine 10 mg- 1.5 ml(30 Nj.N) sol. Inj.,10 mg- 1.5 ml(30 Nj.N)125Somatropine 10 mg- 1.5 ml(30 Nj.N) sol. Inj.,
,126Desmopressin 100 mcg/ml - 5ml intranazal,126Desmopressin 100 mcg/ml - 5ml intranazal,
,128Dexamethasone 0.5mg,128Dexamethasone 0.5mg,
,129Prednisolone 25 mg/2 ml,129Prednisolone 25 mg/2 ml,
,130Prednisone 5 mg,130Prednisone 5 mg,
 40 mg -1ml131Triamcinolone 40 mg -1ml, 40 mg -1ml131Triamcinolone 40 mg -1ml, 40 mg -1ml131Triamcinolone 40 mg -1ml,
,133Levothyroxine natricum 50mcg,133Levothyroxine natricum 50mcg,
,134Levothyroxine natricum 100mcg,134Levothyroxine natricum 100mcg,
,135Levothyroxine natricum 200mcg,135Levothyroxine natricum 200mcg,
50 mg136Propylthiouracil 50 mg,50 mg136Propylthiouracil 50 mg,50 mg136Propylthiouracil 50 mg,
200 Nj.N137Calcitonine (Salmon Synthetic) 200 Nj.N nasal spray,200 Nj.N137Calcitonine (Salmon Synthetic) 200 Nj.N nasal spray,200 Nj.N137Calcitonine (Salmon Synthetic) 200 Nj.N nasal spray,
,138Doxycycline 100 mg,138Doxycycline 100 mg,
250 mg139Oxytetracycline 250 mg,250 mg139Oxytetracycline 250 mg,250 mg139Oxytetracycline 250 mg,
250 mg140Tetracycline 250 mg,250 mg140Tetracycline 250 mg,250 mg140Tetracycline 250 mg,
,142Ampicilline 125mg/5ml - 60ml Pezulli,142Ampicilline 125mg/5ml - 60ml Pezulli,
,143Ampicilline 125mg/5ml - 100ml,143Ampicilline 125mg/5ml - 100ml,
,144Ampicilline 250mg/5ml - 100ml Pezulli,144Ampicilline 250mg/5ml - 100ml Pezulli,
,145Ampicilline 250mg,145Ampicilline 250mg,
,146Ampicilline 500mg,146Ampicilline 500mg,
,147Amoxicilline 125mg/5ml - 60ml,147Amoxicilline 125mg/5ml - 60ml,
,148Amoxicilline 125mg/5ml - 100ml,148Amoxicilline 125mg/5ml - 100ml,
,149Amoxicilline 250mg/5ml - 60ml,149Amoxicilline 250mg/5ml - 60ml,
,150Amoxicilline 250mg/5ml - 100ml,150Amoxicilline 250mg/5ml - 100ml,
,151Amoxicilline 250mg,151Amoxicilline 250mg,
,152Amoxicilline 500mg,152Amoxicilline 500mg,
,153Benzylpenicilline procainicum 600.000Nj.N+Benzilpenicilline kalicum 200.000Nj.N (800.000Nj.N),153Benzylpenicilline procainicum 600.000Nj.N+Benzilpenicilline kalicum 200.000Nj.N (800.000Nj.N),
,155Benzathine benzylpenicilline 1 200 000 Nj.N,155Benzathine benzylpenicilline 1 200 000 Nj.N,
,156Amoxicilline Trihydrate + Acid Clavulonic (125 + 31.2)mg/5ml - 100ml,156Amoxicilline Trihydrate + Acid Clavulonic (125 + 31.2)mg/5ml - 100ml,
,157Amoxicilline Trihydrate + Acid Clavulonic (250 + 62.5)mg/5ml - 100 ml,157Amoxicilline Trihydrate + Acid Clavulonic (250 + 62.5)mg/5ml - 100 ml,
,158Amoxicilline Trihydrate + Acid Clavulonic (Potasium) 375 mg,158Amoxicilline Trihydrate + Acid Clavulonic (Potasium) 375 mg,
,159Amoxicilline Trihydrate + Acid Clavulonic (Potasium) 625mg,159Amoxicilline Trihydrate + Acid Clavulonic (Potasium) 625mg,
,160Cephalexin 125 mg / 5 ml - 60ml,160Cephalexin 125 mg / 5 ml - 60ml,
,161Cephalexine 125 mg / 5 ml -100 ml Pezulli,161Cephalexine 125 mg / 5 ml -100 ml Pezulli,
,162Cephalexin 250 mg / 5 ml - 60 ml,162Cephalexin 250 mg / 5 ml - 60 ml,
,163Cephalexine 250 mg / 5ml - 100 ml,163Cephalexine 250 mg / 5ml - 100 ml,
250mg164Cephalexine 250mg,250mg164Cephalexine 250mg,250mg164Cephalexine 250mg,
500 mg165Cephalexine 500 mg,500 mg165Cephalexine 500 mg,500 mg165Cephalexine 500 mg,
,166Cefuroxime Axetil 125 mg / 5 ml - 50 ml,166Cefuroxime Axetil 125 mg / 5 ml - 50 ml,
125 mg / 5 ml - 60 ml167Cefaclor Monohydrate 125 mg / 5 ml - 60 ml,125 mg / 5 ml - 60 ml167Cefaclor Monohydrate 125 mg / 5 ml - 60 ml,125 mg / 5 ml - 60 ml167Cefaclor Monohydrate 125 mg / 5 ml - 60 ml,
,168Cefaclor Monohydrate 125 mg / 5ml - 75 ml,168Cefaclor Monohydrate 125 mg / 5ml - 75 ml,
,169Cefaclor Monohydrate 250 mg / 5 ml - 60 ml,169Cefaclor Monohydrate 250 mg / 5 ml - 60 ml,
250 mg / 5 ml - 75 ml170Cefaclor Hydrochloride 250 mg / 5 ml - 75 ml,250 mg / 5 ml - 75 ml170Cefaclor Hydrochloride 250 mg / 5 ml - 75 ml,250 mg / 5 ml - 75 ml170Cefaclor Hydrochloride 250 mg / 5 ml - 75 ml,
,171Cefaclor Monohydrate 250 mg / 5 ml - 100 ml,171Cefaclor Monohydrate 250 mg / 5 ml - 100 ml,
500 mg173Cefaclor 500 mg,500 mg173Cefaclor 500 mg,500 mg173Cefaclor 500 mg,
240 mg / 5 ml - 100 ml174Sulfamethoxazol + trimethoprime 240 mg / 5 ml - 100 ml,240 mg / 5 ml - 100 ml174Sulfamethoxazol + trimethoprime 240 mg / 5 ml - 100 ml,240 mg / 5 ml - 100 ml174Sulfamethoxazol + trimethoprime 240 mg / 5 ml - 100 ml,
400 mg +  80 mg175Sulfamethoxazol 400 mg + trimethoprine 80 mg,400 mg +  80 mg175Sulfamethoxazol 400 mg + trimethoprine 80 mg,400 mg +  80 mg175Sulfamethoxazol 400 mg + trimethoprine 80 mg,
,177Erythromycine Estolate 250mg/5ml-100 ml,177Erythromycine Estolate 250mg/5ml-100 ml,
,178Erythromycine 250 mg,178Erythromycine 250 mg,
250 mg179Spiramycine 250 mg,250 mg179Spiramycine 250 mg,250 mg179Spiramycine 250 mg,
175mg/5ml - 115 ml180Midecamycine 175mg/5ml - 115 ml,175mg/5ml - 115 ml180Midecamycine 175mg/5ml - 115 ml,175mg/5ml - 115 ml180Midecamycine 175mg/5ml - 115 ml,
,181Azithromycine 100mg/5ml - 20ml,181Azithromycine 100mg/5ml - 20ml,
,182Azithromycine 200mg/5ml - 20ml,182Azithromycine 200mg/5ml - 20ml,
,183Azithromycine 250mg,183Azithromycine 250mg,
1g184Streptomycine 1g,1g184Streptomycine 1g,1g184Streptomycine 1g,
,185Gentamicine 20 mg - 2 ml,185Gentamicine 20 mg - 2 ml,
,186Gentamicine 40 mg - 2 ml,186Gentamicine 40 mg - 2 ml,
,187Gentamicine 80 mg - 2 ml,187Gentamicine 80 mg - 2 ml,
250mg188Ciprofloxacine 250mg,250mg188Ciprofloxacine 250mg,250mg188Ciprofloxacine 250mg,
500 mg189Ciprofloxacine 500 mg,500 mg189Ciprofloxacine 500 mg,500 mg189Ciprofloxacine 500 mg,
,190Metronidazol 250 mg,190Metronidazol 250 mg,
,191Ketoconazol 200 mg,191Ketoconazol 200 mg,
,192Fluconazol 150 mg,192Fluconazol 150 mg,
300 mg194Rifampicine 300 mg,300 mg194Rifampicine 300 mg,300 mg194Rifampicine 300 mg,
,195Isoniazide 50 mg,195Isoniazide 50 mg,
500 mg196Pyrazinamide 500 mg,500 mg196Pyrazinamide 500 mg,500 mg196Pyrazinamide 500 mg,
,198Lamivudine 100 mg,198Lamivudine 100 mg,
,199Cyclophosphamide 50mg,199Cyclophosphamide 50mg,
2 mg200Chlorambucil 2 mg,2 mg200Chlorambucil 2 mg,2 mg200Chlorambucil 2 mg,
,201Melphalan 2 mg,201Melphalan 2 mg,
,204Methotrexate 2.5 mg,204Methotrexate 2.5 mg,
,205Methotrexate 5 mg,205Methotrexate 5 mg,
,206Methotrexate 10 mg,206Methotrexate 10 mg,
,207Mercaptopurine 50 mg,207Mercaptopurine 50 mg,
,209Megestrol 160 mg,209Megestrol 160 mg,
10mg210Tamoxifene 10mg,10mg210Tamoxifene 10mg,10mg210Tamoxifene 10mg,
,211Flutamide 250 mg,211Flutamide 250 mg,
,212Letrozole 2.5 mg,212Letrozole 2.5 mg,
25 mg214Ciclosporine 25mg,25 mg214Ciclosporine 25mg,25 mg214Ciclosporine 25mg,
100 mg215Ciclosporine 100mg,100 mg215Ciclosporine 100mg,100 mg215Ciclosporine 100mg,
250 mg216Mycofenolate Mofetil 250 mg,250 mg216Mycofenolate Mofetil 250 mg,250 mg216Mycofenolate Mofetil 250 mg,
,217Azathioprine 50mg,217Azathioprine 50mg,
100 mg218Indometacine 100 mg,100 mg218Indometacine 100 mg,100 mg218Indometacine 100 mg,
,219Diclofenac 50mg,219Diclofenac 50mg,
,220Piroxicam 20 mg,220Piroxicam 20 mg,
,221Piroxicam 20mg/1ml,221Piroxicam 20mg/1ml,
400 mg222Ibuprofen 400 mg,400 mg222Ibuprofen 400 mg,400 mg222Ibuprofen 400 mg,
250 mg223Naproxen 250 mg,250 mg223Naproxen 250 mg,250 mg223Naproxen 250 mg,
500 mg224Naproxen 500 mg,500 mg224Naproxen 500 mg,500 mg224Naproxen 500 mg,
,225Ketoprofen 50 mg,225Ketoprofen 50 mg,
,226Ketoprofen 100 mg,226Ketoprofen 100 mg,
150 mg228Penicillamine 150 mg,150 mg228Penicillamine 150 mg,150 mg228Penicillamine 150 mg,
,229Allopurinol 100 mg,229Allopurinol 100 mg,
400 mg231Disodium Clodronate 400 mg,400 mg231Disodium Clodronate 400 mg,400 mg231Disodium Clodronate 400 mg,
10 mg232Morphine Sulphate 10 mg,10 mg232Morphine Sulphate 10 mg,10 mg232Morphine Sulphate 10 mg,
60 mg234Morphine Sulphate 60 mg,60 mg234Morphine Sulphate 60 mg,60 mg234Morphine Sulphate 60 mg,
100 mg235Morphine Sulphate 100 mg,100 mg235Morphine Sulphate 100 mg,100 mg235Morphine Sulphate 100 mg,
10mg-1ml236Morphine Hydrochloride 10mg/ml - 1ml,10mg-1ml236Morphine Hydrochloride 10mg/ml - 1ml,10mg-1ml236Morphine Hydrochloride 10mg/ml - 1ml,
5%-2 ml238Pethidine 100mg/2ml,5%-2 ml238Pethidine 100mg/2ml,5%-2 ml238Pethidine 100mg/2ml,
,239Metamizole 50 % -2 ml,239Metamizole 50 % -2 ml,
125mg241Paracetamol 125mg,125mg241Paracetamol 125mg,125mg241Paracetamol 125mg,
250 mg242Paracetamol 250 mg,250 mg242Paracetamol 250 mg,250 mg242Paracetamol 250 mg,
15 mg243Phenobarbital 15 mg,15 mg243Phenobarbital 15 mg,15 mg243Phenobarbital 15 mg,
60 mg244Phenobarbital 60 mg,60 mg244Phenobarbital 60 mg,60 mg244Phenobarbital 60 mg,
,245Primidon 250 mg,245Primidon 250 mg,
100 mg246Phenytoine 100 mg,100 mg246Phenytoine 100 mg,100 mg246Phenytoine 100 mg,
,249Clonazepam 2 mg,249Clonazepam 2 mg,
2% -100 ml250Carbamazepine 100mg/5ml -100 ml,2% -100 ml250Carbamazepine 100mg/5ml -100 ml,2% -100 ml250Carbamazepine 100mg/5ml -100 ml,
200 mg251Carbamazepine 200 mg,200 mg251Carbamazepine 200 mg,200 mg251Carbamazepine 200 mg,
,252Acid valproic 150 mg,252Acid valproic 150 mg,
,253Acid valproic 300mg,253Acid valproic 300mg,
,254Acid valproic 500mg,254Acid valproic 500mg,
15 mg255Topiramate 15 mg,15 mg255Topiramate 15 mg,15 mg255Topiramate 15 mg,
25 mg256Topiramate 25 mgcapsule,25 mg256Topiramate 25 mgcapsule,25 mg256Topiramate 25 mgcapsule,25 mg256Topiramate 25 mgcapsule
25 mg257Topiramate 25 mgtablet,25 mg257Topiramate 25 mgtablet,25 mg257Topiramate 25 mgtablet,25 mg257Topiramate 25 mgtablet
50 mg258Topiramate 50 mg,50 mg258Topiramate 50 mg,50 mg258Topiramate 50 mg,
100 mg259Topiramate 100 mg,100 mg259Topiramate 100 mg,100 mg259Topiramate 100 mg,
5 mg260Trihexyphenidyl 5 mg,5 mg260Trihexyphenidyl 5 mg,5 mg260Trihexyphenidyl 5 mg,
25mg + 250mg261Levodopa 250 mg + Carbidopa 25 mg,25mg + 250mg261Levodopa 250 mg + Carbidopa 25 mg,25mg + 250mg261Levodopa 250 mg + Carbidopa 25 mg,
,262Levodopa 200 mg + Benserazide 50 mg,262Levodopa 200 mg + Benserazide 50 mg,
,263Amantadine 100 mg,263Amantadine 100 mg,
100 mg264Chlorpromazine 100 mg,100 mg264Chlorpromazine 100 mg,100 mg264Chlorpromazine 100 mg,
50 mg - 2 ml265Chlorpromazine 50 mg - 2 ml,50 mg - 2 ml265Chlorpromazine 50 mg - 2 ml,50 mg - 2 ml265Chlorpromazine 50 mg - 2 ml,
,266Levomepromazine 25 mg,266Levomepromazine 25 mg,
,267Fluphenazine 2.5 mg,267Fluphenazine 2.5 mg,
,268Fluphenazine Hydrochloride 2.5mg- 1 ml,268Fluphenazine Hydrochloride 2.5mg- 1 ml,
,269Fluphenazine 25 mg - 1 ml,269Fluphenazine 25 mg - 1 ml,
25mg270Thioridazine 25mg,25mg270Thioridazine 25mg,25mg270Thioridazine 25mg,
,271Haloperidol 2mg/ml - 10 ml,271Haloperidol 2mg/ml - 10 ml,
50 mg - 1ml272Haloperidol 50 mg - 1ml,50 mg - 1ml272Haloperidol 50 mg - 1ml,50 mg - 1ml272Haloperidol 50 mg - 1ml,
,273Clozapine 100 mg,273Clozapine 100 mg,
10 mg274Olanzapine 10 mg,10 mg274Olanzapine 10 mg,10 mg274Olanzapine 10 mg,
,275Lithium carbonate 250 mg,275Lithium carbonate 250 mg,
,276Risperidone 2mg,276Risperidone 2mg,
1mg / 1 ml - 30 ml277Risperidone 1mg/1ml - 30 ml,1mg / 1 ml - 30 ml277Risperidone 1mg/1ml - 30 ml,1mg / 1 ml - 30 ml277Risperidone 1mg/1ml - 30 ml,
,278Diazepam 5mg,278Diazepam 5mg,
,279Diazepam 10mg/2ml,279Diazepam 10mg/2ml,
10 mg280Chlordiazepoxide 10mg,10 mg280Chlordiazepoxide 10mg,10 mg280Chlordiazepoxide 10mg,
5mg281Chlorazepate Dipotassium 5mg,5mg281Chlorazepate Dipotassium 5mg,5mg281Chlorazepate Dipotassium 5mg,
10 mg282Chlorazepate Dipotassium 10mg,10 mg282Chlorazepate Dipotassium 10mg,10 mg282Chlorazepate Dipotassium 10mg,
,283Lorazepam 1 mg,283Lorazepam 1 mg,
,284Lorazepam 2.5 mg,284Lorazepam 2.5 mg,
,285Meprobamate 400 mg,285Meprobamate 400 mg,
25 mg286Imipramine 25 mg,25 mg286Imipramine 25 mg,25 mg286Imipramine 25 mg,
,287Clomipramine 25 mg,287Clomipramine 25 mg,
,288Amitriptyline Hydrochloride 25 mg,288Amitriptyline Hydrochloride 25 mg,
,289Maprotiline 25 mg,289Maprotiline 25 mg,
,290Fluoxetine Hydrochloride 20mg,290Fluoxetine Hydrochloride 20mg,
60 mg291Pyridostigmine bromide 60 mg,60 mg291Pyridostigmine bromide 60 mg,60 mg291Pyridostigmine bromide 60 mg,
,294Mebendazole 100 mg,294Mebendazole 100 mg,
,295Beclometasone dipropionate 50mcg/Inhalacion - 200 doze,295Beclometasone dipropionate 50mcg/Inhalacion - 200 doze,
,296Salbutamol 0.1mg - 200 doza Inhalacion,296Salbutamol 0.1mg - 200 doza Inhalacion,
,298Formoterol Fumarate 12mcg (per inhalacion),298Formoterol Fumarate 12mcg (per inhalacion),
,299Beclometasone 50mcg/Inhalacion - 200 doze,299Beclometasone 50mcg/Inhalacion - 200 doze,
,300Beclometasone 250mcg/Inhalacion - 200 doze,300Beclometasone 250mcg/Inhalacion - 200 doze,
,302Fluticasone Propionate 50 mcg -120 doza Inhalacion,302Fluticasone Propionate 50 mcg -120 doza Inhalacion,
,305Salbutamol 2mg / 5 ml -150ml,305Salbutamol 2mg / 5 ml -150ml,
,306Salbutamol Sulphate 4 mg,306Salbutamol Sulphate 4 mg,
200 mg307Theophylline 200 mg Retard,200 mg307Theophylline 200 mg Retard,200 mg307Theophylline 200 mg Retard,
300 mg308Theophylline 300 mg Retard,300 mg308Theophylline 300 mg Retard,300 mg308Theophylline 300 mg Retard,
,310Aminophylline 100 mg,310Aminophylline 100 mg,
,311Aminophylline 350 mg Retard,311Aminophylline 350 mg Retard,
,312Aminophylline 240mg/2ml,312Aminophylline 240mg/2ml,
,320Codeine 15mg,320Codeine 15mg,
25 mg322Promethazine 25 mg,25 mg322Promethazine 25 mg,25 mg322Promethazine 25 mg,
,323Loratadine 10 mg,323Loratadine 10 mg,
,324Loratadine 5 mg/5ml-120 ml,324Loratadine 5 mg/5ml-120 ml,
,325Ketotifen 1mg,325Ketotifen 1mg,
,326Ketotifen 1mg/5ml-100 ml,326Ketotifen 1mg/5ml-100 ml,
,327Gentamicine 0.3%/10ml Pika per sy,327Gentamicine 0.3%/10ml Pika per sy,
,328Idoxuridine 2% - 5 gr Pomade per sy,328Idoxuridine 2% - 5 gr Pomade per sy,
,330Dexamethasone + Neomycine 3.5gr Pomade per sy,330Dexamethasone + Neomycine 3.5gr Pomade per sy,
,331Hydrocortisone 1% +  neomycine 0.35% + chloramphenicol 1% 5g Pomade per sy,331Hydrocortisone 1% +  neomycine 0.35% + chloramphenicol 1% 5g Pomade per sy,
,332Dexamethasone Sodium Phosphate0.1%-5ml Pika per sy,332Dexamethasone Sodium Phosphate0.1%-5ml Pika per sy,
,334Pilocarpine hydrochloride 2 % - 10 ml Pika per sy,334Pilocarpine hydrochloride 2 % - 10 ml Pika per sy,
250 mg335Acetazolamide 250 mg,250 mg335Acetazolamide 250 mg,250 mg335Acetazolamide 250 mg,
,337Timolol 0.5%-5ml pika per sy,337Timolol 0.5%-5ml pika per sy,
,338Atropine sulphate 1%-10ml pika per sy,338Atropine sulphate 1%-10ml pika per sy,
,339Deferoxamine 500mg,339Deferoxamine 500mg,
,342Aqua bidestillata 2ml,342Aqua bidestillata 2ml,
,343Aqua bidestillata 5ml,343Aqua bidestillata 5ml,
,344Aqua bidestillata 10ml,344Aqua bidestillata 10ml,
,345Erythropoietine (Epoetin beta) 1000 Nj.N,345Erythropoietine (Epoetin beta) 1000 Nj.N,
,346Erythropoietine (Epoetin beta) 2000 Nj.N,346Erythropoietine (Epoetin beta) 2000 Nj.N,
,347Felodipine 5 mg,347Felodipine 5 mg,
,348Felodipine 10 mg,348Felodipine 10 mg,
10mg349Simvastatine 10mg,10mg349Simvastatine 10mg,10mg349Simvastatine 10mg,
20mg350Simvastatine 20mg,20mg350Simvastatine 20mg,20mg350Simvastatine 20mg,
40mg351Simvastatine 40mg,40mg351Simvastatine 40mg,40mg351Simvastatine 40mg,
,352Metoprolol 50mg,352Metoprolol 50mg,
,353Metoprolol 100mg,353Metoprolol 100mg,
400 mg354Aciclovir 400 mg,400 mg354Aciclovir 400 mg,400 mg354Aciclovir 400 mg,
,355Fenofibrate 200mg,355Fenofibrate 200mg,
10mg356Atorvastatine 10mg,10mg356Atorvastatine 10mg,10mg356Atorvastatine 10mg,
20mg357Atorvastatine 20mg,20mg357Atorvastatine 20mg,20mg357Atorvastatine 20mg,
200mg358Aciclovir 200mg,200mg358Aciclovir 200mg,200mg358Aciclovir 200mg,
800 mg359Aciclovir 800 mg,800 mg359Aciclovir 800 mg,800 mg359Aciclovir 800 mg,
250 mg360Clarithromycine 250 mg,250 mg360Clarithromycine 250 mg,250 mg360Clarithromycine 250 mg,
500 mg361Clarithromycine 500 mg,500 mg361Clarithromycine 500 mg,500 mg361Clarithromycine 500 mg,
,362Lovastatine 20mg,362Lovastatine 20mg,
6.25 mg363Carvedilol 6.25 mg,6.25 mg363Carvedilol 6.25 mg,6.25 mg363Carvedilol 6.25 mg,
25 mg364Carvedilol 25 mg,25 mg364Carvedilol 25 mg,25 mg364Carvedilol 25 mg,
,365Irbersartan 75 mg,365Irbersartan 75 mg,
,366Irbersartan 150mg,366Irbersartan 150mg,
,367Irbersartan 300mg,367Irbersartan 300mg,
100mg368Ciprofibrate 100mg,100mg368Ciprofibrate 100mg,100mg368Ciprofibrate 100mg,
2mg369Terazosine 2mg,2mg369Terazosine 2mg,2mg369Terazosine 2mg,
5mg370Terazosine 5mg,5mg370Terazosine 5mg,5mg370Terazosine 5mg,
,371Amoxicilline Trihydrate + Acid Clavulonic 457mg/5ml - 70ml,371Amoxicilline Trihydrate + Acid Clavulonic 457mg/5ml - 70ml,
,372Amoxicilline Trihydrate + Acid Clavulonic 1000mg,372Amoxicilline Trihydrate + Acid Clavulonic 1000mg,
,373Amoxicilline Trihydrate + Acid Clavulonic (1g + 125mg),373Amoxicilline Trihydrate + Acid Clavulonic (1g + 125mg),
,374Amoxicilline Trihydrate + Acid Clavulonic (100mg + 12.5mg)/ml - 60ml,374Amoxicilline Trihydrate + Acid Clavulonic (100mg + 12.5mg)/ml - 60ml,
,376Losartan potassium 50mg,376Losartan potassium 50mg,
,377Fluticasone Propionate 250 mcg-60 doza,377Fluticasone Propionate 250 mcg-60 doza,
10mg378Cetirizine hydrochloride 10mg,10mg378Cetirizine hydrochloride 10mg,10mg378Cetirizine hydrochloride 10mg,
500g379Phenil Keton Urea 500g,500g379Phenil Keton Urea 500g,500g379Phenil Keton Urea 500g,
,380Lercanidipine 10 mg,380Lercanidipine 10 mg,
60 mg381Nitrendipine 20 mg,60 mg381Nitrendipine 20 mg,60 mg381Nitrendipine 20 mg,
5 mg382Nebivolol 5 mg,5 mg382Nebivolol 5 mg,5 mg382Nebivolol 5 mg,
,384Clarithromycine 125mg/5ml-100ml,384Clarithromycine 125mg/5ml-100ml,
10mg/ml-5ml385Brinzolamide 10mg/ml-5ml,10mg/ml-5ml385Brinzolamide 10mg/ml-5ml,10mg/ml-5ml385Brinzolamide 10mg/ml-5ml,
40mcg/ml-2.5 ml386Travoprost 40mcg/ml-2.5 ml,40mcg/ml-2.5 ml386Travoprost 40mcg/ml-2.5 ml,40mcg/ml-2.5 ml386Travoprost 40mcg/ml-2.5 ml,
160mg388Valsartan 160mg,160mg388Valsartan 160mg,160mg388Valsartan 160mg,
80/12.5mg389Valsartan + Hydrochlortiazide 80mg + 12.5mg,80/12.5mg389Valsartan + Hydrochlortiazide 80mg + 12.5mg,80/12.5mg389Valsartan + Hydrochlortiazide 80mg + 12.5mg,
160/25mg390Valsartan + Hydrochlortiazide 160mg + 25mg,160/25mg390Valsartan + Hydrochlortiazide 160mg + 25mg,160/25mg390Valsartan + Hydrochlortiazide 160mg + 25mg,
,391Ferrous Fumarate 350mg,391Ferrous Fumarate 350mg,
,392Fluvastatine 80mg,392Fluvastatine 80mg,
,393Metoprolol 200 mg,393Metoprolol 200 mg,
,394Diclofenac natriumi 1% - 5ml,394Diclofenac natriumi 1% - 5ml,
,396Ketoprofen 100mg,396Ketoprofen 100mg,
12.5mg397Carvedilol 12.5mg,12.5mg397Carvedilol 12.5mg,12.5mg397Carvedilol 12.5mg,
250 mg/1ml399Testosterone enanthate 250 mg/1ml,250 mg/1ml399Testosterone enanthate 250 mg/1ml,250 mg/1ml399Testosterone enanthate 250 mg/1ml,
,400Fluconazole 100mg,400Fluconazole 100mg,
10 mg401Olmesartan 10 mg,10 mg401Olmesartan 10 mg,10 mg401Olmesartan 10 mg,
20 mg402Olmesartan 20 mg,20 mg402Olmesartan 20 mg,20 mg402Olmesartan 20 mg,
40mg403Olmesartan 40mg,40mg403Olmesartan 40mg,40mg403Olmesartan 40mg,
5 mg404Bisoprolol 5 mg,5 mg404Bisoprolol 5 mg,5 mg404Bisoprolol 5 mg,
10 mg405Bisoprolol 10 mg,10 mg405Bisoprolol 10 mg,10 mg405Bisoprolol 10 mg,
,406Calcium -3-methyl-2 oxovalerate etj,406Calcium -3-methyl-2 oxovalerate etj,
,407Izosorbite 5 Mononitrate 40 mg,407Izosorbite 5 Mononitrate 40 mg,
,408Fluticasone Propionate 125mcg-120 inh.,408Fluticasone Propionate 125mcg-120 inh.,
,409Acid valproic 380mg/10ml-150ml,409Acid valproic 380mg/10ml-150ml,
,410Clopidogrel 75 mg,410Clopidogrel 75 mg,
,411Metformine 1000 mg,411Metformine 1000 mg,
,412Potasium chloride combinations,412Potasium chloride combinations,
,413Fludarabine 10 mg,413Fludarabine 10 mg,
(160+12.5mg)414Valsartan + Hydrochlorthiazidum (160+12.5mg),(160+12.5mg)414Valsartan + Hydrochlorthiazidum (160+12.5mg),(160+12.5mg)414Valsartan + Hydrochlorthiazidum (160+12.5mg),
,416Amoxicilline Trihydrate + Acid Clavulonic (100mg + 12.5mg)/ml - 30ml Pezulli,416Amoxicilline Trihydrate + Acid Clavulonic (100mg + 12.5mg)/ml - 30ml Pezulli,
,417Desmopressin 100 mcg/ml - 6ml intranazal,417Desmopressin 100 mcg/ml - 6ml intranazal,
,418Deferasirox 250 mg,418Deferasirox 250 mg,
,419Pravastatine Sodium 20 mg,419Pravastatine Sodium 20 mg,
,420Pravastatine Sodium 40 mg,420Pravastatine Sodium 40 mg,
10.000 Nj.N + 8.000 Nj.N + 600 Nj.N421Multienzymes (Lipase+Amilase+Protease) 10.000 Nj.N + 8.000 Nj.N + 600 Nj.N,10.000 Nj.N + 8.000 Nj.N + 600 Nj.N421Multienzymes (Lipase+Amilase+Protease) 10.000 Nj.N + 8.000 Nj.N + 600 Nj.N,10.000 Nj.N + 8.000 Nj.N + 600 Nj.N421Multienzymes (Lipase+Amilase+Protease) 10.000 Nj.N + 8.000 Nj.N + 600 Nj.N,
,422Retinol + Ergocalciferol (10.000 + 10.000) Nj.N - 20 ml. pika nga goja,422Retinol + Ergocalciferol (10.000 + 10.000) Nj.N - 20 ml. pika nga goja,
,423Cholecalciferol 14400 NjN/ml - 12.5 ml pika nga goja,423Cholecalciferol 14400 NjN/ml - 12.5 ml pika nga goja,
,425Interferon beta -1b 250 mcg/ml (8.000.000 Nj.N),425Interferon beta -1b 250 mcg/ml (8.000.000 Nj.N),
,426Salmeterol Xinofoate 25 mcg/doze - 120 doza inh.,426Salmeterol Xinofoate 25 mcg/doze - 120 doza inh.,
1% - 40 g428Sulfadiazine argenticum 1% - 40 g,1% - 40 g428Sulfadiazine argenticum 1% - 40 g,1% - 40 g428Sulfadiazine argenticum 1% - 40 g,
,429Betamethasone Dipropionate 0.5mg/g - 20g,429Betamethasone Dipropionate 0.5mg/g - 20g,
,430Estradiol + Drospironone (1 mg + 2 mg),430Estradiol + Drospironone (1 mg + 2 mg),
125 mg431Methylprednisolone 125 mg,125 mg431Methylprednisolone 125 mg,125 mg431Methylprednisolone 125 mg,
,432Ipratropium Bromide * 200 doza inh - 10 ml,432Ipratropium Bromide * 200 doza inh - 10 ml,
,433Mesalazine 500 mg,433Mesalazine 500 mg,
300 mg434Propafenone 300 mg,300 mg434Propafenone 300 mg,300 mg434Propafenone 300 mg,
,435Izosorbite 5 Mononitrate 20 mg,435Izosorbite 5 Mononitrate 20 mg,
,436Dexamethasone 0.2% - 10 ml,436Dexamethasone 0.2% - 10 ml,
180 mg437Mycofenolic acid 180 mg,180 mg437Mycofenolic acid 180 mg,180 mg437Mycofenolic acid 180 mg,
360 mg438Mycophenolic acid 360 mg,360 mg438Mycophenolic acid 360 mg,360 mg438Mycophenolic acid 360 mg,
50 mg/ml - 100 ml439Natrium Valproate 50 mg/ml - 100 ml,50 mg/ml - 100 ml439Natrium Valproate 50 mg/ml - 100 ml,50 mg/ml - 100 ml439Natrium Valproate 50 mg/ml - 100 ml,
,440Magnesium dipropilacetate 10% - 100 ml,440Magnesium dipropilacetate 10% - 100 ml,
,441Formoterol Fumarate 12 mcg sol. per inh.,441Formoterol Fumarate 12 mcg sol. per inh.,
,442Interferon beta - 1a 22 mcg (6 MIU),442Interferon beta - 1a 22 mcg (6 MIU),
,443Interferon beta - 1a 44 mcg (12 MIU),443Interferon beta - 1a 44 mcg (12 MIU),
,444Anastrazole 1mg,444Anastrazole 1mg,
,445Glyceryl trinitrate 0.4 mg / spray,445Glyceryl trinitrate 0.4 mg / spray,
100 UI/ml - 3 ml446Insuline Aspart solution 100 UI/ml - 3 ml,100 UI/ml - 3 ml446Insuline Aspart solution 100 UI/ml - 3 ml,100 UI/ml - 3 ml446Insuline Aspart solution 100 UI/ml - 3 ml,
100 NjN/ml - 3 ml 30/70447Insuline Aspartan + Protamine Crystallised Ins Aspart 100 NjN/ml - 3 ml 30/70,100 NjN/ml - 3 ml 30/70447Insuline Aspartan + Protamine Crystallised Ins Aspart 100 NjN/ml - 3 ml 30/70,100 NjN/ml - 3 ml 30/70447Insuline Aspartan + Protamine Crystallised Ins Aspart 100 NjN/ml - 3 ml 30/70,
100 UI/ml - 3 ml448Insuline Glargine solution 100 UI/ml - 3 ml,100 UI/ml - 3 ml448Insuline Glargine solution 100 UI/ml - 3 ml,100 UI/ml - 3 ml448Insuline Glargine solution 100 UI/ml - 3 ml,
100 UI / ml - 3 ml449Insuline Detemir solution 100 UI / ml - 3 ml,100 UI / ml - 3 ml449Insuline Detemir solution 100 UI / ml - 3 ml,100 UI / ml - 3 ml449Insuline Detemir solution 100 UI / ml - 3 ml,
80 / 5 mg450Amlodipine + Valsartan 5mg + 80mg,80 / 5 mg450Amlodipine + Valsartan 5mg + 80mg,80 / 5 mg450Amlodipine + Valsartan 5mg + 80mg,
160 / 5 mg451Amlodipine + Valsartan 5mg +160mg,160 / 5 mg451Amlodipine + Valsartan 5mg +160mg,160 / 5 mg451Amlodipine + Valsartan 5mg +160mg,
0.5mg452Tacrolimus 0.5mg,0.5mg452Tacrolimus 0.5mg,0.5mg452Tacrolimus 0.5mg,
1mg453Tacrolimus 1mg,1mg453Tacrolimus 1mg,1mg453Tacrolimus 1mg,
5mg454Tacrolimus 5mg,5mg454Tacrolimus 5mg,5mg454Tacrolimus 5mg,
,455Multienzymes (L+A+P) Pancreatin 25.000 Nj.N,455Multienzymes (L+A+P) Pancreatin 25.000 Nj.N,
,456Esomeprazole Magnezium Trihydrate 40 mg,456Esomeprazole Magnezium Trihydrate 40 mg,
,457Methoxy  Polyethylene Glycol - epoetin beta 120mcg/0.3 ml,457Methoxy  Polyethylene Glycol - epoetin beta 120mcg/0.3 ml,
5 mg458Methoxy  Polyethylene Glycol - epoetin beta 150mcg/0.3 ml,5 mg458Methoxy  Polyethylene Glycol - epoetin beta 150mcg/0.3 ml,5 mg458Methoxy  Polyethylene Glycol - epoetin beta 150mcg/0.3 ml,
,459Drotaverine hydrochloride 40mg,459Drotaverine hydrochloride 40mg,
80 mg460Methoxy  Polyethylene Glycol - epoetin beta 200mcg/0.3 ml,80 mg460Methoxy  Polyethylene Glycol - epoetin beta 200mcg/0.3 ml,80 mg460Methoxy  Polyethylene Glycol - epoetin beta 200mcg/0.3 ml,
,461Dexamethasone Phosphate 4 mg/ml,461Dexamethasone Phosphate 4 mg/ml,
50 mg462Mycofenolate Mofetil 500 mg,50 mg462Mycofenolate Mofetil 500 mg,50 mg462Mycofenolate Mofetil 500 mg,
100 mg463Acarbose 100 mg,100 mg463Acarbose 100 mg,100 mg463Acarbose 100 mg,
,464Warfarine Sodium 1 mg,464Warfarine Sodium 1 mg,
,465Ticlopidine Hydrochloride 250 mg,465Ticlopidine Hydrochloride 250 mg,
,466Insuline Lispro 100 Nj.N/ml - 3 ml,466Insuline Lispro 100 Nj.N/ml - 3 ml,
,467Insuline Lispro + Ins. Lispro Protamine 100 Nj.N/ml - 3 ml 25/75,467Insuline Lispro + Ins. Lispro Protamine 100 Nj.N/ml - 3 ml 25/75,
,468Methoxy Polyethylene Glycol - epoetin beta 50 mcg/0.3 ml,468Methoxy Polyethylene Glycol - epoetin beta 50 mcg/0.3 ml,
,469Methoxy Polyethylene Glycol - epoetin beta 75 mcg/0.3 ml,469Methoxy Polyethylene Glycol - epoetin beta 75 mcg/0.3 ml,
,470Methoxy Polyethylene Glycol - epoetin beta 100 mcg/0.3 ml,470Methoxy Polyethylene Glycol - epoetin beta 100 mcg/0.3 ml,
2.5 mg471Indapamide 2.5 mg,2.5 mg471Indapamide 2.5 mg,2.5 mg471Indapamide 2.5 mg,
10 mg472Insuline Lispro + Ins. Lispro Protamine 100 Nj.N/ml - 3 ml 50/50,10 mg472Insuline Lispro + Ins. Lispro Protamine 100 Nj.N/ml - 3 ml 50/50,10 mg472Insuline Lispro + Ins. Lispro Protamine 100 Nj.N/ml - 3 ml 50/50,
300 mg473Buflomedil Hydrochloride 300 mg,300 mg473Buflomedil Hydrochloride 300 mg,300 mg473Buflomedil Hydrochloride 300 mg,
80 mg474Amlodipine + Valsartan + Hydrochlorthiazide 5mg + 160mg + 12.5 mg,80 mg474Amlodipine + Valsartan + Hydrochlorthiazide 5mg + 160mg + 12.5 mg,80 mg474Amlodipine + Valsartan + Hydrochlorthiazide 5mg + 160mg + 12.5 mg,
,475Olmesartan Medoxomil + Hydrochlortiazide 20mg + 12.5mg,475Olmesartan Medoxomil + Hydrochlortiazide 20mg + 12.5mg,
,476Budesonide 200 mcg * 60 doze inh,476Budesonide 200 mcg * 60 doze inh,
,477Budesonide 400 mcg * 60 doze inh,477Budesonide 400 mcg * 60 doze inh,
,478Gentamycine Sulphate + Betamethasone Valerate (0.166 g+0.122g) - 30g cream,478Gentamycine Sulphate + Betamethasone Valerate (0.166 g+0.122g) - 30g cream,
,479Pimecrolimus 1%-15g cream,479Pimecrolimus 1%-15g cream,
,480Desmopressin 0.2 mg,480Desmopressin 0.2 mg,
,481Dexamethasone Sodium Phosphate 4 mg/1 ml,481Dexamethasone Sodium Phosphate 4 mg/1 ml,
,482Fenticonazole Nitrate 600 mg,482Fenticonazole Nitrate 600 mg,
,483Metronidazol + Neomycin sulphate + Nystatin (500 mg+65.000 Nj.N+100.000 Nj.N),483Metronidazol + Neomycin sulphate + Nystatin (500 mg+65.000 Nj.N+100.000 Nj.N),
,484Azithromycine 500mg,484Azithromycine 500mg,
,485Travoprost + Timolol (40 mcg + 5 mg/1ml - 2.5 ml),485Travoprost + Timolol (40 mcg + 5 mg/1ml - 2.5 ml),
450 mg486Valganciclovir Hydrochloride 450 mg,450 mg486Valganciclovir Hydrochloride 450 mg,450 mg486Valganciclovir Hydrochloride 450 mg,
100 mg487Imatinib 100 mg,100 mg487Imatinib 100 mg,100 mg487Imatinib 100 mg,
,488Dydrogesterone 10 mg,488Dydrogesterone 10 mg,
,489Insuline Glulisine 100 N.Nj - 3 ml,489Insuline Glulisine 100 N.Nj - 3 ml,
,490Amlodipine + Valsartan + Hydrochlorthiazide 10mg + 160mg + 12.5 mg,490Amlodipine + Valsartan + Hydrochlorthiazide 10mg + 160mg + 12.5 mg,
,491Amlodipine + Valsartan + Hydrochlorthiazide 5mg + 160mg + 25 mg,491Amlodipine + Valsartan + Hydrochlorthiazide 5mg + 160mg + 25 mg,
50 mg492Acid Ibandronic 50 mg,50 mg492Acid Ibandronic 50 mg,50 mg492Acid Ibandronic 50 mg,
,493Lamotrigine 25 mg,493Lamotrigine 25 mg,
,494Lamotrigine 50 mg,494Lamotrigine 50 mg,
,495Lamotrigine 100 mg,495Lamotrigine 100 mg,
,496Lamotrigine 200 mg,496Lamotrigine 200 mg,
,497Gabapentin 100 mg,497Gabapentin 100 mg,
,498Gabapentin 300 mg,498Gabapentin 300 mg,
,499Gabapentin 400 mg,499Gabapentin 400 mg,
,500Levetiracetam 100 mg/ml - 300 ml,500Levetiracetam 100 mg/ml - 300 ml,
,501Levetiracetam 500 mgtablet,501Levetiracetam 500 mgtablet,501Levetiracetam 500 mgtablet
5 mg502Olanzapine 5 mg,5 mg502Olanzapine 5 mg,5 mg502Olanzapine 5 mg,
,503Somatropine  8 mg(24 Nj.N),503Somatropine  8 mg(24 Nj.N),
,504Somatropine  12 mg(36 Nj.N),504Somatropine  12 mg(36 Nj.N),
,505Alprazolam 1 mg,505Alprazolam 1 mg,
5 mg506Ampicilline 1g,5 mg506Ampicilline 1g,5 mg506Ampicilline 1g,
10 mg507Pyrantel Embonate 125 mg,10 mg507Pyrantel Embonate 125 mg,10 mg507Pyrantel Embonate 125 mg,
100 mcg/doze - 10 ml508Budesonide 100 mcg/doze - 10 ml nazal spray,100 mcg/doze - 10 ml508Budesonide 100 mcg/doze - 10 ml nazal spray,100 mcg/doze - 10 ml508Budesonide 100 mcg/doze - 10 ml nazal spray,
,509Budesonide inhaler 100 mcg/doze - 200 doza,509Budesonide inhaler 100 mcg/doze - 200 doza,
,510Budesonide inhaler 200 mcg/doze - 100 doza,510Budesonide inhaler 200 mcg/doze - 100 doza,
80/4.5 mcg/doze - 60 doza511Budesonide + Formoterol Fumarate Dihidrate turbohaler 80/4.5 mcg/doze - 60 doza,80/4.5 mcg/doze - 60 doza511Budesonide + Formoterol Fumarate Dihidrate turbohaler 80/4.5 mcg/doze - 60 doza,80/4.5 mcg/doze - 60 doza511Budesonide + Formoterol Fumarate Dihidrate turbohaler 80/4.5 mcg/doze - 60 doza,
160/4.5 mcg/doze - 60 doza512Budesonide + Formoterol Fumarate Dihydrate turbohaler 160/4.5 mcg/doze - 60 doza,160/4.5 mcg/doze - 60 doza512Budesonide + Formoterol Fumarate Dihydrate turbohaler 160/4.5 mcg/doze - 60 doza,160/4.5 mcg/doze - 60 doza512Budesonide + Formoterol Fumarate Dihydrate turbohaler 160/4.5 mcg/doze - 60 doza,
,513Fluticasone Propionate 250 mcg/doze - 120 doza,513Fluticasone Propionate 250 mcg/doze - 120 doza,
,514Salmeterol Xinafoate Micronised + Fluticasone Propionate Micronised inh. (50 mcg + 100 mcg)/ unit dose,514Salmeterol Xinafoate Micronised + Fluticasone Propionate Micronised inh. (50 mcg + 100 mcg)/ unit dose,
,515Salmeterol Xinafoate Micronised + Fluticasone Propionate Micronised inh. (50 mcg + 250 mcg)/ unit dose,515Salmeterol Xinafoate Micronised + Fluticasone Propionate Micronised inh. (50 mcg + 250 mcg)/ unit dose,
,516Salmeterol Xinafoate Micronised + Fluticasone Micronised Propionate inh. (50 mcg + 500 mcg)/ unit dose,516Salmeterol Xinafoate Micronised + Fluticasone Micronised Propionate inh. (50 mcg + 500 mcg)/ unit dose,
(40 mcg + 5 mg)/ml - 2.5 ml517Pyrantel Embonate 250 mg,(40 mcg + 5 mg)/ml - 2.5 ml517Pyrantel Embonate 250 mg,(40 mcg + 5 mg)/ml - 2.5 ml517Pyrantel Embonate 250 mg,
70 mg518Pyrantel Embonate 125 mg/2.5ml - 15ml,70 mg518Pyrantel Embonate 125 mg/2.5ml - 15ml,70 mg518Pyrantel Embonate 125 mg/2.5ml - 15ml,
140 mg519Beclomethasone 100mcg - 200 doza,140 mg519Beclomethasone 100mcg - 200 doza,140 mg519Beclomethasone 100mcg - 200 doza,
,520Indacaterol Maleate 150 mcg,520Indacaterol Maleate 150 mcg,
,521Indacaterol Maleate 300 mcg,521Indacaterol Maleate 300 mcg,
,522Beclomethasone + Formoterol 100/6mcg - 120 doza inh.,522Beclomethasone + Formoterol 100/6mcg - 120 doza inh.,
,523Tobramycine + Dexamethasone 3/1 mg - 1g,523Tobramycine + Dexamethasone 3/1 mg - 1g,
,524Tobramycine + Dexamethasone 3/1 mg /ml - 5ml,524Tobramycine + Dexamethasone 3/1 mg /ml - 5ml,
,525Tobramycine 3 mg/ml - 5 ml,525Tobramycine 3 mg/ml - 5 ml,
,526Tobramycine 0.3% - 3.5g,526Tobramycine 0.3% - 3.5g,
,527Latanoprost 0.005% - 2.5ml,527Latanoprost 0.005% - 2.5ml,
,528Latanoprost + Timolol Maleate (50 mcg + 6.83 mg) - 2.5ml,528Latanoprost + Timolol Maleate (50 mcg + 6.83 mg) - 2.5ml,
,529Vildagliptin+Metformine 50mg + 500mg,529Vildagliptin+Metformine 50mg + 500mg,
,530Vildagliptin+Metformine 50mg + 850mg,530Vildagliptin+Metformine 50mg + 850mg,
,531Deferiprone 500mg,531Deferiprone 500mg,
0.3 mg532Nitroglycerine 0.3 mg,0.3 mg532Nitroglycerine 0.3 mg,0.3 mg532Nitroglycerine 0.3 mg,
40 mg533Iron(III) Hydroxide Dextran Complex 100mg/2ml - 2ml,40 mg533Iron(III) Hydroxide Dextran Complex 100mg/2ml - 2ml,40 mg533Iron(III) Hydroxide Dextran Complex 100mg/2ml - 2ml,
,642Erythropoietine (Epoetin beta) 10000 Nj.N,642Erythropoietine (Epoetin beta) 10000 Nj.N,
40mg643Atorvastatine 40mg,40mg643Atorvastatine 40mg,40mg643Atorvastatine 40mg,
0.1%647Gentamicine 0.1% (w/w) - 30g creamcream,0.1%647Gentamicine 0.1% (w/w) - 30g creamcream,0.1%647Gentamicine 0.1% (w/w) - 30g creamcream,0.1%647Gentamicine 0.1% (w/w) - 30g creamcream
,653Alprazolam 0.25mg,653Alprazolam 0.25mg,
,656Zolpidem tartrate 5mgtablet,656Zolpidem tartrate 5mgtablet,656Zolpidem tartrate 5mgtablet
,657Zolpidem tartrate 10mgtablet,657Zolpidem tartrate 10mgtablet,657Zolpidem tartrate 10mgtablet
0.35mg660Pramipexole 0.35mgtablet,0.35mg660Pramipexole 0.35mgtablet,0.35mg660Pramipexole 0.35mgtablet,0.35mg660Pramipexole 0.35mgtablet
1.1mg662Pramipexole 1.1mgtablet,1.1mg662Pramipexole 1.1mgtablet,1.1mg662Pramipexole 1.1mgtablet,1.1mg662Pramipexole 1.1mgtablet
20mg669Pantoprazole 20mgtablet,20mg669Pantoprazole 20mgtablet,20mg669Pantoprazole 20mgtablet,20mg669Pantoprazole 20mgtablet
5mg672Everolimus 5mgtablet,5mg672Everolimus 5mgtablet,5mg672Everolimus 5mgtablet,5mg672Everolimus 5mgtablet
,673Tramadol 100mg/2ml - solution for injection,673Tramadol 100mg/2ml - solution for injection,
200mg/5ml680Acetylcysteine 200mg/5ml - 120mlpowder for oral suspension,200mg/5ml680Acetylcysteine 200mg/5ml - 120mlpowder for oral suspension,200mg/5ml680Acetylcysteine 200mg/5ml - 120mlpowder for oral suspension,200mg/5ml680Acetylcysteine 200mg/5ml - 120mlpowder for oral suspension
,683Acetylcysteine 600mgtablet,683Acetylcysteine 600mgtablet,683Acetylcysteine 600mgtablet
,684Acetylcysteine 600mg/sachet,684Acetylcysteine 600mg/sachet,
,691Aciclovir 400mg/5ml - 100ml,691Aciclovir 400mg/5ml - 100ml,
,783Benzalkonium chloride 18.9mgovule,783Benzalkonium chloride 18.9mgovule,783Benzalkonium chloride 18.9mgovule
,784Benzalkonium chloride 1mglozenge,784Benzalkonium chloride 1mglozenge,784Benzalkonium chloride 1mglozenge
,785Benzalkonium chloride 20mgvaginal tablet,785Benzalkonium chloride 20mgvaginal tablet,785Benzalkonium chloride 20mgvaginal tablet
2.5mg795Bisoprolol 2.5mgtablet,2.5mg795Bisoprolol 2.5mgtablet,2.5mg795Bisoprolol 2.5mgtablet,2.5mg795Bisoprolol 2.5mgtablet
,801Brinzolamide + Timolol (10mg+5mg)/ml - 5mleye drops,801Brinzolamide + Timolol (10mg+5mg)/ml - 5mleye drops,801Brinzolamide + Timolol (10mg+5mg)/ml - 5mleye drops
,805Boceprevir 200mgcapsule,805Boceprevir 200mgcapsule,805Boceprevir 200mgcapsule
,807Bromazepam 2.5mg/ml - 20mloral drops,807Bromazepam 2.5mg/ml - 20mloral drops,807Bromazepam 2.5mg/ml - 20mloral drops
,808Bromazepam 3mgtablet,808Bromazepam 3mgtablet,808Bromazepam 3mgtablet
,813Bromhexine hydrochloride 2mg/ml - 50ml,813Bromhexine hydrochloride 2mg/ml - 50ml,
,814Bromhexine hydrochloride 4mg/5ml - 100ml,814Bromhexine hydrochloride 4mg/5ml - 100ml,
,815Bromhexine hydrochloride 4mg/5ml - 125ml,815Bromhexine hydrochloride 4mg/5ml - 125ml,
,816Bromhexine hydrochloride 5mg/5ml - 180ml,816Bromhexine hydrochloride 5mg/5ml - 180ml,
,817Bromhexine 8mgtablet,817Bromhexine 8mgtablet,817Bromhexine 8mgtablet
,819Cisplatin 0.5mg/1ml - 50mlconcentrate for solution for infusion,819Cisplatin 0.5mg/1ml - 50mlconcentrate for solution for infusion,819Cisplatin 0.5mg/1ml - 50mlconcentrate for solution for infusion
,820Cisplatin 0.5mg/1ml - 100mlconcentrate for solution for infusion,820Cisplatin 0.5mg/1ml - 100mlconcentrate for solution for infusion,820Cisplatin 0.5mg/1ml - 100mlconcentrate for solution for infusion
,821Budesonide 0.025g/100g - 30gcream,821Budesonide 0.025g/100g - 30gcream,821Budesonide 0.025g/100g - 30gcream
,822Budesonide 0.025g/100g - 30ml,822Budesonide 0.025g/100g - 30ml,
,827Bupivacaine hydrochloride 10mg/2ml - 2ml,827Bupivacaine hydrochloride 10mg/2ml - 2ml,
,830Buprenorphrine hydrochloride 0.4mg,830Buprenorphrine hydrochloride 0.4mg,
,832Buprenorphrine hydrochloride 8mg,832Buprenorphrine hydrochloride 8mg,
,840Aluminium hydroxide 500mgtablet,840Aluminium hydroxide 500mgtablet,840Aluminium hydroxide 500mgtablet
,841Norfloxacin 0.3% (w/v)eye drops, solution,841Norfloxacin 0.3% (w/v)eye drops, solution,841Norfloxacin 0.3% (w/v)eye drops, solution
,842Gabapentin 600 mgtablete,842Gabapentin 600 mgtablete,842Gabapentin 600 mgtablete
,848Furosemide 25 mgtablet,848Furosemide 25 mgtablet,848Furosemide 25 mgtablet
,850Ascorbic acid + Calcium (500mg + 260mg),850Ascorbic acid + Calcium (500mg + 260mg),
,852Glimepiride 2 mgtablet,852Glimepiride 2 mgtablet,852Glimepiride 2 mgtablet
,858Benzydamine hydrochloride 0.15% (w/v) - 30ml,858Benzydamine hydrochloride 0.15% (w/v) - 30ml,
,864Benzydamine hydrochloride 180mg/120ml,864Benzydamine hydrochloride 180mg/120ml,
,865Nystatin 100.000 IU/g - 20g,865Nystatin 100.000 IU/g - 20g,
,868Betamethasone 1mg/1g - 20ml,868Betamethasone 1mg/1g - 20ml,
,873Glucose 5% - 100 ml,873Glucose 5% - 100 ml,
,874Betamethasone + Gentamicin (0.5mg + 1mg)/1g - 15gcream,874Betamethasone + Gentamicin (0.5mg + 1mg)/1g - 15gcream,874Betamethasone + Gentamicin (0.5mg + 1mg)/1g - 15gcream
,880Octreotide 0.05mg/mlsolution for injection,880Octreotide 0.05mg/mlsolution for injection,880Octreotide 0.05mg/mlsolution for injection
,886Octreotide 0.5mg/mlsolution for injection,886Octreotide 0.5mg/mlsolution for injection,886Octreotide 0.5mg/mlsolution for injection
,890Octreotide 20mg/2mlpowder and solvent for suspension for injection,890Octreotide 20mg/2mlpowder and solvent for suspension for injection,890Octreotide 20mg/2mlpowder and solvent for suspension for injection
,894Fondaparinux sodium 2.5mg/0.5ml,894Fondaparinux sodium 2.5mg/0.5ml,
,899Caffeine + Paracetamol + Ergotamine tartrate + Belladonna (100mg + 400mg + 1mg + 0.1mg) ,899Caffeine + Paracetamol + Ergotamine tartrate + Belladonna (100mg + 400mg + 1mg + 0.1mg) ,
,905Caffeine citrate 20mg/ml,905Caffeine citrate 20mg/ml,
,909Calcitriol 0.25mcgcapsule,909Calcitriol 0.25mcgcapsule,909Calcitriol 0.25mcgcapsule
,920Gadobutrol 1.0mmol/ml- 7.5 ml,920Gadobutrol 1.0mmol/ml- 7.5 ml,
,922Calcium chloride dihydrate + Potassium chloride + Sodium chloride + Sodium lactate (0.135g + 0.2g + 3g + 1.56g)/500ml,922Calcium chloride dihydrate + Potassium chloride + Sodium chloride + Sodium lactate (0.135g + 0.2g + 3g + 1.56g)/500ml,
,933Calcium ion 116mg/5ml - 150ml,933Calcium ion 116mg/5ml - 150ml,
,935Candesartan cilexetil 16mg,935Candesartan cilexetil 16mg,
,936Candesartan cilexetil 32mg,936Candesartan cilexetil 32mg,
,939Omeprazole 40mg/10mlpowder and solvent for solution for injection,939Omeprazole 40mg/10mlpowder and solvent for solution for injection,939Omeprazole 40mg/10mlpowder and solvent for solution for injection
,944Gadopentetic acid, dimeglumine salt 469.01mg/1ml- 20 ml,944Gadopentetic acid, dimeglumine salt 469.01mg/1ml- 20 ml,
,945Gelatin tannate 250 mg,945Gelatin tannate 250 mg,
,963Carbocisteine 20mg/ml - 125ml,963Carbocisteine 20mg/ml - 125ml,
,964Ginkgo leaf dry extract 40 mgcapsule,964Ginkgo leaf dry extract 40 mgcapsule,964Ginkgo leaf dry extract 40 mgcapsule
,966Glatiramer acetate 20mg/mlsolution for injection,966Glatiramer acetate 20mg/mlsolution for injection,966Glatiramer acetate 20mg/mlsolution for injection
,980Carbocisteine 5% - 150ml,980Carbocisteine 5% - 150ml,
,984Carboplatin 150mg/15ml,984Carboplatin 150mg/15ml,
,988Carvedilol 3.125mg,988Carvedilol 3.125mg,
,990Catalase + gentamicin sulfate (800.000 iu + 0.1g/100g),990Catalase + gentamicin sulfate (800.000 iu + 0.1g/100g),
,996Cefdinir 300mg,996Cefdinir 300mg,
,1008Cefotaxime 2.0g/vial,1008Cefotaxime 2.0g/vial,
,1009Cefotaxime 1g/4ml,1009Cefotaxime 1g/4ml,
,1012Orphenadrine hydrochloride 50mg/5mloral solution,1012Orphenadrine hydrochloride 50mg/5mloral solution,1012Orphenadrine hydrochloride 50mg/5mloral solution
,1017Ceftazidime 2g,1017Ceftazidime 2g,
,1018Oseltamivir 75mgcapsule, hard,1018Oseltamivir 75mgcapsule, hard,1018Oseltamivir 75mgcapsule, hard
,1027Cefuroxime 250mg/5ml,1027Cefuroxime 250mg/5ml,
,1028Cefuroxime 250mg,1028Cefuroxime 250mg,
,1031Otilonium bromide 40mgcoated tablet,1031Otilonium bromide 40mgcoated tablet,1031Otilonium bromide 40mgcoated tablet
,1035Celecoxib 200mg,1035Celecoxib 200mg,
,1055Paclitaxel 300mg/50mlconcentrate for solution for infusion,1055Paclitaxel 300mg/50mlconcentrate for solution for infusion,1055Paclitaxel 300mg/50mlconcentrate for solution for infusion
,1056Paclitaxel 30mg/5mlconcentrate for solution for infusion,1056Paclitaxel 30mg/5mlconcentrate for solution for infusion,1056Paclitaxel 30mg/5mlconcentrate for solution for infusion
,1057Paclitaxel 6mg/16.7mlconcentrate for solution for infusion,1057Paclitaxel 6mg/16.7mlconcentrate for solution for infusion,1057Paclitaxel 6mg/16.7mlconcentrate for solution for infusion
,1058Paclitaxel 6mg/5mlconcentrate for solution for infusion,1058Paclitaxel 6mg/5mlconcentrate for solution for infusion,1058Paclitaxel 6mg/5mlconcentrate for solution for infusion
,1067Palonosetron hydrochloride 250mcg/5mlsolution for injection,1067Palonosetron hydrochloride 250mcg/5mlsolution for injection,1067Palonosetron hydrochloride 250mcg/5mlsolution for injection
,1078Paracetamol 1000mgeffervescent tablet,1078Paracetamol 1000mgeffervescent tablet,1078Paracetamol 1000mgeffervescent tablet
,1081Paracetamol 100mgsuppository,1081Paracetamol 100mgsuppository,1081Paracetamol 100mgsuppository
,1084Nitrofurantoine 50mg,1084Nitrofurantoine 50mg,
,1086Paracetamol  120mg/5ml - 100mloral suspension,1086Paracetamol  120mg/5ml - 100mloral suspension,1086Paracetamol  120mg/5ml - 100mloral suspension
,1097Paracetamol 200mg/5mlsyrup,1097Paracetamol 200mg/5mlsyrup,1097Paracetamol 200mg/5mlsyrup
,1101Nicardipine 80mg,1101Nicardipine 80mg,
,1104Paracetamol 250mg/5mloral suspension,1104Paracetamol 250mg/5mloral suspension,1104Paracetamol 250mg/5mloral suspension
,1115Naproxen 10% - 30gcream,1115Naproxen 10% - 30gcream,1115Naproxen 10% - 30gcream
,1116Naproxen aminobutanol salt 680mg,1116Naproxen aminobutanol salt 680mg,
,1117Naproxen sodium 275mg,1117Naproxen sodium 275mg,
,1118Naproxen sodium 550mg,1118Naproxen sodium 550mg,
,1119Chloramphenicol 0.5% - 10mlear drops,1119Chloramphenicol 0.5% - 10mlear drops,1119Chloramphenicol 0.5% - 10mlear drops
,1120Chloramphenicol 250mg,1120Chloramphenicol 250mg,
,1121Naproxen sodium + Codeine phosphate hemihydrate 550mg + 30mg,1121Naproxen sodium + Codeine phosphate hemihydrate 550mg + 30mg,
,1132Choline theophyllinate 100mg/5ml,1132Choline theophyllinate 100mg/5ml,
,1135Moxifloxacin 5mg/ml - 5ml,1135Moxifloxacin 5mg/ml - 5ml,
0.1%648Gentamicine 0.1% (w/w) - 15g creamcream,0.1%648Gentamicine 0.1% (w/w) - 15g creamcream,0.1%648Gentamicine 0.1% (w/w) - 15g creamcream,0.1%648Gentamicine 0.1% (w/w) - 15g creamcream
,649Cefixime 100mg/5ml - 60ml,649Cefixime 100mg/5ml - 60ml,
,650Cefixime 100mg/5ml - 100ml,650Cefixime 100mg/5ml - 100ml,
0.18mg658Pramipexole 0.18mgtablet,0.18mg658Pramipexole 0.18mgtablet,0.18mg658Pramipexole 0.18mgtablet,0.18mg658Pramipexole 0.18mgtablet
0.25mg659Pramipexole 0.25mgtablet,0.25mg659Pramipexole 0.25mgtablet,0.25mg659Pramipexole 0.25mgtablet,0.25mg659Pramipexole 0.25mgtablet
1mg661Pramipexole 1mgtablet,1mg661Pramipexole 1mgtablet,1mg661Pramipexole 1mgtablet,1mg661Pramipexole 1mgtablet
0.088mg663Pramipexole 0.088mgtablet,0.088mg663Pramipexole 0.088mgtablet,0.088mg663Pramipexole 0.088mgtablet,0.088mg663Pramipexole 0.088mgtablet
0.52mg665Pramipexole 0.52mg - prolonged-release tabletprolonged-release tablet,0.52mg665Pramipexole 0.52mg - prolonged-release tabletprolonged-release tablet,0.52mg665Pramipexole 0.52mg - prolonged-release tabletprolonged-release tablet,0.52mg665Pramipexole 0.52mg - prolonged-release tabletprolonged-release tablet
50mg + 12.5mg + 200mg667Levodopa + Carbidopa + Entacapone 50mg + 12.5mg + 200mgtablet,50mg + 12.5mg + 200mg667Levodopa + Carbidopa + Entacapone 50mg + 12.5mg + 200mgtablet,50mg + 12.5mg + 200mg667Levodopa + Carbidopa + Entacapone 50mg + 12.5mg + 200mgtablet,50mg + 12.5mg + 200mg667Levodopa + Carbidopa + Entacapone 50mg + 12.5mg + 200mgtablet
40mg668Pantoprazole 40mgtablet,40mg668Pantoprazole 40mgtablet,40mg668Pantoprazole 40mgtablet,40mg668Pantoprazole 40mgtablet
100mg674Aceclofenac 100mgtablet,100mg674Aceclofenac 100mgtablet,100mg674Aceclofenac 100mgtablet,100mg674Aceclofenac 100mgtablet
,681Acetylcysteine 4% - 100ml,681Acetylcysteine 4% - 100ml,
,682Acetylcysteine 4% - 150ml,682Acetylcysteine 4% - 150ml,
150mg685Acid Acetylsalicylic 150mg,150mg685Acid Acetylsalicylic 150mg,150mg685Acid Acetylsalicylic 150mg,
300mg686Acid Acetylsalicylic 300mg,300mg686Acid Acetylsalicylic 300mg,300mg686Acid Acetylsalicylic 300mg,
500mg688Acid Acetylsalicylic 500mg,500mg688Acid Acetylsalicylic 500mg,500mg688Acid Acetylsalicylic 500mg,
,692Aciclovir 5% - 10g cream,692Aciclovir 5% - 10g cream,
,774Azithromycine 600mgtablet,774Azithromycine 600mgtablet,774Azithromycine 600mgtablet
,775Bamifylline 600mgtablet,775Bamifylline 600mgtablet,775Bamifylline 600mgtablet
,799Brimonidine tartrate 2mg/ml - 5mleye drops, solution,799Brimonidine tartrate 2mg/ml - 5mleye drops, solution,799Brimonidine tartrate 2mg/ml - 5mleye drops, solution
,800Brimonidine tartrate 2mg/ml- 10mleye drops, solution,800Brimonidine tartrate 2mg/ml- 10mleye drops, solution,800Brimonidine tartrate 2mg/ml- 10mleye drops, solution
,803Bevacizumab 25mg/ml - 4ml,803Bevacizumab 25mg/ml - 4ml,
,804Bevacizumab 25mg/ml - 16ml,804Bevacizumab 25mg/ml - 16ml,
,818Brompheniramine maleate 12mgcapsule,818Brompheniramine maleate 12mgcapsule,818Brompheniramine maleate 12mgcapsule
,828Bupivacaine hydrochloride 5mg/1ml - 20ml,828Bupivacaine hydrochloride 5mg/1ml - 20ml,
,843Anhydrous cyclophosphamide 1000mg/vial,843Anhydrous cyclophosphamide 1000mg/vial,
,849Glimepiride 1 mgtablet,849Glimepiride 1 mgtablet,849Glimepiride 1 mgtablet
,855Glimepiride 3 mgtablet,855Glimepiride 3 mgtablet,855Glimepiride 3 mgtablet
,857Glimepiride 4 mgtablet,857Glimepiride 4 mgtablet,857Glimepiride 4 mgtablet
,862Benzydamine hydrochloride 0.3% (w/v) - 15ml,862Benzydamine hydrochloride 0.3% (w/v) - 15ml,
,887Acid folic + Iron 1mg + 90mg,887Acid folic + Iron 1mg + 90mg,
,902Olmesartan medoxomil + amlodipine 20mg + 5mgfilm-coated tablet,902Olmesartan medoxomil + amlodipine 20mg + 5mgfilm-coated tablet,902Olmesartan medoxomil + amlodipine 20mg + 5mgfilm-coated tablet
,916Fusidic Acid + Hydrocortisone acetate (2% + 1%) w/w- 30 g,916Fusidic Acid + Hydrocortisone acetate (2% + 1%) w/w- 30 g,
,930Omeprazole 40 mggastro-resistant capsule, hard,930Omeprazole 40 mggastro-resistant capsule, hard,930Omeprazole 40 mggastro-resistant capsule, hard
,931Calcium saccharate tetrahydrate and Calcium gluconate 1000mg/10ml,931Calcium saccharate tetrahydrate and Calcium gluconate 1000mg/10ml,
,940Capecitabine 300mg,940Capecitabine 300mg,
,942Carbazochrome + Troxerutin (3mg + 300mg),942Carbazochrome + Troxerutin (3mg + 300mg),
,947Gemcitabine 1000mg/vial,947Gemcitabine 1000mg/vial,
,952Carbocisteine 100mg/ml - 200ml,952Carbocisteine 100mg/ml - 200ml,
,979Carbocisteine 5% - 200ml,979Carbocisteine 5% - 200ml,
,997Cefepime 1g/vial,997Cefepime 1g/vial,
,1003Cefonicide 1g/2.5ml,1003Cefonicide 1g/2.5ml,
,1006Cefotaxime 1g/vial,1006Cefotaxime 1g/vial,
,1036Oxaliplatin 5mg/20mlconcentrate for solution for infusion,1036Oxaliplatin 5mg/20mlconcentrate for solution for infusion,1036Oxaliplatin 5mg/20mlconcentrate for solution for infusion
,1041Oxybutynine hydrochloride 5mgtablet,1041Oxybutynine hydrochloride 5mgtablet,1041Oxybutynine hydrochloride 5mgtablet
,1046Oxymetazoline hydrochloride 0.5mg/10mlnasal drops, solution,1046Oxymetazoline hydrochloride 0.5mg/10mlnasal drops, solution,1046Oxymetazoline hydrochloride 0.5mg/10mlnasal drops, solution
,1048Cetylpyridinium chloride 1.2mg,1048Cetylpyridinium chloride 1.2mg,
,1064Paliperidone 75mg/0.75mlprolonged-release suspension for injection,1064Paliperidone 75mg/0.75mlprolonged-release suspension for injection,1064Paliperidone 75mg/0.75mlprolonged-release suspension for injection
,1069Pancreatin 125mggastro-resistant tablet,1069Pancreatin 125mggastro-resistant tablet,1069Pancreatin 125mggastro-resistant tablet
,1070Pancreatin 150mgcapsule,1070Pancreatin 150mgcapsule,1070Pancreatin 150mgcapsule
,1075Papaverine hydrochloride 50mgtablet,1075Papaverine hydrochloride 50mgtablet,1075Papaverine hydrochloride 50mgtablet
,1090Nonacog alfa 250 IU/vial,1090Nonacog alfa 250 IU/vial,
,1114Paracetamol 500mgfilm-coated tablet,1114Paracetamol 500mgfilm-coated tablet,1114Paracetamol 500mgfilm-coated tablet
,1129Paracetamol 500mgsuppository,1129Paracetamol 500mgsuppository,1129Paracetamol 500mgsuppository
,1137Ciclopirox olamine 1% (w/w) - 20gcream,1137Ciclopirox olamine 1% (w/w) - 20gcream,1137Ciclopirox olamine 1% (w/w) - 20gcream
,1139Paracetamol 600mg/5g sachetpowder for oral solution in sachet,1139Paracetamol 600mg/5g sachetpowder for oral solution in sachet,1139Paracetamol 600mg/5g sachetpowder for oral solution in sachet
,1153Ciclopirox olamine 100mgovule,1153Ciclopirox olamine 100mgovule,1153Ciclopirox olamine 100mgovule
,1166Moroctocog alfa 1000 IU,1166Moroctocog alfa 1000 IU,
,1167Moroctocog alfa 2000 IU,1167Moroctocog alfa 2000 IU,
,1168Ciprofloxacine 100mg/10ml,1168Ciprofloxacine 100mg/10ml,
,1170Nebivolol + Hydrochlorothiazide 5mg + 12.5mg,1170Nebivolol + Hydrochlorothiazide 5mg + 12.5mg,
,1171Ciprofloxacine 3mg/ml - 5mleye drops,1171Ciprofloxacine 3mg/ml - 5mleye drops,1171Ciprofloxacine 3mg/ml - 5mleye drops
,1172Nebivolol + Hydrochlorothiazide 5mg + 25mg,1172Nebivolol + Hydrochlorothiazide 5mg + 25mg,
,1173Nefopam Hydrochloride 20mg/2ml,1173Nefopam Hydrochloride 20mg/2ml,
,1174Paracetamol + ascorbic acid (120mg + 10mg)/5ggranules for oral solution,1174Paracetamol + ascorbic acid (120mg + 10mg)/5ggranules for oral solution,1174Paracetamol + ascorbic acid (120mg + 10mg)/5ggranules for oral solution
,1178Mirtazapine 30mg,1178Mirtazapine 30mg,
,1179Mirtazapine 45mg,1179Mirtazapine 45mg,
,1180Paracetamol + ascorbic acid (500mg + 20mg)/5ggranules for oral solution,1180Paracetamol + ascorbic acid (500mg + 20mg)/5ggranules for oral solution,1180Paracetamol + ascorbic acid (500mg + 20mg)/5ggranules for oral solution
,1181Ciprofloxacine 200mg/100ml,1181Ciprofloxacine 200mg/100ml,
,1183Ciprofloxacine 400mg/200ml - 200ml,1183Ciprofloxacine 400mg/200ml - 200ml,
,1186Ciprofloxacine 200mg/100ml - 10ml,1186Ciprofloxacine 200mg/100ml - 10ml,
,1188Ciprofloxacine 2mg/ml - 0.5mlear drops,1188Ciprofloxacine 2mg/ml - 0.5mlear drops,1188Ciprofloxacine 2mg/ml - 0.5mlear drops
,1189Mometasone Furoate 1mg/g - 25g,1189Mometasone Furoate 1mg/g - 25g,
(500mg + 200mg + 25mg)/sachet1191Paracetamol + ascorbic acid + pheniramine maleatepowder for oral solution,(500mg + 200mg + 25mg)/sachet1191Paracetamol + ascorbic acid + pheniramine maleatepowder for oral solution,(500mg + 200mg + 25mg)/sachet1191Paracetamol + ascorbic acid + pheniramine maleatepowder for oral solution,(500mg + 200mg + 25mg)/sachet1191Paracetamol + ascorbic acid + pheniramine maleatepowder for oral solution
,1195Cisplatin 1mg/ml - 10ml,1195Cisplatin 1mg/ml - 10ml,
,1198Citalopram 10mg,1198Citalopram 10mg,
,1200Citalopram 20mg,1200Citalopram 20mg,
,1202Citalopram 40mg/ml - 15mloral drops,1202Citalopram 40mg/ml - 15mloral drops,1202Citalopram 40mg/ml - 15mloral drops
,1203Midazolam 15mg/3ml,1203Midazolam 15mg/3ml,
(750mg + 70mg + 10mg)/sachet1204Paracetamol + ascorbic acid + phenylephrine hydrochloridepowder for oral solution,(750mg + 70mg + 10mg)/sachet1204Paracetamol + ascorbic acid + phenylephrine hydrochloridepowder for oral solution,(750mg + 70mg + 10mg)/sachet1204Paracetamol + ascorbic acid + phenylephrine hydrochloridepowder for oral solution,(750mg + 70mg + 10mg)/sachet1204Paracetamol + ascorbic acid + phenylephrine hydrochloridepowder for oral solution
,1206Citrulline malate 1g/10ml,1206Citrulline malate 1g/10ml,
,1208Clindamycin 150mg,1208Clindamycin 150mg,
,1211Midazolam 50mg/10ml,1211Midazolam 50mg/10ml,
,1212Clarithromycine 125mg/5ml - 60ml,1212Clarithromycine 125mg/5ml - 60ml,
,1214Paracetamol + caffeine (350mg + 50mg)tablet,1214Paracetamol + caffeine (350mg + 50mg)tablet,1214Paracetamol + caffeine (350mg + 50mg)tablet
,1215Clarithromycine 250mg/5ml-60ml,1215Clarithromycine 250mg/5ml-60ml,
,1216Clarithromycine 250mg/5ml-70ml,1216Clarithromycine 250mg/5ml-70ml,
,1217Clarithromycine 250mg/5ml-50ml,1217Clarithromycine 250mg/5ml-50ml,
,1220Paracetamol + caffeine (500mg + 65mg)tablet,1220Paracetamol + caffeine (500mg + 65mg)tablet,1220Paracetamol + caffeine (500mg + 65mg)tablet
,1221Clobetasol propionate 500mcg/g - 30g,1221Clobetasol propionate 500mcg/g - 30g,
,1223Clobetasol propionate 0.5mg/1g - 15gcream,1223Clobetasol propionate 0.5mg/1g - 15gcream,1223Clobetasol propionate 0.5mg/1g - 15gcream
,1224Metronidazole 500mg/100ml - 500mlsolution for infusion,1224Metronidazole 500mg/100ml - 500mlsolution for infusion,1224Metronidazole 500mg/100ml - 500mlsolution for infusion
(500mg + 25mg + 5mg)1227Paracetamol + caffeine + phenylephrine hydrochloridefilm-coated tablet,(500mg + 25mg + 5mg)1227Paracetamol + caffeine + phenylephrine hydrochloridefilm-coated tablet,(500mg + 25mg + 5mg)1227Paracetamol + caffeine + phenylephrine hydrochloridefilm-coated tablet,(500mg + 25mg + 5mg)1227Paracetamol + caffeine + phenylephrine hydrochloridefilm-coated tablet
,1228Clobetasol propionate 0.5mg/g - 25gcream,1228Clobetasol propionate 0.5mg/g - 25gcream,1228Clobetasol propionate 0.5mg/g - 25gcream
,1230Metronidazole	400mg,1230Metronidazole	400mg,
,778Beclomethasone dipropionate + Salbutamol (40mg/100ml + 80mg/100ml,778Beclomethasone dipropionate + Salbutamol (40mg/100ml + 80mg/100ml,
,780Bemiparin 25000 IU anti-xa/0.2ml,780Bemiparin 25000 IU anti-xa/0.2ml,
,788Beta-alanine 400mgtablet,788Beta-alanine 400mgtablet,788Beta-alanine 400mgtablet
,797Bosentan 125mgtablet,797Bosentan 125mgtablet,797Bosentan 125mgtablet
,802Betaxolol 2.5mg/ml - 5mleye drops,802Betaxolol 2.5mg/ml - 5mleye drops,802Betaxolol 2.5mg/ml - 5mleye drops
,809Bromazepam 1.5mgtablet,809Bromazepam 1.5mgtablet,809Bromazepam 1.5mgtablet
,1141Ciclopirox olamine 1% (w/w) - 30ml,1141Ciclopirox olamine 1% (w/w) - 30ml,
,1161Cinnarizin 75mg,1161Cinnarizin 75mg,
,1169Ciprofloxacine 2mg/ml - 100ml,1169Ciprofloxacine 2mg/ml - 100ml,
,1176Ciprofloxacine 2mg/ml - 200ml,1176Ciprofloxacine 2mg/ml - 200ml,
,1177Ciprofloxacine 2mg/ml - 400ml,1177Ciprofloxacine 2mg/ml - 400ml,
(200mg + 150mg + 25mg + 2.5mg)1185Paracetamol + ascorbic acid + caffeine + chlorphenamine hydrogenmaleatecapsule,(200mg + 150mg + 25mg + 2.5mg)1185Paracetamol + ascorbic acid + caffeine + chlorphenamine hydrogenmaleatecapsule,(200mg + 150mg + 25mg + 2.5mg)1185Paracetamol + ascorbic acid + caffeine + chlorphenamine hydrogenmaleatecapsule,(200mg + 150mg + 25mg + 2.5mg)1185Paracetamol + ascorbic acid + caffeine + chlorphenamine hydrogenmaleatecapsule
,1196Mifepristone 200mg,1196Mifepristone 200mg,
,1197Cisplatin 1mg/ml - 50ml,1197Cisplatin 1mg/ml - 50ml,
500mg + 50mg + 30mg1222Paracetamol + caffeine + codeine phosphate hemihydratetablet,500mg + 50mg + 30mg1222Paracetamol + caffeine + codeine phosphate hemihydratetablet,500mg + 50mg + 30mg1222Paracetamol + caffeine + codeine phosphate hemihydratetablet,500mg + 50mg + 30mg1222Paracetamol + caffeine + codeine phosphate hemihydratetablet
(2.7g + 0.266g)/100ml1232Paracetamol + caffeine monohydrateoral solution,(2.7g + 0.266g)/100ml1232Paracetamol + caffeine monohydrateoral solution,(2.7g + 0.266g)/100ml1232Paracetamol + caffeine monohydrateoral solution,(2.7g + 0.266g)/100ml1232Paracetamol + caffeine monohydrateoral solution
,1233Metronidazole	0.75% (w/w) - 30gcream,1233Metronidazole	0.75% (w/w) - 30gcream,1233Metronidazole	0.75% (w/w) - 30gcream
,1234Metronidazole + Miconazole nitrate 750mg + 200mgvaginal ovule,1234Metronidazole + Miconazole nitrate 750mg + 200mgvaginal ovule,1234Metronidazole + Miconazole nitrate 750mg + 200mgvaginal ovule
,1235Metronidazole + Miconazole nitrate 500mg + 100mg,1235Metronidazole + Miconazole nitrate 500mg + 100mg,
,1237Methylprednisolone 4mg,1237Methylprednisolone 4mg,
500mg + 4mg + 10mg1238Paracetamol + chlorpheniramine maleate + phenylephrine hydrochloridepowder for oral solution,500mg + 4mg + 10mg1238Paracetamol + chlorpheniramine maleate + phenylephrine hydrochloridepowder for oral solution,500mg + 4mg + 10mg1238Paracetamol + chlorpheniramine maleate + phenylephrine hydrochloridepowder for oral solution,500mg + 4mg + 10mg1238Paracetamol + chlorpheniramine maleate + phenylephrine hydrochloridepowder for oral solution
,1239Methylprednisolone 16mg,1239Methylprednisolone 16mg,
(250mg + 2mg + 30mg)/sachets1240Paracetamol + chlorpheniramine maleate + pseudoephedrine hydrochloridepowder for oral suspension in sachet-dose,(250mg + 2mg + 30mg)/sachets1240Paracetamol + chlorpheniramine maleate + pseudoephedrine hydrochloridepowder for oral suspension in sachet-dose,(250mg + 2mg + 30mg)/sachets1240Paracetamol + chlorpheniramine maleate + pseudoephedrine hydrochloridepowder for oral suspension in sachet-dose,(250mg + 2mg + 30mg)/sachets1240Paracetamol + chlorpheniramine maleate + pseudoephedrine hydrochloridepowder for oral suspension in sachet-dose
,1241Methylenecycline 300mg,1241Methylenecycline 300mg,
(500mg + 4mg + 60mg)/sachets1242Paracetamol + chlorpheniramine maleate + pseudoephedrine hydrochlorideeffervescent granules,(500mg + 4mg + 60mg)/sachets1242Paracetamol + chlorpheniramine maleate + pseudoephedrine hydrochlorideeffervescent granules,(500mg + 4mg + 60mg)/sachets1242Paracetamol + chlorpheniramine maleate + pseudoephedrine hydrochlorideeffervescent granules,(500mg + 4mg + 60mg)/sachets1242Paracetamol + chlorpheniramine maleate + pseudoephedrine hydrochlorideeffervescent granules
,1244Mexazolam 1mg,1244Mexazolam 1mg,
500mg + 10mg1245Paracetamol + codeine phosphatetablet,500mg + 10mg1245Paracetamol + codeine phosphatetablet,500mg + 10mg1245Paracetamol + codeine phosphatetablet,500mg + 10mg1245Paracetamol + codeine phosphatetablet
(500mg + 20mg)1246Paracetamol + codeine phosphate hemihydratetablet,(500mg + 20mg)1246Paracetamol + codeine phosphate hemihydratetablet,(500mg + 20mg)1246Paracetamol + codeine phosphate hemihydratetablet,(500mg + 20mg)1246Paracetamol + codeine phosphate hemihydratetablet
,1247Metamizole sodium	500mg,1247Metamizole sodium	500mg,
(500mg + 30mg)1248Paracetamol + codeine phosphate hemihydratecapsule,(500mg + 30mg)1248Paracetamol + codeine phosphate hemihydratecapsule,(500mg + 30mg)1248Paracetamol + codeine phosphate hemihydratecapsule,(500mg + 30mg)1248Paracetamol + codeine phosphate hemihydratecapsule
,1249Methandrostenolone 5mg,1249Methandrostenolone 5mg,
,1250Methadone Hydrochloride 5mg,1250Methadone Hydrochloride 5mg,
,1252Metformine + Glibenclamide 500mg + 5mg,1252Metformine + Glibenclamide 500mg + 5mg,
500mg + 10mg1253Paracetamol + hyoscine n- butylbromidefilm-coated tablet,500mg + 10mg1253Paracetamol + hyoscine n- butylbromidefilm-coated tablet,500mg + 10mg1253Paracetamol + hyoscine n- butylbromidefilm-coated tablet,500mg + 10mg1253Paracetamol + hyoscine n- butylbromidefilm-coated tablet
,1254Methadone Hydrochloride 10mg/ml - 10mloral solution,1254Methadone Hydrochloride 10mg/ml - 10mloral solution,1254Methadone Hydrochloride 10mg/ml - 10mloral solution
,1255Methadone Hydrochloride 10mg/ml - 100mloral solution,1255Methadone Hydrochloride 10mg/ml - 100mloral solution,1255Methadone Hydrochloride 10mg/ml - 100mloral solution
,1256Methadone Hydrochloride 10mg/ml - 1000mloral solution,1256Methadone Hydrochloride 10mg/ml - 1000mloral solution,1256Methadone Hydrochloride 10mg/ml - 1000mloral solution
(600mg + 20mg)/4ml1257Paracetamol + lidocaine hydrochloridesolution for injection,(600mg + 20mg)/4ml1257Paracetamol + lidocaine hydrochloridesolution for injection,(600mg + 20mg)/4ml1257Paracetamol + lidocaine hydrochloridesolution for injection,(600mg + 20mg)/4ml1257Paracetamol + lidocaine hydrochloridesolution for injection
,1258Mesna 400mg/4ml,1258Mesna 400mg/4ml,
166.70mg/1g2410Aqueous bacterial culture suspension (composed of corpuscular ingredients and metabolites of inactivated 3.3 x 108 Escherichia coli bacteria, inactivated and preserved .ointment,166.70mg/1g2410Aqueous bacterial culture suspension (composed of corpuscular ingredients and metabolites of inactivated 3.3 x 108 Escherichia coli bacteria, inactivated and preserved .ointment,166.70mg/1g2410Aqueous bacterial culture suspension (composed of corpuscular ingredients and metabolites of inactivated 3.3 x 108 Escherichia coli bacteria, inactivated and preserved .ointment,166.70mg/1g2410Aqueous bacterial culture suspension (composed of corpuscular ingredients and metabolites of inactivated 3.3 x 108 Escherichia coli bacteria, inactivated and preserved .ointment
5.33mcg + 0.34mg + 0.54mg + 99mcg + 16.6mcg + 0.21mg + 4.85mcg + 6.9mcg + 1.36mg)/ml2415Chromic chloride (6h2o) + Copper chloride (2h2o) + Ferric chloride (6h2o) + Manganese chloride (4h2o) + Potassium iodide + Sodium fluoride + Sodium molybdate (2h2o) + Sodium selenite anhydrous + Zinc chlorideconcentrate for solution for infusion,5.33mcg + 0.34mg + 0.54mg + 99mcg + 16.6mcg + 0.21mg + 4.85mcg + 6.9mcg + 1.36mg)/ml2415Chromic chloride (6h2o) + Copper chloride (2h2o) + Ferric chloride (6h2o) + Manganese chloride (4h2o) + Potassium iodide + Sodium fluoride + Sodium molybdate (2h2o) + Sodium selenite anhydrous + Zinc chlorideconcentrate for solution for infusion,5.33mcg + 0.34mg + 0.54mg + 99mcg + 16.6mcg + 0.21mg + 4.85mcg + 6.9mcg + 1.36mg)/ml2415Chromic chloride (6h2o) + Copper chloride (2h2o) + Ferric chloride (6h2o) + Manganese chloride (4h2o) + Potassium iodide + Sodium fluoride + Sodium molybdate (2h2o) + Sodium selenite anhydrous + Zinc chlorideconcentrate for solution for infusion,5.33mcg + 0.34mg + 0.54mg + 99mcg + 16.6mcg + 0.21mg + 4.85mcg + 6.9mcg + 1.36mg)/ml2415Chromic chloride (6h2o) + Copper chloride (2h2o) + Ferric chloride (6h2o) + Manganese chloride (4h2o) + Potassium iodide + Sodium fluoride + Sodium molybdate (2h2o) + Sodium selenite anhydrous + Zinc chlorideconcentrate for solution for infusion
(150mg + 150mg + 100mg)2418Dry ruscus extract titrated in sterolic heterosides + Hesperidin methyl chalcone + Ascorbic acidcapsule, hard,(150mg + 150mg + 100mg)2418Dry ruscus extract titrated in sterolic heterosides + Hesperidin methyl chalcone + Ascorbic acidcapsule, hard,(150mg + 150mg + 100mg)2418Dry ruscus extract titrated in sterolic heterosides + Hesperidin methyl chalcone + Ascorbic acidcapsule, hard,(150mg + 150mg + 100mg)2418Dry ruscus extract titrated in sterolic heterosides + Hesperidin methyl chalcone + Ascorbic acidcapsule, hard
,2420Insuline Humane 100 IU/ml - 3ml,2420Insuline Humane 100 IU/ml - 3ml,
,2421Cetfriaxone 1g/vial,2421Cetfriaxone 1g/vial,
500 IU/vial - 10ml2422Human coagulation factor VIII 500 IU/vial - 10ml,500 IU/vial - 10ml2422Human coagulation factor VIII 500 IU/vial - 10ml,500 IU/vial - 10ml2422Human coagulation factor VIII 500 IU/vial - 10ml,
1000 IU/vial - 10ml2423Human coagulation factor VIII 1000 IU/vial - 10ml,1000 IU/vial - 10ml2423Human coagulation factor VIII 1000 IU/vial - 10ml,1000 IU/vial - 10ml2423Human coagulation factor VIII 1000 IU/vial - 10ml,
1000 IU/vial2424Human coagulation factor VIII 1000 IU/vial,1000 IU/vial2424Human coagulation factor VIII 1000 IU/vial,1000 IU/vial2424Human coagulation factor VIII 1000 IU/vial,
,2442Dihydrotachysterol 15ml,2442Dihydrotachysterol 15ml,
125mg2484Palbociclib 125 mgcapsul,125mg2484Palbociclib 125 mgcapsul,125mg2484Palbociclib 125 mgcapsul,125mg2484Palbociclib 125 mgcapsul
800mg + 160mg2048Sulfamethoxazole + trimethoprimtablet,800mg + 160mg2048Sulfamethoxazole + trimethoprimtablet,800mg + 160mg2048Sulfamethoxazole + trimethoprimtablet,800mg + 160mg2048Sulfamethoxazole + trimethoprimtablet
4mg2106Thiocolchicosidetablet,4mg2106Thiocolchicosidetablet,4mg2106Thiocolchicosidetablet,4mg2106Thiocolchicosidetablet
90mg + 400mg2488Ledipasvir 90mg + Sofosbuvir 400mgf.c.tabl.,90mg + 400mg2488Ledipasvir 90mg + Sofosbuvir 400mgf.c.tabl.,90mg + 400mg2488Ledipasvir 90mg + Sofosbuvir 400mgf.c.tabl.,90mg + 400mg2488Ledipasvir 90mg + Sofosbuvir 400mgf.c.tabl.
25mg2490Etanercept 25mgpre-filled syringe,25mg2490Etanercept 25mgpre-filled syringe,25mg2490Etanercept 25mgpre-filled syringe,25mg2490Etanercept 25mgpre-filled syringe
50mg2491Etanercept 50mgpre-filled syringe,50mg2491Etanercept 50mgpre-filled syringe,50mg2491Etanercept 50mgpre-filled syringe,50mg2491Etanercept 50mgpre-filled syringe
(12,5 + 75 + 50)mg2492Ombitasvir 12.5mg + Paritaprevir 75mg + Ritonavir 50mgf.c.tabl.,(12,5 + 75 + 50)mg2492Ombitasvir 12.5mg + Paritaprevir 75mg + Ritonavir 50mgf.c.tabl.,(12,5 + 75 + 50)mg2492Ombitasvir 12.5mg + Paritaprevir 75mg + Ritonavir 50mgf.c.tabl.,(12,5 + 75 + 50)mg2492Ombitasvir 12.5mg + Paritaprevir 75mg + Ritonavir 50mgf.c.tabl.
-0Bar jashtë LBR,-0Bar jashtë LBR,-0Bar jashtë LBR,
30000 Nj.N2495Epoetin 30 000 Nj.Npre-filled syringe,30000 Nj.N2495Epoetin 30 000 Nj.Npre-filled syringe,30000 Nj.N2495Epoetin 30 000 Nj.Npre-filled syringe,30000 Nj.N2495Epoetin 30 000 Nj.Npre-filled syringe
10mg2502Oxycodonetablet,10mg2502Oxycodonetablet,10mg2502Oxycodonetablet,10mg2502Oxycodonetablet
85mg2112Thymi herba (extract)pastille,85mg2112Thymi herba (extract)pastille,85mg2112Thymi herba (extract)pastille,85mg2112Thymi herba (extract)pastille
200mg2113Tiaprofenic acidtablet,200mg2113Tiaprofenic acidtablet,200mg2113Tiaprofenic acidtablet,200mg2113Tiaprofenic acidtablet
0.018mg2116Tiotropiuminhalation powder, hard capsule,0.018mg2116Tiotropiuminhalation powder, hard capsule,0.018mg2116Tiotropiuminhalation powder, hard capsule,0.018mg2116Tiotropiuminhalation powder, hard capsule
80mg/4ml2120Tocilizumabconcentrate for solution for infusion,80mg/4ml2120Tocilizumabconcentrate for solution for infusion,80mg/4ml2120Tocilizumabconcentrate for solution for infusion,80mg/4ml2120Tocilizumabconcentrate for solution for infusion
400mg/20ml2121Tocilizumabconcentrate for solution for infusion,400mg/20ml2121Tocilizumabconcentrate for solution for infusion,400mg/20ml2121Tocilizumabconcentrate for solution for infusion,400mg/20ml2121Tocilizumabconcentrate for solution for infusion
200mg/10ml2122Tocilizumabconcentrate for solution for infusion,200mg/10ml2122Tocilizumabconcentrate for solution for infusion,200mg/10ml2122Tocilizumabconcentrate for solution for infusion,200mg/10ml2122Tocilizumabconcentrate for solution for infusion
3mg/pre-filled syringe2123Ibandronic Aacid	solution for injection in pre-filled syringe,3mg/pre-filled syringe2123Ibandronic Aacid	solution for injection in pre-filled syringe,3mg/pre-filled syringe2123Ibandronic Aacid	solution for injection in pre-filled syringe,3mg/pre-filled syringe2123Ibandronic Aacid	solution for injection in pre-filled syringe
2mg/ml2124Ibandronic Acidconcentrate for solution for infusion,2mg/ml2124Ibandronic Acidconcentrate for solution for infusion,2mg/ml2124Ibandronic Acidconcentrate for solution for infusion,2mg/ml2124Ibandronic Acidconcentrate for solution for infusion
5mg2126Tofacitinib (as tofacitinib citrate)film-coated tablet,5mg2126Tofacitinib (as tofacitinib citrate)film-coated tablet,5mg2126Tofacitinib (as tofacitinib citrate)film-coated tablet,5mg2126Tofacitinib (as tofacitinib citrate)film-coated tablet
4mg/vial2130Topotecanpowder for concentrate for solution for infusion,4mg/vial2130Topotecanpowder for concentrate for solution for infusion,4mg/vial2130Topotecanpowder for concentrate for solution for infusion,4mg/vial2130Topotecanpowder for concentrate for solution for infusion
4mg/4ml2132Topotecanconcentrate for solution for infusion,4mg/4ml2132Topotecanconcentrate for solution for infusion,4mg/4ml2132Topotecanconcentrate for solution for infusion,4mg/4ml2132Topotecanconcentrate for solution for infusion
20g2133Ichthammol 10% - 20gointment,20g2133Ichthammol 10% - 20gointment,20g2133Ichthammol 10% - 20gointment,20g2133Ichthammol 10% - 20gointment
10mg2136Torasemidetablet,10mg2136Torasemidetablet,10mg2136Torasemidetablet,10mg2136Torasemidetablet
5mg2137Torasemidetablet,5mg2137Torasemidetablet,5mg2137Torasemidetablet,5mg2137Torasemidetablet
10mg/2ml2138Torasemidesolution for injection,10mg/2ml2138Torasemidesolution for injection,10mg/2ml2138Torasemidesolution for injection,10mg/2ml2138Torasemidesolution for injection
50 mg/ ml2140Human plasma proteins [thereof immunoglobulin g = 95% with antibodies to hbs-antigen 50 iu/ml. distribution of igg subclasses: 59% (igg1), 36% (igg2), 3% (igg3), 2% (igg4). the iga content is limited to = 2.5mg/ml]solution for infusion,50 mg/ ml2140Human plasma proteins [thereof immunoglobulin g = 95% with antibodies to hbs-antigen 50 iu/ml. distribution of igg subclasses: 59% (igg1), 36% (igg2), 3% (igg3), 2% (igg4). the iga content is limited to = 2.5mg/ml]solution for infusion,50 mg/ ml2140Human plasma proteins [thereof immunoglobulin g = 95% with antibodies to hbs-antigen 50 iu/ml. distribution of igg subclasses: 59% (igg1), 36% (igg2), 3% (igg3), 2% (igg4). the iga content is limited to = 2.5mg/ml]solution for infusion,50 mg/ ml2140Human plasma proteins [thereof immunoglobulin g = 95% with antibodies to hbs-antigen 50 iu/ml. distribution of igg subclasses: 59% (igg1), 36% (igg2), 3% (igg3), 2% (igg4). the iga content is limited to = 2.5mg/ml]solution for infusion
50 mg/ml2141Human plasma proteins [thereof immunoglobulin g = 95% with antibodies to hbs-antigen 50 iu/ml. distribution of igg subclasses: 59% (igg1), 36% (igg2), 3% (igg3), 2% (igg4). the iga content is limited to = 2.5mg/ml]solution for infusion,50 mg/ml2141Human plasma proteins [thereof immunoglobulin g = 95% with antibodies to hbs-antigen 50 iu/ml. distribution of igg subclasses: 59% (igg1), 36% (igg2), 3% (igg3), 2% (igg4). the iga content is limited to = 2.5mg/ml]solution for infusion,50 mg/ml2141Human plasma proteins [thereof immunoglobulin g = 95% with antibodies to hbs-antigen 50 iu/ml. distribution of igg subclasses: 59% (igg1), 36% (igg2), 3% (igg3), 2% (igg4). the iga content is limited to = 2.5mg/ml]solution for infusion,50 mg/ml2141Human plasma proteins [thereof immunoglobulin g = 95% with antibodies to hbs-antigen 50 iu/ml. distribution of igg subclasses: 59% (igg1), 36% (igg2), 3% (igg3), 2% (igg4). the iga content is limited to = 2.5mg/ml]solution for infusion
10mg/10ml2143Idarubicin hydrochloride 10mg/10mlsolution for injection,10mg/10ml2143Idarubicin hydrochloride 10mg/10mlsolution for injection,10mg/10ml2143Idarubicin hydrochloride 10mg/10mlsolution for injection,10mg/10ml2143Idarubicin hydrochloride 10mg/10mlsolution for injection
20mg/20ml2144Idarubicin hydrochloride 20mg/20mlsolution for injection,20mg/20ml2144Idarubicin hydrochloride 20mg/20mlsolution for injection,20mg/20ml2144Idarubicin hydrochloride 20mg/20mlsolution for injection,20mg/20ml2144Idarubicin hydrochloride 20mg/20mlsolution for injection
5mg/5ml2145Idarubicin hydrochloride 5mg/5mlsolution for injection,5mg/5ml2145Idarubicin hydrochloride 5mg/5mlsolution for injection,5mg/5ml2145Idarubicin hydrochloride 5mg/5mlsolution for injection,5mg/5ml2145Idarubicin hydrochloride 5mg/5mlsolution for injection
37.5mg + 325mg2146Tramadol + paracetamolfilm-coated tablet,37.5mg + 325mg2146Tramadol + paracetamolfilm-coated tablet,37.5mg + 325mg2146Tramadol + paracetamolfilm-coated tablet,37.5mg + 325mg2146Tramadol + paracetamolfilm-coated tablet
100mg2147Tramadol hydrochloridesuppository,100mg2147Tramadol hydrochloridesuppository,100mg2147Tramadol hydrochloridesuppository,100mg2147Tramadol hydrochloridesuppository
75mg + 650mg2148Tramadol hydrochloride + paracetamolfilm-coated tablet,75mg + 650mg2148Tramadol hydrochloride + paracetamolfilm-coated tablet,75mg + 650mg2148Tramadol hydrochloride + paracetamolfilm-coated tablet,75mg + 650mg2148Tramadol hydrochloride + paracetamolfilm-coated tablet
50mg/2ml2150Tramadol hydrochloridesolution for injection,50mg/2ml2150Tramadol hydrochloridesolution for injection,50mg/2ml2150Tramadol hydrochloridesolution for injection,50mg/2ml2150Tramadol hydrochloridesolution for injection
1.5mg2152Indapamide 1.5mgtablet,1.5mg2152Indapamide 1.5mgtablet,1.5mg2152Indapamide 1.5mgtablet,1.5mg2152Indapamide 1.5mgtablet
(50mg + 6mg + 6mg + 38mg)/ml2154Human plasma proteins thereof immunoglobulin at least 95% + immunoglobulin m (igm) + immunoglobulin a (iga) + immunoglobulin g (igg)solution for infusion,(50mg + 6mg + 6mg + 38mg)/ml2154Human plasma proteins thereof immunoglobulin at least 95% + immunoglobulin m (igm) + immunoglobulin a (iga) + immunoglobulin g (igg)solution for infusion,(50mg + 6mg + 6mg + 38mg)/ml2154Human plasma proteins thereof immunoglobulin at least 95% + immunoglobulin m (igm) + immunoglobulin a (iga) + immunoglobulin g (igg)solution for infusion,(50mg + 6mg + 6mg + 38mg)/ml2154Human plasma proteins thereof immunoglobulin at least 95% + immunoglobulin m (igm) + immunoglobulin a (iga) + immunoglobulin g (igg)solution for infusion
50mg/1ml2155Tramadol hydrochloridesolution for injection,50mg/1ml2155Tramadol hydrochloridesolution for injection,50mg/1ml2155Tramadol hydrochloridesolution for injection,50mg/1ml2155Tramadol hydrochloridesolution for injection
,2156Hydrogen peroxide 30mg/ml - 100ml,2156Hydrogen peroxide 30mg/ml - 100ml,
(50mg + 6mg + 6mg + 38mg)/ml2157Human plasma proteins thereof immunoglobulin at least 95% + immunoglobulin m (igm) + immunoglobulin a (iga) + immunoglobulin g (igg)solution for infusion,(50mg + 6mg + 6mg + 38mg)/ml2157Human plasma proteins thereof immunoglobulin at least 95% + immunoglobulin m (igm) + immunoglobulin a (iga) + immunoglobulin g (igg)solution for infusion,(50mg + 6mg + 6mg + 38mg)/ml2157Human plasma proteins thereof immunoglobulin at least 95% + immunoglobulin m (igm) + immunoglobulin a (iga) + immunoglobulin g (igg)solution for infusion,(50mg + 6mg + 6mg + 38mg)/ml2157Human plasma proteins thereof immunoglobulin at least 95% + immunoglobulin m (igm) + immunoglobulin a (iga) + immunoglobulin g (igg)solution for infusion
(50mg + 6mg + 6mg + 38mg)/ml2158Human plasma proteins thereof immunoglobulin at least 95% + immunoglobulin m (igm) + immunoglobulin a (iga) + immunoglobulin g (igg)solution for infusion,(50mg + 6mg + 6mg + 38mg)/ml2158Human plasma proteins thereof immunoglobulin at least 95% + immunoglobulin m (igm) + immunoglobulin a (iga) + immunoglobulin g (igg)solution for infusion,(50mg + 6mg + 6mg + 38mg)/ml2158Human plasma proteins thereof immunoglobulin at least 95% + immunoglobulin m (igm) + immunoglobulin a (iga) + immunoglobulin g (igg)solution for infusion,(50mg + 6mg + 6mg + 38mg)/ml2158Human plasma proteins thereof immunoglobulin at least 95% + immunoglobulin m (igm) + immunoglobulin a (iga) + immunoglobulin g (igg)solution for infusion
200g/1000ml2159Human plasma proteins with not less than 96% albuminsolution for infusion,200g/1000ml2159Human plasma proteins with not less than 96% albuminsolution for infusion,200g/1000ml2159Human plasma proteins with not less than 96% albuminsolution for infusion,200g/1000ml2159Human plasma proteins with not less than 96% albuminsolution for infusion
200g/1000ml2160Human plasma proteins with not less than 96% albuminsolution for infusion,200g/1000ml2160Human plasma proteins with not less than 96% albuminsolution for infusion,200g/1000ml2160Human plasma proteins with not less than 96% albuminsolution for infusion,200g/1000ml2160Human plasma proteins with not less than 96% albuminsolution for infusion
,2166Imipenem + Cilastatin (500mg + 500mg)/vial,2166Imipenem + Cilastatin (500mg + 500mg)/vial,
3.5g2167Husks of plantago ovata seedseffervescent powder,3.5g2167Husks of plantago ovata seedseffervescent powder,3.5g2167Husks of plantago ovata seedseffervescent powder,3.5g2167Husks of plantago ovata seedseffervescent powder
,2169Iloprost 10mcg/1ml,2169Iloprost 10mcg/1ml,
,2177Indometacine + Caffeine + Prochlorperazine maleate (25mg + 75mg + 2mg),2177Indometacine + Caffeine + Prochlorperazine maleate (25mg + 75mg + 2mg),
(100 + 0.35)mg2178Iron (III) + Folic Acidchewable tablet,(100 + 0.35)mg2178Iron (III) + Folic Acidchewable tablet,(100 + 0.35)mg2178Iron (III) + Folic Acidchewable tablet,(100 + 0.35)mg2178Iron (III) + Folic Acidchewable tablet
600mg/5ml2179Trastuzumabsolution for injection,600mg/5ml2179Trastuzumabsolution for injection,600mg/5ml2179Trastuzumabsolution for injection,600mg/5ml2179Trastuzumabsolution for injection
150mg/vial2180Trastuzumabpowder for concentrate for solution for infusion,150mg/vial2180Trastuzumabpowder for concentrate for solution for infusion,150mg/vial2180Trastuzumabpowder for concentrate for solution for infusion,150mg/vial2180Trastuzumabpowder for concentrate for solution for infusion
2g/10ml2181Iron (III)oral solution,2g/10ml2181Iron (III)oral solution,2g/10ml2181Iron (III)oral solution,2g/10ml2181Iron (III)oral solution
0.05%2182Tretinoincream,0.05%2182Tretinoincream,0.05%2182Tretinoincream,0.05%2182Tretinoincream
40mg/15ml2183Iron (III)oral solution,40mg/15ml2183Iron (III)oral solution,40mg/15ml2183Iron (III)oral solution,40mg/15ml2183Iron (III)oral solution
20mg/ml2184Triamcinolonesuspension for injection,20mg/ml2184Triamcinolonesuspension for injection,20mg/ml2184Triamcinolonesuspension for injection,20mg/ml2184Triamcinolonesuspension for injection
50mg/ml2185Iron (III)eye drops, solution,50mg/ml2185Iron (III)eye drops, solution,50mg/ml2185Iron (III)eye drops, solution,50mg/ml2185Iron (III)eye drops, solution
50mg/5ml2187Ironsyrup,50mg/5ml2187Ironsyrup,50mg/5ml2187Ironsyrup,50mg/5ml2187Ironsyrup
(1mg + 2.5mg + 100.000 iu)/1g2188Triamcinolone acetonide + neomycin sulphate + nystatincream,(1mg + 2.5mg + 100.000 iu)/1g2188Triamcinolone acetonide + neomycin sulphate + nystatincream,(1mg + 2.5mg + 100.000 iu)/1g2188Triamcinolone acetonide + neomycin sulphate + nystatincream,(1mg + 2.5mg + 100.000 iu)/1g2188Triamcinolone acetonide + neomycin sulphate + nystatincream
100mg2189Ironfilm-coated tablet,100mg2189Ironfilm-coated tablet,100mg2189Ironfilm-coated tablet,100mg2189Ironfilm-coated tablet
250mg2192Tribulus terrestris herba extractum siccum (35-45:1)film-coated tablet,250mg2192Tribulus terrestris herba extractum siccum (35-45:1)film-coated tablet,250mg2192Tribulus terrestris herba extractum siccum (35-45:1)film-coated tablet,250mg2192Tribulus terrestris herba extractum siccum (35-45:1)film-coated tablet
1g/100g2193Triclocarbanpowder for cutaneous solution,1g/100g2193Triclocarbanpowder for cutaneous solution,1g/100g2193Triclocarbanpowder for cutaneous solution,1g/100g2193Triclocarbanpowder for cutaneous solution
300mg2196Triflusalcapsule, hard,300mg2196Triflusalcapsule, hard,300mg2196Triflusalcapsule, hard,300mg2196Triflusalcapsule, hard
400mg2198Ketoconazolevaginal suppository,400mg2198Ketoconazolevaginal suppository,400mg2198Ketoconazolevaginal suppository,400mg2198Ketoconazolevaginal suppository
,2200Interferon alfa-2a 4.5 mio.i.e. (miu)/0.5ml,2200Interferon alfa-2a 4.5 mio.i.e. (miu)/0.5ml,
(1.25mg + 30mg)/5ml2201Triprolidine hydrochloride + pseudoephedrine hydrochloridesyrup,(1.25mg + 30mg)/5ml2201Triprolidine hydrochloride + pseudoephedrine hydrochloridesyrup,(1.25mg + 30mg)/5ml2201Triprolidine hydrochloride + pseudoephedrine hydrochloridesyrup,(1.25mg + 30mg)/5ml2201Triprolidine hydrochloride + pseudoephedrine hydrochloridesyrup
(2.5mg + 60mg)2204Triprolidine hydrochloride + pseudoephedrine hydrochloridetablet,(2.5mg + 60mg)2204Triprolidine hydrochloride + pseudoephedrine hydrochloridetablet,(2.5mg + 60mg)2204Triprolidine hydrochloride + pseudoephedrine hydrochloridetablet,(2.5mg + 60mg)2204Triprolidine hydrochloride + pseudoephedrine hydrochloridetablet
2g/100ml2206Ketoconazoleshampoo,2g/100ml2206Ketoconazoleshampoo,2g/100ml2206Ketoconazoleshampoo,2g/100ml2206Ketoconazoleshampoo
,2207Irinotecan 20mg/ml - 2ml,2207Irinotecan 20mg/ml - 2ml,
,2208Irinotecan 20mg/ml - 5ml,2208Irinotecan 20mg/ml - 5ml,
,2209Irinotecan 20mg/ml - 15ml,2209Irinotecan 20mg/ml - 15ml,
,2214Ipidacrine 20mg,2214Ipidacrine 20mg,
30mg2217Trospium chloridecoated tablet,30mg2217Trospium chloridecoated tablet,30mg2217Trospium chloridecoated tablet,30mg2217Trospium chloridecoated tablet
20mg2218Trospium chloridecoated tablet,20mg2218Trospium chloridecoated tablet,20mg2218Trospium chloridecoated tablet,20mg2218Trospium chloridecoated tablet
15mg2219Trospium chloridecoated tablet,15mg2219Trospium chloridecoated tablet,15mg2219Trospium chloridecoated tablet,15mg2219Trospium chloridecoated tablet
,2221Ipratropium bromide + Fenoterol (0.02mg + 0.05mg)/puff - 200puffs,2221Ipratropium bromide + Fenoterol (0.02mg + 0.05mg)/puff - 200puffs,
(10% + 1%)2224Tyrothricin + hydrocortisone sodium succinatevaginal solution,(10% + 1%)2224Tyrothricin + hydrocortisone sodium succinatevaginal solution,(10% + 1%)2224Tyrothricin + hydrocortisone sodium succinatevaginal solution,(10% + 1%)2224Tyrothricin + hydrocortisone sodium succinatevaginal solution
(0.5mg + 1mg + 1mg)2225Tyrothricin + lidocaine hydrochloride + chlorhexidine digluconatelozenge,(0.5mg + 1mg + 1mg)2225Tyrothricin + lidocaine hydrochloride + chlorhexidine digluconatelozenge,(0.5mg + 1mg + 1mg)2225Tyrothricin + lidocaine hydrochloride + chlorhexidine digluconatelozenge,(0.5mg + 1mg + 1mg)2225Tyrothricin + lidocaine hydrochloride + chlorhexidine digluconatelozenge
,2246Ioversol 636mg/ml - 50ml,2246Ioversol 636mg/ml - 50ml,
,2247Ioversol 636mg/ml - 100ml,2247Ioversol 636mg/ml - 100ml,
75 IU/vial2253Urofollitropin (fsh)powder and solvent for solution for injection,75 IU/vial2253Urofollitropin (fsh)powder and solvent for solution for injection,75 IU/vial2253Urofollitropin (fsh)powder and solvent for solution for injection,75 IU/vial2253Urofollitropin (fsh)powder and solvent for solution for injection
450mg2254Ursodeoxycholic acidmodified-release capsule, hard,450mg2254Ursodeoxycholic acidmodified-release capsule, hard,450mg2254Ursodeoxycholic acidmodified-release capsule, hard,450mg2254Ursodeoxycholic acidmodified-release capsule, hard
50mg2255Valerianae dry extract hydroalcoholiccoated tablet,50mg2255Valerianae dry extract hydroalcoholiccoated tablet,50mg2255Valerianae dry extract hydroalcoholiccoated tablet,50mg2255Valerianae dry extract hydroalcoholiccoated tablet
(35mg + 17.5mg + 17.5mg)2259Valerianae radix extractum siccum + melissa leaf dry extract + mentha x piperita l., folium dry extractcoated tablet,(35mg + 17.5mg + 17.5mg)2259Valerianae radix extractum siccum + melissa leaf dry extract + mentha x piperita l., folium dry extractcoated tablet,(35mg + 17.5mg + 17.5mg)2259Valerianae radix extractum siccum + melissa leaf dry extract + mentha x piperita l., folium dry extractcoated tablet,(35mg + 17.5mg + 17.5mg)2259Valerianae radix extractum siccum + melissa leaf dry extract + mentha x piperita l., folium dry extractcoated tablet
(333mg + 145mg)2260Valproate + valproic acidprolonged-release tablet,(333mg + 145mg)2260Valproate + valproic acidprolonged-release tablet,(333mg + 145mg)2260Valproate + valproic acidprolonged-release tablet,(333mg + 145mg)2260Valproate + valproic acidprolonged-release tablet
(0.15g + 0.015g)/tube2263Isoconazole nitrate + Diflucortolone valeratecream,(0.15g + 0.015g)/tube2263Isoconazole nitrate + Diflucortolone valeratecream,(0.15g + 0.015g)/tube2263Isoconazole nitrate + Diflucortolone valeratecream,(0.15g + 0.015g)/tube2263Isoconazole nitrate + Diflucortolone valeratecream
10mg/ml1979Silver sulphadiazinecutaneous spray, suspension,10mg/ml1979Silver sulphadiazinecutaneous spray, suspension,10mg/ml1979Silver sulphadiazinecutaneous spray, suspension,10mg/ml1979Silver sulphadiazinecutaneous spray, suspension
10mg/g1980Silver sulphadiazinecream,10mg/g1980Silver sulphadiazinecream,10mg/g1980Silver sulphadiazinecream,10mg/g1980Silver sulphadiazinecream
500mg1994Hydrotalcitechewable tablet,500mg1994Hydrotalcitechewable tablet,500mg1994Hydrotalcitechewable tablet,500mg1994Hydrotalcitechewable tablet
400mg1997Imatinibcapsule, hard,400mg1997Imatinibcapsule, hard,400mg1997Imatinibcapsule, hard,400mg1997Imatinibcapsule, hard
0.9%/100ml2015Sodium chloridesolution for infusion,0.9%/100ml2015Sodium chloridesolution for infusion,0.9%/100ml2015Sodium chloridesolution for infusion,0.9%/100ml2015Sodium chloridesolution for infusion
(0.32 + 0.6 + 0.04 + 0.027)%/500ml2027Sodium lactate + sodium chloride + potassium chloride + calcium chloride dihydratesolution for injection/infusion,(0.32 + 0.6 + 0.04 + 0.027)%/500ml2027Sodium lactate + sodium chloride + potassium chloride + calcium chloride dihydratesolution for injection/infusion,(0.32 + 0.6 + 0.04 + 0.027)%/500ml2027Sodium lactate + sodium chloride + potassium chloride + calcium chloride dihydratesolution for injection/infusion,(0.32 + 0.6 + 0.04 + 0.027)%/500ml2027Sodium lactate + sodium chloride + potassium chloride + calcium chloride dihydratesolution for injection/infusion
(0.32 + 0.6 + 0.04 + 0.027)%/1000ml2028Sodium lactate + sodium chloride + potassium chloride + calcium chloride dihydratesolution for injection/infusion,(0.32 + 0.6 + 0.04 + 0.027)%/1000ml2028Sodium lactate + sodium chloride + potassium chloride + calcium chloride dihydratesolution for injection/infusion,(0.32 + 0.6 + 0.04 + 0.027)%/1000ml2028Sodium lactate + sodium chloride + potassium chloride + calcium chloride dihydratesolution for injection/infusion,(0.32 + 0.6 + 0.04 + 0.027)%/1000ml2028Sodium lactate + sodium chloride + potassium chloride + calcium chloride dihydratesolution for injection/infusion
50mg + 20mg2044Spironolactone + furosemidecapsule,50mg + 20mg2044Spironolactone + furosemidecapsule,50mg + 20mg2044Spironolactone + furosemidecapsule,50mg + 20mg2044Spironolactone + furosemidecapsule
2 billion/5ml2045Spores of polyantibiotic-resistant b. clausiioral suspension,2 billion/5ml2045Spores of polyantibiotic-resistant b. clausiioral suspension,2 billion/5ml2045Spores of polyantibiotic-resistant b. clausiioral suspension,2 billion/5ml2045Spores of polyantibiotic-resistant b. clausiioral suspension
,2062Methylprednisolone hemisuccinate	40mg/vialpowder and solvent for solution for injection/infusion,2062Methylprednisolone hemisuccinate	40mg/vialpowder and solvent for solution for injection/infusion,2062Methylprednisolone hemisuccinate	40mg/vialpowder and solvent for solution for injection/infusion
(87mg + 200mg)2264Valproic acid + valproatefilm-coated tablet,(87mg + 200mg)2264Valproic acid + valproatefilm-coated tablet,(87mg + 200mg)2264Valproic acid + valproatefilm-coated tablet,(87mg + 200mg)2264Valproic acid + valproatefilm-coated tablet
50mg/ml2269Valproic acid as (sodium valproate)syrup,50mg/ml2269Valproic acid as (sodium valproate)syrup,50mg/ml2269Valproic acid as (sodium valproate)syrup,50mg/ml2269Valproic acid as (sodium valproate)syrup
320mg + 12.5mg2272Valsartan + hydrochlorothiazidefilm-coated tablet,320mg + 12.5mg2272Valsartan + hydrochlorothiazidefilm-coated tablet,320mg + 12.5mg2272Valsartan + hydrochlorothiazidefilm-coated tablet,320mg + 12.5mg2272Valsartan + hydrochlorothiazidefilm-coated tablet
,2273Fluocinolone acetonide + Lidocaine hydrochloride (0.1mg + 20mg)/g - 15g,2273Fluocinolone acetonide + Lidocaine hydrochloride (0.1mg + 20mg)/g - 15g,
10mg	2278Isotretinoin	capsule,10mg	2278Isotretinoin	capsule,10mg	2278Isotretinoin	capsule,10mg	2278Isotretinoin	capsule
20mg2280Isotretinoin		capsule,20mg2280Isotretinoin		capsule,20mg2280Isotretinoin		capsule,20mg2280Isotretinoin		capsule
(0.1% + 2%) w/w2281Fluocortolone pivalate + lidocaine hydrochloride (0.1% + 2%) w/w - 15g,(0.1% + 2%) w/w2281Fluocortolone pivalate + lidocaine hydrochloride (0.1% + 2%) w/w - 15g,(0.1% + 2%) w/w2281Fluocortolone pivalate + lidocaine hydrochloride (0.1% + 2%) w/w - 15g,
2.5%	2283Ketoprofen	gel,2.5%	2283Ketoprofen	gel,2.5%	2283Ketoprofen	gel,2.5%	2283Ketoprofen	gel
10mg2284Vecuronium bromidepowder for solution for injection,10mg2284Vecuronium bromidepowder for solution for injection,10mg2284Vecuronium bromidepowder for solution for injection,10mg2284Vecuronium bromidepowder for solution for injection
,2286Fluticasone furoate	27.5mcg/spray - 120 sprays,2286Fluticasone furoate	27.5mcg/spray - 120 sprays,
80mg	2292Ketoprofen (ketoprofen lysine)granules for oral solution,80mg	2292Ketoprofen (ketoprofen lysine)granules for oral solution,80mg	2292Ketoprofen (ketoprofen lysine)granules for oral solution,80mg	2292Ketoprofen (ketoprofen lysine)granules for oral solution
180mg + 2mg2295Verapamil hydrochloride + trandolaprilmodified-release tablet,180mg + 2mg2295Verapamil hydrochloride + trandolaprilmodified-release tablet,180mg + 2mg2295Verapamil hydrochloride + trandolaprilmodified-release tablet,180mg + 2mg2295Verapamil hydrochloride + trandolaprilmodified-release tablet
160mg	2299Ketoprofen lysine	suppository,160mg	2299Ketoprofen lysine	suppository,160mg	2299Ketoprofen lysine	suppository,160mg	2299Ketoprofen lysine	suppository
50mg2301Vildagliptintablet,50mg2301Vildagliptintablet,50mg2301Vildagliptintablet,50mg2301Vildagliptintablet
320mg	2303Ketoprofen lysine	prolonged-release capsule, hard,320mg	2303Ketoprofen lysine	prolonged-release capsule, hard,320mg	2303Ketoprofen lysine	prolonged-release capsule, hard,320mg	2303Ketoprofen lysine	prolonged-release capsule, hard
(50mg + 1000mg)2304Vildagliptin + metformin hydrochloridefilm-coated tablet,(50mg + 1000mg)2304Vildagliptin + metformin hydrochloridefilm-coated tablet,(50mg + 1000mg)2304Vildagliptin + metformin hydrochloridefilm-coated tablet,(50mg + 1000mg)2304Vildagliptin + metformin hydrochloridefilm-coated tablet
60mg	2305Ketoprofen lysine	suppository,60mg	2305Ketoprofen lysine	suppository,60mg	2305Ketoprofen lysine	suppository,60mg	2305Ketoprofen lysine	suppository
,2307Echinacea 2.34g/100g - 100ml,2307Echinacea 2.34g/100g - 100ml,
,2308Ketoprofen lysine	1.6%	mouthwash,2308Ketoprofen lysine	1.6%	mouthwash,2308Ketoprofen lysine	1.6%	mouthwash
10mg/1ml2309Vinorelbine (as vinorelbine tartrate)concentrate for solution for infusion,10mg/1ml2309Vinorelbine (as vinorelbine tartrate)concentrate for solution for infusion,10mg/1ml2309Vinorelbine (as vinorelbine tartrate)concentrate for solution for infusion,10mg/1ml2309Vinorelbine (as vinorelbine tartrate)concentrate for solution for infusion
,2311Ketoprofen lysine	5%	gel,2311Ketoprofen lysine	5%	gel,2311Ketoprofen lysine	5%	gel
(900 iu + 100 iu + 50mg + 1mg + 1mg + 0.6mg + 1mcg + 5mg + 2mg)/5ml2314Vit. a (as retinyl palmitate) + vit. d3 (cholecalciferol) + vit. c (ascorbic acid) + vit. b1 (thiamine hydrochloride) + vit. b2 (sodium riboflavin phosphate) + vitamin b6 (pyridoxine hydrochloride) + vit. b12 (cyanocobalamin) + nicotinamide + dexpanthenolsyrup,(900 iu + 100 iu + 50mg + 1mg + 1mg + 0.6mg + 1mcg + 5mg + 2mg)/5ml2314Vit. a (as retinyl palmitate) + vit. d3 (cholecalciferol) + vit. c (ascorbic acid) + vit. b1 (thiamine hydrochloride) + vit. b2 (sodium riboflavin phosphate) + vitamin b6 (pyridoxine hydrochloride) + vit. b12 (cyanocobalamin) + nicotinamide + dexpanthenolsyrup,(900 iu + 100 iu + 50mg + 1mg + 1mg + 0.6mg + 1mcg + 5mg + 2mg)/5ml2314Vit. a (as retinyl palmitate) + vit. d3 (cholecalciferol) + vit. c (ascorbic acid) + vit. b1 (thiamine hydrochloride) + vit. b2 (sodium riboflavin phosphate) + vitamin b6 (pyridoxine hydrochloride) + vit. b12 (cyanocobalamin) + nicotinamide + dexpanthenolsyrup,(900 iu + 100 iu + 50mg + 1mg + 1mg + 0.6mg + 1mcg + 5mg + 2mg)/5ml2314Vit. a (as retinyl palmitate) + vit. d3 (cholecalciferol) + vit. c (ascorbic acid) + vit. b1 (thiamine hydrochloride) + vit. b2 (sodium riboflavin phosphate) + vitamin b6 (pyridoxine hydrochloride) + vit. b12 (cyanocobalamin) + nicotinamide + dexpanthenolsyrup
(5000 iu + 400 iu + 60mg + 20mg + 15mg + 10mg + 2mg + 1.7mg + 1.5mg + 0.4mg + 6mcg)2319Vitamin a (as retinol palmitate) vitamin d3 (cholecalcifero)l + vitamin c (ascorbic acid) + nicotinamide + vitamin e (alpha tocopheryl acetate) + calcium pantothenate + vitamin b6 (pyridoxine hydrochloride) + vitamin b2 (riboflavin) + vitamin b1 (thiaminecoated tablet,(5000 iu + 400 iu + 60mg + 20mg + 15mg + 10mg + 2mg + 1.7mg + 1.5mg + 0.4mg + 6mcg)2319Vitamin a (as retinol palmitate) vitamin d3 (cholecalcifero)l + vitamin c (ascorbic acid) + nicotinamide + vitamin e (alpha tocopheryl acetate) + calcium pantothenate + vitamin b6 (pyridoxine hydrochloride) + vitamin b2 (riboflavin) + vitamin b1 (thiaminecoated tablet,(5000 iu + 400 iu + 60mg + 20mg + 15mg + 10mg + 2mg + 1.7mg + 1.5mg + 0.4mg + 6mcg)2319Vitamin a (as retinol palmitate) vitamin d3 (cholecalcifero)l + vitamin c (ascorbic acid) + nicotinamide + vitamin e (alpha tocopheryl acetate) + calcium pantothenate + vitamin b6 (pyridoxine hydrochloride) + vitamin b2 (riboflavin) + vitamin b1 (thiaminecoated tablet,(5000 iu + 400 iu + 60mg + 20mg + 15mg + 10mg + 2mg + 1.7mg + 1.5mg + 0.4mg + 6mcg)2319Vitamin a (as retinol palmitate) vitamin d3 (cholecalcifero)l + vitamin c (ascorbic acid) + nicotinamide + vitamin e (alpha tocopheryl acetate) + calcium pantothenate + vitamin b6 (pyridoxine hydrochloride) + vitamin b2 (riboflavin) + vitamin b1 (thiaminecoated tablet
20mg/2ml	2320Hyaluronate Sodium  (sodium hyaluronate)	solution for injection,20mg/2ml	2320Hyaluronate Sodium  (sodium hyaluronate)	solution for injection,20mg/2ml	2320Hyaluronate Sodium  (sodium hyaluronate)	solution for injection,20mg/2ml	2320Hyaluronate Sodium  (sodium hyaluronate)	solution for injection
(5000 iu + 400 iu)2321Vitamin a + vitamin d2capsule,(5000 iu + 400 iu)2321Vitamin a + vitamin d2capsule,(5000 iu + 400 iu)2321Vitamin a + vitamin d2capsule,(5000 iu + 400 iu)2321Vitamin a + vitamin d2capsule
200mg2325Voriconazolefilm-coated tablet,200mg2325Voriconazolefilm-coated tablet,200mg2325Voriconazolefilm-coated tablet,200mg2325Voriconazolefilm-coated tablet
50mg2326Voriconazolefilm-coated tablet,50mg2326Voriconazolefilm-coated tablet,50mg2326Voriconazolefilm-coated tablet,50mg2326Voriconazolefilm-coated tablet
200mg2327Voriconazolepowder for solution for infusion,200mg2327Voriconazolepowder for solution for infusion,200mg2327Voriconazolepowder for solution for infusion,200mg2327Voriconazolepowder for solution for infusion
(4mg + 80mg)/10cm x 20cm2328Hyaluronic acid sodium salt + Silver sulphadiazine (sodium hyaluronate / sulfadiazine silver)		impregnated pad,(4mg + 80mg)/10cm x 20cm2328Hyaluronic acid sodium salt + Silver sulphadiazine (sodium hyaluronate / sulfadiazine silver)		impregnated pad,(4mg + 80mg)/10cm x 20cm2328Hyaluronic acid sodium salt + Silver sulphadiazine (sodium hyaluronate / sulfadiazine silver)		impregnated pad,(4mg + 80mg)/10cm x 20cm2328Hyaluronic acid sodium salt + Silver sulphadiazine (sodium hyaluronate / sulfadiazine silver)		impregnated pad
0.5mg/ml2329Xylometazoline hydrochloridenasal drops, solution,0.5mg/ml2329Xylometazoline hydrochloridenasal drops, solution,0.5mg/ml2329Xylometazoline hydrochloridenasal drops, solution,0.5mg/ml2329Xylometazoline hydrochloridenasal drops, solution
150mg	2330Lavandulae Latifoliae Aetheroleum	(lavender oil)	capsule,150mg	2330Lavandulae Latifoliae Aetheroleum	(lavender oil)	capsule,150mg	2330Lavandulae Latifoliae Aetheroleum	(lavender oil)	capsule,150mg	2330Lavandulae Latifoliae Aetheroleum	(lavender oil)	capsule
1mg/ml2331Xylometazoline hydrochloridenasal drops, solution,1mg/ml2331Xylometazoline hydrochloridenasal drops, solution,1mg/ml2331Xylometazoline hydrochloridenasal drops, solution,1mg/ml2331Xylometazoline hydrochloridenasal drops, solution
5mg/dose2332Zanamivirinhalation powder, pre-dispensed,5mg/dose2332Zanamivirinhalation powder, pre-dispensed,5mg/dose2332Zanamivirinhalation powder, pre-dispensed,5mg/dose2332Zanamivirinhalation powder, pre-dispensed
	280mg2333Lebenin Powder (12.000.000,00 cfu of lyophilized viable lactic acid bacteria) - lactobacillus acidophilus (sp. l. gasseri) + bifidobacterium infantis + enterococcus faecium	lactobacillus acidophilus	capsule,	280mg2333Lebenin Powder (12.000.000,00 cfu of lyophilized viable lactic acid bacteria) - lactobacillus acidophilus (sp. l. gasseri) + bifidobacterium infantis + enterococcus faecium	lactobacillus acidophilus	capsule,	280mg2333Lebenin Powder (12.000.000,00 cfu of lyophilized viable lactic acid bacteria) - lactobacillus acidophilus (sp. l. gasseri) + bifidobacterium infantis + enterococcus faecium	lactobacillus acidophilus	capsule,	280mg2333Lebenin Powder (12.000.000,00 cfu of lyophilized viable lactic acid bacteria) - lactobacillus acidophilus (sp. l. gasseri) + bifidobacterium infantis + enterococcus faecium	lactobacillus acidophilus	capsule
(521mcg + 53.7mcg + 3.6mcg + 4.38mcg + 126mcg + 1.31mcg)/ml2334Zinc chloride + copper chloride (2h2o) + manganese chloride (4h2o) + sodium selenite anhydrous + sodium fluoride + potassium iodideconcentrate for solution for infusion,(521mcg + 53.7mcg + 3.6mcg + 4.38mcg + 126mcg + 1.31mcg)/ml2334Zinc chloride + copper chloride (2h2o) + manganese chloride (4h2o) + sodium selenite anhydrous + sodium fluoride + potassium iodideconcentrate for solution for infusion,(521mcg + 53.7mcg + 3.6mcg + 4.38mcg + 126mcg + 1.31mcg)/ml2334Zinc chloride + copper chloride (2h2o) + manganese chloride (4h2o) + sodium selenite anhydrous + sodium fluoride + potassium iodideconcentrate for solution for infusion,(521mcg + 53.7mcg + 3.6mcg + 4.38mcg + 126mcg + 1.31mcg)/ml2334Zinc chloride + copper chloride (2h2o) + manganese chloride (4h2o) + sodium selenite anhydrous + sodium fluoride + potassium iodideconcentrate for solution for infusion
10%2336Zinc oxideointment,10%2336Zinc oxideointment,10%2336Zinc oxideointment,10%2336Zinc oxideointment
30mg2338Zofenopril calcium (eq to zofenopril)film-coated tablet,30mg2338Zofenopril calcium (eq to zofenopril)film-coated tablet,30mg2338Zofenopril calcium (eq to zofenopril)film-coated tablet,30mg2338Zofenopril calcium (eq to zofenopril)film-coated tablet
7.5mg2339Zofenopril calcium (eq to zofenopril)film-coated tablet,7.5mg2339Zofenopril calcium (eq to zofenopril)film-coated tablet,7.5mg2339Zofenopril calcium (eq to zofenopril)film-coated tablet,7.5mg2339Zofenopril calcium (eq to zofenopril)film-coated tablet
4mg/5ml2340Zoledronic acidconcentrate for solution for infusion,4mg/5ml2340Zoledronic acidconcentrate for solution for infusion,4mg/5ml2340Zoledronic acidconcentrate for solution for infusion,4mg/5ml2340Zoledronic acidconcentrate for solution for infusion
5mg/100ml2342Zoledronic acidsolution for infusion,5mg/100ml2342Zoledronic acidsolution for infusion,5mg/100ml2342Zoledronic acidsolution for infusion,5mg/100ml2342Zoledronic acidsolution for infusion
7.5mg2343Zopiclonfilm-coated tablet,7.5mg2343Zopiclonfilm-coated tablet,7.5mg2343Zopiclonfilm-coated tablet,7.5mg2343Zopiclonfilm-coated tablet
0.05%2344Mometasone Furoate 0.05% - 18gnasal spray, suspension,0.05%2344Mometasone Furoate 0.05% - 18gnasal spray, suspension,0.05%2344Mometasone Furoate 0.05% - 18gnasal spray, suspension,0.05%2344Mometasone Furoate 0.05% - 18gnasal spray, suspension
(2.5g + 2.5g)/100g	2345Lidocaine +Prilocaine	cream,(2.5g + 2.5g)/100g	2345Lidocaine +Prilocaine	cream,(2.5g + 2.5g)/100g	2345Lidocaine +Prilocaine	cream,(2.5g + 2.5g)/100g	2345Lidocaine +Prilocaine	cream
(40mg + 0.02mg)/2ml	2346Lidocaine hydrochloride + Epinephrine	solution for injection,(40mg + 0.02mg)/2ml	2346Lidocaine hydrochloride + Epinephrine	solution for injection,(40mg + 0.02mg)/2ml	2346Lidocaine hydrochloride + Epinephrine	solution for injection,(40mg + 0.02mg)/2ml	2346Lidocaine hydrochloride + Epinephrine	solution for injection
2%	2347Lidocaine hydrochloride	solution for injection,2%	2347Lidocaine hydrochloride	solution for injection,2%	2347Lidocaine hydrochloride	solution for injection,2%	2347Lidocaine hydrochloride	solution for injection
35mg/3.5ml2350Lidocaine hydrochloride 		solution for injection,35mg/3.5ml2350Lidocaine hydrochloride 		solution for injection,35mg/3.5ml2350Lidocaine hydrochloride 		solution for injection,35mg/3.5ml2350Lidocaine hydrochloride 		solution for injection
(60mg + 0.25mg + 50mg + 4mg)/2ml2351Lidocaine hydrochloride + Cyancobalamine + Thiamine hydrochloride + Dexamethasone	solution for injection,(60mg + 0.25mg + 50mg + 4mg)/2ml2351Lidocaine hydrochloride + Cyancobalamine + Thiamine hydrochloride + Dexamethasone	solution for injection,(60mg + 0.25mg + 50mg + 4mg)/2ml2351Lidocaine hydrochloride + Cyancobalamine + Thiamine hydrochloride + Dexamethasone	solution for injection,(60mg + 0.25mg + 50mg + 4mg)/2ml2351Lidocaine hydrochloride + Cyancobalamine + Thiamine hydrochloride + Dexamethasone	solution for injection
320mg	2365Lipophilic extract of saw - Palmetto berries	Sabal serulata extract	capsule, soft,320mg	2365Lipophilic extract of saw - Palmetto berries	Sabal serulata extract	capsule, soft,320mg	2365Lipophilic extract of saw - Palmetto berries	Sabal serulata extract	capsule, soft,320mg	2365Lipophilic extract of saw - Palmetto berries	Sabal serulata extract	capsule, soft
,2366Ibuprofen 400mg/sachet,2366Ibuprofen 400mg/sachet,
(7.53g + 7.53g)/100g	2369Liquid extract of thyme herb +Liquid extract of ribwort plantain leaves	syrup,(7.53g + 7.53g)/100g	2369Liquid extract of thyme herb +Liquid extract of ribwort plantain leaves	syrup,(7.53g + 7.53g)/100g	2369Liquid extract of thyme herb +Liquid extract of ribwort plantain leaves	syrup,(7.53g + 7.53g)/100g	2369Liquid extract of thyme herb +Liquid extract of ribwort plantain leaves	syrup
0.75g/10ml - 5ml2372Potassium chloridesolution for injection,0.75g/10ml - 5ml2372Potassium chloridesolution for injection,0.75g/10ml - 5ml2372Potassium chloridesolution for injection,0.75g/10ml - 5ml2372Potassium chloridesolution for injection
,2377Naphazoline nitrate 0.1% (w/w) - 15mlnasal spray,2377Naphazoline nitrate 0.1% (w/w) - 15mlnasal spray,2377Naphazoline nitrate 0.1% (w/w) - 15mlnasal spray
,2378Naphazoline nitrate + Boric acid 0.1% + 1% - 10mleye drops, solution,2378Naphazoline nitrate + Boric acid 0.1% + 1% - 10mleye drops, solution,2378Naphazoline nitrate + Boric acid 0.1% + 1% - 10mleye drops, solution
(3.5mg/ml + 1mg/ml) - 10ml2380Neomycin + Dexamethasone phosphate (3.5mg/ml + 1mg/ml) - 10mleye drops, solution,(3.5mg/ml + 1mg/ml) - 10ml2380Neomycin + Dexamethasone phosphate (3.5mg/ml + 1mg/ml) - 10mleye drops, solution,(3.5mg/ml + 1mg/ml) - 10ml2380Neomycin + Dexamethasone phosphate (3.5mg/ml + 1mg/ml) - 10mleye drops, solution,(3.5mg/ml + 1mg/ml) - 10ml2380Neomycin + Dexamethasone phosphate (3.5mg/ml + 1mg/ml) - 10mleye drops, solution
282.5mg2382Lyophilized saccharomyces boulardii 282.5mgcapsule,282.5mg2382Lyophilized saccharomyces boulardii 282.5mgcapsule,282.5mg2382Lyophilized saccharomyces boulardii 282.5mgcapsule,282.5mg2382Lyophilized saccharomyces boulardii 282.5mgcapsule
,2363Ibuprofen 5% - 20g,2363Ibuprofen 5% - 20g,
,2364Ibuprofen 600mg/sachet,2364Ibuprofen 600mg/sachet,
282.5mg/sachet2384Lyophilized saccharomyces boulardii 282.5mg/sachetsachet,282.5mg/sachet2384Lyophilized saccharomyces boulardii 282.5mg/sachetsachet,282.5mg/sachet2384Lyophilized saccharomyces boulardii 282.5mg/sachetsachet,282.5mg/sachet2384Lyophilized saccharomyces boulardii 282.5mg/sachetsachet
50mg/ml1982Human Normal Immunoglobulin (ivig)human normal immunoglobulin (ivig). (1ml solution contains: protein 50mg of which = 95% is human immunoglobulin g, iga = 0.2mg. distribution of igg subclasses: igg1 ca. 60%, igg2 ca. 32%, igg3 ca. 7%, igg4 ca. 1%)solution for infusion,50mg/ml1982Human Normal Immunoglobulin (ivig)human normal immunoglobulin (ivig). (1ml solution contains: protein 50mg of which = 95% is human immunoglobulin g, iga = 0.2mg. distribution of igg subclasses: igg1 ca. 60%, igg2 ca. 32%, igg3 ca. 7%, igg4 ca. 1%)solution for infusion,50mg/ml1982Human Normal Immunoglobulin (ivig)human normal immunoglobulin (ivig). (1ml solution contains: protein 50mg of which = 95% is human immunoglobulin g, iga = 0.2mg. distribution of igg subclasses: igg1 ca. 60%, igg2 ca. 32%, igg3 ca. 7%, igg4 ca. 1%)solution for infusion,50mg/ml1982Human Normal Immunoglobulin (ivig)human normal immunoglobulin (ivig). (1ml solution contains: protein 50mg of which = 95% is human immunoglobulin g, iga = 0.2mg. distribution of igg subclasses: igg1 ca. 60%, igg2 ca. 32%, igg3 ca. 7%, igg4 ca. 1%)solution for infusion
20mg/1ml1996Hyoscine Butylbromidesolution for injection,20mg/1ml1996Hyoscine Butylbromidesolution for injection,20mg/1ml1996Hyoscine Butylbromidesolution for injection,20mg/1ml1996Hyoscine Butylbromidesolution for injection
500mg2009Sodium bicarbonatetablet,500mg2009Sodium bicarbonatetablet,500mg2009Sodium bicarbonatetablet,500mg2009Sodium bicarbonatetablet
1meq/ml2010Sodium bicarbonateconcentrate for solution for infusion,1meq/ml2010Sodium bicarbonateconcentrate for solution for infusion,1meq/ml2010Sodium bicarbonateconcentrate for solution for infusion,1meq/ml2010Sodium bicarbonateconcentrate for solution for infusion
199.8mg + 87mg2032Sodium valproate + valproic acidprolonged-release tablet,199.8mg + 87mg2032Sodium valproate + valproic acidprolonged-release tablet,199.8mg + 87mg2032Sodium valproate + valproic acidprolonged-release tablet,199.8mg + 87mg2032Sodium valproate + valproic acidprolonged-release tablet
1.5 MIU + 250mg2043Spiramycin + metronidazolefilm-coated tablet,1.5 MIU + 250mg2043Spiramycin + metronidazolefilm-coated tablet,1.5 MIU + 250mg2043Spiramycin + metronidazolefilm-coated tablet,1.5 MIU + 250mg2043Spiramycin + metronidazolefilm-coated tablet
600lru/2ml2051Sulodexidesolution for injection,600lru/2ml2051Sulodexidesolution for injection,600lru/2ml2051Sulodexidesolution for injection,600lru/2ml2051Sulodexidesolution for injection
25mg/5ml2052Sulpirideoral solution,25mg/5ml2052Sulpirideoral solution,25mg/5ml2052Sulpirideoral solution,25mg/5ml2052Sulpirideoral solution
3.5mg2077Lyophilizated bacterial lysates of: haemophilus influenzae, diplococcus pneumoniae, klebsiella pneumoniae and ozaenae, staphylococcus aureus, streptococcus pyogenes and viridans, neisseria catarrhaliscapsule,3.5mg2077Lyophilizated bacterial lysates of: haemophilus influenzae, diplococcus pneumoniae, klebsiella pneumoniae and ozaenae, staphylococcus aureus, streptococcus pyogenes and viridans, neisseria catarrhaliscapsule,3.5mg2077Lyophilizated bacterial lysates of: haemophilus influenzae, diplococcus pneumoniae, klebsiella pneumoniae and ozaenae, staphylococcus aureus, streptococcus pyogenes and viridans, neisseria catarrhaliscapsule,3.5mg2077Lyophilizated bacterial lysates of: haemophilus influenzae, diplococcus pneumoniae, klebsiella pneumoniae and ozaenae, staphylococcus aureus, streptococcus pyogenes and viridans, neisseria catarrhaliscapsule
20mg/2ml2078Tenoxicampowder and solvent for solution for injection,20mg/2ml2078Tenoxicampowder and solvent for solution for injection,20mg/2ml2078Tenoxicampowder and solvent for solution for injection,20mg/2ml2078Tenoxicampowder and solvent for solution for injection
20mg2079Tenoxicamfilm-coated tablet,20mg2079Tenoxicamfilm-coated tablet,20mg2079Tenoxicamfilm-coated tablet,20mg2079Tenoxicamfilm-coated tablet
600mg2108Thioctic acidfilm-coated tablet,600mg2108Thioctic acidfilm-coated tablet,600mg2108Thioctic acidfilm-coated tablet,600mg2108Thioctic acidfilm-coated tablet
,2387Methyl salicylate + L-menthol + Camphor, racemic + Tocopherol acetate (1.32 + 1.2 + 0.26 + 0.42) mg/cm2medicated plaster,2387Methyl salicylate + L-menthol + Camphor, racemic + Tocopherol acetate (1.32 + 1.2 + 0.26 + 0.42) mg/cm2medicated plaster,2387Methyl salicylate + L-menthol + Camphor, racemic + Tocopherol acetate (1.32 + 1.2 + 0.26 + 0.42) mg/cm2medicated plaster
,2390Methylprednisolone sodium succinate 250mg/vialpowder for solution for injection,2390Methylprednisolone sodium succinate 250mg/vialpowder for solution for injection,2390Methylprednisolone sodium succinate 250mg/vialpowder for solution for injection
,2391Methylprednisolone sodium succinate 80mg/1.5mlpowder and solvent for solution for injection,2391Methylprednisolone sodium succinate 80mg/1.5mlpowder and solvent for solution for injection,2391Methylprednisolone sodium succinate 80mg/1.5mlpowder and solvent for solution for injection
100 000 au2393Mixture of proteolitic enzymes 100 000 augastro-resistant tablet,100 000 au2393Mixture of proteolitic enzymes 100 000 augastro-resistant tablet,100 000 au2393Mixture of proteolitic enzymes 100 000 augastro-resistant tablet,100 000 au2393Mixture of proteolitic enzymes 100 000 augastro-resistant tablet
(24.8g + 6.2g + 15g + 3g + 4g + 10g + 4g)/100g2395Alpha pinene + Beta pinene + Camphene + Cineol + Fenchone + Borneol + Anetholeoral drops, solution,(24.8g + 6.2g + 15g + 3g + 4g + 10g + 4g)/100g2395Alpha pinene + Beta pinene + Camphene + Cineol + Fenchone + Borneol + Anetholeoral drops, solution,(24.8g + 6.2g + 15g + 3g + 4g + 10g + 4g)/100g2395Alpha pinene + Beta pinene + Camphene + Cineol + Fenchone + Borneol + Anetholeoral drops, solution,(24.8g + 6.2g + 15g + 3g + 4g + 10g + 4g)/100g2395Alpha pinene + Beta pinene + Camphene + Cineol + Fenchone + Borneol + Anetholeoral drops, solution
(0.5g + 1.6g + 0.025g + 0.2g + 0.2g + 0.5g)/100g2397Neomycin + Eucalyptus oil + Pine oil + Camphor + Menthol + Chlorbutol (0.5g + 1.6g + 0.025g + 0.2g + 0.2g + 0.5g)/100g - 10gnasal ointment,(0.5g + 1.6g + 0.025g + 0.2g + 0.2g + 0.5g)/100g2397Neomycin + Eucalyptus oil + Pine oil + Camphor + Menthol + Chlorbutol (0.5g + 1.6g + 0.025g + 0.2g + 0.2g + 0.5g)/100g - 10gnasal ointment,(0.5g + 1.6g + 0.025g + 0.2g + 0.2g + 0.5g)/100g2397Neomycin + Eucalyptus oil + Pine oil + Camphor + Menthol + Chlorbutol (0.5g + 1.6g + 0.025g + 0.2g + 0.2g + 0.5g)/100g - 10gnasal ointment,(0.5g + 1.6g + 0.025g + 0.2g + 0.2g + 0.5g)/100g2397Neomycin + Eucalyptus oil + Pine oil + Camphor + Menthol + Chlorbutol (0.5g + 1.6g + 0.025g + 0.2g + 0.2g + 0.5g)/100g - 10gnasal ointment
(340 000iu + 0.5g)/100ml - 10ml2400Neomycin sulphate + Chloramphenicol (340 000iu + 0.5g)/100ml - 10mleye drops, solution,(340 000iu + 0.5g)/100ml - 10ml2400Neomycin sulphate + Chloramphenicol (340 000iu + 0.5g)/100ml - 10mleye drops, solution,(340 000iu + 0.5g)/100ml - 10ml2400Neomycin sulphate + Chloramphenicol (340 000iu + 0.5g)/100ml - 10mleye drops, solution,(340 000iu + 0.5g)/100ml - 10ml2400Neomycin sulphate + Chloramphenicol (340 000iu + 0.5g)/100ml - 10mleye drops, solution
(13.6mg + 3.4mg + 5mg + 2mg + 6mg + 32mg + 5mg)2401Alpha pinene + Beta pinene + Camphene + Cineol + Menthone +Levomenthol + Borneolgastro-resistant capsule, soft,(13.6mg + 3.4mg + 5mg + 2mg + 6mg + 32mg + 5mg)2401Alpha pinene + Beta pinene + Camphene + Cineol + Menthone +Levomenthol + Borneolgastro-resistant capsule, soft,(13.6mg + 3.4mg + 5mg + 2mg + 6mg + 32mg + 5mg)2401Alpha pinene + Beta pinene + Camphene + Cineol + Menthone +Levomenthol + Borneolgastro-resistant capsule, soft,(13.6mg + 3.4mg + 5mg + 2mg + 6mg + 32mg + 5mg)2401Alpha pinene + Beta pinene + Camphene + Cineol + Menthone +Levomenthol + Borneolgastro-resistant capsule, soft
(650 000 iu + 1 000 000 iu + 0.1g)/100ml - 10.5ml2403Neomycin sulphate + Polymyxin b sulphate + Dexamethasone (650 000 iu + 1 000 000 iu + 0.1g)/100ml - 10.5mlear drops, solution,(650 000 iu + 1 000 000 iu + 0.1g)/100ml - 10.5ml2403Neomycin sulphate + Polymyxin b sulphate + Dexamethasone (650 000 iu + 1 000 000 iu + 0.1g)/100ml - 10.5mlear drops, solution,(650 000 iu + 1 000 000 iu + 0.1g)/100ml - 10.5ml2403Neomycin sulphate + Polymyxin b sulphate + Dexamethasone (650 000 iu + 1 000 000 iu + 0.1g)/100ml - 10.5mlear drops, solution,(650 000 iu + 1 000 000 iu + 0.1g)/100ml - 10.5ml2403Neomycin sulphate + Polymyxin b sulphate + Dexamethasone (650 000 iu + 1 000 000 iu + 0.1g)/100ml - 10.5mlear drops, solution
387.10mg/12411Aqueous bacterial culture suspension (composed of corpuscular ingredients and metabolites of inactivated 6.6 x 108 escherichia coli bacteria, inactivated and preserved with max. 6.6mg liquefied phenol [corresponding to max. 6.0mg pure phenol]) suppository,387.10mg/12411Aqueous bacterial culture suspension (composed of corpuscular ingredients and metabolites of inactivated 6.6 x 108 escherichia coli bacteria, inactivated and preserved with max. 6.6mg liquefied phenol [corresponding to max. 6.0mg pure phenol]) suppository,387.10mg/12411Aqueous bacterial culture suspension (composed of corpuscular ingredients and metabolites of inactivated 6.6 x 108 escherichia coli bacteria, inactivated and preserved with max. 6.6mg liquefied phenol [corresponding to max. 6.0mg pure phenol]) suppository,387.10mg/12411Aqueous bacterial culture suspension (composed of corpuscular ingredients and metabolites of inactivated 6.6 x 108 escherichia coli bacteria, inactivated and preserved with max. 6.6mg liquefied phenol [corresponding to max. 6.0mg pure phenol]) suppository
,2412DTPA-IPV-HIB-HBV vaccinesuspension for injection in pre-filled syringe,2412DTPA-IPV-HIB-HBV vaccinesuspension for injection in pre-filled syringe,2412DTPA-IPV-HIB-HBV vaccinesuspension for injection in pre-filled syringe
3mg,(2mg + 2mg),(2mg + 3mg),1mg	2413Estradiol Valerate / Dienogest	film-coated tablet,3mg,(2mg + 2mg),(2mg + 3mg),1mg	2413Estradiol Valerate / Dienogest	film-coated tablet,3mg,(2mg + 2mg),(2mg + 3mg),1mg	2413Estradiol Valerate / Dienogest	film-coated tablet,3mg,(2mg + 2mg),(2mg + 3mg),1mg	2413Estradiol Valerate / Dienogest	film-coated tablet
1000 ui/3ml	2414Human Hepatitis b Immunoglobulin	solution for injection,1000 ui/3ml	2414Human Hepatitis b Immunoglobulin	solution for injection,1000 ui/3ml	2414Human Hepatitis b Immunoglobulin	solution for injection,1000 ui/3ml	2414Human Hepatitis b Immunoglobulin	solution for injection
0.7g/100ml	2416Dried Ivy leaf Extractoral solution,0.7g/100ml	2416Dried Ivy leaf Extractoral solution,0.7g/100ml	2416Dried Ivy leaf Extractoral solution,0.7g/100ml	2416Dried Ivy leaf Extractoral solution
65mg2417Dried Ivy leaf Extract (5-7.5 : 1)effervescent tablet,65mg2417Dried Ivy leaf Extract (5-7.5 : 1)effervescent tablet,65mg2417Dried Ivy leaf Extract (5-7.5 : 1)effervescent tablet,65mg2417Dried Ivy leaf Extract (5-7.5 : 1)effervescent tablet
694.444mg/5ml2419Fluid extract of Passiflora 0.4%. [passiflora flowers fluid extract contains not less than 0.4% of total flavonoids expressed as anhydrous rutin with a vegetal product - Extract ratio (der) of 1.8-4.2 : 1]syrup,694.444mg/5ml2419Fluid extract of Passiflora 0.4%. [passiflora flowers fluid extract contains not less than 0.4% of total flavonoids expressed as anhydrous rutin with a vegetal product - Extract ratio (der) of 1.8-4.2 : 1]syrup,694.444mg/5ml2419Fluid extract of Passiflora 0.4%. [passiflora flowers fluid extract contains not less than 0.4% of total flavonoids expressed as anhydrous rutin with a vegetal product - Extract ratio (der) of 1.8-4.2 : 1]syrup,694.444mg/5ml2419Fluid extract of Passiflora 0.4%. [passiflora flowers fluid extract contains not less than 0.4% of total flavonoids expressed as anhydrous rutin with a vegetal product - Extract ratio (der) of 1.8-4.2 : 1]syrup
300 Nj.N./ml2462Insulin Glargine 300 Nj.N./mlpre-filled pen.,300 Nj.N./ml2462Insulin Glargine 300 Nj.N./mlpre-filled pen.,300 Nj.N./ml2462Insulin Glargine 300 Nj.N./mlpre-filled pen.,300 Nj.N./ml2462Insulin Glargine 300 Nj.N./mlpre-filled pen.
24mg + 26mg2485Sacubitril 24mg + Valsartan 26mgf.c.tabl.,24mg + 26mg2485Sacubitril 24mg + Valsartan 26mgf.c.tabl.,24mg + 26mg2485Sacubitril 24mg + Valsartan 26mgf.c.tabl.,24mg + 26mg2485Sacubitril 24mg + Valsartan 26mgf.c.tabl.
49mg + 51mg2486Sacubitril 49mg + Valsartan 51mgf.c.tabl.,49mg + 51mg2486Sacubitril 49mg + Valsartan 51mgf.c.tabl.,49mg + 51mg2486Sacubitril 49mg + Valsartan 51mgf.c.tabl.,49mg + 51mg2486Sacubitril 49mg + Valsartan 51mgf.c.tabl.
97mg + 103mg2487Sacubitril 97mg + Valsartan 103mgf.c.tabl.,97mg + 103mg2487Sacubitril 97mg + Valsartan 103mgf.c.tabl.,97mg + 103mg2487Sacubitril 97mg + Valsartan 103mgf.c.tabl.,97mg + 103mg2487Sacubitril 97mg + Valsartan 103mgf.c.tabl.
40mg/0,8ml2489Adalimumab 40mg/0,8mlpre-filled syringe,40mg/0,8ml2489Adalimumab 40mg/0,8mlpre-filled syringe,40mg/0,8ml2489Adalimumab 40mg/0,8mlpre-filled syringe,40mg/0,8ml2489Adalimumab 40mg/0,8mlpre-filled syringe
250mg2494Dasabuvir 250 mgf.c.tabl.,250mg2494Dasabuvir 250 mgf.c.tabl.,250mg2494Dasabuvir 250 mgf.c.tabl.,250mg2494Dasabuvir 250 mgf.c.tabl.
50mg/ml1983Human Normal Immunoglobulin (ivig)human normal immunoglobulin (ivig). (1ml solution contains: protein 50mg of which = 95% is human immunoglobulin g, iga = 0.2mg. distribution of igg subclasses: igg1 ca. 60%, igg2 ca. 32%, igg3 ca. 7%, igg4 ca. 1%)solution for infusion,50mg/ml1983Human Normal Immunoglobulin (ivig)human normal immunoglobulin (ivig). (1ml solution contains: protein 50mg of which = 95% is human immunoglobulin g, iga = 0.2mg. distribution of igg subclasses: igg1 ca. 60%, igg2 ca. 32%, igg3 ca. 7%, igg4 ca. 1%)solution for infusion,50mg/ml1983Human Normal Immunoglobulin (ivig)human normal immunoglobulin (ivig). (1ml solution contains: protein 50mg of which = 95% is human immunoglobulin g, iga = 0.2mg. distribution of igg subclasses: igg1 ca. 60%, igg2 ca. 32%, igg3 ca. 7%, igg4 ca. 1%)solution for infusion,50mg/ml1983Human Normal Immunoglobulin (ivig)human normal immunoglobulin (ivig). (1ml solution contains: protein 50mg of which = 95% is human immunoglobulin g, iga = 0.2mg. distribution of igg subclasses: igg1 ca. 60%, igg2 ca. 32%, igg3 ca. 7%, igg4 ca. 1%)solution for infusion
50mg/ml1984Human Normal Immunoglobulin (ivig)human normal immunoglobulin (ivig). (1ml solution contains: protein 50mg of which = 95% is human immunoglobulin g, iga = 0.2mg. distribution of igg subclasses: igg1 ca. 60%, igg2 ca. 32%, igg3 ca. 7%, igg4 ca. 1%)solution for infusion,50mg/ml1984Human Normal Immunoglobulin (ivig)human normal immunoglobulin (ivig). (1ml solution contains: protein 50mg of which = 95% is human immunoglobulin g, iga = 0.2mg. distribution of igg subclasses: igg1 ca. 60%, igg2 ca. 32%, igg3 ca. 7%, igg4 ca. 1%)solution for infusion,50mg/ml1984Human Normal Immunoglobulin (ivig)human normal immunoglobulin (ivig). (1ml solution contains: protein 50mg of which = 95% is human immunoglobulin g, iga = 0.2mg. distribution of igg subclasses: igg1 ca. 60%, igg2 ca. 32%, igg3 ca. 7%, igg4 ca. 1%)solution for infusion,50mg/ml1984Human Normal Immunoglobulin (ivig)human normal immunoglobulin (ivig). (1ml solution contains: protein 50mg of which = 95% is human immunoglobulin g, iga = 0.2mg. distribution of igg subclasses: igg1 ca. 60%, igg2 ca. 32%, igg3 ca. 7%, igg4 ca. 1%)solution for infusion
1g/100g/50g1985Silver sulphadiazinecream,1g/100g/50g1985Silver sulphadiazinecream,1g/100g/50g1985Silver sulphadiazinecream,1g/100g/50g1985Silver sulphadiazinecream
1g/100g/500g1986Silver sulphadiazinecream,1g/100g/500g1986Silver sulphadiazinecream,1g/100g/500g1986Silver sulphadiazinecream,1g/100g/500g1986Silver sulphadiazinecream
500 iu/vial - 10ml1989Human Plasma Coagulation Factor IXpowder and solvent for solution for infusion,500 iu/vial - 10ml1989Human Plasma Coagulation Factor IXpowder and solvent for solution for infusion,500 iu/vial - 10ml1989Human Plasma Coagulation Factor IXpowder and solvent for solution for infusion,500 iu/vial - 10ml1989Human Plasma Coagulation Factor IXpowder and solvent for solution for infusion
,1990Fluocinolone acetonide 0.01% - 15g,1990Fluocinolone acetonide 0.01% - 15g,
100 units/ml2001Insulin Glulisinesolution for injection,100 units/ml2001Insulin Glulisinesolution for injection,100 units/ml2001Insulin Glulisinesolution for injection,100 units/ml2001Insulin Glulisinesolution for injection
200mg2006Nifuroxazidecapsule,200mg2006Nifuroxazidecapsule,200mg2006Nifuroxazidecapsule,200mg2006Nifuroxazidecapsule
(0.1g + 0.66g)/1ml2007Sodium amidotrizoate + meglumine amidotrizoatesolution for injection/infusion,(0.1g + 0.66g)/1ml2007Sodium amidotrizoate + meglumine amidotrizoatesolution for injection/infusion,(0.1g + 0.66g)/1ml2007Sodium amidotrizoate + meglumine amidotrizoatesolution for injection/infusion,(0.1g + 0.66g)/1ml2007Sodium amidotrizoate + meglumine amidotrizoatesolution for injection/infusion
0.9% - 10ml2011Sodium chloridenasal drops, solution,0.9% - 10ml2011Sodium chloridenasal drops, solution,0.9% - 10ml2011Sodium chloridenasal drops, solution,0.9% - 10ml2011Sodium chloridenasal drops, solution
10%2016Sodium chloridesolution for injection,10%2016Sodium chloridesolution for injection,10%2016Sodium chloridesolution for injection,10%2016Sodium chloridesolution for injection
(5.46g + 6g + 0.4g + 0.27g)/1000ml2029Sodium lactate 60% + sodium chloride + potassium chloride + calcium chloride dihydratesolution for infusion,(5.46g + 6g + 0.4g + 0.27g)/1000ml2029Sodium lactate 60% + sodium chloride + potassium chloride + calcium chloride dihydratesolution for infusion,(5.46g + 6g + 0.4g + 0.27g)/1000ml2029Sodium lactate 60% + sodium chloride + potassium chloride + calcium chloride dihydratesolution for infusion,(5.46g + 6g + 0.4g + 0.27g)/1000ml2029Sodium lactate 60% + sodium chloride + potassium chloride + calcium chloride dihydratesolution for infusion
1g/10ml2031Sodium thiosulphatesolution for injection,1g/10ml2031Sodium thiosulphatesolution for injection,1g/10ml2031Sodium thiosulphatesolution for injection,1g/10ml2031Sodium thiosulphatesolution for injection
200mg2037Sorafenibfilm-coated tablet,200mg2037Sorafenibfilm-coated tablet,200mg2037Sorafenibfilm-coated tablet,200mg2037Sorafenibfilm-coated tablet
10mg2038Sosorbide dinitratetablet,10mg2038Sosorbide dinitratetablet,10mg2038Sosorbide dinitratetablet,10mg2038Sosorbide dinitratetablet
200mg/500ml2039Soya-bean oil, refinedemulsion for infusion,200mg/500ml2039Soya-bean oil, refinedemulsion for infusion,200mg/500ml2039Soya-bean oil, refinedemulsion for infusion,200mg/500ml2039Soya-bean oil, refinedemulsion for infusion
0.05mg/10ml2047Sufentanylsolution for injection,0.05mg/10ml2047Sufentanylsolution for injection,0.05mg/10ml2047Sufentanylsolution for injection,0.05mg/10ml2047Sufentanylsolution for injection
40% (w/w)2049Sulfanilamideoromucosal suspension,40% (w/w)2049Sulfanilamideoromucosal suspension,40% (w/w)2049Sulfanilamideoromucosal suspension,40% (w/w)2049Sulfanilamideoromucosal suspension
250 lru2050Sulodexidecapsule, soft,250 lru2050Sulodexidecapsule, soft,250 lru2050Sulodexidecapsule, soft,250 lru2050Sulodexidecapsule, soft
50mg2053Sulpiridecapsule,50mg2053Sulpiridecapsule,50mg2053Sulpiridecapsule,50mg2053Sulpiridecapsule
,2064Methylprednisolone sodium succinate	1000mg/vialpowder and solvent for solution for injection/infusion,2064Methylprednisolone sodium succinate	1000mg/vialpowder and solvent for solution for injection/infusion,2064Methylprednisolone sodium succinate	1000mg/vialpowder and solvent for solution for injection/infusion
,2066Methylprednisolone sodium succinate	20mg/mlpowder and solvent for solution for injection/infusion,2066Methylprednisolone sodium succinate	20mg/mlpowder and solvent for solution for injection/infusion,2066Methylprednisolone sodium succinate	20mg/mlpowder and solvent for solution for injection/infusion
400mg2067Tegafurcapsule, hard,400mg2067Tegafurcapsule, hard,400mg2067Tegafurcapsule, hard,400mg2067Tegafurcapsule, hard
,2071Methylprednisolone sodium succinate	500mg/vialpowder and solvent for solution for injection,2071Methylprednisolone sodium succinate	500mg/vialpowder and solvent for solution for injection,2071Methylprednisolone sodium succinate	500mg/vialpowder and solvent for solution for injection
250mg2076Tenonitrozolegastro-resistant capsule, soft,250mg2076Tenonitrozolegastro-resistant capsule, soft,250mg2076Tenonitrozolegastro-resistant capsule, soft,250mg2076Tenonitrozolegastro-resistant capsule, soft
1000mg/4ml2086Testosterone undecanoatesolution for injection,1000mg/4ml2086Testosterone undecanoatesolution for injection,1000mg/4ml2086Testosterone undecanoatesolution for injection,1000mg/4ml2086Testosterone undecanoatesolution for injection
0.5% (w/v)2090Tetracaine hydrochlorideeye drops, solution,0.5% (w/v)2090Tetracaine hydrochlorideeye drops, solution,0.5% (w/v)2090Tetracaine hydrochlorideeye drops, solution,0.5% (w/v)2090Tetracaine hydrochlorideeye drops, solution
3%2091Tetracyclineointment,3%2091Tetracyclineointment,3%2091Tetracyclineointment,3%2091Tetracyclineointment
1%2092Tetracycline hydrochlorideeye ointment,1%2092Tetracycline hydrochlorideeye ointment,1%2092Tetracycline hydrochlorideeye ointment,1%2092Tetracycline hydrochlorideeye ointment
(5mg + 2mg + 2mg + 30mg)2099Thiamine hydrochloride + piridoxine hydrochloride + riboflavin + nicotinamidecoated tablet,(5mg + 2mg + 2mg + 30mg)2099Thiamine hydrochloride + piridoxine hydrochloride + riboflavin + nicotinamidecoated tablet,(5mg + 2mg + 2mg + 30mg)2099Thiamine hydrochloride + piridoxine hydrochloride + riboflavin + nicotinamidecoated tablet,(5mg + 2mg + 2mg + 30mg)2099Thiamine hydrochloride + piridoxine hydrochloride + riboflavin + nicotinamidecoated tablet
(40mg + 4mg + 8mg + 100mg + 10mg + 0.004mg)/ampoule2103Thiamine hydrochloride + riboflavine sodium phosphate + pyridoxine hydrochloride + nicotinamide + calcium pantothenate + cyanocobalaminlyophilisate for solution for injection,(40mg + 4mg + 8mg + 100mg + 10mg + 0.004mg)/ampoule2103Thiamine hydrochloride + riboflavine sodium phosphate + pyridoxine hydrochloride + nicotinamide + calcium pantothenate + cyanocobalaminlyophilisate for solution for injection,(40mg + 4mg + 8mg + 100mg + 10mg + 0.004mg)/ampoule2103Thiamine hydrochloride + riboflavine sodium phosphate + pyridoxine hydrochloride + nicotinamide + calcium pantothenate + cyanocobalaminlyophilisate for solution for injection,(40mg + 4mg + 8mg + 100mg + 10mg + 0.004mg)/ampoule2103Thiamine hydrochloride + riboflavine sodium phosphate + pyridoxine hydrochloride + nicotinamide + calcium pantothenate + cyanocobalaminlyophilisate for solution for injection
15mg + 10mg + 0.02mg2104Thiamine nitrate + pyridoxine hydrochloride + cyanocobalamincoated tablet,15mg + 10mg + 0.02mg2104Thiamine nitrate + pyridoxine hydrochloride + cyanocobalamincoated tablet,15mg + 10mg + 0.02mg2104Thiamine nitrate + pyridoxine hydrochloride + cyanocobalamincoated tablet,15mg + 10mg + 0.02mg2104Thiamine nitrate + pyridoxine hydrochloride + cyanocobalamincoated tablet
4mg/2ml2107Thiocolchicosidesolution for injection,4mg/2ml2107Thiocolchicosidesolution for injection,4mg/2ml2107Thiocolchicosidesolution for injection,4mg/2ml2107Thiocolchicosidesolution for injection
1g2109Thiopental sodiumpowder for injection,1g2109Thiopental sodiumpowder for injection,1g2109Thiopental sodiumpowder for injection,1g2109Thiopental sodiumpowder for injection
(120mg + 10mg)/g2110Thymi extract + potassium bromidesyrup,(120mg + 10mg)/g2110Thymi extract + potassium bromidesyrup,(120mg + 10mg)/g2110Thymi extract + potassium bromidesyrup,(120mg + 10mg)/g2110Thymi extract + potassium bromidesyrup
(0.5% + 0.1%)2114Timolol maleate + pilocarpine hydrochlorideeye drops, solution,(0.5% + 0.1%)2114Timolol maleate + pilocarpine hydrochlorideeye drops, solution,(0.5% + 0.1%)2114Timolol maleate + pilocarpine hydrochlorideeye drops, solution,(0.5% + 0.1%)2114Timolol maleate + pilocarpine hydrochlorideeye drops, solution
20000IU/2ml2115Tinzaparin sodiumsolution for injection,20000IU/2ml2115Tinzaparin sodiumsolution for injection,20000IU/2ml2115Tinzaparin sodiumsolution for injection,20000IU/2ml2115Tinzaparin sodiumsolution for injection
0.3%2117Tobramycineye drops, solution,0.3%2117Tobramycineye drops, solution,0.3%2117Tobramycineye drops, solution,0.3%2117Tobramycineye drops, solution
,2118Ibuprofen isobutanolammonium (ibuprofen	0.1%)vaginal solution,2118Ibuprofen isobutanolammonium (ibuprofen	0.1%)vaginal solution,2118Ibuprofen isobutanolammonium (ibuprofen	0.1%)vaginal solution
28mg2119Tobramycininhalation powder, hard capsule,28mg2119Tobramycininhalation powder, hard capsule,28mg2119Tobramycininhalation powder, hard capsule,28mg2119Tobramycininhalation powder, hard capsule
3mg/3ml2125Ibandronic Acidsolution for injection,3mg/3ml2125Ibandronic Acidsolution for injection,3mg/3ml2125Ibandronic Acidsolution for injection,3mg/3ml2125Ibandronic Acidsolution for injection
200mg2127Topiramatefilm-coated tablet,200mg2127Topiramatefilm-coated tablet,200mg2127Topiramatefilm-coated tablet,200mg2127Topiramatefilm-coated tablet
25mg2128Topiramatefilm-coated tablet,25mg2128Topiramatefilm-coated tablet,25mg2128Topiramatefilm-coated tablet,25mg2128Topiramatefilm-coated tablet
6mg/6ml2129Ibandronic Acidconcentrate for solution for infusion,6mg/6ml2129Ibandronic Acidconcentrate for solution for infusion,6mg/6ml2129Ibandronic Acidconcentrate for solution for infusion,6mg/6ml2129Ibandronic Acidconcentrate for solution for infusion
50mg/ml2131Human plasma proteins [thereof immunoglobulin g = 95% with antibodies to hbs-antigen 50 iu/ml. distribution of igg subclasses: 59% (igg1), 36% (igg2), 3% (igg3), 2% (igg4). the iga content is limited to = 2.5mg/ml]solution for infusion,50mg/ml2131Human plasma proteins [thereof immunoglobulin g = 95% with antibodies to hbs-antigen 50 iu/ml. distribution of igg subclasses: 59% (igg1), 36% (igg2), 3% (igg3), 2% (igg4). the iga content is limited to = 2.5mg/ml]solution for infusion,50mg/ml2131Human plasma proteins [thereof immunoglobulin g = 95% with antibodies to hbs-antigen 50 iu/ml. distribution of igg subclasses: 59% (igg1), 36% (igg2), 3% (igg3), 2% (igg4). the iga content is limited to = 2.5mg/ml]solution for infusion,50mg/ml2131Human plasma proteins [thereof immunoglobulin g = 95% with antibodies to hbs-antigen 50 iu/ml. distribution of igg subclasses: 59% (igg1), 36% (igg2), 3% (igg3), 2% (igg4). the iga content is limited to = 2.5mg/ml]solution for infusion
30g2134Ichthammol 10% - 30gointment,30g2134Ichthammol 10% - 30gointment,30g2134Ichthammol 10% - 30gointment,30g2134Ichthammol 10% - 30gointment
50mg/ml2135Human plasma proteins [thereof immunoglobulin g = 95% with antibodies to hbs-antigen 50 iu/ml. distribution of igg subclasses: 59% (igg1), 36% (igg2), 3% (igg3), 2% (igg4). the iga content is limited to = 2.5mg/ml]solutiin for infusion,50mg/ml2135Human plasma proteins [thereof immunoglobulin g = 95% with antibodies to hbs-antigen 50 iu/ml. distribution of igg subclasses: 59% (igg1), 36% (igg2), 3% (igg3), 2% (igg4). the iga content is limited to = 2.5mg/ml]solutiin for infusion,50mg/ml2135Human plasma proteins [thereof immunoglobulin g = 95% with antibodies to hbs-antigen 50 iu/ml. distribution of igg subclasses: 59% (igg1), 36% (igg2), 3% (igg3), 2% (igg4). the iga content is limited to = 2.5mg/ml]solutiin for infusion,50mg/ml2135Human plasma proteins [thereof immunoglobulin g = 95% with antibodies to hbs-antigen 50 iu/ml. distribution of igg subclasses: 59% (igg1), 36% (igg2), 3% (igg3), 2% (igg4). the iga content is limited to = 2.5mg/ml]solutiin for infusion
50 mg/ml2139Human plasma proteins [thereof immunoglobulin g = 95% with antibodies to hbs-antigen 50 iu/ml. distribution of igg subclasses: 59% (igg1), 36% (igg2), 3% (igg3), 2% (igg4). the iga content is limited to = 2.5mg/ml]solution for infusion,50 mg/ml2139Human plasma proteins [thereof immunoglobulin g = 95% with antibodies to hbs-antigen 50 iu/ml. distribution of igg subclasses: 59% (igg1), 36% (igg2), 3% (igg3), 2% (igg4). the iga content is limited to = 2.5mg/ml]solution for infusion,50 mg/ml2139Human plasma proteins [thereof immunoglobulin g = 95% with antibodies to hbs-antigen 50 iu/ml. distribution of igg subclasses: 59% (igg1), 36% (igg2), 3% (igg3), 2% (igg4). the iga content is limited to = 2.5mg/ml]solution for infusion,50 mg/ml2139Human plasma proteins [thereof immunoglobulin g = 95% with antibodies to hbs-antigen 50 iu/ml. distribution of igg subclasses: 59% (igg1), 36% (igg2), 3% (igg3), 2% (igg4). the iga content is limited to = 2.5mg/ml]solution for infusion
50 mg/ml2142Human plasma proteins [thereof immunoglobulin g = 95% with antibodies to hbs-antigen 50 iu/ml. distribution of igg subclasses: 59% (igg1), 36% (igg2), 3% (igg3), 2% (igg4). the iga content is limited to = 2.5mg/ml]solution for infusion,50 mg/ml2142Human plasma proteins [thereof immunoglobulin g = 95% with antibodies to hbs-antigen 50 iu/ml. distribution of igg subclasses: 59% (igg1), 36% (igg2), 3% (igg3), 2% (igg4). the iga content is limited to = 2.5mg/ml]solution for infusion,50 mg/ml2142Human plasma proteins [thereof immunoglobulin g = 95% with antibodies to hbs-antigen 50 iu/ml. distribution of igg subclasses: 59% (igg1), 36% (igg2), 3% (igg3), 2% (igg4). the iga content is limited to = 2.5mg/ml]solution for infusion,50 mg/ml2142Human plasma proteins [thereof immunoglobulin g = 95% with antibodies to hbs-antigen 50 iu/ml. distribution of igg subclasses: 59% (igg1), 36% (igg2), 3% (igg3), 2% (igg4). the iga content is limited to = 2.5mg/ml]solution for infusion
50 mg/ml2149Human plasma proteins [thereof immunoglobulin g = 95% with antibodies to hbs-antigen 50 iu/ml. distribution of igg subclasses: 59% (igg1), 36% (igg2), 3% (igg3), 2% (igg4). the iga content is limited to = 2.5mg/ml]solution for infusion,50 mg/ml2149Human plasma proteins [thereof immunoglobulin g = 95% with antibodies to hbs-antigen 50 iu/ml. distribution of igg subclasses: 59% (igg1), 36% (igg2), 3% (igg3), 2% (igg4). the iga content is limited to = 2.5mg/ml]solution for infusion,50 mg/ml2149Human plasma proteins [thereof immunoglobulin g = 95% with antibodies to hbs-antigen 50 iu/ml. distribution of igg subclasses: 59% (igg1), 36% (igg2), 3% (igg3), 2% (igg4). the iga content is limited to = 2.5mg/ml]solution for infusion,50 mg/ml2149Human plasma proteins [thereof immunoglobulin g = 95% with antibodies to hbs-antigen 50 iu/ml. distribution of igg subclasses: 59% (igg1), 36% (igg2), 3% (igg3), 2% (igg4). the iga content is limited to = 2.5mg/ml]solution for infusion
300mcg/2ml2151Human plasma proteins contains at least 90% immunoglobulin with antibodies against erythrocytes rho (d)powder and solvent for solution for injection,300mcg/2ml2151Human plasma proteins contains at least 90% immunoglobulin with antibodies against erythrocytes rho (d)powder and solvent for solution for injection,300mcg/2ml2151Human plasma proteins contains at least 90% immunoglobulin with antibodies against erythrocytes rho (d)powder and solvent for solution for injection,300mcg/2ml2151Human plasma proteins contains at least 90% immunoglobulin with antibodies against erythrocytes rho (d)powder and solvent for solution for injection
(50mg + 6mg + 6mg + 38mg)/ml2153Human plasma proteins thereof immunoglobulin at least 95% + immunoglobulin m (igm) + immunoglobulin a (iga) + immunoglobulin g (igg)solution for infusion,(50mg + 6mg + 6mg + 38mg)/ml2153Human plasma proteins thereof immunoglobulin at least 95% + immunoglobulin m (igm) + immunoglobulin a (iga) + immunoglobulin g (igg)solution for infusion,(50mg + 6mg + 6mg + 38mg)/ml2153Human plasma proteins thereof immunoglobulin at least 95% + immunoglobulin m (igm) + immunoglobulin a (iga) + immunoglobulin g (igg)solution for infusion,(50mg + 6mg + 6mg + 38mg)/ml2153Human plasma proteins thereof immunoglobulin at least 95% + immunoglobulin m (igm) + immunoglobulin a (iga) + immunoglobulin g (igg)solution for infusion
50g/1000ml2161Human plasma proteins with not less than 96% albuminsolution for infusion,50g/1000ml2161Human plasma proteins with not less than 96% albuminsolution for infusion,50g/1000ml2161Human plasma proteins with not less than 96% albuminsolution for infusion,50g/1000ml2161Human plasma proteins with not less than 96% albuminsolution for infusion
,2162Hydrocortisone + Oxytetracycline hydrochloride (1% + 3%) w/w - 5g,2162Hydrocortisone + Oxytetracycline hydrochloride (1% + 3%) w/w - 5g,
,2163Hydrocortisone + Oxytetracycline hydrochloride (1% + 3%) w/w - 20g,2163Hydrocortisone + Oxytetracycline hydrochloride (1% + 3%) w/w - 20g,
not less than 106.0 ccid50 / 1 dose (1.5ml)2164Human rotavirus rix4414 strain (live, attenuated)oral suspension,not less than 106.0 ccid50 / 1 dose (1.5ml)2164Human rotavirus rix4414 strain (live, attenuated)oral suspension,not less than 106.0 ccid50 / 1 dose (1.5ml)2164Human rotavirus rix4414 strain (live, attenuated)oral suspension,not less than 106.0 ccid50 / 1 dose (1.5ml)2164Human rotavirus rix4414 strain (live, attenuated)oral suspension
,2165Ifosfamide 1g/vial,2165Ifosfamide 1g/vial,
,2168Inadacaterol + Glycopyrronium 110mcg + 50mcg,2168Inadacaterol + Glycopyrronium 110mcg + 50mcg,
50mg/ml1981Human Normal Immunoglobulin (ivig)human normal immunoglobulin (ivig). (1ml solution contains: protein 50mg of which = 95% is human immunoglobulin g, iga = 0.2mg. distribution of igg subclasses: igg1 ca. 60%, igg2 ca. 32%, igg3 ca. 7%, igg4 ca. 1%)solution for infusion,50mg/ml1981Human Normal Immunoglobulin (ivig)human normal immunoglobulin (ivig). (1ml solution contains: protein 50mg of which = 95% is human immunoglobulin g, iga = 0.2mg. distribution of igg subclasses: igg1 ca. 60%, igg2 ca. 32%, igg3 ca. 7%, igg4 ca. 1%)solution for infusion,50mg/ml1981Human Normal Immunoglobulin (ivig)human normal immunoglobulin (ivig). (1ml solution contains: protein 50mg of which = 95% is human immunoglobulin g, iga = 0.2mg. distribution of igg subclasses: igg1 ca. 60%, igg2 ca. 32%, igg3 ca. 7%, igg4 ca. 1%)solution for infusion,50mg/ml1981Human Normal Immunoglobulin (ivig)human normal immunoglobulin (ivig). (1ml solution contains: protein 50mg of which = 95% is human immunoglobulin g, iga = 0.2mg. distribution of igg subclasses: igg1 ca. 60%, igg2 ca. 32%, igg3 ca. 7%, igg4 ca. 1%)solution for infusion
(20mcg + 20mcg)/0.5ml1987Human Papillomavirus type 16 l1 protein + human papillomavirus type 18 l1 proteinsuspension for injection,(20mcg + 20mcg)/0.5ml1987Human Papillomavirus type 16 l1 protein + human papillomavirus type 18 l1 proteinsuspension for injection,(20mcg + 20mcg)/0.5ml1987Human Papillomavirus type 16 l1 protein + human papillomavirus type 18 l1 proteinsuspension for injection,(20mcg + 20mcg)/0.5ml1987Human Papillomavirus type 16 l1 protein + human papillomavirus type 18 l1 proteinsuspension for injection
100 units/ml2005Insulin Glulisinesolution for injection,100 units/ml2005Insulin Glulisinesolution for injection,100 units/ml2005Insulin Glulisinesolution for injection,100 units/ml2005Insulin Glulisinesolution for injection
0.84g/10ml2008Sodium bicarbonatesolution for injection,0.84g/10ml2008Sodium bicarbonatesolution for injection,0.84g/10ml2008Sodium bicarbonatesolution for injection,0.84g/10ml2008Sodium bicarbonatesolution for injection
0.9%/1000ml2012Sodium chloridesolution for infusion,0.9%/1000ml2012Sodium chloridesolution for infusion,0.9%/1000ml2012Sodium chloridesolution for infusion,0.9%/1000ml2012Sodium chloridesolution for infusion
0.9%/500ml2013Sodium chloridesolution for infusion,0.9%/500ml2013Sodium chloridesolution for infusion,0.9%/500ml2013Sodium chloridesolution for infusion,0.9%/500ml2013Sodium chloridesolution for infusion
0.9%/250ml2014Sodium chloridesolution for infusion,0.9%/250ml2014Sodium chloridesolution for infusion,0.9%/250ml2014Sodium chloridesolution for infusion,0.9%/250ml2014Sodium chloridesolution for infusion
(6g + 0.3g + 0.2g + 6.2g)/1000ml/500ml2020Sodium chloride / potassium chloride / calcium chloride dihydrate / sodium lactate solutionsolution for infusion,(6g + 0.3g + 0.2g + 6.2g)/1000ml/500ml2020Sodium chloride / potassium chloride / calcium chloride dihydrate / sodium lactate solutionsolution for infusion,(6g + 0.3g + 0.2g + 6.2g)/1000ml/500ml2020Sodium chloride / potassium chloride / calcium chloride dihydrate / sodium lactate solutionsolution for infusion,(6g + 0.3g + 0.2g + 6.2g)/1000ml/500ml2020Sodium chloride / potassium chloride / calcium chloride dihydrate / sodium lactate solutionsolution for infusion
500mg2023Sodium chondroitin sulfatecapsule,500mg2023Sodium chondroitin sulfatecapsule,500mg2023Sodium chondroitin sulfatecapsule,500mg2023Sodium chondroitin sulfatecapsule
(20.8 + 7.8)g/130ml2030Sodium phosphate monobasic monohydrate + sodium phosphate dibasic heptahydraterectal solution,(20.8 + 7.8)g/130ml2030Sodium phosphate monobasic monohydrate + sodium phosphate dibasic heptahydraterectal solution,(20.8 + 7.8)g/130ml2030Sodium phosphate monobasic monohydrate + sodium phosphate dibasic heptahydraterectal solution,(20.8 + 7.8)g/130ml2030Sodium phosphate monobasic monohydrate + sodium phosphate dibasic heptahydraterectal solution
5mg2034Solifenacin succinatefilm-coated tablet,5mg2034Solifenacin succinatefilm-coated tablet,5mg2034Solifenacin succinatefilm-coated tablet,5mg2034Solifenacin succinatefilm-coated tablet
4%2055Nifuroxazideoral suspension,4%2055Nifuroxazideoral suspension,4%2055Nifuroxazideoral suspension,4%2055Nifuroxazideoral suspension
200 units2065Taliglucerase alfapowder for solution for infusion,200 units2065Taliglucerase alfapowder for solution for infusion,200 units2065Taliglucerase alfapowder for solution for infusion,200 units2065Taliglucerase alfapowder for solution for infusion
100mg2073Temozolomidecapsule,100mg2073Temozolomidecapsule,100mg2073Temozolomidecapsule,100mg2073Temozolomidecapsule
250mg2074Temozolomidecapsule,250mg2074Temozolomidecapsule,250mg2074Temozolomidecapsule,250mg2074Temozolomidecapsule
20mg2075Temozolomidecapsule,20mg2075Temozolomidecapsule,20mg2075Temozolomidecapsule,20mg2075Temozolomidecapsule
5mg2096Thiamazoletablet,5mg2096Thiamazoletablet,5mg2096Thiamazoletablet,5mg2096Thiamazoletablet
50mg + 0.35mg2170Iron (as dried ferrous sulphate) + folic acid, anhydrouscoated tablet,50mg + 0.35mg2170Iron (as dried ferrous sulphate) + folic acid, anhydrouscoated tablet,50mg + 0.35mg2170Iron (as dried ferrous sulphate) + folic acid, anhydrouscoated tablet,50mg + 0.35mg2170Iron (as dried ferrous sulphate) + folic acid, anhydrouscoated tablet
,2171Iloprost 20mcg/1ml,2171Iloprost 20mcg/1ml,
,2172Imiglucerase 400units/vial,2172Imiglucerase 400units/vial,
500mg/5ml2173Tranexamic acidsolution for injection,500mg/5ml2173Tranexamic acidsolution for injection,500mg/5ml2173Tranexamic acidsolution for injection,500mg/5ml2173Tranexamic acidsolution for injection
25mg2174Indometacine 25mg,25mg2174Indometacine 25mg,25mg2174Indometacine 25mg,
50mg2175Indometacine 50mg,50mg2175Indometacine 50mg,50mg2175Indometacine 50mg,
(50mg + 1.33mg + 0.7mg)/10ml2176Iron (as ferrous gluconate) + manganese (as manganese gluconate) + copper (as copper gluconate)oral solution,(50mg + 1.33mg + 0.7mg)/10ml2176Iron (as ferrous gluconate) + manganese (as manganese gluconate) + copper (as copper gluconate)oral solution,(50mg + 1.33mg + 0.7mg)/10ml2176Iron (as ferrous gluconate) + manganese (as manganese gluconate) + copper (as copper gluconate)oral solution,(50mg + 1.33mg + 0.7mg)/10ml2176Iron (as ferrous gluconate) + manganese (as manganese gluconate) + copper (as copper gluconate)oral solution
,2186Iron (ferric hydroxide polymaltose complex) 100mg,2186Iron (ferric hydroxide polymaltose complex) 100mg,
(2mg + 20mg)/1g2190Triamcinolone acetonide + salicylic acidsolution for external use,(2mg + 20mg)/1g2190Triamcinolone acetonide + salicylic acidsolution for external use,(2mg + 20mg)/1g2190Triamcinolone acetonide + salicylic acidsolution for external use,(2mg + 20mg)/1g2190Triamcinolone acetonide + salicylic acidsolution for external use
25mg + 12.5mg2191Triamterene + hydrochlorothiazidetablet,25mg + 12.5mg2191Triamterene + hydrochlorothiazidetablet,25mg + 12.5mg2191Triamterene + hydrochlorothiazidetablet,25mg + 12.5mg2191Triamterene + hydrochlorothiazidetablet
1g/100ml/150ml2194Triclocarbansolution for external use,1g/100ml/150ml2194Triclocarbansolution for external use,1g/100ml/150ml2194Triclocarbansolution for external use,1g/100ml/150ml2194Triclocarbansolution for external use
1g/100ml/400ml2195Triclocarbansolution for external use,1g/100ml/400ml2195Triclocarbansolution for external use,1g/100ml/400ml2195Triclocarbansolution for external use,1g/100ml/400ml2195Triclocarbansolution for external use
300mg2197Trimebutine maleateprolonged release film-coated tablet,300mg2197Trimebutine maleateprolonged release film-coated tablet,300mg2197Trimebutine maleateprolonged release film-coated tablet,300mg2197Trimebutine maleateprolonged release film-coated tablet
(160mg + 800mg)2199Trimethoprim + sulphamethoxazoletablet,(160mg + 800mg)2199Trimethoprim + sulphamethoxazoletablet,(160mg + 800mg)2199Trimethoprim + sulphamethoxazoletablet,(160mg + 800mg)2199Trimethoprim + sulphamethoxazoletablet
20mg/g2202Ketoconazole	cream,20mg/g2202Ketoconazole	cream,20mg/g2202Ketoconazole	cream,20mg/g2202Ketoconazole	cream
,2203Irinotecan 100mg/5ml,2203Irinotecan 100mg/5ml,
20mg/g2205Ketoconazole	shampoo,20mg/g2205Ketoconazole	shampoo,20mg/g2205Ketoconazole	shampoo,20mg/g2205Ketoconazole	shampoo
2%2210Ketoconazole	2%	gel,2%2210Ketoconazole	2%	gel,2%2210Ketoconazole	2%	gel,2%2210Ketoconazole	2%	gel
,2211Irinotecan 40mg/2ml,2211Irinotecan 40mg/2ml,
357mg/5ml2212Iron polimaltose complexoral solution,357mg/5ml2212Iron polimaltose complexoral solution,357mg/5ml2212Iron polimaltose complexoral solution,357mg/5ml2212Iron polimaltose complexoral solution
(40mg + 0.185mg)/15ml - vial2213Iron proteinsuccinylate + calcium folinate pentahydrateoral solution,(40mg + 0.185mg)/15ml - vial2213Iron proteinsuccinylate + calcium folinate pentahydrateoral solution,(40mg + 0.185mg)/15ml - vial2213Iron proteinsuccinylate + calcium folinate pentahydrateoral solution,(40mg + 0.185mg)/15ml - vial2213Iron proteinsuccinylate + calcium folinate pentahydrateoral solution
,2215Ipidacrine 5mg/ml - 1ml,2215Ipidacrine 5mg/ml - 1ml,
,2216Ipidacrine 15mg/ml - 1ml,2216Ipidacrine 15mg/ml - 1ml,
(30mg/g + 20mg/g)2222Troxerutin + indometacingel,(30mg/g + 20mg/g)2222Troxerutin + indometacingel,(30mg/g + 20mg/g)2222Troxerutin + indometacingel,(30mg/g + 20mg/g)2222Troxerutin + indometacingel
,2223Iodide 0.3mg,2223Iodide 0.3mg,
,2226Iomeprol 300mg/ml - 50ml,2226Iomeprol 300mg/ml - 50ml,
,2227Iomeprol 300mg/ml - 100ml,2227Iomeprol 300mg/ml - 100ml,
,2228Iomeprol 350mg/ml - 50ml,2228Iomeprol 350mg/ml - 50ml,
,2229Iomeprol 350mg/ml - 100ml,2229Iomeprol 350mg/ml - 100ml,
,2230Iomeprol 350mg/ml - 150ml,2230Iomeprol 350mg/ml - 150ml,
,2231Iomeprol 350mg/ml - 200ml,2231Iomeprol 350mg/ml - 200ml,
,2232Iomeprol 350mg/ml - 500ml,2232Iomeprol 350mg/ml - 500ml,
,2233Iomeprol 400mg/ml - 50ml,2233Iomeprol 400mg/ml - 50ml,
,2234Iomeprol 400mg/ml - 100ml,2234Iomeprol 400mg/ml - 100ml,
,2235Iomeprol 400mg/ml - 150ml,2235Iomeprol 400mg/ml - 150ml,
,2236Iomeprol 400mg/ml - 200ml,2236Iomeprol 400mg/ml - 200ml,
,2237Iomeprol 400mg/ml - 500ml,2237Iomeprol 400mg/ml - 500ml,
(0.1mg + 1mg + 10mg)/g2238Tyrothricin + prednisolone + tetracaine hydrochlorideear drops, solution,(0.1mg + 1mg + 10mg)/g2238Tyrothricin + prednisolone + tetracaine hydrochlorideear drops, solution,(0.1mg + 1mg + 10mg)/g2238Tyrothricin + prednisolone + tetracaine hydrochlorideear drops, solution,(0.1mg + 1mg + 10mg)/g2238Tyrothricin + prednisolone + tetracaine hydrochlorideear drops, solution
50mg/20ml2239Uman normal immunoglobulin 50mg/ml. human proteins 50g/lsolution for infusion,50mg/20ml2239Uman normal immunoglobulin 50mg/ml. human proteins 50g/lsolution for infusion,50mg/20ml2239Uman normal immunoglobulin 50mg/ml. human proteins 50g/lsolution for infusion,50mg/20ml2239Uman normal immunoglobulin 50mg/ml. human proteins 50g/lsolution for infusion
,2240Iopromide 370mg/ml - 100ml,2240Iopromide 370mg/ml - 100ml,
,2241Iopromide 370mg/ml - 200ml,2241Iopromide 370mg/ml - 200ml,
,2242Iopromide 623.40mg/ml - 50ml,2242Iopromide 623.40mg/ml - 50ml,
,2243Iopromide 623.40mg/ml - 100ml,2243Iopromide 623.40mg/ml - 100ml,
50mg/50ml2244Uman normal immunoglobulin 50mg/ml. human proteins 50g/lsolution for infusion,50mg/50ml2244Uman normal immunoglobulin 50mg/ml. human proteins 50g/lsolution for infusion,50mg/50ml2244Uman normal immunoglobulin 50mg/ml. human proteins 50g/lsolution for infusion,50mg/50ml2244Uman normal immunoglobulin 50mg/ml. human proteins 50g/lsolution for infusion
50mg/100ml2245Uman normal immunoglobulin 50mg/ml. human proteins 50g/lsolution for infusion,50mg/100ml2245Uman normal immunoglobulin 50mg/ml. human proteins 50g/lsolution for infusion,50mg/100ml2245Uman normal immunoglobulin 50mg/ml. human proteins 50g/lsolution for infusion,50mg/100ml2245Uman normal immunoglobulin 50mg/ml. human proteins 50g/lsolution for infusion
,2248Ioversol 678mg/ml - 50ml,2248Ioversol 678mg/ml - 50ml,
,2249Ioversol 741mg/ml - 50ml,2249Ioversol 741mg/ml - 50ml,
,2250Ioversol 741mg/ml - 100ml,2250Ioversol 741mg/ml - 100ml,
,2251Ioversol 741mg/ml - 200ml,2251Ioversol 741mg/ml - 200ml,
55mcg + 22mcg2252Umeclidinum + vilanterolinhalation powder, pre-dispensed,55mcg + 22mcg2252Umeclidinum + vilanterolinhalation powder, pre-dispensed,55mcg + 22mcg2252Umeclidinum + vilanterolinhalation powder, pre-dispensed,55mcg + 22mcg2252Umeclidinum + vilanterolinhalation powder, pre-dispensed
70mg2256Silymarine 70mg,70mg2256Silymarine 70mg,70mg2256Silymarine 70mg,
140mg2257Silymarine 140mg,140mg2257Silymarine 140mg,140mg2257Silymarine 140mg,
(200.2mg + 45.5mg)2258Valerianae radix (extract) + hop strobile (extract)film-coated tablet,(200.2mg + 45.5mg)2258Valerianae radix (extract) + hop strobile (extract)film-coated tablet,(200.2mg + 45.5mg)2258Valerianae radix (extract) + hop strobile (extract)film-coated tablet,(200.2mg + 45.5mg)2258Valerianae radix (extract) + hop strobile (extract)film-coated tablet
,2261Fentanyl 100mcg/h,2261Fentanyl 100mcg/h,
,2262Fentanyl 75mcg/h,2262Fentanyl 75mcg/h,
,2265Filgrastim 120mcg/0.2ml,2265Filgrastim 120mcg/0.2ml,
,2266Filgrastim 300mcg/0.5ml,2266Filgrastim 300mcg/0.5ml,
,2267Filgrastim 480mcg/0.5ml,2267Filgrastim 480mcg/0.5ml,
99.9% w/w2268Isoflurane		inhalation vapour, liquid,99.9% w/w2268Isoflurane		inhalation vapour, liquid,99.9% w/w2268Isoflurane		inhalation vapour, liquid,99.9% w/w2268Isoflurane		inhalation vapour, liquid
320mg2270Valsartanfilm-coated tablet,320mg2270Valsartanfilm-coated tablet,320mg2270Valsartanfilm-coated tablet,320mg2270Valsartanfilm-coated tablet
40mg2271Isosorbide mononitrate		tablet,40mg2271Isosorbide mononitrate		tablet,40mg2271Isosorbide mononitrate		tablet,40mg2271Isosorbide mononitrate		tablet
20mg2274Isosorbide mononitrate, diluted		tablet,20mg2274Isosorbide mononitrate, diluted		tablet,20mg2274Isosorbide mononitrate, diluted		tablet,20mg2274Isosorbide mononitrate, diluted		tablet
500mg/vial2275Vancomycinpowder for infusion,500mg/vial2275Vancomycinpowder for infusion,500mg/vial2275Vancomycinpowder for infusion,500mg/vial2275Vancomycinpowder for infusion
1g/vial2276Vancomycinpowder for infusion,1g/vial2276Vancomycinpowder for infusion,1g/vial2276Vancomycinpowder for infusion,1g/vial2276Vancomycinpowder for infusion
(99.5mg + 0.3g)/100ml2277Varuminoral solution,(99.5mg + 0.3g)/100ml2277Varuminoral solution,(99.5mg + 0.3g)/100ml2277Varuminoral solution,(99.5mg + 0.3g)/100ml2277Varuminoral solution
,2279Fluocinolone acetonide + Neomycin sulfate (0.025% + 0.5%) (w/v) - 10ml,2279Fluocinolone acetonide + Neomycin sulfate (0.025% + 0.5%) (w/v) - 10ml,
100mg/2.5ml	2282Ketoprofen	powder and solvent for solution for injection,100mg/2.5ml	2282Ketoprofen	powder and solvent for solution for injection,100mg/2.5ml	2282Ketoprofen	powder and solvent for solution for injection,100mg/2.5ml	2282Ketoprofen	powder and solvent for solution for injection
5% (w/w)	2285Ketoprofen	cream,5% (w/w)	2285Ketoprofen	cream,5% (w/w)	2285Ketoprofen	cream,5% (w/w)	2285Ketoprofen	cream
160mg/2ml	2287Ketoprofen (ketoprofen lysine)	solution for injection,160mg/2ml	2287Ketoprofen (ketoprofen lysine)	solution for injection,160mg/2ml	2287Ketoprofen (ketoprofen lysine)	solution for injection,160mg/2ml	2287Ketoprofen (ketoprofen lysine)	solution for injection
37.5mg2288Venlafaxinetablet,37.5mg2288Venlafaxinetablet,37.5mg2288Venlafaxinetablet,37.5mg2288Venlafaxinetablet
75mg2289Venlafaxinemodified-release capsule, hard,75mg2289Venlafaxinemodified-release capsule, hard,75mg2289Venlafaxinemodified-release capsule, hard,75mg2289Venlafaxinemodified-release capsule, hard
2%2026Sodium fusidateointment,2%2026Sodium fusidateointment,2%2026Sodium fusidateointment,2%2026Sodium fusidateointment
100mg2056Sumatriptan (as sumatriptan succinate)film-coated tablet,100mg2056Sumatriptan (as sumatriptan succinate)film-coated tablet,100mg2056Sumatriptan (as sumatriptan succinate)film-coated tablet,100mg2056Sumatriptan (as sumatriptan succinate)film-coated tablet
,2068Methylprednisolone sodium succinate	250mgpowder and solvent for solution for injection,2068Methylprednisolone sodium succinate	250mgpowder and solvent for solution for injection,2068Methylprednisolone sodium succinate	250mgpowder and solvent for solution for injection
20mg/g - 40g2087Miconazoleoral gel,20mg/g - 40g2087Miconazoleoral gel,20mg/g - 40g2087Miconazoleoral gel,20mg/g - 40g2087Miconazoleoral gel
(20mg + 10mg)/g - 15g2089Miconazole nitrate + hydrocortisonecream,(20mg + 10mg)/g - 15g2089Miconazole nitrate + hydrocortisonecream,(20mg + 10mg)/g - 15g2089Miconazole nitrate + hydrocortisonecream,(20mg + 10mg)/g - 15g2089Miconazole nitrate + hydrocortisonecream
150mg2290Venlafaxinemodified-release capsule, hard,150mg2290Venlafaxinemodified-release capsule, hard,150mg2290Venlafaxinemodified-release capsule, hard,150mg2290Venlafaxinemodified-release capsule, hard
,2291Fluticasone furoate + Vilanterol (184mcg + 22mcg)/delivered dose - 30 doses,2291Fluticasone furoate + Vilanterol (184mcg + 22mcg)/delivered dose - 30 doses,
,2293Fluticasone furoate + Vilanterol (92mcg + 22mcg)/delivered dose - 30 doses,2293Fluticasone furoate + Vilanterol (92mcg + 22mcg)/delivered dose - 30 doses,
80mg/sachet	2294Ketoprofen (ketoprofen lysine)	granules for oral solution,80mg/sachet	2294Ketoprofen (ketoprofen lysine)	granules for oral solution,80mg/sachet	2294Ketoprofen (ketoprofen lysine)	granules for oral solution,80mg/sachet	2294Ketoprofen (ketoprofen lysine)	granules for oral solution
,2296Cyproterone acetate + Ethinylestradiol 2mg + 0.035mg,2296Cyproterone acetate + Ethinylestradiol 2mg + 0.035mg,
240mg + 4mg2297Verapamil hydrochloride + trandolaprilmodified-release tablet,240mg + 4mg2297Verapamil hydrochloride + trandolaprilmodified-release tablet,240mg + 4mg2297Verapamil hydrochloride + trandolaprilmodified-release tablet,240mg + 4mg2297Verapamil hydrochloride + trandolaprilmodified-release tablet
15%	2298Ketoprofen lysine (ketoprofen lysine)	cutaneous foam,15%	2298Ketoprofen lysine (ketoprofen lysine)	cutaneous foam,15%	2298Ketoprofen lysine (ketoprofen lysine)	cutaneous foam,15%	2298Ketoprofen lysine (ketoprofen lysine)	cutaneous foam
30mg	2300Ketoprofen lysine	suppository,30mg	2300Ketoprofen lysine	suppository,30mg	2300Ketoprofen lysine	suppository,30mg	2300Ketoprofen lysine	suppository
,2302Echinacea 88.5mg,2302Echinacea 88.5mg,
1mg/vial2306Vincristine sulphatepowder for solution for injection/infusion,1mg/vial2306Vincristine sulphatepowder for solution for injection/infusion,1mg/vial2306Vincristine sulphatepowder for solution for injection/infusion,1mg/vial2306Vincristine sulphatepowder for solution for injection/infusion
,2310Urticae radix 125mg,2310Urticae radix 125mg,
10mg/5ml2312Vinorelbine (as vinorelbine tartrate)concentrate for solution for infusion,10mg/5ml2312Vinorelbine (as vinorelbine tartrate)concentrate for solution for infusion,10mg/5ml2312Vinorelbine (as vinorelbine tartrate)concentrate for solution for infusion,10mg/5ml2312Vinorelbine (as vinorelbine tartrate)concentrate for solution for infusion
100 u/ml (approximately 0.58mg)2313Laronidase		concentrate for solution for infusion,100 u/ml (approximately 0.58mg)2313Laronidase		concentrate for solution for infusion,100 u/ml (approximately 0.58mg)2313Laronidase		concentrate for solution for infusion,100 u/ml (approximately 0.58mg)2313Laronidase		concentrate for solution for infusion
,2316Vit. a (retinol) (in form of vit. a palmitate 250 cws) + vit. b1 (thiamine nitrate) (corresp. to thiamine hydrochloride 1.6mg) + vit. b2 (riboflavine) + vit. b6 (pyridoxine hydrochloride) + vit. b12 (cyanocobalamin) + vit. c (ascorbic acid) (in form of cafilm-coated tablet,2316Vit. a (retinol) (in form of vit. a palmitate 250 cws) + vit. b1 (thiamine nitrate) (corresp. to thiamine hydrochloride 1.6mg) + vit. b2 (riboflavine) + vit. b6 (pyridoxine hydrochloride) + vit. b12 (cyanocobalamin) + vit. c (ascorbic acid) (in form of cafilm-coated tablet,2316Vit. a (retinol) (in form of vit. a palmitate 250 cws) + vit. b1 (thiamine nitrate) (corresp. to thiamine hydrochloride 1.6mg) + vit. b2 (riboflavine) + vit. b6 (pyridoxine hydrochloride) + vit. b12 (cyanocobalamin) + vit. c (ascorbic acid) (in form of cafilm-coated tablet
0.05mg + 5mg/ml	2317Latanoprost +Timololeye drops,0.05mg + 5mg/ml	2317Latanoprost +Timololeye drops,0.05mg + 5mg/ml	2317Latanoprost +Timololeye drops,0.05mg + 5mg/ml	2317Latanoprost +Timololeye drops
(600 iu + 80 iu + 10mg + 0.25mg + 0.3mg + 0.3mg + 0.2mcg + 3mg + 1.2mg + 0.04mg + 12.5mg + 10mg)2318Vit. a + vit. d3 + vit. c + vit. b1 + vit. b2 + vitamin b6 + vit. b12 + nicotinamide + calcium pantothenate + folic acid + calcium + phosphoruscoated tablet,(600 iu + 80 iu + 10mg + 0.25mg + 0.3mg + 0.3mg + 0.2mcg + 3mg + 1.2mg + 0.04mg + 12.5mg + 10mg)2318Vit. a + vit. d3 + vit. c + vit. b1 + vit. b2 + vitamin b6 + vit. b12 + nicotinamide + calcium pantothenate + folic acid + calcium + phosphoruscoated tablet,(600 iu + 80 iu + 10mg + 0.25mg + 0.3mg + 0.3mg + 0.2mcg + 3mg + 1.2mg + 0.04mg + 12.5mg + 10mg)2318Vit. a + vit. d3 + vit. c + vit. b1 + vit. b2 + vitamin b6 + vit. b12 + nicotinamide + calcium pantothenate + folic acid + calcium + phosphoruscoated tablet,(600 iu + 80 iu + 10mg + 0.25mg + 0.3mg + 0.3mg + 0.2mcg + 3mg + 1.2mg + 0.04mg + 12.5mg + 10mg)2318Vit. a + vit. d3 + vit. c + vit. b1 + vit. b2 + vitamin b6 + vit. b12 + nicotinamide + calcium pantothenate + folic acid + calcium + phosphoruscoated tablet
(12mg + 240mg)/20cm x 30cm2322Hyaluronic acid sodium salt + Silver sulphadiazine (sodium hyaluronate / sulfadiazine silver)		impregnated pad,(12mg + 240mg)/20cm x 30cm2322Hyaluronic acid sodium salt + Silver sulphadiazine (sodium hyaluronate / sulfadiazine silver)		impregnated pad,(12mg + 240mg)/20cm x 30cm2322Hyaluronic acid sodium salt + Silver sulphadiazine (sodium hyaluronate / sulfadiazine silver)		impregnated pad,(12mg + 240mg)/20cm x 30cm2322Hyaluronic acid sodium salt + Silver sulphadiazine (sodium hyaluronate / sulfadiazine silver)		impregnated pad
(100mg + 50mg + 0.5mg)/2ml2323Vitamin b1 + vitamin b6 + vitamin b12solution for injection,(100mg + 50mg + 0.5mg)/2ml2323Vitamin b1 + vitamin b6 + vitamin b12solution for injection,(100mg + 50mg + 0.5mg)/2ml2323Vitamin b1 + vitamin b6 + vitamin b12solution for injection,(100mg + 50mg + 0.5mg)/2ml2323Vitamin b1 + vitamin b6 + vitamin b12solution for injection
(2mg + 40mg)/10cm x 10cm	2324Hyaluronic acid sodium salt + Silver sulphadiazine (sodium hyaluronate / sulfadiazine silver )	impregnated pad,(2mg + 40mg)/10cm x 10cm	2324Hyaluronic acid sodium salt + Silver sulphadiazine (sodium hyaluronate / sulfadiazine silver )	impregnated pad,(2mg + 40mg)/10cm x 10cm	2324Hyaluronic acid sodium salt + Silver sulphadiazine (sodium hyaluronate / sulfadiazine silver )	impregnated pad,(2mg + 40mg)/10cm x 10cm	2324Hyaluronic acid sodium salt + Silver sulphadiazine (sodium hyaluronate / sulfadiazine silver )	impregnated pad
1g/10ml	2335Levocarnitine	oral solution,1g/10ml	2335Levocarnitine	oral solution,1g/10ml	2335Levocarnitine	oral solution,1g/10ml	2335Levocarnitine	oral solution
1g/5ml	2337Levocarnitine	solution for injection,1g/5ml	2337Levocarnitine	solution for injection,1g/5ml	2337Levocarnitine	solution for injection,1g/5ml	2337Levocarnitine	solution for injection
(1g + 0.5mg)/vial - 50ml	2352Lidocaine hydrochloride + Epinephrine (as epinephrine bitartrate)solution for injection,(1g + 0.5mg)/vial - 50ml	2352Lidocaine hydrochloride + Epinephrine (as epinephrine bitartrate)solution for injection,(1g + 0.5mg)/vial - 50ml	2352Lidocaine hydrochloride + Epinephrine (as epinephrine bitartrate)solution for injection,(1g + 0.5mg)/vial - 50ml	2352Lidocaine hydrochloride + Epinephrine (as epinephrine bitartrate)solution for injection
40mg/2ml2348Lidocaine hydrochloride monohydrate		solution for injection,40mg/2ml2348Lidocaine hydrochloride monohydrate		solution for injection,40mg/2ml2348Lidocaine hydrochloride monohydrate		solution for injection,40mg/2ml2348Lidocaine hydrochloride monohydrate		solution for injection
40mg/2ml + 0.025mg/2ml	2349Lidocaine hydrochloride monohydrate + Epinephrine bitartrate	solution for injection,40mg/2ml + 0.025mg/2ml	2349Lidocaine hydrochloride monohydrate + Epinephrine bitartrate	solution for injection,40mg/2ml + 0.025mg/2ml	2349Lidocaine hydrochloride monohydrate + Epinephrine bitartrate	solution for injection,40mg/2ml + 0.025mg/2ml	2349Lidocaine hydrochloride monohydrate + Epinephrine bitartrate	solution for injection
1.5% + 1%) w/w	2353Lidocaine hydrochloride +Hydrocortisone acetate	(cream,1.5% + 1%) w/w	2353Lidocaine hydrochloride +Hydrocortisone acetate	(cream,1.5% + 1%) w/w	2353Lidocaine hydrochloride +Hydrocortisone acetate	(cream,1.5% + 1%) w/w	2353Lidocaine hydrochloride +Hydrocortisone acetate	(cream
,2354Nystatine 100.000 ie/ml - 48ml,2354Nystatine 100.000 ie/ml - 48ml,
(7.53g + 7.53g)/100g	2367Liquid extract of thyme herb + Liquid extract of ribwort plantain leaves		syrup,(7.53g + 7.53g)/100g	2367Liquid extract of thyme herb + Liquid extract of ribwort plantain leaves		syrup,(7.53g + 7.53g)/100g	2367Liquid extract of thyme herb + Liquid extract of ribwort plantain leaves		syrup,(7.53g + 7.53g)/100g	2367Liquid extract of thyme herb + Liquid extract of ribwort plantain leaves		syrup
100mg/5ml2368Ibuprofen 100mg/5ml syrupsyrup,100mg/5ml2368Ibuprofen 100mg/5ml syrupsyrup,100mg/5ml2368Ibuprofen 100mg/5ml syrupsyrup,100mg/5ml2368Ibuprofen 100mg/5ml syrupsyrup
,2373Mometasone Furoate 50mcg/actuation - 18g,2373Mometasone Furoate 50mcg/actuation - 18g,
0.9%/2000ml2371Sodium chloridesolution for infusion,0.9%/2000ml2371Sodium chloridesolution for infusion,0.9%/2000ml2371Sodium chloridesolution for infusion,0.9%/2000ml2371Sodium chloridesolution for infusion
,2374Paracetamol 120mg/5ml - 120mloral solution,2374Paracetamol 120mg/5ml - 120mloral solution,2374Paracetamol 120mg/5ml - 120mloral solution
,2375Naphazoline nitrate 0.1% - 10mlnasal drops, solution,2375Naphazoline nitrate 0.1% - 10mlnasal drops, solution,2375Naphazoline nitrate 0.1% - 10mlnasal drops, solution
,2376Naphazoline nitrate 1mg/ml - 10mlnasal spray, solution,2376Naphazoline nitrate 1mg/ml - 10mlnasal spray, solution,2376Naphazoline nitrate 1mg/ml - 10mlnasal spray, solution
(0.5% + 0.1%) - 20g2379Neomycin + Dexamethasone (0.5% + 0.1%) - 20gointment,(0.5% + 0.1%) - 20g2379Neomycin + Dexamethasone (0.5% + 0.1%) - 20gointment,(0.5% + 0.1%) - 20g2379Neomycin + Dexamethasone (0.5% + 0.1%) - 20gointment,(0.5% + 0.1%) - 20g2379Neomycin + Dexamethasone (0.5% + 0.1%) - 20gointment
,2381Poliovirus type 1, Mahpney strain (inactivated) + (Poliovirus type 2, mef - 1 Strain (inactivated) + Poliovirus type 3, Saukett strain (inactivated/0.5ml)suspension for injection in pre-filled syringe,2381Poliovirus type 1, Mahpney strain (inactivated) + (Poliovirus type 2, mef - 1 Strain (inactivated) + Poliovirus type 3, Saukett strain (inactivated/0.5ml)suspension for injection in pre-filled syringe,2381Poliovirus type 1, Mahpney strain (inactivated) + (Poliovirus type 2, mef - 1 Strain (inactivated) + Poliovirus type 3, Saukett strain (inactivated/0.5ml)suspension for injection in pre-filled syringe
,2383a/ california/7/2009(h1ni1)pdm09-like strain (a/california/7/2009, x-181); a/texas/50/2012(h3n2)-like strain (a/texas/50/2012, x-223a); b/massachusetts/2/2012-like strain (b/massachusetts/2/2012, bx-51b)suspension for injection,2383a/ california/7/2009(h1ni1)pdm09-like strain (a/california/7/2009, x-181); a/texas/50/2012(h3n2)-like strain (a/texas/50/2012, x-223a); b/massachusetts/2/2012-like strain (b/massachusetts/2/2012, bx-51b)suspension for injection,2383a/ california/7/2009(h1ni1)pdm09-like strain (a/california/7/2009, x-181); a/texas/50/2012(h3n2)-like strain (a/texas/50/2012, x-223a); b/massachusetts/2/2012-like strain (b/massachusetts/2/2012, bx-51b)suspension for injection
2.000,00 mio cfu2385Lyophilized viable lactic acid bacteria + Bifidobacterium animalis subsp. lactis 2.000,00 mio cfucapsule,2.000,00 mio cfu2385Lyophilized viable lactic acid bacteria + Bifidobacterium animalis subsp. lactis 2.000,00 mio cfucapsule,2.000,00 mio cfu2385Lyophilized viable lactic acid bacteria + Bifidobacterium animalis subsp. lactis 2.000,00 mio cfucapsule,2.000,00 mio cfu2385Lyophilized viable lactic acid bacteria + Bifidobacterium animalis subsp. lactis 2.000,00 mio cfucapsule
(15mcg + 15mcg + 15mcg)/0.5ml2386a/california/7/2009 (h1n1) pdm09-like strain [variant a/christchurch/16/2010 (nib-74xpl)] a/victoria/361/2011 (h3n2)-like strain [variant a/victoria/361/2011 (ivr-165)] a/wisconsin/1/2010-like strain [variant b/hubei-wujiangang/158/2009 (nymc bx-39)]suspension for injection,(15mcg + 15mcg + 15mcg)/0.5ml2386a/california/7/2009 (h1n1) pdm09-like strain [variant a/christchurch/16/2010 (nib-74xpl)] a/victoria/361/2011 (h3n2)-like strain [variant a/victoria/361/2011 (ivr-165)] a/wisconsin/1/2010-like strain [variant b/hubei-wujiangang/158/2009 (nymc bx-39)]suspension for injection,(15mcg + 15mcg + 15mcg)/0.5ml2386a/california/7/2009 (h1n1) pdm09-like strain [variant a/christchurch/16/2010 (nib-74xpl)] a/victoria/361/2011 (h3n2)-like strain [variant a/victoria/361/2011 (ivr-165)] a/wisconsin/1/2010-like strain [variant b/hubei-wujiangang/158/2009 (nymc bx-39)]suspension for injection,(15mcg + 15mcg + 15mcg)/0.5ml2386a/california/7/2009 (h1n1) pdm09-like strain [variant a/christchurch/16/2010 (nib-74xpl)] a/victoria/361/2011 (h3n2)-like strain [variant a/victoria/361/2011 (ivr-165)] a/wisconsin/1/2010-like strain [variant b/hubei-wujiangang/158/2009 (nymc bx-39)]suspension for injection
(15mcg + 15mcg + 15mcg)/0.5ml2388a/california/7/2009(h1n1): derived strain used nymc x-179a a/perth/16/2009(h3n2): like strain used nymc x-187 derived from a/victoria/210/2009 b/brisbane/60/2008suspension for injection in pre-filled syringe,(15mcg + 15mcg + 15mcg)/0.5ml2388a/california/7/2009(h1n1): derived strain used nymc x-179a a/perth/16/2009(h3n2): like strain used nymc x-187 derived from a/victoria/210/2009 b/brisbane/60/2008suspension for injection in pre-filled syringe,(15mcg + 15mcg + 15mcg)/0.5ml2388a/california/7/2009(h1n1): derived strain used nymc x-179a a/perth/16/2009(h3n2): like strain used nymc x-187 derived from a/victoria/210/2009 b/brisbane/60/2008suspension for injection in pre-filled syringe,(15mcg + 15mcg + 15mcg)/0.5ml2388a/california/7/2009(h1n1): derived strain used nymc x-179a a/perth/16/2009(h3n2): like strain used nymc x-187 derived from a/victoria/210/2009 b/brisbane/60/2008suspension for injection in pre-filled syringe
,2389Methylprednisolonepowder and solvent for solution for injection/infusion,2389Methylprednisolonepowder and solvent for solution for injection/infusion,2389Methylprednisolonepowder and solvent for solution for injection/infusion
5%2392Alanine + Arginine + Glycine + Histidine + Isoleucine + Leucine + Lysine acetate + Methionine + Phenylalanine + Proline + Serine + Taurine + Threonine + Tryptophan + Tyrosine + Valinesolution for infusion,5%2392Alanine + Arginine + Glycine + Histidine + Isoleucine + Leucine + Lysine acetate + Methionine + Phenylalanine + Proline + Serine + Taurine + Threonine + Tryptophan + Tyrosine + Valinesolution for infusion,5%2392Alanine + Arginine + Glycine + Histidine + Isoleucine + Leucine + Lysine acetate + Methionine + Phenylalanine + Proline + Serine + Taurine + Threonine + Tryptophan + Tyrosine + Valinesolution for infusion,5%2392Alanine + Arginine + Glycine + Histidine + Isoleucine + Leucine + Lysine acetate + Methionine + Phenylalanine + Proline + Serine + Taurine + Threonine + Tryptophan + Tyrosine + Valinesolution for infusion
5%2394Alanine +Arginine + Glycine + Histidine + Isoleucine + Leucine + Lysine acetate + Methionine + Phenylalanine + Proline + Serine + Taurine +Threonine + Tryptophan +Tyrosine + Valinesolution for infusion,5%2394Alanine +Arginine + Glycine + Histidine + Isoleucine + Leucine + Lysine acetate + Methionine + Phenylalanine + Proline + Serine + Taurine +Threonine + Tryptophan +Tyrosine + Valinesolution for infusion,5%2394Alanine +Arginine + Glycine + Histidine + Isoleucine + Leucine + Lysine acetate + Methionine + Phenylalanine + Proline + Serine + Taurine +Threonine + Tryptophan +Tyrosine + Valinesolution for infusion,5%2394Alanine +Arginine + Glycine + Histidine + Isoleucine + Leucine + Lysine acetate + Methionine + Phenylalanine + Proline + Serine + Taurine +Threonine + Tryptophan +Tyrosine + Valinesolution for infusion
,2396Vitamin/mineral Preparation - 500ml,2396Vitamin/mineral Preparation - 500ml,
(1mg/ml + 0.5mg/ml + 2.5mg/ml + 0.05mg/ml)2398Neomycin sulfate + Naphazoline nitrate + Phenylephrine chlorhydrate + Gramicidin (1mg/ml + 0.5mg/ml + 2.5mg/ml + 0.05mg/ml) - 15mlnasal spray, solution,(1mg/ml + 0.5mg/ml + 2.5mg/ml + 0.05mg/ml)2398Neomycin sulfate + Naphazoline nitrate + Phenylephrine chlorhydrate + Gramicidin (1mg/ml + 0.5mg/ml + 2.5mg/ml + 0.05mg/ml) - 15mlnasal spray, solution,(1mg/ml + 0.5mg/ml + 2.5mg/ml + 0.05mg/ml)2398Neomycin sulfate + Naphazoline nitrate + Phenylephrine chlorhydrate + Gramicidin (1mg/ml + 0.5mg/ml + 2.5mg/ml + 0.05mg/ml) - 15mlnasal spray, solution,(1mg/ml + 0.5mg/ml + 2.5mg/ml + 0.05mg/ml)2398Neomycin sulfate + Naphazoline nitrate + Phenylephrine chlorhydrate + Gramicidin (1mg/ml + 0.5mg/ml + 2.5mg/ml + 0.05mg/ml) - 15mlnasal spray, solution
(24.8mg + 6.2mg + 15mg + 3mg + 4mg + 10mg + 4mg)2399Alpha pinene + Beta pinene + Camphene + Cineol + Fenchone +Borneol +Anetholegastro-resistant capsule, soft,(24.8mg + 6.2mg + 15mg + 3mg + 4mg + 10mg + 4mg)2399Alpha pinene + Beta pinene + Camphene + Cineol + Fenchone +Borneol +Anetholegastro-resistant capsule, soft,(24.8mg + 6.2mg + 15mg + 3mg + 4mg + 10mg + 4mg)2399Alpha pinene + Beta pinene + Camphene + Cineol + Fenchone +Borneol +Anetholegastro-resistant capsule, soft,(24.8mg + 6.2mg + 15mg + 3mg + 4mg + 10mg + 4mg)2399Alpha pinene + Beta pinene + Camphene + Cineol + Fenchone +Borneol +Anetholegastro-resistant capsule, soft
(13.6g + 3.4g + 5g + 2g + 6g + 32g + 5g) / 100g2402Alpha pinene +Beta pinene + Camphene + Cineol + Menthone + Menthol + Borneoloral drops, solution,(13.6g + 3.4g + 5g + 2g + 6g + 32g + 5g) / 100g2402Alpha pinene +Beta pinene + Camphene + Cineol + Menthone + Menthol + Borneoloral drops, solution,(13.6g + 3.4g + 5g + 2g + 6g + 32g + 5g) / 100g2402Alpha pinene +Beta pinene + Camphene + Cineol + Menthone + Menthol + Borneoloral drops, solution,(13.6g + 3.4g + 5g + 2g + 6g + 32g + 5g) / 100g2402Alpha pinene +Beta pinene + Camphene + Cineol + Menthone + Menthol + Borneoloral drops, solution
,2404DTPA-ipv-hib pentavalent vaccine powder and suspension for suspension for injection,2404DTPA-ipv-hib pentavalent vaccine powder and suspension for suspension for injection,2404DTPA-ipv-hib pentavalent vaccine powder and suspension for suspension for injection
,2405DTPA-ipv-hib vaccinepowder and suspension for suspension for injection,2405DTPA-ipv-hib vaccinepowder and suspension for suspension for injection,2405DTPA-ipv-hib vaccinepowder and suspension for suspension for injection
2500iu/50ml1959Human hepatitis b immunoglobulin. 1ml solution obtained by reconstituting contains human proteins 50mg of which human immunoglobulins at least 95% with anibodies to the hbs antigen (anti-hbs) not less than 50 iupowder and solvent for solution for infusion,2500iu/50ml1959Human hepatitis b immunoglobulin. 1ml solution obtained by reconstituting contains human proteins 50mg of which human immunoglobulins at least 95% with anibodies to the hbs antigen (anti-hbs) not less than 50 iupowder and solvent for solution for infusion,2500iu/50ml1959Human hepatitis b immunoglobulin. 1ml solution obtained by reconstituting contains human proteins 50mg of which human immunoglobulins at least 95% with anibodies to the hbs antigen (anti-hbs) not less than 50 iupowder and solvent for solution for infusion,2500iu/50ml1959Human hepatitis b immunoglobulin. 1ml solution obtained by reconstituting contains human proteins 50mg of which human immunoglobulins at least 95% with anibodies to the hbs antigen (anti-hbs) not less than 50 iupowder and solvent for solution for infusion
,1960Fluorine ion 0.25mg,1960Fluorine ion 0.25mg,
,1961Fluorine ion 1mg,1961Fluorine ion 1mg,
500iu/10ml1962Human hepatitis b immunoglobulin. 1ml solution obtained by reconstituting contains human proteins 50mg of which human immunoglobulins at least 95% with anibodies to the hbs antigen (anti-hbs) not less than 50 iupowder and solvent for solution for infusion,500iu/10ml1962Human hepatitis b immunoglobulin. 1ml solution obtained by reconstituting contains human proteins 50mg of which human immunoglobulins at least 95% with anibodies to the hbs antigen (anti-hbs) not less than 50 iupowder and solvent for solution for infusion,500iu/10ml1962Human hepatitis b immunoglobulin. 1ml solution obtained by reconstituting contains human proteins 50mg of which human immunoglobulins at least 95% with anibodies to the hbs antigen (anti-hbs) not less than 50 iupowder and solvent for solution for infusion,500iu/10ml1962Human hepatitis b immunoglobulin. 1ml solution obtained by reconstituting contains human proteins 50mg of which human immunoglobulins at least 95% with anibodies to the hbs antigen (anti-hbs) not less than 50 iupowder and solvent for solution for infusion
,1963Fluorouracil 50mg/1ml - 5ml,1963Fluorouracil 50mg/1ml - 5ml,
100iu/ml1964Human Insulin (recombinant human insulin isophane biphasic)suspension for injection in cartridge,100iu/ml1964Human Insulin (recombinant human insulin isophane biphasic)suspension for injection in cartridge,100iu/ml1964Human Insulin (recombinant human insulin isophane biphasic)suspension for injection in cartridge,100iu/ml1964Human Insulin (recombinant human insulin isophane biphasic)suspension for injection in cartridge
,1965Fluorouracil 50mg/1ml - 10ml,1965Fluorouracil 50mg/1ml - 10ml,
100mg/ml1968Human Normal Immunoglobulin (human immunoglobulin g)solution for infusion,100mg/ml1968Human Normal Immunoglobulin (human immunoglobulin g)solution for infusion,100mg/ml1968Human Normal Immunoglobulin (human immunoglobulin g)solution for infusion,100mg/ml1968Human Normal Immunoglobulin (human immunoglobulin g)solution for infusion
100mg/ml1969Human Normal Immunoglobulin (human immunoglobulin g)solution for infusion,100mg/ml1969Human Normal Immunoglobulin (human immunoglobulin g)solution for infusion,100mg/ml1969Human Normal Immunoglobulin (human immunoglobulin g)solution for infusion,100mg/ml1969Human Normal Immunoglobulin (human immunoglobulin g)solution for infusion
,1970Flurbiprofen 100mg,1970Flurbiprofen 100mg,
,1972Fluticasone propionate 50mcg/dose - 120 dose,1972Fluticasone propionate 50mcg/dose - 120 dose,
160mg/ml1974Human Normal Immunoglobulinsolution for injection,160mg/ml1974Human Normal Immunoglobulinsolution for injection,160mg/ml1974Human Normal Immunoglobulinsolution for injection,160mg/ml1974Human Normal Immunoglobulinsolution for injection
,1381Crizotinib 200mg,1381Crizotinib 200mg,
51.43mg/4ml1396Phloroglucinol dihydrate (eq. anhydrous phloroglucinol x 40mg/4ml)solution for injection,51.43mg/4ml1396Phloroglucinol dihydrate (eq. anhydrous phloroglucinol x 40mg/4ml)solution for injection,51.43mg/4ml1396Phloroglucinol dihydrate (eq. anhydrous phloroglucinol x 40mg/4ml)solution for injection,51.43mg/4ml1396Phloroglucinol dihydrate (eq. anhydrous phloroglucinol x 40mg/4ml)solution for injection
,1421Deflazacort 6mg,1421Deflazacort 6mg,
,1426Desloratadine 5mg,1426Desloratadine 5mg,
,1429Levetiracetam	250mg,1429Levetiracetam	250mg,
,1430Levetiracetam 1000mg,1430Levetiracetam 1000mg,
,1451Lapatinib 250mg,1451Lapatinib 250mg,
,1463Lansoprazole 15mg,1463Lansoprazole 15mg,
,1464Lansoprazole 30mg,1464Lansoprazole 30mg,
,1465Diclofenac sodium 1.5% - 30g,1465Diclofenac sodium 1.5% - 30g,
[2.6g + 0.11g + (0.34-0.66g)]/5g1469Plantago ovata seeds + ispaghula husks + tinnevelly senna podsgranules,[2.6g + 0.11g + (0.34-0.66g)]/5g1469Plantago ovata seeds + ispaghula husks + tinnevelly senna podsgranules,[2.6g + 0.11g + (0.34-0.66g)]/5g1469Plantago ovata seeds + ispaghula husks + tinnevelly senna podsgranules,[2.6g + 0.11g + (0.34-0.66g)]/5g1469Plantago ovata seeds + ispaghula husks + tinnevelly senna podsgranules
,1488Dexibuprofen 200mg,1488Dexibuprofen 200mg,
10%1496Povidone iodinecutaneous solution,10%1496Povidone iodinecutaneous solution,10%1496Povidone iodinecutaneous solution,10%1496Povidone iodinecutaneous solution
,1517Ketorolac 30mg/ml - 1ml,1517Ketorolac 30mg/ml - 1ml,
100mg/1000ml1537Povidone iodinesolution for external use,100mg/1000ml1537Povidone iodinesolution for external use,100mg/1000ml1537Povidone iodinesolution for external use,100mg/1000ml1537Povidone iodinesolution for external use
1g/100g1544Pramocaine hydrochloridegel,1g/100g1544Pramocaine hydrochloridegel,1g/100g1544Pramocaine hydrochloridegel,1g/100g1544Pramocaine hydrochloridegel
100mg/amp.1550Prednisolone-21-hydrogen succinatepowder and solvent for solution for injection,100mg/amp.1550Prednisolone-21-hydrogen succinatepowder and solvent for solution for injection,100mg/amp.1550Prednisolone-21-hydrogen succinatepowder and solvent for solution for injection,100mg/amp.1550Prednisolone-21-hydrogen succinatepowder and solvent for solution for injection
,1555Disodium clodronate anhydrate 800mg,1555Disodium clodronate anhydrate 800mg,
(30mg + 20mg + 50mg)/ml1562Procaine hydrochloride + phenol + phenazoneear drops, solution,(30mg + 20mg + 50mg)/ml1562Procaine hydrochloride + phenol + phenazoneear drops, solution,(30mg + 20mg + 50mg)/ml1562Procaine hydrochloride + phenol + phenazoneear drops, solution,(30mg + 20mg + 50mg)/ml1562Procaine hydrochloride + phenol + phenazoneear drops, solution
,1578Promestriene 10mgvaginal capsule, soft,1578Promestriene 10mgvaginal capsule, soft,1578Promestriene 10mgvaginal capsule, soft
50mg/2ml1580Promethazine hydrochloridesolution for injection,50mg/2ml1580Promethazine hydrochloridesolution for injection,50mg/2ml1580Promethazine hydrochloridesolution for injection,50mg/2ml1580Promethazine hydrochloridesolution for injection
,1583Doxazosin (as doxazosin mesylate) 2mg,1583Doxazosin (as doxazosin mesylate) 2mg,
,1585Doxepin 10mg,1585Doxepin 10mg,
,1587Doxophylline 20mg/ml,1587Doxophylline 20mg/ml,
,1595Drospirenone + ethinylestradiol (3mg + 0.03mg),1595Drospirenone + ethinylestradiol (3mg + 0.03mg),
,1605Elementary iron 100mg/2ml,1605Elementary iron 100mg/2ml,
(0.03g + 0.08g + 0.10g + 0.10g + 0.10g + 0.04g)1624Ephedrine hydrochloride + lidocaine hydrochloride + bismuth subgallate + zinc oxide + peru balsam + castor oilsuppository,(0.03g + 0.08g + 0.10g + 0.10g + 0.10g + 0.04g)1624Ephedrine hydrochloride + lidocaine hydrochloride + bismuth subgallate + zinc oxide + peru balsam + castor oilsuppository,(0.03g + 0.08g + 0.10g + 0.10g + 0.10g + 0.04g)1624Ephedrine hydrochloride + lidocaine hydrochloride + bismuth subgallate + zinc oxide + peru balsam + castor oilsuppository,(0.03g + 0.08g + 0.10g + 0.10g + 0.10g + 0.04g)1624Ephedrine hydrochloride + lidocaine hydrochloride + bismuth subgallate + zinc oxide + peru balsam + castor oilsuppository
,1625Epinephrine bitartrate 1mg/ml,1625Epinephrine bitartrate 1mg/ml,
,1637Epoetin beta 30 000 IU/0.6ml,1637Epoetin beta 30 000 IU/0.6ml,
,1639Glyceryl trinitrate 15mg/24hrstransdermal patch,1639Glyceryl trinitrate 15mg/24hrstransdermal patch,1639Glyceryl trinitrate 15mg/24hrstransdermal patch
,1673Proteinated silver 2%nasal drops, solution,1673Proteinated silver 2%nasal drops, solution,1673Proteinated silver 2%nasal drops, solution
,1684Quetiapine 100mgfilm-coated tablet,1684Quetiapine 100mgfilm-coated tablet,1684Quetiapine 100mgfilm-coated tablet
,1687Quetiapine 300mgfilm-coated tablet,1687Quetiapine 300mgfilm-coated tablet,1687Quetiapine 300mgfilm-coated tablet
,1689Quifenadine hydrochloride 10mgtablet,1689Quifenadine hydrochloride 10mgtablet,1689Quifenadine hydrochloride 10mgtablet
3mg/3ml1691Granisetron hydrochloridesolution for infusion,3mg/3ml1691Granisetron hydrochloridesolution for infusion,3mg/3ml1691Granisetron hydrochloridesolution for infusion,3mg/3ml1691Granisetron hydrochloridesolution for infusion
,1704Ramipril 1.5mgtablet,1704Ramipril 1.5mgtablet,1704Ramipril 1.5mgtablet
,1711Ramipril 2.5mgtablet,1711Ramipril 2.5mgtablet,1711Ramipril 2.5mgtablet
,1731Etifoxine hydrochloride 50mg,1731Etifoxine hydrochloride 50mg,
,1732Etodolac 200mg,1732Etodolac 200mg,
,1733Etodolac 400mg,1733Etodolac 400mg,
,1734Etodolac 600mg,1734Etodolac 600mg,
,1749Etoposide 100mg/5ml,1749Etoposide 100mg/5ml,
,1753Etoposide 20mg/1ml - 2.5ml,1753Etoposide 20mg/1ml - 2.5ml,
,1754Etoposide 20mg/1ml - 5ml,1754Etoposide 20mg/1ml - 5ml,
1.2g/vial1774Amoxicilline + clavulanic acid,1.2g/vial1774Amoxicilline + clavulanic acid,1.2g/vial1774Amoxicilline + clavulanic acid,
(13.6g + 5.38g + 4.48g + 184mg + 51mg)/1l1780Anhydrous glucose + sodium chloride + sodium lactate + calcium chloride + magnesium chloride,(13.6g + 5.38g + 4.48g + 184mg + 51mg)/1l1780Anhydrous glucose + sodium chloride + sodium lactate + calcium chloride + magnesium chloride,(13.6g + 5.38g + 4.48g + 184mg + 51mg)/1l1780Anhydrous glucose + sodium chloride + sodium lactate + calcium chloride + magnesium chloride,
(40mg/ml + 10mcg/ml)1788Articaine hydrochloride + epinephrine (as epinephrine hydrochloride x 12mcg/ml),(40mg/ml + 10mcg/ml)1788Articaine hydrochloride + epinephrine (as epinephrine hydrochloride x 12mcg/ml),(40mg/ml + 10mcg/ml)1788Articaine hydrochloride + epinephrine (as epinephrine hydrochloride x 12mcg/ml),
,1793Risperidone 0.5mgorodispersible tablet,1793Risperidone 0.5mgorodispersible tablet,1793Risperidone 0.5mgorodispersible tablet
,1794Risedronate sodium 35mgfilm-coated tablet,1794Risedronate sodium 35mgfilm-coated tablet,1794Risedronate sodium 35mgfilm-coated tablet
100mg + 100mg1796Benfotiamine + Pyridoxine hydrochloride,100mg + 100mg1796Benfotiamine + Pyridoxine hydrochloride,100mg + 100mg1796Benfotiamine + Pyridoxine hydrochloride,
(0.01% + 0.2%) - 10g1797Benzalkonium chloride + Carbopol 980eye gel,(0.01% + 0.2%) - 10g1797Benzalkonium chloride + Carbopol 980eye gel,(0.01% + 0.2%) - 10g1797Benzalkonium chloride + Carbopol 980eye gel,(0.01% + 0.2%) - 10g1797Benzalkonium chloride + Carbopol 980eye gel
,1804Benzalkonium chloride 10% - 50ml,1804Benzalkonium chloride 10% - 50ml,
,1805Risperidone 1mg/150mloral solution,1805Risperidone 1mg/150mloral solution,1805Risperidone 1mg/150mloral solution
(10mg + 5mg + 2mg + 2mg)1808Borax + benzocaine + menthol + eucalyptus oil,(10mg + 5mg + 2mg + 2mg)1808Borax + benzocaine + menthol + eucalyptus oil,(10mg + 5mg + 2mg + 2mg)1808Borax + benzocaine + menthol + eucalyptus oil,
,1810Risperidone 3mgfilm-coated tablet,1810Risperidone 3mgfilm-coated tablet,1810Risperidone 3mgfilm-coated tablet
,1811Risperidone 4mgfilm-coated tablet,1811Risperidone 4mgfilm-coated tablet,1811Risperidone 4mgfilm-coated tablet
250mg + 100mg + 100mg + 10mg1814Bufexamac + bismuth subgallate +titanium dioxide +lidocaine hydrochloride monohydratesuppository,250mg + 100mg + 100mg + 10mg1814Bufexamac + bismuth subgallate +titanium dioxide +lidocaine hydrochloride monohydratesuppository,250mg + 100mg + 100mg + 10mg1814Bufexamac + bismuth subgallate +titanium dioxide +lidocaine hydrochloride monohydratesuppository,250mg + 100mg + 100mg + 10mg1814Bufexamac + bismuth subgallate +titanium dioxide +lidocaine hydrochloride monohydratesuppository
,1815Ritonavir 100mgfilm-coated tablet,1815Ritonavir 100mgfilm-coated tablet,1815Ritonavir 100mgfilm-coated tablet
,1816Calcitonin, salmon 100 IU/dose - 4ml,1816Calcitonin, salmon 100 IU/dose - 4ml,
,1817Calcitonin, salmon 100 IU/dose - 5ml,1817Calcitonin, salmon 100 IU/dose - 5ml,
,1819Calcitonin, salmon 100 IU/1ml,1819Calcitonin, salmon 100 IU/1ml,
(0.05g + 0.015g) - 55ml1822Chlorhexidine digluconate + tetracaine hydrochloride,(0.05g + 0.015g) - 55ml1822Chlorhexidine digluconate + tetracaine hydrochloride,(0.05g + 0.015g) - 55ml1822Chlorhexidine digluconate + tetracaine hydrochloride,
,1824Chlorhexidine gluconate 0.11% - 40ml,1824Chlorhexidine gluconate 0.11% - 40ml,
1.97% w/w + 1.47% w/w + 5.910% w/w + 12.8% w/w1826Eucalyptus oil + turpentine oil + menthol + methyl salicylate,1.97% w/w + 1.47% w/w + 5.910% w/w + 12.8% w/w1826Eucalyptus oil + turpentine oil + menthol + methyl salicylate,1.97% w/w + 1.47% w/w + 5.910% w/w + 12.8% w/w1826Eucalyptus oil + turpentine oil + menthol + methyl salicylate,
(66g + 10g)/100ml1829Amidotrizoic acid, meglumine salt + sodium amidotrizoate,(66g + 10g)/100ml1829Amidotrizoic acid, meglumine salt + sodium amidotrizoate,(66g + 10g)/100ml1829Amidotrizoic acid, meglumine salt + sodium amidotrizoate,
15%1831Aqueous extract of triticum vulgaregauzed,15%1831Aqueous extract of triticum vulgaregauzed,15%1831Aqueous extract of triticum vulgaregauzed,15%1831Aqueous extract of triticum vulgaregauzed
600mg1832Aqueous extract of triticum vulgareovule,600mg1832Aqueous extract of triticum vulgareovule,600mg1832Aqueous extract of triticum vulgareovule,600mg1832Aqueous extract of triticum vulgareovule
,1835Rituximab 10mg/1ml/50mlconcentrate for solution for infusion,1835Rituximab 10mg/1ml/50mlconcentrate for solution for infusion,1835Rituximab 10mg/1ml/50mlconcentrate for solution for infusion
,1842Rivastigmine 9mg/5cm2transdermal patch,1842Rivastigmine 9mg/5cm2transdermal patch,1842Rivastigmine 9mg/5cm2transdermal patch
,1844Rivastigmine 3mgcapsule, hard,1844Rivastigmine 3mgcapsule, hard,1844Rivastigmine 3mgcapsule, hard
,1847Rocuronium bromide 100mg/10mlsolution for injection/infusion,1847Rocuronium bromide 100mg/10mlsolution for injection/infusion,1847Rocuronium bromide 100mg/10mlsolution for injection/infusion
,1850Febuxostat 80mg,1850Febuxostat 80mg,
,1854Ropinirole 4mgprolonged-release tablet,1854Ropinirole 4mgprolonged-release tablet,1854Ropinirole 4mgprolonged-release tablet
,1856Ropinirole 0.5mgfilm-coated tablet,1856Ropinirole 0.5mgfilm-coated tablet,1856Ropinirole 0.5mgfilm-coated tablet
,1857Ropinirole 1mgfilm-coated tablet,1857Ropinirole 1mgfilm-coated tablet,1857Ropinirole 1mgfilm-coated tablet
100mg/5ml1861Ibuprofen 100mg/5ml - 200mloral suspension,100mg/5ml1861Ibuprofen 100mg/5ml - 200mloral suspension,100mg/5ml1861Ibuprofen 100mg/5ml - 200mloral suspension,100mg/5ml1861Ibuprofen 100mg/5ml - 200mloral suspension
,1862Ibuprofen 150mgsuppository,1862Ibuprofen 150mgsuppository,1862Ibuprofen 150mgsuppository
,1864Ropivacaine hydrochloride 7.5mg/mlsolution for injection,1864Ropivacaine hydrochloride 7.5mg/mlsolution for injection,1864Ropivacaine hydrochloride 7.5mg/mlsolution for injection
,1866Ibuprofen 200mg	capsule, soft,1866Ibuprofen 200mg	capsule, soft,1866Ibuprofen 200mg	capsule, soft
,1868Rosuvastatin 20mgfilm-coated tablet,1868Rosuvastatin 20mgfilm-coated tablet,1868Rosuvastatin 20mgfilm-coated tablet
,1869Rosuvastatin 30mgfilm-coated tablet,1869Rosuvastatin 30mgfilm-coated tablet,1869Rosuvastatin 30mgfilm-coated tablet
,1871Ibuprofen 20mg/ml - 200mloral suspension,1871Ibuprofen 20mg/ml - 200mloral suspension,1871Ibuprofen 20mg/ml - 200mloral suspension
,1872Rosuvastatin 5mgfilm-coated tablet,1872Rosuvastatin 5mgfilm-coated tablet,1872Rosuvastatin 5mgfilm-coated tablet
,1883Roxithromycin 300mgfilm-coated tablet,1883Roxithromycin 300mgfilm-coated tablet,1883Roxithromycin 300mgfilm-coated tablet
,1889Ibuprofen 75mgsuppository,1889Ibuprofen 75mgsuppository,1889Ibuprofen 75mgsuppository
6mg/ml1890Salbutamol sulfatenebuliser solution,6mg/ml1890Salbutamol sulfatenebuliser solution,6mg/ml1890Salbutamol sulfatenebuliser solution,6mg/ml1890Salbutamol sulfatenebuliser solution
200mg + 325mg1895Ibuprofen + Paracetamoltablet,200mg + 325mg1895Ibuprofen + Paracetamoltablet,200mg + 325mg1895Ibuprofen + Paracetamoltablet,200mg + 325mg1895Ibuprofen + Paracetamoltablet
,1897Fenofibrate 160mg,1897Fenofibrate 160mg,
,1898Fenofibrate 250mg,1898Fenofibrate 250mg,
180 ui/1ml1903Human anti-hepatitis b immunoglobulinsolution for injection,180 ui/1ml1903Human anti-hepatitis b immunoglobulinsolution for injection,180 ui/1ml1903Human anti-hepatitis b immunoglobulinsolution for injection,180 ui/1ml1903Human anti-hepatitis b immunoglobulinsolution for injection
,1905Fenticonazole nitrate 2%,1905Fenticonazole nitrate 2%,
,1371Levofloxacine 250mg,1371Levofloxacine 250mg,
,1372Levofloxacine 500mg,1372Levofloxacine 500mg,
,1373Levofloxacine 750mg,1373Levofloxacine 750mg,
,1374Levofloxacine 5mg/ml - 100ml,1374Levofloxacine 5mg/ml - 100ml,
,1375Codergocrine mesilate 1.5mg,1375Codergocrine mesilate 1.5mg,
,1380Phenothrine d 0.2g/100mlshampoo,1380Phenothrine d 0.2g/100mlshampoo,1380Phenothrine d 0.2g/100mlshampoo
5mg + 500mg1389Phenylephrine hydrochloride + paracetamoltablet,5mg + 500mg1389Phenylephrine hydrochloride + paracetamoltablet,5mg + 500mg1389Phenylephrine hydrochloride + paracetamoltablet,5mg + 500mg1389Phenylephrine hydrochloride + paracetamoltablet
0.12g + 0.012g + 0.2g / 100ml1402Pholcodine + chlorpheniramine maleate + biclotymolsyrup,0.12g + 0.012g + 0.2g / 100ml1402Pholcodine + chlorpheniramine maleate + biclotymolsyrup,0.12g + 0.012g + 0.2g / 100ml1402Pholcodine + chlorpheniramine maleate + biclotymolsyrup,0.12g + 0.012g + 0.2g / 100ml1402Pholcodine + chlorpheniramine maleate + biclotymolsyrup
(300mg + 30mg + 6mg + 6mg + 6mg + 6mg)1406Phospholipids + nicotinamide + pyridoxine hydrochloride + riboflavin + thiamine nitrate + tocopheryl acetatecapsule,(300mg + 30mg + 6mg + 6mg + 6mg + 6mg)1406Phospholipids + nicotinamide + pyridoxine hydrochloride + riboflavin + thiamine nitrate + tocopheryl acetatecapsule,(300mg + 30mg + 6mg + 6mg + 6mg + 6mg)1406Phospholipids + nicotinamide + pyridoxine hydrochloride + riboflavin + thiamine nitrate + tocopheryl acetatecapsule,(300mg + 30mg + 6mg + 6mg + 6mg + 6mg)1406Phospholipids + nicotinamide + pyridoxine hydrochloride + riboflavin + thiamine nitrate + tocopheryl acetatecapsule
,1418Deferasirox 125mg,1418Deferasirox 125mg,
(2 + 0.25)g/vial1420Piperacillin + tazobactampowder for solution for injection,(2 + 0.25)g/vial1420Piperacillin + tazobactampowder for solution for injection,(2 + 0.25)g/vial1420Piperacillin + tazobactampowder for solution for injection,(2 + 0.25)g/vial1420Piperacillin + tazobactampowder for solution for injection
,1427Desloratadine 0.5mg/ml - 120ml,1427Desloratadine 0.5mg/ml - 120ml,
,1434Pipethanate ethobromide 10mg/mlsolution for injection,1434Pipethanate ethobromide 10mg/mlsolution for injection,1434Pipethanate ethobromide 10mg/mlsolution for injection
,1435Diclofenac sodium 100mgtablet,1435Diclofenac sodium 100mgtablet,1435Diclofenac sodium 100mgtablet
,1437Pipethanate ethobromide 20mgfilm-coated tablet,1437Pipethanate ethobromide 20mgfilm-coated tablet,1437Pipethanate ethobromide 20mgfilm-coated tablet
,1439Levodopa + Carbidopa + Entacapona 200mg + 50mg + 200mg,1439Levodopa + Carbidopa + Entacapona 200mg + 50mg + 200mg,
,1455Diclofenac sodium 1% - 100g,1455Diclofenac sodium 1% - 100g,
,1462Diclofenac sodium 4% - 25g,1462Diclofenac sodium 4% - 25g,
,1466Lamivudine 150mg,1466Lamivudine 150mg,
,1473Desvenlafaxine 100mg,1473Desvenlafaxine 100mg,
500 IU/10ml1474Plasma derived human coagulation factor viiipowder and solvent for solution for infusion,500 IU/10ml1474Plasma derived human coagulation factor viiipowder and solvent for solution for infusion,500 IU/10ml1474Plasma derived human coagulation factor viiipowder and solvent for solution for infusion,500 IU/10ml1474Plasma derived human coagulation factor viiipowder and solvent for solution for infusion
,1476Lanatoside C 0.4mg/2ml,1476Lanatoside C 0.4mg/2ml,
,1483Ketotifen 0.2mg/ml - 125mlsyrup,1483Ketotifen 0.2mg/ml - 125mlsyrup,1483Ketotifen 0.2mg/ml - 125mlsyrup
,1484Ketotifen 2mg/ml - 20mloral drops,1484Ketotifen 2mg/ml - 20mloral drops,1484Ketotifen 2mg/ml - 20mloral drops
,1485Ketotifen Fumarate 0.05% - 10geye gel,1485Ketotifen Fumarate 0.05% - 10geye gel,1485Ketotifen Fumarate 0.05% - 10geye gel
,1490Dexketoprofen 50mg/2ml,1490Dexketoprofen 50mg/2ml,
0.75g/10ml - 10ml1492Potassium chloridesolution for injection,0.75g/10ml - 10ml1492Potassium chloridesolution for injection,0.75g/10ml - 10ml1492Potassium chloridesolution for injection,0.75g/10ml - 10ml1492Potassium chloridesolution for injection
2meq/ml1493Potassium chlorideconcentrate for solution for infusion,2meq/ml1493Potassium chlorideconcentrate for solution for infusion,2meq/ml1493Potassium chlorideconcentrate for solution for infusion,2meq/ml1493Potassium chlorideconcentrate for solution for infusion
200mcg1494Potassium iodidetablet,200mcg1494Potassium iodidetablet,200mcg1494Potassium iodidetablet,200mcg1494Potassium iodidetablet
100mg/1g1497Povidone iodineointment,100mg/1g1497Povidone iodineointment,100mg/1g1497Povidone iodineointment,100mg/1g1497Povidone iodineointment
,1498Minoxidil 2g/100g - 60ml,1498Minoxidil 2g/100g - 60ml,
,1499Minoxidil 2g/100ml (2%) - 60ml,1499Minoxidil 2g/100ml (2%) - 60ml,
,1500Minoxidil 5% - 60ml,1500Minoxidil 5% - 60ml,
(1mg + 3mg)/ml1504Dextran 70 + hydroxypropyl methylcellulose,(1mg + 3mg)/ml1504Dextran 70 + hydroxypropyl methylcellulose,(1mg + 3mg)/ml1504Dextran 70 + hydroxypropyl methylcellulose,
,1509Dextrose anhydrous 5% - 100ml,1509Dextrose anhydrous 5% - 100ml,
10% (w/w)/100ml1521Povidone iodinesolution for external use,10% (w/w)/100ml1521Povidone iodinesolution for external use,10% (w/w)/100ml1521Povidone iodinesolution for external use,10% (w/w)/100ml1521Povidone iodinesolution for external use
(0.1% + 1%)1523Diflucortolone valerate + isoconazole nitratecream,(0.1% + 1%)1523Diflucortolone valerate + isoconazole nitratecream,(0.1% + 1%)1523Diflucortolone valerate + isoconazole nitratecream,(0.1% + 1%)1523Diflucortolone valerate + isoconazole nitratecream
10% (w/w)/1000ml1524povidone iodinesolution for external use,10% (w/w)/1000ml1524povidone iodinesolution for external use,10% (w/w)/1000ml1524povidone iodinesolution for external use,10% (w/w)/1000ml1524povidone iodinesolution for external use
,1525Digoxin 0.5mg/2ml,1525Digoxin 0.5mg/2ml,
,1529Dimenhydrinate 15mg/5ml - 75ML,1529Dimenhydrinate 15mg/5ml - 75ML,
,1579Promethazine 2%cream,1579Promethazine 2%cream,1579Promethazine 2%cream
,1532Domperidone 10mg,1532Domperidone 10mg,
100mg/100ml1533Povidone iodinesolution for external use,100mg/100ml1533Povidone iodinesolution for external use,100mg/100ml1533Povidone iodinesolution for external use,100mg/100ml1533Povidone iodinesolution for external use
,1534Diosmin 450mg,1534Diosmin 450mg,
,1535Diosmin 600mg,1535Diosmin 600mg,
,1536Diosmin 4%,1536Diosmin 4%,
,1539Diphenhydramine hydrochloride 2% (w/w) - 25g,1539Diphenhydramine hydrochloride 2% (w/w) - 25g,
,1540Diphenhydramine hydrochloride 20mgrectal  capsule,1540Diphenhydramine hydrochloride 20mgrectal  capsule,1540Diphenhydramine hydrochloride 20mgrectal  capsule
,1541Diphenhydramine hydrochloride 2g/100g - 20gointment,1541Diphenhydramine hydrochloride 2g/100g - 20gointment,1541Diphenhydramine hydrochloride 2g/100g - 20gointment
,1543Diphenhydramine hydrochloride 50mg,1543Diphenhydramine hydrochloride 50mg,
10mg1547Pravastatin sodiumtablet,10mg1547Pravastatin sodiumtablet,10mg1547Pravastatin sodiumtablet,10mg1547Pravastatin sodiumtablet
,1549Levonorgestrel 52mg/1delivery system (20mcg/24 hours),1549Levonorgestrel 52mg/1delivery system (20mcg/24 hours),
,1552Dipyridamole 25mg,1552Dipyridamole 25mg,
,1553Dipyridamole 75mg,1553Dipyridamole 75mg,
,1564Docetaxel 80mg/8ml,1564Docetaxel 80mg/8ml,
,1571Dolutegravir 50mg,1571Dolutegravir 50mg,
,1588Doxophylline 400mg,1588Doxophylline 400mg,
,1606Elementary iron 100mg/5ml,1606Elementary iron 100mg/5ml,
,1608Eltrombopag 25mg,1608Eltrombopag 25mg,
,1609Eltrombopag 50mg,1609Eltrombopag 50mg,
(200mg + 25mg + 245mg)1611Emtricitabine + rilpivirine (as hydrochloride) + tenofovir disoproxil (as fumarate),(200mg + 25mg + 245mg)1611Emtricitabine + rilpivirine (as hydrochloride) + tenofovir disoproxil (as fumarate),(200mg + 25mg + 245mg)1611Emtricitabine + rilpivirine (as hydrochloride) + tenofovir disoproxil (as fumarate),
,1613Enalapril maleate 10mg,1613Enalapril maleate 10mg,
(10mg + 10mg)1615Enalapril (as enalapril maleate) + lercanidipine  (as lercanidipine hydrochloride),(10mg + 10mg)1615Enalapril (as enalapril maleate) + lercanidipine  (as lercanidipine hydrochloride),(10mg + 10mg)1615Enalapril (as enalapril maleate) + lercanidipine  (as lercanidipine hydrochloride),
(20mg + 12.5mg)1617Enalapril maleate + hydrochlorothiazide,(20mg + 12.5mg)1617Enalapril maleate + hydrochlorothiazide,(20mg + 12.5mg)1617Enalapril maleate + hydrochlorothiazide,
,1619Enoxaparin sodium 2000IU anti-xa/0.2ml,1619Enoxaparin sodium 2000IU anti-xa/0.2ml,
,1620Enoxaparin sodium 8000IU anti-xa/0.2ml,1620Enoxaparin sodium 8000IU anti-xa/0.2ml,
,1622Ephedrine hydrochloride 25mg/ml,1622Ephedrine hydrochloride 25mg/ml,
,1623Ephedrine hydrochloride 50mg/ml,1623Ephedrine hydrochloride 50mg/ml,
,1635Epirubicin hydrochloride 10mg/5ml,1635Epirubicin hydrochloride 10mg/5ml,
,1645Glycerol 2.25gsuppository,1645Glycerol 2.25gsuppository,1645Glycerol 2.25gsuppository
,1653Epoetin zeta 20 000 IU/0.5ml,1653Epoetin zeta 20 000 IU/0.5ml,
,1655Epoetinum alfa 10 000 IU/ml,1655Epoetinum alfa 10 000 IU/ml,
,1657Eprosartan 600mg,1657Eprosartan 600mg,
2mg/vial (100kiu/vial)1658Eptacog alfa (activated),2mg/vial (100kiu/vial)1658Eptacog alfa (activated),2mg/vial (100kiu/vial)1658Eptacog alfa (activated),
,1659Ergocalciferol 300 000 IU/ml,1659Ergocalciferol 300 000 IU/ml,
1 mg1682Granisetronfilm-coated tablet,1 mg1682Granisetronfilm-coated tablet,1 mg1682Granisetronfilm-coated tablet,1 mg1682Granisetronfilm-coated tablet
1mg/1ml1686Granisetron hydrochlorideconcentrate for solution for infusion,1mg/1ml1686Granisetron hydrochlorideconcentrate for solution for infusion,1mg/1ml1686Granisetron hydrochlorideconcentrate for solution for infusion,1mg/1ml1686Granisetron hydrochlorideconcentrate for solution for infusion
,1692Abeprazole sodium 20mggastro-resistant tablet,1692Abeprazole sodium 20mggastro-resistant tablet,1692Abeprazole sodium 20mggastro-resistant tablet
,1696Racecadotril 10mggranules for oral suspension,1696Racecadotril 10mggranules for oral suspension,1696Racecadotril 10mggranules for oral suspension
,1708Ramipril 10mgtablet,1708Ramipril 10mgtablet,1708Ramipril 10mgtablet
(65 iu + 2.233mg + 30mg)/g1709Heparin sodium / prednisolone acetate / macrogol lauryl etherointment,(65 iu + 2.233mg + 30mg)/g1709Heparin sodium / prednisolone acetate / macrogol lauryl etherointment,(65 iu + 2.233mg + 30mg)/g1709Heparin sodium / prednisolone acetate / macrogol lauryl etherointment,(65 iu + 2.233mg + 30mg)/g1709Heparin sodium / prednisolone acetate / macrogol lauryl etherointment
,1724Human albumin solution  20 %solution for infusion,1724Human albumin solution  20 %solution for infusion,1724Human albumin solution  20 %solution for infusion
,1726Ethacridine lactate 0.1%,1726Ethacridine lactate 0.1%,
,1729Ethinylestradiol + drospirenone 3mg + 0.02mg,1729Ethinylestradiol + drospirenone 3mg + 0.02mg,
200g/l - 100ml1730Human albumin solution 200g/l - 100mlsolution for infusion,200g/l - 100ml1730Human albumin solution 200g/l - 100mlsolution for infusion,200g/l - 100ml1730Human albumin solution 200g/l - 100mlsolution for infusion,200g/l - 100ml1730Human albumin solution 200g/l - 100mlsolution for infusion
,1743Ranitidine hydrochloride50mg/5mlsolution for injection,1743Ranitidine hydrochloride50mg/5mlsolution for injection,1743Ranitidine hydrochloride50mg/5mlsolution for injection
18 million IU/1.2ml1745Recombinant interferon alfa-2b produced in e.coli by recombinant dna technologysolution for injection in multidose pen,18 million IU/1.2ml1745Recombinant interferon alfa-2b produced in e.coli by recombinant dna technologysolution for injection in multidose pen,18 million IU/1.2ml1745Recombinant interferon alfa-2b produced in e.coli by recombinant dna technologysolution for injection in multidose pen,18 million IU/1.2ml1745Recombinant interferon alfa-2b produced in e.coli by recombinant dna technologysolution for injection in multidose pen
60 million iu/1.2ml1747Recombinant interferon alfa-2b produced in e.coli by recombinant dna technologysolution for injection in multidose pen,60 million iu/1.2ml1747Recombinant interferon alfa-2b produced in e.coli by recombinant dna technologysolution for injection in multidose pen,60 million iu/1.2ml1747Recombinant interferon alfa-2b produced in e.coli by recombinant dna technologysolution for injection in multidose pen,60 million iu/1.2ml1747Recombinant interferon alfa-2b produced in e.coli by recombinant dna technologysolution for injection in multidose pen
,1748Etofenamate 10% (w/w),1748Etofenamate 10% (w/w),
,1759Repaglinide 1mgtablet,1759Repaglinide 1mgtablet,1759Repaglinide 1mgtablet
,1760Repaglinide 0.5mgtablet,1760Repaglinide 0.5mgtablet,1760Repaglinide 0.5mgtablet
,1764Alfa-tocopherol acetate 10mg,1764Alfa-tocopherol acetate 10mg,
,1773Retigabine 50mgfilm-coated tablet,1773Retigabine 50mgfilm-coated tablet,1773Retigabine 50mgfilm-coated tablet
,1379Colistimethate sodium  1 000 000 iu/vial,1379Colistimethate sodium  1 000 000 iu/vial,
,1392Phloroglucinol 80mgorodispersible tablet,1392Phloroglucinol 80mgorodispersible tablet,1392Phloroglucinol 80mgorodispersible tablet
,1397Dabrafenib mesylate 50mg,1397Dabrafenib mesylate 50mg,
,1411Dalteparin 10000IU (anti-xa)/ml,1411Dalteparin 10000IU (anti-xa)/ml,
,1412Levodropropizine 30mg/5ml - 200ml,1412Levodropropizine 30mg/5ml - 200ml,
,1413Levodropropizine 60mg/ml - 30ml,1413Levodropropizine 60mg/ml - 30ml,
,1423Denosumab 120mg/vial,1423Denosumab 120mg/vial,
,1442Diclofenac sodium 75mg,1442Diclofenac sodium 75mg,
,1447Diclofenac sodium 25mg/ml,1447Diclofenac sodium 25mg/ml,
,1452Piracetam 800mgfilm-coated tablet,1452Piracetam 800mgfilm-coated tablet,1452Piracetam 800mgfilm-coated tablet
,1472Desvenlafaxine 50mg,1472Desvenlafaxine 50mg,
(1mg + 3500iu+ 6000iu)/ml1481Dexamethasone + neomycin sulfate + polymyxin b sulfate,(1mg + 3500iu+ 6000iu)/ml1481Dexamethasone + neomycin sulfate + polymyxin b sulfate,(1mg + 3500iu+ 6000iu)/ml1481Dexamethasone + neomycin sulfate + polymyxin b sulfate,
,1489Dexibuprofen 400mg,1489Dexibuprofen 400mg,
6%1491Poly (o-2- hydroxyethyl) starch ( - molar substitution 0.38-0.45, mean molecular wight + 130.000 da) + sodium acetate trihydrate + sodium chloride + potassium chloride + magnesium chloride hexahydratesolution for infusion,6%1491Poly (o-2- hydroxyethyl) starch ( - molar substitution 0.38-0.45, mean molecular wight + 130.000 da) + sodium acetate trihydrate + sodium chloride + potassium chloride + magnesium chloride hexahydratesolution for infusion,6%1491Poly (o-2- hydroxyethyl) starch ( - molar substitution 0.38-0.45, mean molecular wight + 130.000 da) + sodium acetate trihydrate + sodium chloride + potassium chloride + magnesium chloride hexahydratesolution for infusion,6%1491Poly (o-2- hydroxyethyl) starch ( - molar substitution 0.38-0.45, mean molecular wight + 130.000 da) + sodium acetate trihydrate + sodium chloride + potassium chloride + magnesium chloride hexahydratesolution for infusion
(10mg + 20mg + 25mg)1528Dimenhydrinate + phenylephrine hydrochloride + caffeine,(10mg + 20mg + 25mg)1528Dimenhydrinate + phenylephrine hydrochloride + caffeine,(10mg + 20mg + 25mg)1528Dimenhydrinate + phenylephrine hydrochloride + caffeine,
0.5%1548Prednisolone acetateointment,0.5%1548Prednisolone acetateointment,0.5%1548Prednisolone acetateointment,0.5%1548Prednisolone acetateointment
,1566Levothyroxine sodium 150mcg,1566Levothyroxine sodium 150mcg,
,1573Donepezil 10mg,1573Donepezil 10mg,
,1584Doxazosin (as doxazosin mesylate) 4mg,1584Doxazosin (as doxazosin mesylate) 4mg,
(200mg + 80mg + 25mg + 20mg + 0.75mg)1592Propyphenazone + caffeine + camylofine hydrochloride + mecloxamine citrate + ergotamine tartratefilm-coated tablet,(200mg + 80mg + 25mg + 20mg + 0.75mg)1592Propyphenazone + caffeine + camylofine hydrochloride + mecloxamine citrate + ergotamine tartratefilm-coated tablet,(200mg + 80mg + 25mg + 20mg + 0.75mg)1592Propyphenazone + caffeine + camylofine hydrochloride + mecloxamine citrate + ergotamine tartratefilm-coated tablet,(200mg + 80mg + 25mg + 20mg + 0.75mg)1592Propyphenazone + caffeine + camylofine hydrochloride + mecloxamine citrate + ergotamine tartratefilm-coated tablet
,1593Doxorubicin hydrochloride 150mg/75ml,1593Doxorubicin hydrochloride 150mg/75ml,
,1599Dutasteride + Tamsulosin 0.5 mg + 0.4mg,1599Dutasteride + Tamsulosin 0.5 mg + 0.4mg,
,1603Econazole nitrate 1%,1603Econazole nitrate 1%,
,1604Econazole nitrate 50mg,1604Econazole nitrate 50mg,
,1607Elementary iron 1500mg/bottle,1607Elementary iron 1500mg/bottle,
,1618Enfuvirtide 90mg/ml,1618Enfuvirtide 90mg/ml,
,1647Epoetin theta 5000 IU/1ml,1647Epoetin theta 5000 IU/1ml,
,1651Epoetin zeta 10 000 IU/1ml,1651Epoetin zeta 10 000 IU/1ml,
,1652Epoetin zeta 1000 IU/0.3ml,1652Epoetin zeta 1000 IU/0.3ml,
121mg + 200mg + (16mg + 11.3mg + 11.3mg + 8.17mg + 7.9mg + 7.9mg + 7.9mg + 7.3mg + 6.8mg + 6.8mg + 5.97mg + 5.6mg + 5.6m1656Glucose monohydrate / soya-bean oil refined / alanine / arginineemulsion for infusion,121mg + 200mg + (16mg + 11.3mg + 11.3mg + 8.17mg + 7.9mg + 7.9mg + 7.9mg + 7.3mg + 6.8mg + 6.8mg + 5.97mg + 5.6mg + 5.6m1656Glucose monohydrate / soya-bean oil refined / alanine / arginineemulsion for infusion,121mg + 200mg + (16mg + 11.3mg + 11.3mg + 8.17mg + 7.9mg + 7.9mg + 7.9mg + 7.3mg + 6.8mg + 6.8mg + 5.97mg + 5.6mg + 5.6m1656Glucose monohydrate / soya-bean oil refined / alanine / arginineemulsion for infusion,121mg + 200mg + (16mg + 11.3mg + 11.3mg + 8.17mg + 7.9mg + 7.9mg + 7.9mg + 7.3mg + 6.8mg + 6.8mg + 5.97mg + 5.6mg + 5.6m1656Glucose monohydrate / soya-bean oil refined / alanine / arginineemulsion for infusion
,1660Erlotinib 100mg,1660Erlotinib 100mg,
,1661Erlotinib 25mg,1661Erlotinib 25mg,
,1662Erlotinib 150mg,1662Erlotinib 150mg,
30mg/5ml + 1.25mg/5ml1676Pseudoephedrine hydrochloride + triprolidine hydrochloridesyrup,30mg/5ml + 1.25mg/5ml1676Pseudoephedrine hydrochloride + triprolidine hydrochloridesyrup,30mg/5ml + 1.25mg/5ml1676Pseudoephedrine hydrochloride + triprolidine hydrochloridesyrup,30mg/5ml + 1.25mg/5ml1676Pseudoephedrine hydrochloride + triprolidine hydrochloridesyrup
10.8mg/dose1677Goserelin acetateimplant,10.8mg/dose1677Goserelin acetateimplant,10.8mg/dose1677Goserelin acetateimplant,10.8mg/dose1677Goserelin acetateimplant
,1678Erythromycin 4%,1678Erythromycin 4%,
,1685Erythromycin 40g/1g,1685Erythromycin 40g/1g,
,1688Erythromycin 500mg,1688Erythromycin 500mg,
2 mg1693Haloperidoltablet,2 mg1693Haloperidoltablet,2 mg1693Haloperidoltablet,2 mg1693Haloperidoltablet
25.000 iu/5ml1695Heparinsolution for infusion,25.000 iu/5ml1695Heparinsolution for infusion,25.000 iu/5ml1695Heparinsolution for infusion,25.000 iu/5ml1695Heparinsolution for infusion
,1707Escin + diethylamine salicylate (1g + 5g)/100g,1707Escin + diethylamine salicylate (1g + 5g)/100g,
0.1g/100ml + 0.5ml/100ml + 0.3g/100ml1722Hexamidine diisetionate / chlorhexidine gluconate / chlorocresolcutaneous foam,0.1g/100ml + 0.5ml/100ml + 0.3g/100ml1722Hexamidine diisetionate / chlorhexidine gluconate / chlorocresolcutaneous foam,0.1g/100ml + 0.5ml/100ml + 0.3g/100ml1722Hexamidine diisetionate / chlorhexidine gluconate / chlorocresolcutaneous foam,0.1g/100ml + 0.5ml/100ml + 0.3g/100ml1722Hexamidine diisetionate / chlorhexidine gluconate / chlorocresolcutaneous foam
,1725Ramipril + hydrochlorothiazide (5mg + 25mg)tablet,1725Ramipril + hydrochlorothiazide (5mg + 25mg)tablet,1725Ramipril + hydrochlorothiazide (5mg + 25mg)tablet
,1735Human albumin solution 5 %solution for infusion,1735Human albumin solution 5 %solution for infusion,1735Human albumin solution 5 %solution for infusion
,1737Human albumin solution 5 %solution for infusion,1737Human albumin solution 5 %solution for infusion,1737Human albumin solution 5 %solution for infusion
,1738Human albumin solution 5 %solution for infusion,1738Human albumin solution 5 %solution for infusion,1738Human albumin solution 5 %solution for infusion
625 iu/ml1741Human anti-d immunoglobulinsolution for injection,625 iu/ml1741Human anti-d immunoglobulinsolution for injection,625 iu/ml1741Human anti-d immunoglobulinsolution for injection,625 iu/ml1741Human anti-d immunoglobulinsolution for injection
,1750Etoposide 20mg/1ml - 10ml,1750Etoposide 20mg/1ml - 10ml,
,1751Etoposide 50 mg,1751Etoposide 50 mg,
(5000 iu + 200 iu + 60mg + 13mg + 10mg + 5mg + 2mg + 1.2mg + 1mg + 0.4mg + 3mcg)1752Red coated tablets: vit. a + vit. d3 + vit. c + nicotinamide + vit. e + calcium pantothenate + vit. b6 (pyridoxine hydrochloride) + vit. b2 (riboflavine) + vit. b1 (thiamine nitrate) + folic acid + vit. b12 (cyanocobalamine). blue coated tablets: magnesiufilm-coated tablet,(5000 iu + 200 iu + 60mg + 13mg + 10mg + 5mg + 2mg + 1.2mg + 1mg + 0.4mg + 3mcg)1752Red coated tablets: vit. a + vit. d3 + vit. c + nicotinamide + vit. e + calcium pantothenate + vit. b6 (pyridoxine hydrochloride) + vit. b2 (riboflavine) + vit. b1 (thiamine nitrate) + folic acid + vit. b12 (cyanocobalamine). blue coated tablets: magnesiufilm-coated tablet,(5000 iu + 200 iu + 60mg + 13mg + 10mg + 5mg + 2mg + 1.2mg + 1mg + 0.4mg + 3mcg)1752Red coated tablets: vit. a + vit. d3 + vit. c + nicotinamide + vit. e + calcium pantothenate + vit. b6 (pyridoxine hydrochloride) + vit. b2 (riboflavine) + vit. b1 (thiamine nitrate) + folic acid + vit. b12 (cyanocobalamine). blue coated tablets: magnesiufilm-coated tablet,(5000 iu + 200 iu + 60mg + 13mg + 10mg + 5mg + 2mg + 1.2mg + 1mg + 0.4mg + 3mcg)1752Red coated tablets: vit. a + vit. d3 + vit. c + nicotinamide + vit. e + calcium pantothenate + vit. b6 (pyridoxine hydrochloride) + vit. b2 (riboflavine) + vit. b1 (thiamine nitrate) + folic acid + vit. b12 (cyanocobalamine). blue coated tablets: magnesiufilm-coated tablet
,1758Eugenol 100%,1758Eugenol 100%,
,1763Reteplase 10Upowder and solvent for solution for injection,1763Reteplase 10Upowder and solvent for solution for injection,1763Reteplase 10Upowder and solvent for solution for injection
(1g + 200mg)/vial1775Amoxicilline + clavulanic acid,(1g + 200mg)/vial1775Amoxicilline + clavulanic acid,(1g + 200mg)/vial1775Amoxicilline + clavulanic acid,
,1777Retinol palmitate + ergocalciferol (350 + 400) IU/gointment,1777Retinol palmitate + ergocalciferol (350 + 400) IU/gointment,1777Retinol palmitate + ergocalciferol (350 + 400) IU/gointment
(1555mcg + 6mg + 6mg + 66.67mg + 23.69mg + 3.33mg + 466mg + 33mcg + 3.15mg + 100mcg)/100ml1779Retinol palmitate + thiamine hydrochloride + riboflavin sodium phosphate + nicotinamide + d-panthenol + pyridoxine hydrochloride + l-ascorbic acid + cholecalciferol + a-tocopherol acetate + biotinoral solution,(1555mcg + 6mg + 6mg + 66.67mg + 23.69mg + 3.33mg + 466mg + 33mcg + 3.15mg + 100mcg)/100ml1779Retinol palmitate + thiamine hydrochloride + riboflavin sodium phosphate + nicotinamide + d-panthenol + pyridoxine hydrochloride + l-ascorbic acid + cholecalciferol + a-tocopherol acetate + biotinoral solution,(1555mcg + 6mg + 6mg + 66.67mg + 23.69mg + 3.33mg + 466mg + 33mcg + 3.15mg + 100mcg)/100ml1779Retinol palmitate + thiamine hydrochloride + riboflavin sodium phosphate + nicotinamide + d-panthenol + pyridoxine hydrochloride + l-ascorbic acid + cholecalciferol + a-tocopherol acetate + biotinoral solution,(1555mcg + 6mg + 6mg + 66.67mg + 23.69mg + 3.33mg + 466mg + 33mcg + 3.15mg + 100mcg)/100ml1779Retinol palmitate + thiamine hydrochloride + riboflavin sodium phosphate + nicotinamide + d-panthenol + pyridoxine hydrochloride + l-ascorbic acid + cholecalciferol + a-tocopherol acetate + biotinoral solution
(1200mcg + 4.6mg + 5.3mg + 50mg + 26.7mg + 4.4mg + 333.3mg + 11mcg + 5.6mg + 0.33mg + 250mg)/100ml1781Retinol palmitate + thiamine hydrochloride + riboflavin sodium phosphate + nicotinamide + d-panthenol + pyridoxine hydrochloride + l-ascorbic acid + cholecalciferol + a-tocopherol acetate + biotin + coffeinoral solution,(1200mcg + 4.6mg + 5.3mg + 50mg + 26.7mg + 4.4mg + 333.3mg + 11mcg + 5.6mg + 0.33mg + 250mg)/100ml1781Retinol palmitate + thiamine hydrochloride + riboflavin sodium phosphate + nicotinamide + d-panthenol + pyridoxine hydrochloride + l-ascorbic acid + cholecalciferol + a-tocopherol acetate + biotin + coffeinoral solution,(1200mcg + 4.6mg + 5.3mg + 50mg + 26.7mg + 4.4mg + 333.3mg + 11mcg + 5.6mg + 0.33mg + 250mg)/100ml1781Retinol palmitate + thiamine hydrochloride + riboflavin sodium phosphate + nicotinamide + d-panthenol + pyridoxine hydrochloride + l-ascorbic acid + cholecalciferol + a-tocopherol acetate + biotin + coffeinoral solution,(1200mcg + 4.6mg + 5.3mg + 50mg + 26.7mg + 4.4mg + 333.3mg + 11mcg + 5.6mg + 0.33mg + 250mg)/100ml1781Retinol palmitate + thiamine hydrochloride + riboflavin sodium phosphate + nicotinamide + d-panthenol + pyridoxine hydrochloride + l-ascorbic acid + cholecalciferol + a-tocopherol acetate + biotin + coffeinoral solution
(22.7g + 5.38g + 4.48g + 184mg + 51mg)/1l1782Anhydrous glucose + sodium chloride + sodium lactate + calcium chloride + magnesium chloride,(22.7g + 5.38g + 4.48g + 184mg + 51mg)/1l1782Anhydrous glucose + sodium chloride + sodium lactate + calcium chloride + magnesium chloride,(22.7g + 5.38g + 4.48g + 184mg + 51mg)/1l1782Anhydrous glucose + sodium chloride + sodium lactate + calcium chloride + magnesium chloride,
50mg + 50mg1784Anthocyanosidic extract of blueberries + alpha-tocopheryl acetate,50mg + 50mg1784Anthocyanosidic extract of blueberries + alpha-tocopheryl acetate,50mg + 50mg1784Anthocyanosidic extract of blueberries + alpha-tocopheryl acetate,
100mg + 5mg1786Anthocyanosidic extract of vaccinium myrtillus + beta-carotene,100mg + 5mg1786Anthocyanosidic extract of vaccinium myrtillus + beta-carotene,100mg + 5mg1786Anthocyanosidic extract of vaccinium myrtillus + beta-carotene,
,1787Rifaximin 200mgfilm-coated tablet,1787Rifaximin 200mgfilm-coated tablet,1787Rifaximin 200mgfilm-coated tablet
1/100.0001789Articaine hydrochloride + adrenaline,1/100.0001789Articaine hydrochloride + adrenaline,1/100.0001789Articaine hydrochloride + adrenaline,
,1790Rimantadine hydrochloride 50mgtablet,1790Rimantadine hydrochloride 50mgtablet,1790Rimantadine hydrochloride 50mgtablet
(2.50mg + 0.10mg)1795Bendroflumethiazide + Reserpine,(2.50mg + 0.10mg)1795Bendroflumethiazide + Reserpine,(2.50mg + 0.10mg)1795Bendroflumethiazide + Reserpine,
,1798Risperidone 1mgfilm-coated tablet,1798Risperidone 1mgfilm-coated tablet,1798Risperidone 1mgfilm-coated tablet
,1801Risperidone 1mg/100mloral solution,1801Risperidone 1mg/100mloral solution,1801Risperidone 1mg/100mloral solution
,1802Benzyl benzoate 25% (w/v) - 200ml,1802Benzyl benzoate 25% (w/v) - 200ml,
,1806Benzalkonium chloride 10% - 1000ml,1806Benzalkonium chloride 10% - 1000ml,
(50mg + 50mg + 50mg + 5mg)/1g1813Bufexamac + bismuth subgallate +titanium dioxide + lidocaine hydrochloride monohydrateointment,(50mg + 50mg + 50mg + 5mg)/1g1813Bufexamac + bismuth subgallate +titanium dioxide + lidocaine hydrochloride monohydrateointment,(50mg + 50mg + 50mg + 5mg)/1g1813Bufexamac + bismuth subgallate +titanium dioxide + lidocaine hydrochloride monohydrateointment,(50mg + 50mg + 50mg + 5mg)/1g1813Bufexamac + bismuth subgallate +titanium dioxide + lidocaine hydrochloride monohydrateointment
,1820Crystal violet 1% (w/w),1820Crystal violet 1% (w/w),
(220mg +200mg +25mg)/5ml - 200ml1827Aluminium hydroxide + magnesium hydroxide + simeticoneoral suspension,(220mg +200mg +25mg)/5ml - 200ml1827Aluminium hydroxide + magnesium hydroxide + simeticoneoral suspension,(220mg +200mg +25mg)/5ml - 200ml1827Aluminium hydroxide + magnesium hydroxide + simeticoneoral suspension,(220mg +200mg +25mg)/5ml - 200ml1827Aluminium hydroxide + magnesium hydroxide + simeticoneoral suspension
,1848Ferrous gluconate 80mg/sachet,1848Ferrous gluconate 80mg/sachet,
,1849Febuxostat 120mg,1849Febuxostat 120mg,
,1852Roflumilast 500mcgfilm-coated tablet,1852Roflumilast 500mcgfilm-coated tablet,1852Roflumilast 500mcgfilm-coated tablet
,1855Ropinirole 8mgprolonged-release tablet,1855Ropinirole 8mgprolonged-release tablet,1855Ropinirole 8mgprolonged-release tablet
100mg/5ml1858Ibuprofen 100mg/5ml - 100mloral suspension,100mg/5ml1858Ibuprofen 100mg/5ml - 100mloral suspension,100mg/5ml1858Ibuprofen 100mg/5ml - 100mloral suspension,100mg/5ml1858Ibuprofen 100mg/5ml - 100mloral suspension
,1884Rufloxacin 200mgfilm-coated tablet,1884Rufloxacin 200mgfilm-coated tablet,1884Rufloxacin 200mgfilm-coated tablet
,1376Codergocrine mesilate 4.5mg,1376Codergocrine mesilate 4.5mg,
,1393Lixisenatide 10mcg/0.2ml - 3mlsolution for injection,1393Lixisenatide 10mcg/0.2ml - 3mlsolution for injection,1393Lixisenatide 10mcg/0.2ml - 3mlsolution for injection
,1404Pholcodine monohydrate 15mg/15mloral solution,1404Pholcodine monohydrate 15mg/15mloral solution,1404Pholcodine monohydrate 15mg/15mloral solution
,1405Pholcodine monohydrate 4mg/5mloral solution,1405Pholcodine monohydrate 4mg/5mloral solution,1405Pholcodine monohydrate 4mg/5mloral solution
,1407Levocetirizine Dihydrochloride 0.5mg/ml - 200ml,1407Levocetirizine Dihydrochloride 0.5mg/ml - 200ml,
,1408Levocetirizine Dihydrochloride 5mg/ml - 20ml,1408Levocetirizine Dihydrochloride 5mg/ml - 20ml,
,1409Levocetirizine Dihydrochloride 5mg,1409Levocetirizine Dihydrochloride 5mg,
,1410Pinaverium bromide 100mgfilm-coated tablet,1410Pinaverium bromide 100mgfilm-coated tablet,1410Pinaverium bromide 100mgfilm-coated tablet
,1416Daptomycin 350mg/vial,1416Daptomycin 350mg/vial,
,1417Daptomycin 500mg/vial,1417Daptomycin 500mg/vial,
,1428Desloratadine 2.5mg/5ml - 150ml,1428Desloratadine 2.5mg/5ml - 150ml,
,1444Piracetam 1g/5mlsolution for injection,1444Piracetam 1g/5mlsolution for injection,1444Piracetam 1g/5mlsolution for injection
,1457Diclofenac sodium 1% - 30g,1457Diclofenac sodium 1% - 30g,
,1458Piroxicam 1%cream,1458Piroxicam 1%cream,1458Piroxicam 1%cream
,1467Desonide 0.1% - 15g,1467Desonide 0.1% - 15g,
2.5g1495Potassium sodium hydrogen citrategranules,2.5g1495Potassium sodium hydrogen citrategranules,2.5g1495Potassium sodium hydrogen citrategranules,2.5g1495Potassium sodium hydrogen citrategranules
(50mg + 5mg)/g1503Dexpanthenol + chlorhexidine dihydrochloride,(50mg + 5mg)/g1503Dexpanthenol + chlorhexidine dihydrochloride,(50mg + 5mg)/g1503Dexpanthenol + chlorhexidine dihydrochloride,
,1526Dimenhydrinate 100mg/2ml,1526Dimenhydrinate 100mg/2ml,
8.5%1538Povidone iodineoromucosal spray, solution,8.5%1538Povidone iodineoromucosal spray, solution,8.5%1538Povidone iodineoromucosal spray, solution,8.5%1538Povidone iodineoromucosal spray, solution
200mg1542Povidone, iodinatedovule,200mg1542Povidone, iodinatedovule,200mg1542Povidone, iodinatedovule,200mg1542Povidone, iodinatedovule
20mg1551Prednisonetablet,20mg1551Prednisonetablet,20mg1551Prednisonetablet,20mg1551Prednisonetablet
,1568Levothyroxine sodium 75mcg,1568Levothyroxine sodium 75mcg,
,1569Levothyroxine sodium 88mcg,1569Levothyroxine sodium 88mcg,
10mg/50ml1586Propofolemulsion for injection/infusion,10mg/50ml1586Propofolemulsion for injection/infusion,10mg/50ml1586Propofolemulsion for injection/infusion,10mg/50ml1586Propofolemulsion for injection/infusion
,1621Enoxolone 1%,1621Enoxolone 1%,
,1631Epirubicin hydrochloride 2mg/1ml - 25ml,1631Epirubicin hydrochloride 2mg/1ml - 25ml,
,1632Epirubicin hydrochloride 2mg/1ml - 50ml,1632Epirubicin hydrochloride 2mg/1ml - 50ml,
,1644Epoetin theta 30 000 IU/1ml,1644Epoetin theta 30 000 IU/1ml,
,1671Proteinated silver 1%nasal drops, solution,1671Proteinated silver 1%nasal drops, solution,1671Proteinated silver 1%nasal drops, solution
(12.8g + 8.707g + 5.9g + 5.9g + 5.9g + 5.6g + 5.298g + 5.18g + 4.4g + 4.323g + 4.24g + 4.14g + 3.7g + 3.14g + 2.64g + 1.1672Glycine / l-arginine / l-phenylalanine / l-leucinesolution for infusion,(12.8g + 8.707g + 5.9g + 5.9g + 5.9g + 5.6g + 5.298g + 5.18g + 4.4g + 4.323g + 4.24g + 4.14g + 3.7g + 3.14g + 2.64g + 1.1672Glycine / l-arginine / l-phenylalanine / l-leucinesolution for infusion,(12.8g + 8.707g + 5.9g + 5.9g + 5.9g + 5.6g + 5.298g + 5.18g + 4.4g + 4.323g + 4.24g + 4.14g + 3.7g + 3.14g + 2.64g + 1.1672Glycine / l-arginine / l-phenylalanine / l-leucinesolution for infusion,(12.8g + 8.707g + 5.9g + 5.9g + 5.9g + 5.6g + 5.298g + 5.18g + 4.4g + 4.323g + 4.24g + 4.14g + 3.7g + 3.14g + 2.64g + 1.1672Glycine / l-arginine / l-phenylalanine / l-leucinesolution for infusion
,1681Pyridoxine hydrochloride 25mgtablet,1681Pyridoxine hydrochloride 25mgtablet,1681Pyridoxine hydrochloride 25mgtablet
2 mg1683Granisetron hydrochloridefilm-coated tablet,2 mg1683Granisetron hydrochloridefilm-coated tablet,2 mg1683Granisetron hydrochloridefilm-coated tablet,2 mg1683Granisetron hydrochloridefilm-coated tablet
3mg/3ml1690Granisetron hydrochlorideconcentrate for solution for infusion,3mg/3ml1690Granisetron hydrochlorideconcentrate for solution for infusion,3mg/3ml1690Granisetron hydrochlorideconcentrate for solution for infusion,3mg/3ml1690Granisetron hydrochlorideconcentrate for solution for infusion
(80 milliard + 5 milliard + 4 milliard + 4 milliard + 4 milliard + 1 milliard + 1 milliard + 1 milliard)/vial1700Escherichia coli 01, 02, 055, 0111 + bacillus pumilus + morganella morgani + alcaligenes faecalis + shigella flexneri + enterococcus faecalis + bacillus subtilis + proteus vulgaris,(80 milliard + 5 milliard + 4 milliard + 4 milliard + 4 milliard + 1 milliard + 1 milliard + 1 milliard)/vial1700Escherichia coli 01, 02, 055, 0111 + bacillus pumilus + morganella morgani + alcaligenes faecalis + shigella flexneri + enterococcus faecalis + bacillus subtilis + proteus vulgaris,(80 milliard + 5 milliard + 4 milliard + 4 milliard + 4 milliard + 1 milliard + 1 milliard + 1 milliard)/vial1700Escherichia coli 01, 02, 055, 0111 + bacillus pumilus + morganella morgani + alcaligenes faecalis + shigella flexneri + enterococcus faecalis + bacillus subtilis + proteus vulgaris,
,1728Ethinyestradiol + cyproterone acetate (0.035mg + 2mg),1728Ethinyestradiol + cyproterone acetate (0.035mg + 2mg),
,1739Ranitidine 75mgfilm-coated tablet,1739Ranitidine 75mgfilm-coated tablet,1739Ranitidine 75mgfilm-coated tablet
30 million IU/1.2ml1746Recombinant interferon alfa-2b produced in e.coli by recombinant dna technologysolution for injection in multidose pen,30 million IU/1.2ml1746Recombinant interferon alfa-2b produced in e.coli by recombinant dna technologysolution for injection in multidose pen,30 million IU/1.2ml1746Recombinant interferon alfa-2b produced in e.coli by recombinant dna technologysolution for injection in multidose pen,30 million IU/1.2ml1746Recombinant interferon alfa-2b produced in e.coli by recombinant dna technologysolution for injection in multidose pen
,1769Retigabine 200mgfilm-coated tablet,1769Retigabine 200mgfilm-coated tablet,1769Retigabine 200mgfilm-coated tablet
,1770Retigabine300mgfilm-coated tablet,1770Retigabine300mgfilm-coated tablet,1770Retigabine300mgfilm-coated tablet
,1771Retigabine 400mgfilm-coated tablet,1771Retigabine 400mgfilm-coated tablet,1771Retigabine 400mgfilm-coated tablet
,1776Ampicilline 1g/vial,1776Ampicilline 1g/vial,
,1807Risperidone 1mg/10mloral solution,1807Risperidone 1mg/10mloral solution,1807Risperidone 1mg/10mloral solution
3.5mg/vial - 10ml1809Bortezomib (as mannitol boronic ester),3.5mg/vial - 10ml1809Bortezomib (as mannitol boronic ester),3.5mg/vial - 10ml1809Bortezomib (as mannitol boronic ester),
,1837Rivaroxaban 2.5mgfilm-coated tablet,1837Rivaroxaban 2.5mgfilm-coated tablet,1837Rivaroxaban 2.5mgfilm-coated tablet
,1865Rosuvastatin 10mgfilm-coated tablet,1865Rosuvastatin 10mgfilm-coated tablet,1865Rosuvastatin 10mgfilm-coated tablet
0.020g + 0.0005g + 500 ui + 5000 ui + 0.010g + 0.003g1885Ruscoside + desonide + heparin sodium + retinol palmitate + lidocaine hydrochloride + tocopherol acetatesuppository,0.020g + 0.0005g + 500 ui + 5000 ui + 0.010g + 0.003g1885Ruscoside + desonide + heparin sodium + retinol palmitate + lidocaine hydrochloride + tocopherol acetatesuppository,0.020g + 0.0005g + 500 ui + 5000 ui + 0.010g + 0.003g1885Ruscoside + desonide + heparin sodium + retinol palmitate + lidocaine hydrochloride + tocopherol acetatesuppository,0.020g + 0.0005g + 500 ui + 5000 ui + 0.010g + 0.003g1885Ruscoside + desonide + heparin sodium + retinol palmitate + lidocaine hydrochloride + tocopherol acetatesuppository
,1888Ibuprofen 5% - 50g,1888Ibuprofen 5% - 50g,
0.375% + 0.075%1892Salbutamol sulphate + ipratropium bromidenebuliser solution,0.375% + 0.075%1892Salbutamol sulphate + ipratropium bromidenebuliser solution,0.375% + 0.075%1892Salbutamol sulphate + ipratropium bromidenebuliser solution,0.375% + 0.075%1892Salbutamol sulphate + ipratropium bromidenebuliser solution
200mg + 500mg1896Ibuprofen + Paracetamol powderfilm-coated tablet,200mg + 500mg1896Ibuprofen + Paracetamol powderfilm-coated tablet,200mg + 500mg1896Ibuprofen + Paracetamol powderfilm-coated tablet,200mg + 500mg1896Ibuprofen + Paracetamol powderfilm-coated tablet
,1907Ferrous gluconate 300mg/vial - 15g,1907Ferrous gluconate 300mg/vial - 15g,
(10g + 0.5g)/100g1909Salicylate + prednisolonecream,(10g + 0.5g)/100g1909Salicylate + prednisolonecream,(10g + 0.5g)/100g1909Salicylate + prednisolonecream,(10g + 0.5g)/100g1909Salicylate + prednisolonecream
,1911Ferrous succinate + succinic acid (100mg + 100mg),1911Ferrous succinate + succinic acid (100mg + 100mg),
1000iu/vial - 10ml1912Human coagulation factor IXpowder and solvent for solution for injection,1000iu/vial - 10ml1912Human coagulation factor IXpowder and solvent for solution for injection,1000iu/vial - 10ml1912Human coagulation factor IXpowder and solvent for solution for injection,1000iu/vial - 10ml1912Human coagulation factor IXpowder and solvent for solution for injection
5%1915Salicylic acidointment,5%1915Salicylic acidointment,5%1915Salicylic acidointment,5%1915Salicylic acidointment
,1916Filgrastim 300mcg/0.5ml,1916Filgrastim 300mcg/0.5ml,
(1g + 5g)/100g1917Salviae folium (extract) + dexpanthenolgingival solution,(1g + 5g)/100g1917Salviae folium (extract) + dexpanthenolgingival solution,(1g + 5g)/100g1917Salviae folium (extract) + dexpanthenolgingival solution,(1g + 5g)/100g1917Salviae folium (extract) + dexpanthenolgingival solution
250 iu/vial1919Human coagulation factor VIIIpowder and solvent for solution for injection,250 iu/vial1919Human coagulation factor VIIIpowder and solvent for solution for injection,250 iu/vial1919Human coagulation factor VIIIpowder and solvent for solution for injection,250 iu/vial1919Human coagulation factor VIIIpowder and solvent for solution for injection
(105mg + 25mg + 180mg + 50mg + 0.5mg + 0.5mg)1920Sennae folium + rhei radix (extract) + carbo [ligni] + sulphur (purified) + menthae piperitae aetheroleum + foeniculi aetheroleumtablet,(105mg + 25mg + 180mg + 50mg + 0.5mg + 0.5mg)1920Sennae folium + rhei radix (extract) + carbo [ligni] + sulphur (purified) + menthae piperitae aetheroleum + foeniculi aetheroleumtablet,(105mg + 25mg + 180mg + 50mg + 0.5mg + 0.5mg)1920Sennae folium + rhei radix (extract) + carbo [ligni] + sulphur (purified) + menthae piperitae aetheroleum + foeniculi aetheroleumtablet,(105mg + 25mg + 180mg + 50mg + 0.5mg + 0.5mg)1920Sennae folium + rhei radix (extract) + carbo [ligni] + sulphur (purified) + menthae piperitae aetheroleum + foeniculi aetheroleumtablet
500 iu/vial1921Human coagulation factor VIIIpowder and solvent for solution for injection,500 iu/vial1921Human coagulation factor VIIIpowder and solvent for solution for injection,500 iu/vial1921Human coagulation factor VIIIpowder and solvent for solution for injection,500 iu/vial1921Human coagulation factor VIIIpowder and solvent for solution for injection
2%1923Sertaconazole nitratecream,2%1923Sertaconazole nitratecream,2%1923Sertaconazole nitratecream,2%1923Sertaconazole nitratecream
(450 iu + 400 iu)/vial1925Human coagulation factor VIII + human von willebrand factorpowder and solvent for solution for injection,(450 iu + 400 iu)/vial1925Human coagulation factor VIII + human von willebrand factorpowder and solvent for solution for injection,(450 iu + 400 iu)/vial1925Human coagulation factor VIII + human von willebrand factorpowder and solvent for solution for injection,(450 iu + 400 iu)/vial1925Human coagulation factor VIII + human von willebrand factorpowder and solvent for solution for injection
100mg1930Sertralinefilm-coated tablet,100mg1930Sertralinefilm-coated tablet,100mg1930Sertralinefilm-coated tablet,100mg1930Sertralinefilm-coated tablet
2.4g/sachet1933Sevelamer carbonatepowder for oral solution in sachet,2.4g/sachet1933Sevelamer carbonatepowder for oral solution in sachet,2.4g/sachet1933Sevelamer carbonatepowder for oral solution in sachet,2.4g/sachet1933Sevelamer carbonatepowder for oral solution in sachet
100% v/v1934Sevofluraneinhalation vapour, liquid,100% v/v1934Sevofluraneinhalation vapour, liquid,100% v/v1934Sevofluraneinhalation vapour, liquid,100% v/v1934Sevofluraneinhalation vapour, liquid
100mg1935Sildenafilfilm-coated tablet,100mg1935Sildenafilfilm-coated tablet,100mg1935Sildenafilfilm-coated tablet,100mg1935Sildenafilfilm-coated tablet
4mg1938Silodosincapsule, hard,4mg1938Silodosincapsule, hard,4mg1938Silodosincapsule, hard,4mg1938Silodosincapsule, hard
8mg1939Silodosincapsule, hard,8mg1939Silodosincapsule, hard,8mg1939Silodosincapsule, hard,8mg1939Silodosincapsule, hard
,1942Fluconazole 10mg/ml,1942Fluconazole 10mg/ml,
,1944Fluconazole 200mg,1944Fluconazole 200mg,
,1945Fluconazole 50mg,1945Fluconazole 50mg,
,1950Fluconazole 50mg/5ml - 30ml,1950Fluconazole 50mg/5ml - 30ml,
,1952Fludarabin phosphate 50mg/2ml,1952Fludarabin phosphate 50mg/2ml,
,1956Fluocinolone acetonide 0.25mg/g - 30g gel,1956Fluocinolone acetonide 0.25mg/g - 30g gel,1956Fluocinolone acetonide 0.25mg/g - 30g gel
,1966Fluphenazine hydrochloride 1mg,1966Fluphenazine hydrochloride 1mg,
,1967Fluphenazine hydrochloride 5mg,1967Fluphenazine hydrochloride 5mg,
100mg/ml1971Human Normal Immunoglobulin (human immunoglobulin g)solution for infusion,100mg/ml1971Human Normal Immunoglobulin (human immunoglobulin g)solution for infusion,100mg/ml1971Human Normal Immunoglobulin (human immunoglobulin g)solution for infusion,100mg/ml1971Human Normal Immunoglobulin (human immunoglobulin g)solution for infusion
100mg/ml1973Human Normal Immunoglobulin (human immunoglobulin g)solution for infusion,100mg/ml1973Human Normal Immunoglobulin (human immunoglobulin g)solution for infusion,100mg/ml1973Human Normal Immunoglobulin (human immunoglobulin g)solution for infusion,100mg/ml1973Human Normal Immunoglobulin (human immunoglobulin g)solution for infusion
1%1975Silver sulphadiazinecream,1%1975Silver sulphadiazinecream,1%1975Silver sulphadiazinecream,1%1975Silver sulphadiazinecream
165mg/ml1976Human Normal Immunoglobulinsolution for injection,165mg/ml1976Human Normal Immunoglobulinsolution for injection,165mg/ml1976Human Normal Immunoglobulinsolution for injection,165mg/ml1976Human Normal Immunoglobulinsolution for injection
165mg/ml1977Human Normal Immunoglobulinsolution for injection,165mg/ml1977Human Normal Immunoglobulinsolution for injection,165mg/ml1977Human Normal Immunoglobulinsolution for injection,165mg/ml1977Human Normal Immunoglobulinsolution for injection
5% (5g/100ml)1978Human Normal Immunoglobulinsolution for infusion,5% (5g/100ml)1978Human Normal Immunoglobulinsolution for infusion,5% (5g/100ml)1978Human Normal Immunoglobulinsolution for infusion,5% (5g/100ml)1978Human Normal Immunoglobulinsolution for infusion
,1378Colchicine 1mg,1378Colchicine 1mg,
,1382Crizotinib 250mg,1382Crizotinib 250mg,
,1384Linezolid 2mg/ml - 300mlsolution for infusion,1384Linezolid 2mg/ml - 300mlsolution for infusion,1384Linezolid 2mg/ml - 300mlsolution for infusion
,1387Cyclosporine 50mg,1387Cyclosporine 50mg,
,1388Phenylephrine hydrochloride 10mgtablet,1388Phenylephrine hydrochloride 10mgtablet,1388Phenylephrine hydrochloride 10mgtablet
,1390Cynarae folium (extract) 4g/100ml,1390Cynarae folium (extract) 4g/100ml,
,1391Cynarae folium (extract) 55mg,1391Cynarae folium (extract) 55mg,
,1395Lixisenatide 10mcg/0.2ml + 20mcg/0.2ml - 3mlsolution for injection,1395Lixisenatide 10mcg/0.2ml + 20mcg/0.2ml - 3mlsolution for injection,1395Lixisenatide 10mcg/0.2ml + 20mcg/0.2ml - 3mlsolution for injection
102.85mg + 80mg1398Phloroglucinol dihydrate + trimethylphloroglucinoltablet,102.85mg + 80mg1398Phloroglucinol dihydrate + trimethylphloroglucinoltablet,102.85mg + 80mg1398Phloroglucinol dihydrate + trimethylphloroglucinoltablet,102.85mg + 80mg1398Phloroglucinol dihydrate + trimethylphloroglucinoltablet
,1399Metoclopramide 5mg/5ml - 120mloral solution,1399Metoclopramide 5mg/5ml - 120mloral solution,1399Metoclopramide 5mg/5ml - 120mloral solution
(0.1g + 0.01g + 0.15g)/100ml1401Pholcodine + chlorpheniramine maleate + biclotymolsyrup,(0.1g + 0.01g + 0.15g)/100ml1401Pholcodine + chlorpheniramine maleate + biclotymolsyrup,(0.1g + 0.01g + 0.15g)/100ml1401Pholcodine + chlorpheniramine maleate + biclotymolsyrup,(0.1g + 0.01g + 0.15g)/100ml1401Pholcodine + chlorpheniramine maleate + biclotymolsyrup
,1414Dalteparin 2500IU (anti-xa)/0.2ml,1414Dalteparin 2500IU (anti-xa)/0.2ml,
,1415Dalteparin 5000IU/0.2ml,1415Dalteparin 5000IU/0.2ml,
,1422Delorazepam 1mg/ml - 20ml,1422Delorazepam 1mg/ml - 20ml,
,1424Denosumab 60mg/ml,1424Denosumab 60mg/ml,
,1431Piperazine adipate 250mgtablet,1431Piperazine adipate 250mgtablet,1431Piperazine adipate 250mgtablet
,1436Diclofenac sodium 100mgsuppository,1436Diclofenac sodium 100mgsuppository,1436Diclofenac sodium 100mgsuppository
,1443Levodopa + Carbidopa + Entacapone 100mg + 25mg + 200mg,1443Levodopa + Carbidopa + Entacapone 100mg + 25mg + 200mg,
,1449Piracetam 3g/15mlsolution for injection,1449Piracetam 3g/15mlsolution for injection,1449Piracetam 3g/15mlsolution for injection
,1459Diclofenac sodium 1% - 25g,1459Diclofenac sodium 1% - 25g,
,1460Diclofenac sodium 1% - 60g,1460Diclofenac sodium 1% - 60g,
,1461Piroxicam 20mgsuppository,1461Piroxicam 20mgsuppository,1461Piroxicam 20mgsuppository
,1475L-cysteine 500mg,1475L-cysteine 500mg,
,1479Ketotifen 0.05% - 10mleye drops, solution,1479Ketotifen 0.05% - 10mleye drops, solution,1479Ketotifen 0.05% - 10mleye drops, solution
(0.1% + 0.5%) - 5ml1482Dexamethasone phosphate + neomycin sulphateeye drops,(0.1% + 0.5%) - 5ml1482Dexamethasone phosphate + neomycin sulphateeye drops,(0.1% + 0.5%) - 5ml1482Dexamethasone phosphate + neomycin sulphateeye drops,(0.1% + 0.5%) - 5ml1482Dexamethasone phosphate + neomycin sulphateeye drops
,1486Dexamethasone sodium phosphate 5mg/ml,1486Dexamethasone sodium phosphate 5mg/ml,
0.15% + 0.5%1487Dexamethasone sodium phosphate + neomycin sulphatecream,0.15% + 0.5%1487Dexamethasone sodium phosphate + neomycin sulphatecream,0.15% + 0.5%1487Dexamethasone sodium phosphate + neomycin sulphatecream,0.15% + 0.5%1487Dexamethasone sodium phosphate + neomycin sulphatecream
,1505Dextromethorphan hydrobromide 1.8mg/ml,1505Dextromethorphan hydrobromide 1.8mg/ml,
200mg1512Povidone iodinepessary,200mg1512Povidone iodinepessary,200mg1512Povidone iodinepessary,200mg1512Povidone iodinepessary
,1513Diazepam 10mg,1513Diazepam 10mg,
,1514Diazepam 2mg,1514Diazepam 2mg,
,1520Diazepam 5mg/2.5mlrectal solution,1520Diazepam 5mg/2.5mlrectal solution,1520Diazepam 5mg/2.5mlrectal solution
,1522Diazepam + clidinium bromide 2mg + 2.5mg,1522Diazepam + clidinium bromide 2mg + 2.5mg,
,1530Ketamine 50mg/ml - 10ml,1530Ketamine 50mg/ml - 10ml,
,1545Levonorgestrel 0.75mg,1545Levonorgestrel 0.75mg,
,1546Levonorgestrel 1.5mg,1546Levonorgestrel 1.5mg,
80g/100g1554Pressed juice from fresh flowering purple conefloweroral solution,80g/100g1554Pressed juice from fresh flowering purple conefloweroral solution,80g/100g1554Pressed juice from fresh flowering purple conefloweroral solution,80g/100g1554Pressed juice from fresh flowering purple conefloweroral solution
,1558Levonorgestrel + Ethinylestradiol 0.15mg + 0.03mg,1558Levonorgestrel + Ethinylestradiol 0.15mg + 0.03mg,
,1559Dobutamine (as dobutamine hydrochloride) 250mg/20ml,1559Dobutamine (as dobutamine hydrochloride) 250mg/20ml,
,1567Docetaxel 20mg/1ml,1567Docetaxel 20mg/1ml,
,1574Progesterone 200mgcapsule, soft,1574Progesterone 200mgcapsule, soft,1574Progesterone 200mgcapsule, soft
,1576Dopamine hydrochloride 50mg/5ml,1576Dopamine hydrochloride 50mg/5ml,
0.5%1581Proparacaine hydrochlorideeye drops, solution,0.5%1581Proparacaine hydrochlorideeye drops, solution,0.5%1581Proparacaine hydrochlorideeye drops, solution,0.5%1581Proparacaine hydrochlorideeye drops, solution
,1589Doxorubicin hydrochloride 10mg/5ml,1589Doxorubicin hydrochloride 10mg/5ml,
,1590Doxorubicin hydrochloride 2mg/1ml,1590Doxorubicin hydrochloride 2mg/1ml,
,1591Doxorubicin hydrochloride 50mg/25ml,1591Doxorubicin hydrochloride 50mg/25ml,
,1596Drotaverine hydrochloride 40mg/2ml,1596Drotaverine hydrochloride 40mg/2ml,
4.15mg/g1598Protein-free haemodialysate of blood of veal calves, chemically and biologically standardized (expressed as dry matter)gel,4.15mg/g1598Protein-free haemodialysate of blood of veal calves, chemically and biologically standardized (expressed as dry matter)gel,4.15mg/g1598Protein-free haemodialysate of blood of veal calves, chemically and biologically standardized (expressed as dry matter)gel,4.15mg/g1598Protein-free haemodialysate of blood of veal calves, chemically and biologically standardized (expressed as dry matter)gel
,1601Benzylpenicillin sodium 1.000.000 IU/vial,1601Benzylpenicillin sodium 1.000.000 IU/vial,
,1626Epirubicin hydrochloride 10mg,1626Epirubicin hydrochloride 10mg,
,1627Epirubicin hydrochloride 2mg/1ml - 5ml,1627Epirubicin hydrochloride 2mg/1ml - 5ml,
,1628Epirubicin hydrochloride 50mg,1628Epirubicin hydrochloride 50mg,
,1629Epirubicin hydrochloride 50mg/25ml,1629Epirubicin hydrochloride 50mg/25ml,
,1638Epoetin beta 250mcg/0.3ml,1638Epoetin beta 250mcg/0.3ml,
,1643Epoetin theta 4000 IU/1ml,1643Epoetin theta 4000 IU/1ml,
,1646Glyceryl trinitrate 400mcg/metered dosesublingual spray,1646Glyceryl trinitrate 400mcg/metered dosesublingual spray,1646Glyceryl trinitrate 400mcg/metered dosesublingual spray
,1648Epoetin theta 10000 IU/1ml,1648Epoetin theta 10000 IU/1ml,
,1650Glyceryl trinitrate 50mg/50mlconcentrate for solution for infusion,1650Glyceryl trinitrate 50mg/50mlconcentrate for solution for infusion,1650Glyceryl trinitrate 50mg/50mlconcentrate for solution for infusion
[209mg + 200mg + (16mg + 11.3mg + 11.3mg + 8.17mg + 7.9mg + 7.9mg + 7.9mg + 7.3mg + 6.8mg + 6.8mg + 5.97mg + 5.6mg + 5.61664Glucose monohydrate / soya-bean oil refined / alanine / arginineemulsion for infusion,[209mg + 200mg + (16mg + 11.3mg + 11.3mg + 8.17mg + 7.9mg + 7.9mg + 7.9mg + 7.3mg + 6.8mg + 6.8mg + 5.97mg + 5.6mg + 5.61664Glucose monohydrate / soya-bean oil refined / alanine / arginineemulsion for infusion,[209mg + 200mg + (16mg + 11.3mg + 11.3mg + 8.17mg + 7.9mg + 7.9mg + 7.9mg + 7.3mg + 6.8mg + 6.8mg + 5.97mg + 5.6mg + 5.61664Glucose monohydrate / soya-bean oil refined / alanine / arginineemulsion for infusion,[209mg + 200mg + (16mg + 11.3mg + 11.3mg + 8.17mg + 7.9mg + 7.9mg + 7.9mg + 7.3mg + 6.8mg + 6.8mg + 5.97mg + 5.6mg + 5.61664Glucose monohydrate / soya-bean oil refined / alanine / arginineemulsion for infusion
[209mg + 200mg + (16mg + 11.3mg + 11.3mg + 8.17mg + 7.9mg + 7.9mg + 7.9mg + 7.3mg + 6.8mg + 6.8mg + 5.97mg + 5.6mg + 5.61665Glucose monohydrate / soya-bean oil refined / alanine / arginineemulsion for infusion,[209mg + 200mg + (16mg + 11.3mg + 11.3mg + 8.17mg + 7.9mg + 7.9mg + 7.9mg + 7.3mg + 6.8mg + 6.8mg + 5.97mg + 5.6mg + 5.61665Glucose monohydrate / soya-bean oil refined / alanine / arginineemulsion for infusion,[209mg + 200mg + (16mg + 11.3mg + 11.3mg + 8.17mg + 7.9mg + 7.9mg + 7.9mg + 7.3mg + 6.8mg + 6.8mg + 5.97mg + 5.6mg + 5.61665Glucose monohydrate / soya-bean oil refined / alanine / arginineemulsion for infusion,[209mg + 200mg + (16mg + 11.3mg + 11.3mg + 8.17mg + 7.9mg + 7.9mg + 7.9mg + 7.3mg + 6.8mg + 6.8mg + 5.97mg + 5.6mg + 5.61665Glucose monohydrate / soya-bean oil refined / alanine / arginineemulsion for infusion
[209mg + 200mg + (16mg + 11.3mg + 11.3mg + 8.17mg + 7.9mg + 7.9mg + 7.9mg + 7.3mg + 6.8mg + 6.8mg + 5.97mg + 5.6mg + 5.61666Glucose monohydrate / soya-bean oil refined / alanine / arginineemulsion for infusion,[209mg + 200mg + (16mg + 11.3mg + 11.3mg + 8.17mg + 7.9mg + 7.9mg + 7.9mg + 7.3mg + 6.8mg + 6.8mg + 5.97mg + 5.6mg + 5.61666Glucose monohydrate / soya-bean oil refined / alanine / arginineemulsion for infusion,[209mg + 200mg + (16mg + 11.3mg + 11.3mg + 8.17mg + 7.9mg + 7.9mg + 7.9mg + 7.3mg + 6.8mg + 6.8mg + 5.97mg + 5.6mg + 5.61666Glucose monohydrate / soya-bean oil refined / alanine / arginineemulsion for infusion,[209mg + 200mg + (16mg + 11.3mg + 11.3mg + 8.17mg + 7.9mg + 7.9mg + 7.9mg + 7.3mg + 6.8mg + 6.8mg + 5.97mg + 5.6mg + 5.61666Glucose monohydrate / soya-bean oil refined / alanine / arginineemulsion for infusion
[209mg + 200mg + (16mg + 11.3mg + 11.3mg + 8.17mg + 7.9mg + 7.9mg + 7.9mg + 7.3mg + 6.8mg + 6.8mg + 5.97mg + 5.6mg + 5.61667Glucose monohydrate / soya-bean oil refined / alanine / arginineemulsion for infusion,[209mg + 200mg + (16mg + 11.3mg + 11.3mg + 8.17mg + 7.9mg + 7.9mg + 7.9mg + 7.3mg + 6.8mg + 6.8mg + 5.97mg + 5.6mg + 5.61667Glucose monohydrate / soya-bean oil refined / alanine / arginineemulsion for infusion,[209mg + 200mg + (16mg + 11.3mg + 11.3mg + 8.17mg + 7.9mg + 7.9mg + 7.9mg + 7.3mg + 6.8mg + 6.8mg + 5.97mg + 5.6mg + 5.61667Glucose monohydrate / soya-bean oil refined / alanine / arginineemulsion for infusion,[209mg + 200mg + (16mg + 11.3mg + 11.3mg + 8.17mg + 7.9mg + 7.9mg + 7.9mg + 7.3mg + 6.8mg + 6.8mg + 5.97mg + 5.6mg + 5.61667Glucose monohydrate / soya-bean oil refined / alanine / arginineemulsion for infusion
,1668Glyceryl trinitrate 5mg/1.5mlconcentrate for solution for infusion,1668Glyceryl trinitrate 5mg/1.5mlconcentrate for solution for infusion,1668Glyceryl trinitrate 5mg/1.5mlconcentrate for solution for infusion
,1670Glyceryl trinitrate 5mg/24hrstransdermal patch,1670Glyceryl trinitrate 5mg/24hrstransdermal patch,1670Glyceryl trinitrate 5mg/24hrstransdermal patch
,1674Erythromycin 3% (w/w) - 30g,1674Erythromycin 3% (w/w) - 30g,
3.6mg/dose1675Goserelin acetateimplant,3.6mg/dose1675Goserelin acetateimplant,3.6mg/dose1675Goserelin acetateimplant,3.6mg/dose1675Goserelin acetateimplant
,1680Erythromycin 3% (w/w) - 40ml,1680Erythromycin 3% (w/w) - 40ml,
,1694Racecadotril 100mgcapsule, hard,1694Racecadotril 100mgcapsule, hard,1694Racecadotril 100mgcapsule, hard
,1699Ramipril 1.25mgtablet,1699Ramipril 1.25mgtablet,1699Ramipril 1.25mgtablet
(20mg + 75mg + 124.35mg)1702Eschscholtzia ,(20mg + 75mg + 124.35mg)1702Eschscholtzia ,(20mg + 75mg + 124.35mg)1702Eschscholtzia ,
500 iu/g1703Heparin sodiumcream,500 iu/g1703Heparin sodiumcream,500 iu/g1703Heparin sodiumcream,500 iu/g1703Heparin sodiumcream
(120 iu + 1.675mg + 30mg)1706Heparin sodium / prednisolone acetate / macrogol lauryl ethersuppository,(120 iu + 1.675mg + 30mg)1706Heparin sodium / prednisolone acetate / macrogol lauryl ethersuppository,(120 iu + 1.675mg + 30mg)1706Heparin sodium / prednisolone acetate / macrogol lauryl ethersuppository,(120 iu + 1.675mg + 30mg)1706Heparin sodium / prednisolone acetate / macrogol lauryl ethersuppository
,1716Eslicarbazepine acetate 800mg,1716Eslicarbazepine acetate 800mg,
10mcg/0.5ml1718Hepatitis b surface antigen (rdna) adsorbed on aluminium hydroxide [produced in s. cerevisiae (strain 2150-2-3) by rdna]suspension for injection in pre-filled syringe,10mcg/0.5ml1718Hepatitis b surface antigen (rdna) adsorbed on aluminium hydroxide [produced in s. cerevisiae (strain 2150-2-3) by rdna]suspension for injection in pre-filled syringe,10mcg/0.5ml1718Hepatitis b surface antigen (rdna) adsorbed on aluminium hydroxide [produced in s. cerevisiae (strain 2150-2-3) by rdna]suspension for injection in pre-filled syringe,10mcg/0.5ml1718Hepatitis b surface antigen (rdna) adsorbed on aluminium hydroxide [produced in s. cerevisiae (strain 2150-2-3) by rdna]suspension for injection in pre-filled syringe
,1719Esomeprazole 20mg,1719Esomeprazole 20mg,
,1720Esomeprazole 40mg/vial,1720Esomeprazole 40mg/vial,
,1723Ramipril + hydrochlorothiazide (2.5mg + 12.5mg)tablet,1723Ramipril + hydrochlorothiazide (2.5mg + 12.5mg)tablet,1723Ramipril + hydrochlorothiazide (2.5mg + 12.5mg)tablet
200g/l - 50ml1727Human albumin solution 200g/l - 50mlsolution for infusion,200g/l - 50ml1727Human albumin solution 200g/l - 50mlsolution for infusion,200g/l - 50ml1727Human albumin solution 200g/l - 50mlsolution for infusion,200g/l - 50ml1727Human albumin solution 200g/l - 50mlsolution for infusion
,1744Ranolazine 750mgprolonged-release tablet,1744Ranolazine 750mgprolonged-release tablet,1744Ranolazine 750mgprolonged-release tablet
,1756Etoposide 25 mg,1756Etoposide 25 mg,
,1757Etoposide 100 mg,1757Etoposide 100 mg,
,1761Exemestane 25mg,1761Exemestane 25mg,
,1762Repaglinide 2mgtablet,1762Repaglinide 2mgtablet,1762Repaglinide 2mgtablet
,1765Retigabine 100mgfilm-coated tablet,1765Retigabine 100mgfilm-coated tablet,1765Retigabine 100mgfilm-coated tablet
,1766Allantoin + lidocaine hydrochloride (0.5% w/w + 0.5% w/w),1766Allantoin + lidocaine hydrochloride (0.5% w/w + 0.5% w/w),
(4g + 0.3g + 10g + 1g)/100g1377Phenol liquid + basic fuchsin + resorcin + boric acidcutaneous solution,(4g + 0.3g + 10g + 1g)/100g1377Phenol liquid + basic fuchsin + resorcin + boric acidcutaneous solution,(4g + 0.3g + 10g + 1g)/100g1377Phenol liquid + basic fuchsin + resorcin + boric acidcutaneous solution,(4g + 0.3g + 10g + 1g)/100g1377Phenol liquid + basic fuchsin + resorcin + boric acidcutaneous solution
(1mg + 100mg + 100mg)/2ml1383Cyanocobalamine + thiamine chloride hydrochloride + pyridoxine hydrochloride,(1mg + 100mg + 100mg)/2ml1383Cyanocobalamine + thiamine chloride hydrochloride + pyridoxine hydrochloride,(1mg + 100mg + 100mg)/2ml1383Cyanocobalamine + thiamine chloride hydrochloride + pyridoxine hydrochloride,
,1385Linezolid 600mg,1385Linezolid 600mg,
,1403Pholcodine monohydrate 10mgcapsule, hard,1403Pholcodine monohydrate 10mgcapsule, hard,1403Pholcodine monohydrate 10mgcapsule, hard
,1419Deferasirox 500mg,1419Deferasirox 500mg,
,1432Leflunomide 10mg,1432Leflunomide 10mg,
,1433Leflunomide 20mg,1433Leflunomide 20mg,
,1438Levodopa + Benserazide 100mg + 25mg,1438Levodopa + Benserazide 100mg + 25mg,
,1440Diclofenac sodium 50mgsuppository,1440Diclofenac sodium 50mgsuppository,1440Diclofenac sodium 50mgsuppository
,1441Piracetam 1200mgfilm-coated tablet,1441Piracetam 1200mgfilm-coated tablet,1441Piracetam 1200mgfilm-coated tablet
,1446Piracetam 333.33mg/mloral solution,1446Piracetam 333.33mg/mloral solution,1446Piracetam 333.33mg/mloral solution
,1454Piroxicam 0.5%eye drops, solution,1454Piroxicam 0.5%eye drops, solution,1454Piroxicam 0.5%eye drops, solution
,1456Diclofenac sodium 1% - 20g,1456Diclofenac sodium 1% - 20g,
,1468Desonide 0.1% - 30g,1468Desonide 0.1% - 30g,
,1470Lactulose 67g/100mlconcentrate for oral solution,1470Lactulose 67g/100mlconcentrate for oral solution,1470Lactulose 67g/100mlconcentrate for oral solution
,1471Lactulose 67g/100ml - 500mlconcentrate for oral solution,1471Lactulose 67g/100ml - 500mlconcentrate for oral solution,1471Lactulose 67g/100ml - 500mlconcentrate for oral solution
(2.2mcg+ 2.2mcg+ 2.2mcg+ 2.2mcg+ 2.2mcg + 4.4mcg + 2.2mcg + 2.2mcg + 2.2mcg + 2.2mcg + 2.2mcg + 2.2mcg + 2.2mcg) / 0.5ml1480Pneumococcal polysaccharide serotype: 1(1) + 3(1) + 4(1) + 5(1) + 6a(1) + 6b(1) + 7f(1) + 9v(1) + 14(1) + 18c(1) + 19a(1) + 19f(1) + 23f(1) [(1)conjugated to crm197 carrier protein and adsorbed on aluminium phosphate (0.125mg aluminium)]suspension for injection,(2.2mcg+ 2.2mcg+ 2.2mcg+ 2.2mcg+ 2.2mcg + 4.4mcg + 2.2mcg + 2.2mcg + 2.2mcg + 2.2mcg + 2.2mcg + 2.2mcg + 2.2mcg) / 0.5ml1480Pneumococcal polysaccharide serotype: 1(1) + 3(1) + 4(1) + 5(1) + 6a(1) + 6b(1) + 7f(1) + 9v(1) + 14(1) + 18c(1) + 19a(1) + 19f(1) + 23f(1) [(1)conjugated to crm197 carrier protein and adsorbed on aluminium phosphate (0.125mg aluminium)]suspension for injection,(2.2mcg+ 2.2mcg+ 2.2mcg+ 2.2mcg+ 2.2mcg + 4.4mcg + 2.2mcg + 2.2mcg + 2.2mcg + 2.2mcg + 2.2mcg + 2.2mcg + 2.2mcg) / 0.5ml1480Pneumococcal polysaccharide serotype: 1(1) + 3(1) + 4(1) + 5(1) + 6a(1) + 6b(1) + 7f(1) + 9v(1) + 14(1) + 18c(1) + 19a(1) + 19f(1) + 23f(1) [(1)conjugated to crm197 carrier protein and adsorbed on aluminium phosphate (0.125mg aluminium)]suspension for injection,(2.2mcg+ 2.2mcg+ 2.2mcg+ 2.2mcg+ 2.2mcg + 4.4mcg + 2.2mcg + 2.2mcg + 2.2mcg + 2.2mcg + 2.2mcg + 2.2mcg + 2.2mcg) / 0.5ml1480Pneumococcal polysaccharide serotype: 1(1) + 3(1) + 4(1) + 5(1) + 6a(1) + 6b(1) + 7f(1) + 9v(1) + 14(1) + 18c(1) + 19a(1) + 19f(1) + 23f(1) [(1)conjugated to crm197 carrier protein and adsorbed on aluminium phosphate (0.125mg aluminium)]suspension for injection
,1506Dextromethorphan hydrobromide 15mg/5ml,1506Dextromethorphan hydrobromide 15mg/5ml,
10g/100ml/1000ml1507Povidone iodinecutaneous solution,10g/100ml/1000ml1507Povidone iodinecutaneous solution,10g/100ml/1000ml1507Povidone iodinecutaneous solution,10g/100ml/1000ml1507Povidone iodinecutaneous solution
10g/100ml/100ml1508Povidone iodinecutaneous solution,10g/100ml/100ml1508Povidone iodinecutaneous solution,10g/100ml/100ml1508Povidone iodinecutaneous solution,10g/100ml/100ml1508Povidone iodinecutaneous solution
,1510Dextrose anhydrous 5% - 250ml,1510Dextrose anhydrous 5% - 250ml,
,1511Dextrose anhydrous 5% - 500ml,1511Dextrose anhydrous 5% - 500ml,
(24.4 + 10.8)g/45ml1556Disodium phosphate dodecahydrate + sodium dihydrogen phosphate dihydrateoral solution,(24.4 + 10.8)g/45ml1556Disodium phosphate dodecahydrate + sodium dihydrogen phosphate dihydrateoral solution,(24.4 + 10.8)g/45ml1556Disodium phosphate dodecahydrate + sodium dihydrogen phosphate dihydrateoral solution,(24.4 + 10.8)g/45ml1556Disodium phosphate dodecahydrate + sodium dihydrogen phosphate dihydrateoral solution
,1560Docetaxel 80mg/vial,1560Docetaxel 80mg/vial,
8.30mg/g1602Protein-free haemodialysate of blood of veal calves, chemically and biologically standardized (expressed as dry matter)eye gel,8.30mg/g1602Protein-free haemodialysate of blood of veal calves, chemically and biologically standardized (expressed as dry matter)eye gel,8.30mg/g1602Protein-free haemodialysate of blood of veal calves, chemically and biologically standardized (expressed as dry matter)eye gel,8.30mg/g1602Protein-free haemodialysate of blood of veal calves, chemically and biologically standardized (expressed as dry matter)eye gel
200mg + 245mg1612Emtricitabine + tenofovir disoproxil,200mg + 245mg1612Emtricitabine + tenofovir disoproxil,200mg + 245mg1612Emtricitabine + tenofovir disoproxil,
(10mg + 25mg)1616Enalapril maleate + hydrochlorothiazide,(10mg + 25mg)1616Enalapril maleate + hydrochlorothiazide,(10mg + 25mg)1616Enalapril maleate + hydrochlorothiazide,
,1633Epirubicin hydrochloride 200mg/100ml ,1633Epirubicin hydrochloride 200mg/100ml ,
,1634Epirubicin hydrochloride 20mg/10ml ,1634Epirubicin hydrochloride 20mg/10ml ,
,1642Epoetin theta 3000 IU/1ml,1642Epoetin theta 3000 IU/1ml,
,1669Proteinated silver 0.5%nasal drops, solution,1669Proteinated silver 0.5%nasal drops, solution,1669Proteinated silver 0.5%nasal drops, solution
,1679Pygeum africanum extract 50mgcapsule, soft,1679Pygeum africanum extract 50mgcapsule, soft,1679Pygeum africanum extract 50mgcapsule, soft
,1697Racecadotril 30mggranules for oral suspension,1697Racecadotril 30mggranules for oral suspension,1697Racecadotril 30mggranules for oral suspension
1000 iu/1g1698Heparin sodiumgel,1000 iu/1g1698Heparin sodiumgel,1000 iu/1g1698Heparin sodiumgel,1000 iu/1g1698Heparin sodiumgel
300 iu/g1701Heparin sodiumcream,300 iu/g1701Heparin sodiumcream,300 iu/g1701Heparin sodiumcream,300 iu/g1701Heparin sodiumcream
,1705Escin 20mg,1705Escin 20mg,
(10mg + 10mg + 100 iu)/1g1710Escin + phospholipids + heparin sodium,(10mg + 10mg + 100 iu)/1g1710Escin + phospholipids + heparin sodium,(10mg + 10mg + 100 iu)/1g1710Escin + phospholipids + heparin sodium,
1440 elisa units / 1ml1712Hepatitis a virus antigen	hepatitis a virus antigen (inactivated)	suspension for injection,1440 elisa units / 1ml1712Hepatitis a virus antigen	hepatitis a virus antigen (inactivated)	suspension for injection,1440 elisa units / 1ml1712Hepatitis a virus antigen	hepatitis a virus antigen (inactivated)	suspension for injection,1440 elisa units / 1ml1712Hepatitis a virus antigen	hepatitis a virus antigen (inactivated)	suspension for injection
720 elisa units/0.5ml1715Hepatitis a virus antigen (inactivated)suspension for injection,720 elisa units/0.5ml1715Hepatitis a virus antigen (inactivated)suspension for injection,720 elisa units/0.5ml1715Hepatitis a virus antigen (inactivated)suspension for injection,720 elisa units/0.5ml1715Hepatitis a virus antigen (inactivated)suspension for injection
20mcg/1ml1721Hepatitis b surface antigen (rdna) adsorbed on aluminium hydroxide [produced in s. cerevisiae (strain 2150-2-3) by rdna]suspension for injection in pre-filled syringe,20mcg/1ml1721Hepatitis b surface antigen (rdna) adsorbed on aluminium hydroxide [produced in s. cerevisiae (strain 2150-2-3) by rdna]suspension for injection in pre-filled syringe,20mcg/1ml1721Hepatitis b surface antigen (rdna) adsorbed on aluminium hydroxide [produced in s. cerevisiae (strain 2150-2-3) by rdna]suspension for injection in pre-filled syringe,20mcg/1ml1721Hepatitis b surface antigen (rdna) adsorbed on aluminium hydroxide [produced in s. cerevisiae (strain 2150-2-3) by rdna]suspension for injection in pre-filled syringe
,1736Etodolac 300mg,1736Etodolac 300mg,
250 iu/1ml1742Human tetanus immunoglobulinsolution for injection in pre-filled syringe,250 iu/1ml1742Human tetanus immunoglobulinsolution for injection in pre-filled syringe,250 iu/1ml1742Human tetanus immunoglobulinsolution for injection in pre-filled syringe,250 iu/1ml1742Human tetanus immunoglobulinsolution for injection in pre-filled syringe
,1755Remifentanil 2mg/vialpowder for concentrate for solution for injection/infusion,1755Remifentanil 2mg/vialpowder for concentrate for solution for injection/infusion,1755Remifentanil 2mg/vialpowder for concentrate for solution for injection/infusion
(5mg + 50mg)1767Amiloride hydrochloride anhydrous + hydrochlorothiazide,(5mg + 50mg)1767Amiloride hydrochloride anhydrous + hydrochlorothiazide,(5mg + 50mg)1767Amiloride hydrochloride anhydrous + hydrochlorothiazide,
,1772Amoxicilline (as trihydrate x 654.1mg) + amoxicillin (as sodium salt x 480.8mg) + clavulanic acid (as potassium salt x 76.2mg),1772Amoxicilline (as trihydrate x 654.1mg) + amoxicillin (as sodium salt x 480.8mg) + clavulanic acid (as potassium salt x 76.2mg),
,1778Anhydrous estradiol 0.1g/100g,1778Anhydrous estradiol 0.1g/100g,
(38.6g + 5.38g + 4.48g + 184mg + 51mg)/1l1783Anhydrous glucose + sodium chloride + sodium lactate + calcium chloride +magnesium chloride,(38.6g + 5.38g + 4.48g + 184mg + 51mg)/1l1783Anhydrous glucose + sodium chloride + sodium lactate + calcium chloride +magnesium chloride,(38.6g + 5.38g + 4.48g + 184mg + 51mg)/1l1783Anhydrous glucose + sodium chloride + sodium lactate + calcium chloride +magnesium chloride,
2.6g/100ml1785Rifamycin (as rifamycin sodium salt)ear drops, solution,2.6g/100ml1785Rifamycin (as rifamycin sodium salt)ear drops, solution,2.6g/100ml1785Rifamycin (as rifamycin sodium salt)ear drops, solution,2.6g/100ml1785Rifamycin (as rifamycin sodium salt)ear drops, solution
(12500iu + 165000 IU)/150ml1792Bacitracin + neomycin (as neomycin sulphate),(12500iu + 165000 IU)/150ml1792Bacitracin + neomycin (as neomycin sulphate),(12500iu + 165000 IU)/150ml1792Bacitracin + neomycin (as neomycin sulphate),
(0.0045% + 0.5%) (w/v)1799Benzalkonium chloride + Hydroxypropylmethylcelluloseeye drops,(0.0045% + 0.5%) (w/v)1799Benzalkonium chloride + Hydroxypropylmethylcelluloseeye drops,(0.0045% + 0.5%) (w/v)1799Benzalkonium chloride + Hydroxypropylmethylcelluloseeye drops,(0.0045% + 0.5%) (w/v)1799Benzalkonium chloride + Hydroxypropylmethylcelluloseeye drops
(50mg + 10mg)/g - 25g1800Benzoyl peroxide + clindamycin,(50mg + 10mg)/g - 25g1800Benzoyl peroxide + clindamycin,(50mg + 10mg)/g - 25g1800Benzoyl peroxide + clindamycin,
,1803Benzalkonium chloride 0.05g/1ml,1803Benzalkonium chloride 0.05g/1ml,
,1812Blu di metilen 1% (w/v) - 20ml,1812Blu di metilen 1% (w/v) - 20ml,
(2.1mg + 0.5mg)/ml - 30ml1821Chlorhexidine digluconate + lidocaine hydrochloride,(2.1mg + 0.5mg)/ml - 30ml1821Chlorhexidine digluconate + lidocaine hydrochloride,(2.1mg + 0.5mg)/ml - 30ml1821Chlorhexidine digluconate + lidocaine hydrochloride,
(15mg + 40mg + 10mg)/g - 30g1825Ethereal eucalyptus oil + purified ethereal terpentine oil + ethereal thyme oil,(15mg + 40mg + 10mg)/g - 30g1825Ethereal eucalyptus oil + purified ethereal terpentine oil + ethereal thyme oil,(15mg + 40mg + 10mg)/g - 30g1825Ethereal eucalyptus oil + purified ethereal terpentine oil + ethereal thyme oil,
333.3mg + 158.4mg1828Aluminium oxide (as aluminium hydroxide gel, dried) + magnesium oxidetablet,333.3mg + 158.4mg1828Aluminium oxide (as aluminium hydroxide gel, dried) + magnesium oxidetablet,333.3mg + 158.4mg1828Aluminium oxide (as aluminium hydroxide gel, dried) + magnesium oxidetablet,333.3mg + 158.4mg1828Aluminium oxide (as aluminium hydroxide gel, dried) + magnesium oxidetablet
15% - 32g1830Aqueous extract of triticum vulgarecream,15% - 32g1830Aqueous extract of triticum vulgarecream,15% - 32g1830Aqueous extract of triticum vulgarecream,15% - 32g1830Aqueous extract of triticum vulgarecream
,1839Rivaroxaban 15mgfilm-coated tablet,1839Rivaroxaban 15mgfilm-coated tablet,1839Rivaroxaban 15mgfilm-coated tablet
,1840Rivaroxaban 20mgfilm-coated tablet,1840Rivaroxaban 20mgfilm-coated tablet,1840Rivaroxaban 20mgfilm-coated tablet
,1845Rivastigmine 4.5mgcapsule, hard,1845Rivastigmine 4.5mgcapsule, hard,1845Rivastigmine 4.5mgcapsule, hard
,1853Ropinirole 2mgprolonged-release tablet,1853Ropinirole 2mgprolonged-release tablet,1853Ropinirole 2mgprolonged-release tablet
,1859Ropinirole 0.25mgfilm-coated tablet,1859Ropinirole 0.25mgfilm-coated tablet,1859Ropinirole 0.25mgfilm-coated tablet
,1870Rosuvastatin 40mgfilm-coated tablet,1870Rosuvastatin 40mgfilm-coated tablet,1870Rosuvastatin 40mgfilm-coated tablet
,1874Ibuprofen 20mg/ml - 100mloral suspension,1874Ibuprofen 20mg/ml - 100mloral suspension,1874Ibuprofen 20mg/ml - 100mloral suspension
,1876Ibuprofen 600mgfilm-coated tablet,1876Ibuprofen 600mgfilm-coated tablet,1876Ibuprofen 600mgfilm-coated tablet
5mg/ml1887Salbutamolnebuliser solution,5mg/ml1887Salbutamolnebuliser solution,5mg/ml1887Salbutamolnebuliser solution,5mg/ml1887Salbutamolnebuliser solution
(200mg + 30mg)1891Ibuprofen + Codeinecoated tablet,(200mg + 30mg)1891Ibuprofen + Codeinecoated tablet,(200mg + 30mg)1891Ibuprofen + Codeinecoated tablet,(200mg + 30mg)1891Ibuprofen + Codeinecoated tablet
(50mg + 30mg)/g- 60 g1893Ibuprofen + Levomentholgel,(50mg + 30mg)/g- 60 g1893Ibuprofen + Levomentholgel,(50mg + 30mg)/g- 60 g1893Ibuprofen + Levomentholgel,(50mg + 30mg)/g- 60 g1893Ibuprofen + Levomentholgel
(0.05g + 0.025g) /100ml1901Fenoterol hydrobromide + ipratropium bromide,(0.05g + 0.025g) /100ml1901Fenoterol hydrobromide + ipratropium bromide,(0.05g + 0.025g) /100ml1901Fenoterol hydrobromide + ipratropium bromide,
250 iu/1ml1910Human antitetanus immunoglobulinsolution for injection in pre-filled syringe,250 iu/1ml1910Human antitetanus immunoglobulinsolution for injection in pre-filled syringe,250 iu/1ml1910Human antitetanus immunoglobulinsolution for injection in pre-filled syringe,250 iu/1ml1910Human antitetanus immunoglobulinsolution for injection in pre-filled syringe
,1913Fexofenadine 120mg,1913Fexofenadine 120mg,
,1914Fexofenadine 180mg,1914Fexofenadine 180mg,
1000 iu/vial1922Human coagulation factor VIII (rdna) (octocog alfa)powder and solvent for solution for injection,1000 iu/vial1922Human coagulation factor VIII (rdna) (octocog alfa)powder and solvent for solution for injection,1000 iu/vial1922Human coagulation factor VIII (rdna) (octocog alfa)powder and solvent for solution for injection,1000 iu/vial1922Human coagulation factor VIII (rdna) (octocog alfa)powder and solvent for solution for injection
300mg1926Sertaconazole nitratepessary,300mg1926Sertaconazole nitratepessary,300mg1926Sertaconazole nitratepessary,300mg1926Sertaconazole nitratepessary
,1927Flucloxacillin 250mg/vial,1927Flucloxacillin 250mg/vial,
50mg1932Sertralinefilm-coated tablet,50mg1932Sertralinefilm-coated tablet,50mg1932Sertralinefilm-coated tablet,50mg1932Sertralinefilm-coated tablet
25mg1936Sildenafilfilm-coated tablet,25mg1936Sildenafilfilm-coated tablet,25mg1936Sildenafilfilm-coated tablet,25mg1936Sildenafilfilm-coated tablet
,1940Flucloxacillin 500mg/vial,1940Flucloxacillin 500mg/vial,
,1946Fluconazole 2mg/ml - 100ml,1946Fluconazole 2mg/ml - 100ml,
2g/30ml1988Simethiconeoral drops, solution,2g/30ml1988Simethiconeoral drops, solution,2g/30ml1988Simethiconeoral drops, solution,2g/30ml1988Simethiconeoral drops, solution
(1mg + 40mg)1991Fluocortolone pivalate + lidocaine hydrochloridesuppository,(1mg + 40mg)1991Fluocortolone pivalate + lidocaine hydrochloridesuppository,(1mg + 40mg)1991Fluocortolone pivalate + lidocaine hydrochloridesuppository,(1mg + 40mg)1991Fluocortolone pivalate + lidocaine hydrochloridesuppository
80mg1992Simethiconechewable tablet,80mg1992Simethiconechewable tablet,80mg1992Simethiconechewable tablet,80mg1992Simethiconechewable tablet
40mg1993Simethiconecapsule, soft,40mg1993Simethiconecapsule, soft,40mg1993Simethiconecapsule, soft,40mg1993Simethiconecapsule, soft
100 units/ml1999Insulin Glarginesolution for injection,100 units/ml1999Insulin Glarginesolution for injection,100 units/ml1999Insulin Glarginesolution for injection,100 units/ml1999Insulin Glarginesolution for injection
10mg2482Fosinopril 10 mgtablet,10mg2482Fosinopril 10 mgtablet,10mg2482Fosinopril 10 mgtablet,10mg2482Fosinopril 10 mgtablet
40mg/5ml2002Sobrerolsyrup,40mg/5ml2002Sobrerolsyrup,40mg/5ml2002Sobrerolsyrup,40mg/5ml2002Sobrerolsyrup
40mg/3ml2003Sobrerolnebuliser solution,40mg/3ml2003Sobrerolnebuliser solution,40mg/3ml2003Sobrerolnebuliser solution,40mg/3ml2003Sobrerolnebuliser solution
100mg2004Sobrerolsuppository,100mg2004Sobrerolsuppository,100mg2004Sobrerolsuppository,100mg2004Sobrerolsuppository
85mg/10ml2017Sodium chloridesolution for injection,85mg/10ml2017Sodium chloridesolution for injection,85mg/10ml2017Sodium chloridesolution for injection,85mg/10ml2017Sodium chloridesolution for injection
(6g/ml + 0.27g/ml + 0.4g/ml + 3.2g/ml)/250ml2018Sodium chloride / calcium chloride dihydrate / potassium chloride / sodium lactatesolution for injection,(6g/ml + 0.27g/ml + 0.4g/ml + 3.2g/ml)/250ml2018Sodium chloride / calcium chloride dihydrate / potassium chloride / sodium lactatesolution for injection,(6g/ml + 0.27g/ml + 0.4g/ml + 3.2g/ml)/250ml2018Sodium chloride / calcium chloride dihydrate / potassium chloride / sodium lactatesolution for injection,(6g/ml + 0.27g/ml + 0.4g/ml + 3.2g/ml)/250ml2018Sodium chloride / calcium chloride dihydrate / potassium chloride / sodium lactatesolution for injection
(6g/ml + 0.27g/ml + 0.4g/ml + 3.2g/ml)500ml2019Sodium chloride / calcium chloride dihydrate / potassium chloride / sodium lactatesolution for injection,(6g/ml + 0.27g/ml + 0.4g/ml + 3.2g/ml)500ml2019Sodium chloride / calcium chloride dihydrate / potassium chloride / sodium lactatesolution for injection,(6g/ml + 0.27g/ml + 0.4g/ml + 3.2g/ml)500ml2019Sodium chloride / calcium chloride dihydrate / potassium chloride / sodium lactatesolution for injection,(6g/ml + 0.27g/ml + 0.4g/ml + 3.2g/ml)500ml2019Sodium chloride / calcium chloride dihydrate / potassium chloride / sodium lactatesolution for injection
(8.6g + 0.3g + 0.3g)/1000ml2021Sodium chloride / potassium chloride / calcium chloridesolution for infusion,(8.6g + 0.3g + 0.3g)/1000ml2021Sodium chloride / potassium chloride / calcium chloridesolution for infusion,(8.6g + 0.3g + 0.3g)/1000ml2021Sodium chloride / potassium chloride / calcium chloridesolution for infusion,(8.6g + 0.3g + 0.3g)/1000ml2021Sodium chloride / potassium chloride / calcium chloridesolution for infusion
(6g + 0.3g + 0.2g + 6.2g)/1000ml/250ml2022Sodium chloride / potassium chloride / calcium chloride dihydrate / sodium lactate solutionsolution for infusion,(6g + 0.3g + 0.2g + 6.2g)/1000ml/250ml2022Sodium chloride / potassium chloride / calcium chloride dihydrate / sodium lactate solutionsolution for infusion,(6g + 0.3g + 0.2g + 6.2g)/1000ml/250ml2022Sodium chloride / potassium chloride / calcium chloride dihydrate / sodium lactate solutionsolution for infusion,(6g + 0.3g + 0.2g + 6.2g)/1000ml/250ml2022Sodium chloride / potassium chloride / calcium chloride dihydrate / sodium lactate solutionsolution for infusion
2% (w/v)2024Sodium cromoglicateeye drops, solution,2% (w/v)2024Sodium cromoglicateeye drops, solution,2% (w/v)2024Sodium cromoglicateeye drops, solution,2% (w/v)2024Sodium cromoglicateeye drops, solution
40mg/ml2025Sodium cromoglicateeye drops, solution,40mg/ml2025Sodium cromoglicateeye drops, solution,40mg/ml2025Sodium cromoglicateeye drops, solution,40mg/ml2025Sodium cromoglicateeye drops, solution
10mg2033Solifenacin succinatefilm-coated tablet,10mg2033Solifenacin succinatefilm-coated tablet,10mg2033Solifenacin succinatefilm-coated tablet,10mg2033Solifenacin succinatefilm-coated tablet
24mg/3ml2035Somatropinpowder and solvent for solution for injection,24mg/3ml2035Somatropinpowder and solvent for solution for injection,24mg/3ml2035Somatropinpowder and solvent for solution for injection,24mg/3ml2035Somatropinpowder and solvent for solution for injection
3mg/vial2036Somatostatinpowder and solvent for solution for injection,3mg/vial2036Somatostatinpowder and solvent for solution for injection,3mg/vial2036Somatostatinpowder and solvent for solution for injection,3mg/vial2036Somatostatinpowder and solvent for solution for injection
200mg/250ml2040Soya-bean oil, refinedemulsion for infusion,200mg/250ml2040Soya-bean oil, refinedemulsion for infusion,200mg/250ml2040Soya-bean oil, refinedemulsion for infusion,200mg/250ml2040Soya-bean oil, refinedemulsion for infusion
50mg/ml2041Sparteinesolution for injection,50mg/ml2041Sparteinesolution for injection,50mg/ml2041Sparteinesolution for injection,50mg/ml2041Sparteinesolution for injection
1 500 000 IU2042Spiramycinfilm-coated tablet,1 500 000 IU2042Spiramycinfilm-coated tablet,1 500 000 IU2042Spiramycinfilm-coated tablet,1 500 000 IU2042Spiramycinfilm-coated tablet
750mg2054Sultamicillinfilm-coated tablet,750mg2054Sultamicillinfilm-coated tablet,750mg2054Sultamicillinfilm-coated tablet,750mg2054Sultamicillinfilm-coated tablet
50mg2057Sunitinib (as sunitinib malate)capsule, hard,50mg2057Sunitinib (as sunitinib malate)capsule, hard,50mg2057Sunitinib (as sunitinib malate)capsule, hard,50mg2057Sunitinib (as sunitinib malate)capsule, hard
25mg2058Sunitinib (as sunitinib malate)capsule, hard,25mg2058Sunitinib (as sunitinib malate)capsule, hard,25mg2058Sunitinib (as sunitinib malate)capsule, hard,25mg2058Sunitinib (as sunitinib malate)capsule, hard
12.5mg2059Sunitinib (as sunitinib malate)capsule, hard,12.5mg2059Sunitinib (as sunitinib malate)capsule, hard,12.5mg2059Sunitinib (as sunitinib malate)capsule, hard,12.5mg2059Sunitinib (as sunitinib malate)capsule, hard
100mg/vial2061Suxamethonium chloridepowder for solution for injection,100mg/vial2061Suxamethonium chloridepowder for solution for injection,100mg/vial2061Suxamethonium chloridepowder for solution for injection,100mg/vial2061Suxamethonium chloridepowder for solution for injection
20mg2063Tadalafilfilm-coated tablet,20mg2063Tadalafilfilm-coated tablet,20mg2063Tadalafilfilm-coated tablet,20mg2063Tadalafilfilm-coated tablet
20mg/ml2069Telbivudineoral solution,20mg/ml2069Telbivudineoral solution,20mg/ml2069Telbivudineoral solution,20mg/ml2069Telbivudineoral solution
600mg2070Telbivudinefilm-coated tablet,600mg2070Telbivudinefilm-coated tablet,600mg2070Telbivudinefilm-coated tablet,600mg2070Telbivudinefilm-coated tablet
,2072Methylprednisolone acetate	40mg/mlsuspension for injection,2072Methylprednisolone acetate	40mg/mlsuspension for injection,2072Methylprednisolone acetate	40mg/mlsuspension for injection
1%/30g2080Terbinafinecream,1%/30g2080Terbinafinecream,1%/30g2080Terbinafinecream,1%/30g2080Terbinafinecream
1%/15g2081Terbinafinecream,1%/15g2081Terbinafinecream,1%/15g2081Terbinafinecream,1%/15g2081Terbinafinecream
1%2082Terbinafinecutaneous solution,1%2082Terbinafinecutaneous solution,1%2082Terbinafinecutaneous solution,1%2082Terbinafinecutaneous solution
7 mg2083Lyophilizated bacterial lysates of: haemophilus influenzae, diplococcus pneumoniae, klebsiella pneumoniae and ozaenae, staphylococcus aureus, streptococcus pyogenes and viridans, neisseria catarrhaliscapsule,7 mg2083Lyophilizated bacterial lysates of: haemophilus influenzae, diplococcus pneumoniae, klebsiella pneumoniae and ozaenae, staphylococcus aureus, streptococcus pyogenes and viridans, neisseria catarrhaliscapsule,7 mg2083Lyophilizated bacterial lysates of: haemophilus influenzae, diplococcus pneumoniae, klebsiella pneumoniae and ozaenae, staphylococcus aureus, streptococcus pyogenes and viridans, neisseria catarrhaliscapsule,7 mg2083Lyophilizated bacterial lysates of: haemophilus influenzae, diplococcus pneumoniae, klebsiella pneumoniae and ozaenae, staphylococcus aureus, streptococcus pyogenes and viridans, neisseria catarrhaliscapsule
125mg2084Terbinafinetablet,125mg2084Terbinafinetablet,125mg2084Terbinafinetablet,125mg2084Terbinafinetablet
10mg/g2085Terbinafinecream,10mg/g2085Terbinafinecream,10mg/g2085Terbinafinecream,10mg/g2085Terbinafinecream
20mg/g - 30g2088Miconazole nitratecream,20mg/g - 30g2088Miconazole nitratecream,20mg/g - 30g2088Miconazole nitratecream,20mg/g - 30g2088Miconazole nitratecream
250mg2093Tetracycline hydrochloridecapsule,250mg2093Tetracycline hydrochloridecapsule,250mg2093Tetracycline hydrochloridecapsule,250mg2093Tetracycline hydrochloridecapsule
(20 + 12.5)mg2483Fosinopril + Hydrochlorthiazide 20 + 12,5 mgtablet,(20 + 12.5)mg2483Fosinopril + Hydrochlorthiazide 20 + 12,5 mgtablet,(20 + 12.5)mg2483Fosinopril + Hydrochlorthiazide 20 + 12,5 mgtablet,(20 + 12.5)mg2483Fosinopril + Hydrochlorthiazide 20 + 12,5 mgtablet
(202mg + 50.5mg)/10ml2095Theophylline + ethylenediaminesolution for injection,(202mg + 50.5mg)/10ml2095Theophylline + ethylenediaminesolution for injection,(202mg + 50.5mg)/10ml2095Theophylline + ethylenediaminesolution for injection,(202mg + 50.5mg)/10ml2095Theophylline + ethylenediaminesolution for injection
10mg2097Thiamine hydrochloridetablet,10mg2097Thiamine hydrochloridetablet,10mg2097Thiamine hydrochloridetablet,10mg2097Thiamine hydrochloridetablet
50mg/ml2098Thiamine hydrochloridesolution for injection,50mg/ml2098Thiamine hydrochloridesolution for injection,50mg/ml2098Thiamine hydrochloridesolution for injection,50mg/ml2098Thiamine hydrochloridesolution for injection
(10mg + 10mg + 0.1mg)/5ml2100Thiamine hydrochloride + pyridoxine hydrochloride + cyanocobalaminsyrup,(10mg + 10mg + 0.1mg)/5ml2100Thiamine hydrochloride + pyridoxine hydrochloride + cyanocobalaminsyrup,(10mg + 10mg + 0.1mg)/5ml2100Thiamine hydrochloride + pyridoxine hydrochloride + cyanocobalaminsyrup,(10mg + 10mg + 0.1mg)/5ml2100Thiamine hydrochloride + pyridoxine hydrochloride + cyanocobalaminsyrup
(250mg + 250mg + 2mg)/5ml2101Thiamine hydrochloride + pyridoxine hydrochloride + cyanocobalaminsolution for injection,(250mg + 250mg + 2mg)/5ml2101Thiamine hydrochloride + pyridoxine hydrochloride + cyanocobalaminsolution for injection,(250mg + 250mg + 2mg)/5ml2101Thiamine hydrochloride + pyridoxine hydrochloride + cyanocobalaminsolution for injection,(250mg + 250mg + 2mg)/5ml2101Thiamine hydrochloride + pyridoxine hydrochloride + cyanocobalaminsolution for injection
(4mg + 5mg + 2mg + 1mcg + 5mg + 25mg + 20mg)2102Thiamine hydrochloride + riboflavin + pyridoxine hydrochloride + cyanocobalamin + calcium pantothenate + nicotinamide + para-aminobenzoic acidcoated tablet,(4mg + 5mg + 2mg + 1mcg + 5mg + 25mg + 20mg)2102Thiamine hydrochloride + riboflavin + pyridoxine hydrochloride + cyanocobalamin + calcium pantothenate + nicotinamide + para-aminobenzoic acidcoated tablet,(4mg + 5mg + 2mg + 1mcg + 5mg + 25mg + 20mg)2102Thiamine hydrochloride + riboflavin + pyridoxine hydrochloride + cyanocobalamin + calcium pantothenate + nicotinamide + para-aminobenzoic acidcoated tablet,(4mg + 5mg + 2mg + 1mcg + 5mg + 25mg + 20mg)2102Thiamine hydrochloride + riboflavin + pyridoxine hydrochloride + cyanocobalamin + calcium pantothenate + nicotinamide + para-aminobenzoic acidcoated tablet
0.25g/100ml2105Thiocolchicosidecutaneous foam,0.25g/100ml2105Thiocolchicosidecutaneous foam,0.25g/100ml2105Thiocolchicosidecutaneous foam,0.25g/100ml2105Thiocolchicosidecutaneous foam
30iu + 40iu + 25mcg + 25mcg + 8mcg + 10mcg + 40 d-antigen unit + 8 d-antigen unit + 32 d-antigen unit + 10mcg2406DTPA-IPV-HIB-HBV vaccinepowder and suspension for suspension for injection,30iu + 40iu + 25mcg + 25mcg + 8mcg + 10mcg + 40 d-antigen unit + 8 d-antigen unit + 32 d-antigen unit + 10mcg2406DTPA-IPV-HIB-HBV vaccinepowder and suspension for suspension for injection,30iu + 40iu + 25mcg + 25mcg + 8mcg + 10mcg + 40 d-antigen unit + 8 d-antigen unit + 32 d-antigen unit + 10mcg2406DTPA-IPV-HIB-HBV vaccinepowder and suspension for suspension for injection,30iu + 40iu + 25mcg + 25mcg + 8mcg + 10mcg + 40 d-antigen unit + 8 d-antigen unit + 32 d-antigen unit + 10mcg2406DTPA-IPV-HIB-HBV vaccinepowder and suspension for suspension for injection
(10.4 + 13.09 + 9.71 + 1.1 + 0.7 + 0.88 + 4.4 + 0.7 + 10.08 + 10.72 + 2.8 + 5.82 + 4.64 + 5.73 + 2.24 + 4.42)mg/ml2407[l-Isoleucine + l-Leucine + l-Lysine monoacetate + l-Methionine + Acetyl cysteine + l-Phenylalanine + l-Threonine + l-Tryptophan + l-Valine + l-Arginine + l-Histidine + Amino-Acetic Acid + l-Alanine + l-Proline l-serine glacial acetic acidsolution for infusion,(10.4 + 13.09 + 9.71 + 1.1 + 0.7 + 0.88 + 4.4 + 0.7 + 10.08 + 10.72 + 2.8 + 5.82 + 4.64 + 5.73 + 2.24 + 4.42)mg/ml2407[l-Isoleucine + l-Leucine + l-Lysine monoacetate + l-Methionine + Acetyl cysteine + l-Phenylalanine + l-Threonine + l-Tryptophan + l-Valine + l-Arginine + l-Histidine + Amino-Acetic Acid + l-Alanine + l-Proline l-serine glacial acetic acidsolution for infusion,(10.4 + 13.09 + 9.71 + 1.1 + 0.7 + 0.88 + 4.4 + 0.7 + 10.08 + 10.72 + 2.8 + 5.82 + 4.64 + 5.73 + 2.24 + 4.42)mg/ml2407[l-Isoleucine + l-Leucine + l-Lysine monoacetate + l-Methionine + Acetyl cysteine + l-Phenylalanine + l-Threonine + l-Tryptophan + l-Valine + l-Arginine + l-Histidine + Amino-Acetic Acid + l-Alanine + l-Proline l-serine glacial acetic acidsolution for infusion,(10.4 + 13.09 + 9.71 + 1.1 + 0.7 + 0.88 + 4.4 + 0.7 + 10.08 + 10.72 + 2.8 + 5.82 + 4.64 + 5.73 + 2.24 + 4.42)mg/ml2407[l-Isoleucine + l-Leucine + l-Lysine monoacetate + l-Methionine + Acetyl cysteine + l-Phenylalanine + l-Threonine + l-Tryptophan + l-Valine + l-Arginine + l-Histidine + Amino-Acetic Acid + l-Alanine + l-Proline l-serine glacial acetic acidsolution for infusion
(5.8 + 12.8 + 12 + 2 + 0.4 + 3.5 + 8.2 + 3 + 8.7 + 8.2 + 9.8 + 6.2 + 5.305 + 3 + 7.6 + 0.6 + 3.155)mg/ml2408[l-isoleucine + l-leucine + l-lysine monoacetate + l-methionine + acetyl cysteine + l-phenylalanine + l-threonine + l-tryptophan + l-valine + l-arginine + l-histidine + l-alanine + glycine+ l-proline+ l-serine + l-tyrosine + n-glycyl-l-tyrosine )]/mlsolution for infusion,(5.8 + 12.8 + 12 + 2 + 0.4 + 3.5 + 8.2 + 3 + 8.7 + 8.2 + 9.8 + 6.2 + 5.305 + 3 + 7.6 + 0.6 + 3.155)mg/ml2408[l-isoleucine + l-leucine + l-lysine monoacetate + l-methionine + acetyl cysteine + l-phenylalanine + l-threonine + l-tryptophan + l-valine + l-arginine + l-histidine + l-alanine + glycine+ l-proline+ l-serine + l-tyrosine + n-glycyl-l-tyrosine )]/mlsolution for infusion,(5.8 + 12.8 + 12 + 2 + 0.4 + 3.5 + 8.2 + 3 + 8.7 + 8.2 + 9.8 + 6.2 + 5.305 + 3 + 7.6 + 0.6 + 3.155)mg/ml2408[l-isoleucine + l-leucine + l-lysine monoacetate + l-methionine + acetyl cysteine + l-phenylalanine + l-threonine + l-tryptophan + l-valine + l-arginine + l-histidine + l-alanine + glycine+ l-proline+ l-serine + l-tyrosine + n-glycyl-l-tyrosine )]/mlsolution for infusion,(5.8 + 12.8 + 12 + 2 + 0.4 + 3.5 + 8.2 + 3 + 8.7 + 8.2 + 9.8 + 6.2 + 5.305 + 3 + 7.6 + 0.6 + 3.155)mg/ml2408[l-isoleucine + l-leucine + l-lysine monoacetate + l-methionine + acetyl cysteine + l-phenylalanine + l-threonine + l-tryptophan + l-valine + l-arginine + l-histidine + l-alanine + glycine+ l-proline+ l-serine + l-tyrosine + n-glycyl-l-tyrosine )]/mlsolution for infusion
(15.48mg + 17.20mg + 11.18mg + 172mg + 177.16mg + 1.72g + 70.52mg + 177.16mg + 35.26mg + 177.16mg + 1.72mg + 177.16mg) /2409Anise Oil + Citronella oil + Lemon oil + Destillate from melissa folium (1:5) + Lavender oil + Levomenthol + Nutmeg oil + Clove oil + Sage oil + Spike Lavender oil + Thyme oil + Cinnamon bark oil, ceylonoral drops, solution,(15.48mg + 17.20mg + 11.18mg + 172mg + 177.16mg + 1.72g + 70.52mg + 177.16mg + 35.26mg + 177.16mg + 1.72mg + 177.16mg) /2409Anise Oil + Citronella oil + Lemon oil + Destillate from melissa folium (1:5) + Lavender oil + Levomenthol + Nutmeg oil + Clove oil + Sage oil + Spike Lavender oil + Thyme oil + Cinnamon bark oil, ceylonoral drops, solution,(15.48mg + 17.20mg + 11.18mg + 172mg + 177.16mg + 1.72g + 70.52mg + 177.16mg + 35.26mg + 177.16mg + 1.72mg + 177.16mg) /2409Anise Oil + Citronella oil + Lemon oil + Destillate from melissa folium (1:5) + Lavender oil + Levomenthol + Nutmeg oil + Clove oil + Sage oil + Spike Lavender oil + Thyme oil + Cinnamon bark oil, ceylonoral drops, solution,(15.48mg + 17.20mg + 11.18mg + 172mg + 177.16mg + 1.72g + 70.52mg + 177.16mg + 35.26mg + 177.16mg + 1.72mg + 177.16mg) /2409Anise Oil + Citronella oil + Lemon oil + Destillate from melissa folium (1:5) + Lavender oil + Levomenthol + Nutmeg oil + Clove oil + Sage oil + Spike Lavender oil + Thyme oil + Cinnamon bark oil, ceylonoral drops, solution
