Id,PeriodYear,PeriodName,EntQev,MinLinj,InstitCode,InstitName,Kap,ProgramCode,ProgramName,EconomicCode,TreasureCode,ProjectCode,ProjectName,Revised,Actual,Encumbrance,AvailableFunds
17719,2025,11-2025,001,01,1001001,Presidenca (3535),B1,01120,Sherbime te Pergj. Publike,231,3535,23AC501,Projekti i Rikonstruksionit te godines ekzistuese te Institucionit te Presidentit te Republikes,300000000,0,0,300000000
17720,2025,11-2025,001,01,1001001,Presidenca (3535),B1,01120,Sherbime te Pergj. Publike,231,3535,M010003,Blerje pajisjesh,3000000,0,0,3000000
17721,2025,11-2025,001,01,1001001,Presidenca (3535),B1,01120,Sherbime te Pergj. Publike,231,3535,M010020,Pajisje kompjuterike,3000000,0,0,3000000
17722,2025,11-2025,001,02,1002001,Kuvendi Popullor (3535),B1,01110,Planifikimi, Menaxhimi dhe Administrimi,231,3535,18AA411,Aplikacion per nderveprim me publikun dhe grupet e interesit,5609760,0,0,5609760
17723,2025,11-2025,001,02,1002001,Kuvendi Popullor (3535),B1,01110,Planifikimi, Menaxhimi dhe Administrimi,231,3535,18AA419,Sistem Transkripti AI,50000000,0,0,50000000
17724,2025,11-2025,001,02,1002001,Kuvendi Popullor (3535),B1,01110,Planifikimi, Menaxhimi dhe Administrimi,231,3535,18AA421,Sistemi i sigurisë me camera CCTV,24000000,0,0,24000000
17725,2025,11-2025,001,02,1002001,Kuvendi Popullor (3535),B1,01110,Planifikimi, Menaxhimi dhe Administrimi,231,3535,18AA422,Upgrade i aplikacionit Kuvendi i Shqipërisë,2000000,0,0,2000000
17726,2025,11-2025,001,02,1002001,Kuvendi Popullor (3535),B4,01110,Planifikimi, Menaxhimi dhe Administrimi,231,3535,24AH001,TVSH (Bashkefinancim i NDI, PACEP 2),4000000,0,0,4000000
17727,2025,11-2025,001,02,1002001,Kuvendi Popullor (3535),B1,01110,Planifikimi, Menaxhimi dhe Administrimi,231,3535,M020002,Blerje Pajisje,34646240,0,0,34646240
17728,2025,11-2025,001,02,1002001,Kuvendi Popullor (3535),B1,01110,Planifikimi, Menaxhimi dhe Administrimi,231,3535,M020004,Blerje autoveture per Kuvendin,16000000,0,0,16000000
17729,2025,11-2025,001,02,1002001,Kuvendi Popullor (3535),B1,01110,Planifikimi, Menaxhimi dhe Administrimi,231,3535,M020027,Sistemi i sigurisë me camera CCTV,744000,0,0,744000
17730,2025,11-2025,001,03,1003001,Aparati i Keshillit te Ministrave (3535),B1,01110,Planifikimi, Menaxhimi dhe Administrimi,231,3535,M030025,Blerje kompjutera, printer,fotokopje,6000000,0,0,6000000
17731,2025,11-2025,001,03,1003001,Aparati i Keshillit te Ministrave (3535),B1,01110,Planifikimi, Menaxhimi dhe Administrimi,231,3535,M030029,Rikonstruksion,84000000,0,0,84000000
17732,2025,11-2025,001,03,1003001,Aparati i Keshillit te Ministrave (3535),B1,01110,Planifikimi, Menaxhimi dhe Administrimi,231,3535,M030038,Blerje pajisje,10000000,0,0,10000000
17733,2025,11-2025,001,05,1005001,Aparati Ministrise se Bujqesise dhe Zhvillimit Rural (3535),B1,01110,Planifikimi, Menaxhimi dhe Administrimi,231,3535,18AI901,Pajisje zyrash dhe elektronike të blera për Aparatin e MBZHR-së,5000000,0,0,5000000
17734,2025,11-2025,001,05,1005001,Aparati Ministrise se Bujqesise dhe Zhvillimit Rural (3535),B1,01110,Planifikimi, Menaxhimi dhe Administrimi,231,3535,M050466,Blerjepajisje zyrash (mobilje),2000000,0,0,2000000
17735,2025,11-2025,001,05,1005001,Aparati Ministrise se Bujqesise dhe Zhvillimit Rural (3535),B1,04220,Siguria ushqimore dhe mbrojtja e konsumatorit,231,3535,18AJ403,Blerje automjete per AKVMB,15900000,0,0,15900000
17736,2025,11-2025,001,05,1005001,Aparati Ministrise se Bujqesise dhe Zhvillimit Rural (3535),B3,04220,Siguria ushqimore dhe mbrojtja e konsumatorit,231,3535,19AB704,SMALL SCALE PROJECT - SA-0100050 ¿ EFFORG / Interreg IPA,77000,0,0,77000
17737,2025,11-2025,001,05,1005111,Instituti I Sigurise Ushqimore dhe Veterinarise (3535),B1,04220,Siguria ushqimore dhe mbrojtja e konsumatorit,231,3535,24AD601,Përmirësimi dhe zgjerimi i infrastrukturës laboratorike dhe shtrimi i linjave të gazit për Departamentin e Mbrojtjes dhe Shëndetit të Bimëve,45880000,0,0,45880000
17738,2025,11-2025,001,05,1005111,Instituti I Sigurise Ushqimore dhe Veterinarise (3535),B1,04220,Siguria ushqimore dhe mbrojtja e konsumatorit,231,3535,24AD701,Fuqizimi i kapaciteteve laboratorike të ISUV në të tre fushat ku ushtron aktivitetin e vet analitik, siguri ushqimore, shëndet kafshësh dhe bimësh,108007000,0,0,108007000
17739,2025,11-2025,001,05,1005001,Aparati Ministrise se Bujqesise dhe Zhvillimit Rural (3535),B3,04220,Siguria ushqimore dhe mbrojtja e konsumatorit,231,3535,M050163,Kosto Lokale,13575000,0,0,13575000
17740,2025,11-2025,001,05,1005001,Aparati Ministrise se Bujqesise dhe Zhvillimit Rural (3535),B4,04220,Siguria ushqimore dhe mbrojtja e konsumatorit,231,3535,M050168,TVSH Takse Doganore,937684,0,0,937684
17741,2025,11-2025,001,05,1005138,Drejtoria Rajonale e Shërbimit Veterinar dhe Mbrojtjes se Bimëve Vlorë (3737),B1,04220,Siguria ushqimore dhe mbrojtja e konsumatorit,231,3737,18AJ104,Rikonstruksion i zyrave te DRVMB Vlore,14198316,0,0,14198316
17742,2025,11-2025,001,05,1005001,Aparati Ministrise se Bujqesise dhe Zhvillimit Rural (3535),B3,04230,Mbeshtetje per Peshkimin,231,3535,19AB802,Projekti CBC - SA - SKILLS,1512000,0,0,1512000
17743,2025,11-2025,001,05,1005001,Aparati Ministrise se Bujqesise dhe Zhvillimit Rural (3535),B1,04230,Mbeshtetje per Peshkimin,231,3535,21AC709,Implementimi i sistemit ERS,88034000,0,0,88034000
17744,2025,11-2025,001,05,1005068,Bordi i KullimitDurres (0707),B1,04240,Menaxhimi i infrastruktures se kullimit dhe ujitjes,231,0707,18AJ822,Rehabilitimi i ushqyesit te rezervaurit te Bllaces dhe rehabilitimi i rezervuarit te Bllaces (burimi ujor),188454090,0,0,188454090
17745,2025,11-2025,001,05,1005068,Bordi i KullimitDurres (0707),B1,04240,Menaxhimi i infrastruktures se kullimit dhe ujitjes,231,0707,18AJ824,Ndertimi i shkarkuesve të rinj në Kanalin Kryesor Ujitës Peqin-Kavaje,46367868,0,0,46367868
17746,2025,11-2025,001,05,1005068,Bordi i KullimitDurres (0707),B1,04240,Menaxhimi i infrastruktures se kullimit dhe ujitjes,231,0707,18AJ833,Rehabilitimi i vepres se marrjes, diga Cengele,19845000,0,0,19845000
17747,2025,11-2025,001,05,1005068,Bordi i KullimitDurres (0707),B1,04240,Menaxhimi i infrastruktures se kullimit dhe ujitjes,231,0707,18AJ836,Rehabilitimi i kanalit kryesor  Peqin -Kavaje, zona urbane,50000000,0,0,50000000
17748,2025,11-2025,001,05,1005068,Bordi i KullimitDurres (0707),B1,04240,Menaxhimi i infrastruktures se kullimit dhe ujitjes,231,0707,18AJ837,Punime rehabilitimi Vepra e Marrjes (Diga Cengelaj, Faza II),43371893,0,0,43371893
17749,2025,11-2025,001,05,1005068,Bordi i KullimitDurres (0707),B1,04240,Menaxhimi i infrastruktures se kullimit dhe ujitjes,231,0707,18AK213,Rikonstruksion hidrovori Grethe,72217186,0,0,72217186
17750,2025,11-2025,001,05,1005068,Bordi i KullimitDurres (0707),B1,04240,Menaxhimi i infrastruktures se kullimit dhe ujitjes,231,0707,18AK214,Rikonstruksion hidrovori Synej,23776424,0,0,23776424
17751,2025,11-2025,001,05,1005068,Bordi i KullimitDurres (0707),B1,04240,Menaxhimi i infrastruktures se kullimit dhe ujitjes,231,0707,18AK216,Rikonstruksion hidrovori Hamallaj,135600000,0,0,135600000
17752,2025,11-2025,001,05,1005068,Bordi i KullimitDurres (0707),B1,04240,Menaxhimi i infrastruktures se kullimit dhe ujitjes,231,0707,18AK373,Mbrojtja lumore nga gerryerjet ne lumin Erzen, Ibe e Poshtme (fshati Shkalle),10000000,0,0,10000000
17753,2025,11-2025,001,05,1005068,Bordi i KullimitDurres (0707),B1,04240,Menaxhimi i infrastruktures se kullimit dhe ujitjes,230,0707,M051202,Studim projektim per objektet e programit,4313922,0,0,4313922
17754,2025,11-2025,001,05,1005070,Bordi i Kullimit Fier (0909),B1,04240,Menaxhimi i infrastruktures se kullimit dhe ujitjes,231,0909,18AJ827,Rehabilitimi i Kanalit Kryesor Ujitës Llakatund,Vlorë,74512668,0,0,74512668
17755,2025,11-2025,001,05,1005070,Bordi i Kullimit Fier (0909),B1,04240,Menaxhimi i infrastruktures se kullimit dhe ujitjes,231,0909,18AJ828,Shkarje ne kanalin ujites VMK2 (pjese e skemes Kurjan-Strum),14080261,0,0,14080261
17756,2025,11-2025,001,05,1005070,Bordi i Kullimit Fier (0909),B1,04240,Menaxhimi i infrastruktures se kullimit dhe ujitjes,231,0909,18AK215,Rikonstruksion hidrovori Orikum,20000000,0,0,20000000
17757,2025,11-2025,001,05,1005070,Bordi i Kullimit Fier (0909),B1,04240,Menaxhimi i infrastruktures se kullimit dhe ujitjes,231,0909,18AK222,Mbojtje e kanalit ne dalje te Hidrovorit Nr.3 Darrzeze Fier (krahu I djathte),39409185,0,0,39409185
17758,2025,11-2025,001,05,1005070,Bordi i Kullimit Fier (0909),B1,04240,Menaxhimi i infrastruktures se kullimit dhe ujitjes,231,0909,18AK223,,1200000,0,0,1200000
17759,2025,11-2025,001,05,1005070,Bordi i Kullimit Fier (0909),B1,04240,Menaxhimi i infrastruktures se kullimit dhe ujitjes,231,0909,18AK368,Mbrojtje nga lumi Drinos, Fabrika e Kepuceve Gjirokaster,180000,0,0,180000
17760,2025,11-2025,001,05,1005070,Bordi i Kullimit Fier (0909),B1,04240,Menaxhimi i infrastruktures se kullimit dhe ujitjes,231,0909,18AK380,Mbojtje e kanalit ne dalje te Hidrovorit Nr.3 Darrzeze Fier,24332053,0,0,24332053
17761,2025,11-2025,001,05,1005070,Bordi i Kullimit Fier (0909),B1,04240,Menaxhimi i infrastruktures se kullimit dhe ujitjes,231,0909,18AK381,Rehabilitimi i lumit të Borshit,50676708,0,0,50676708
17762,2025,11-2025,001,05,1005070,Bordi i Kullimit Fier (0909),B1,04240,Menaxhimi i infrastruktures se kullimit dhe ujitjes,231,0909,18AK382,Mbrojtje nga Lumi Kalase (Kaskada e Shelegarit),15145047,0,0,15145047
17763,2025,11-2025,001,05,1005070,Bordi i Kullimit Fier (0909),B1,04240,Menaxhimi i infrastruktures se kullimit dhe ujitjes,231,0909,18AK383,Riparim i argjinatures Mbrojtese te Kolektorit K17 Butrint,83896643,0,0,83896643
17764,2025,11-2025,001,05,1005070,Bordi i Kullimit Fier (0909),B1,04240,Menaxhimi i infrastruktures se kullimit dhe ujitjes,231,0909,18AK384,Mbrojtje nga Lumi Kalase (Kaskada e Vanes),25684498,0,0,25684498
17765,2025,11-2025,001,05,1005070,Bordi i Kullimit Fier (0909),B1,04240,Menaxhimi i infrastruktures se kullimit dhe ujitjes,231,0909,18AK386,Riparimi i Argjinatures se Majte te Lumit Seman,42696679,0,0,42696679
17766,2025,11-2025,001,05,1005070,Bordi i Kullimit Fier (0909),B1,04240,Menaxhimi i infrastruktures se kullimit dhe ujitjes,231,0909,18AK387,Mbrojtja nga Lumi Shushice ne Vranisht, Vlore,7392449,0,0,7392449
17767,2025,11-2025,001,05,1005070,Bordi i Kullimit Fier (0909),B1,04240,Menaxhimi i infrastruktures se kullimit dhe ujitjes,231,0909,18AK388,Mbrojtja nga Lumi Shushica ne Drashovice, Vlore,14427920,0,0,14427920
17768,2025,11-2025,001,05,1005070,Bordi i Kullimit Fier (0909),B1,04240,Menaxhimi i infrastruktures se kullimit dhe ujitjes,231,0909,18AK397,Mur mbajtes ne kolektorin Roskovec -Hoxhare, Fier,16000000,0,0,16000000
17769,2025,11-2025,001,05,1005070,Bordi i Kullimit Fier (0909),B1,04240,Menaxhimi i infrastruktures se kullimit dhe ujitjes,231,0909,18AK398,Mbrojtja nga lumi Vjose, krahu I djathte Kashisht,26102963,0,0,26102963
17770,2025,11-2025,001,05,1005070,Bordi i Kullimit Fier (0909),B1,04240,Menaxhimi i infrastruktures se kullimit dhe ujitjes,230,0909,M051202,Studim projektim per objektet e programit,10000000,0,0,10000000
17771,2025,11-2025,001,05,1005072,Bordi i Kullimit Korce (1515),B1,04240,Menaxhimi i infrastruktures se kullimit dhe ujitjes,231,1515,18AJ829,Rehabilitim i kanalit ujites se Berat - Ura e Kucit,11839864,0,0,11839864
17772,2025,11-2025,001,05,1005072,Bordi i Kullimit Korce (1515),B1,04240,Menaxhimi i infrastruktures se kullimit dhe ujitjes,231,1515,18AJ831,Vepra e Marrjes + Skema Ujitese - Naum Panxhi,20402539,0,0,20402539
17773,2025,11-2025,001,05,1005072,Bordi i Kullimit Korce (1515),B1,04240,Menaxhimi i infrastruktures se kullimit dhe ujitjes,231,1515,18AK217,Mbrojtje nga permbytja e lumit Osum ne Havales , Bashkia Berat,54785941,0,0,54785941
17774,2025,11-2025,001,05,1005072,Bordi i Kullimit Korce (1515),B1,04240,Menaxhimi i infrastruktures se kullimit dhe ujitjes,231,1515,18AK219,Sistemim, permiresim dhe asfaltim I ambjenteve brenda territorit te DUK Korce,7330000,0,0,7330000
17775,2025,11-2025,001,05,1005072,Bordi i Kullimit Korce (1515),B1,04240,Menaxhimi i infrastruktures se kullimit dhe ujitjes,231,1515,18AK390,Mbrojtje nga gerryerjet dhe permbytja nga Lumi Osum ne Starove - Remanice,28866424,0,0,28866424
17776,2025,11-2025,001,05,1005072,Bordi i Kullimit Korce (1515),B1,04240,Menaxhimi i infrastruktures se kullimit dhe ujitjes,231,1515,18AK391,Argjinatura Mbrojtese nga lumi Shkumbin ne Fatisht , Bashkia Peqin,71178731,0,0,71178731
17777,2025,11-2025,001,05,1005072,Bordi i Kullimit Korce (1515),B1,04240,Menaxhimi i infrastruktures se kullimit dhe ujitjes,230,1515,M051202,Studim projektim per objektet e programit,4260000,0,0,4260000
17778,2025,11-2025,001,05,1005074,Bordi i Kullimit Lezhe (2020),B1,04240,Menaxhimi i infrastruktures se kullimit dhe ujitjes,231,2020,18AJ825,Kanali ujites U - 13 Kurbin,40773393,0,0,40773393
17779,2025,11-2025,001,05,1005074,Bordi i Kullimit Lezhe (2020),B1,04240,Menaxhimi i infrastruktures se kullimit dhe ujitjes,231,2020,18AJ826,Kanali ujites U - 14 Kurbin,32381499,0,0,32381499
17780,2025,11-2025,001,05,1005074,Bordi i Kullimit Lezhe (2020),B1,04240,Menaxhimi i infrastruktures se kullimit dhe ujitjes,231,2020,18AJ830,Rehabilitim i kanalit ujites Shelqet-Pistull, L=4,555 km,24665160,0,0,24665160
17781,2025,11-2025,001,05,1005074,Bordi i Kullimit Lezhe (2020),B1,04240,Menaxhimi i infrastruktures se kullimit dhe ujitjes,231,2020,18AJ834,Rehabilitim i kanalit ujites KU-15 Kurbin, L= 11 km,74019232,0,0,74019232
17782,2025,11-2025,001,05,1005074,Bordi i Kullimit Lezhe (2020),B1,04240,Menaxhimi i infrastruktures se kullimit dhe ujitjes,231,2020,18AJ835,Rehabilitimi i kanalit ujites Shelqet Pistull, Faza II (PIK 102-166, L=17000),8188033,0,0,8188033
17783,2025,11-2025,001,05,1005074,Bordi i Kullimit Lezhe (2020),B1,04240,Menaxhimi i infrastruktures se kullimit dhe ujitjes,231,2020,18AK218,Mbrojtje nga gerryerjet e lumit Mat ne Skuraj, fshati Ferr.,23000000,0,0,23000000
17784,2025,11-2025,001,05,1005074,Bordi i Kullimit Lezhe (2020),B1,04240,Menaxhimi i infrastruktures se kullimit dhe ujitjes,231,2020,18AK220,Grykederdhja e perroit Gryke Manati ne lumin Drin (L=0.46 km),16500000,0,0,16500000
17785,2025,11-2025,001,05,1005074,Bordi i Kullimit Lezhe (2020),B1,04240,Menaxhimi i infrastruktures se kullimit dhe ujitjes,231,2020,18AK221,Mbrojtje nga gerryerjet e lumit Kir (ish fusha e druve),26639797,0,0,26639797
17786,2025,11-2025,001,05,1005074,Bordi i Kullimit Lezhe (2020),B1,04240,Menaxhimi i infrastruktures se kullimit dhe ujitjes,231,2020,18AK399,Mbrojtje bregu nga gerryerjet e lumit Drin ne Bahcallek, Shkoder,100000000,0,0,100000000
17787,2025,11-2025,001,05,1005074,Bordi i Kullimit Lezhe (2020),B1,04240,Menaxhimi i infrastruktures se kullimit dhe ujitjes,230,2020,M051202,Studim projektim per objektet e programit,7412545,0,0,7412545
17788,2025,11-2025,001,05,1005001,Aparati Ministrise se Bujqesise dhe Zhvillimit Rural (3535),B1,04240,Menaxhimi i infrastruktures se kullimit dhe ujitjes,231,3535,18AK395,Rimokjator per transportimin e makinerise se rende,18000000,0,0,18000000
17789,2025,11-2025,001,05,1005001,Aparati Ministrise se Bujqesise dhe Zhvillimit Rural (3535),B1,04240,Menaxhimi i infrastruktures se kullimit dhe ujitjes,231,3535,18AK396,Blerje ekskavatore,31016000,0,0,31016000
17790,2025,11-2025,001,05,1005001,Aparati Ministrise se Bujqesise dhe Zhvillimit Rural (3535),B1,04240,Menaxhimi i infrastruktures se kullimit dhe ujitjes,230,3535,M051202,Studim projektim per objektet e programit,2102492,0,0,2102492
17791,2025,11-2025,001,05,1005117,Agjencia per Zhvillimin Bujqesor dhe Rural (AZHBR) (3535),B1,04250,Zhvillimi Rural duke mbeshtur Prodhimin Bujqesor, Blegtoral, Agroindustrial dhe Marketingun,231,3535,18AK601,Blerje pajisjesh të ndryshme dhe pajisje elektronike AZHBR;,10000000,0,0,10000000
17792,2025,11-2025,001,05,1005117,Agjencia per Zhvillimin Bujqesor dhe Rural (AZHBR) (3535),B1,04250,Zhvillimi Rural duke mbeshtur Prodhimin Bujqesor, Blegtoral, Agroindustrial dhe Marketingun,231,3535,18AK621,Blerje pajisje per AZHBR,7000000,0,0,7000000
17793,2025,11-2025,001,05,1005039,Agjensia Kombetare e duhaneve (3535),B1,04250,Zhvillimi Rural duke mbeshtur Prodhimin Bujqesor, Blegtoral, Agroindustrial dhe Marketingun,231,3535,18AK624,Blerje pajisje laboratori per  AKDC,8280000,0,0,8280000
17794,2025,11-2025,001,05,1005001,Aparati Ministrise se Bujqesise dhe Zhvillimit Rural (3535),B1,04250,Zhvillimi Rural duke mbeshtur Prodhimin Bujqesor, Blegtoral, Agroindustrial dhe Marketingun,231,3535,18AK625,Ngritja e sistemit te analizes dhe procesimit te te dhenave te fermave tip sipas FADN,192408000,0,0,192408000
17795,2025,11-2025,001,05,1005117,Agjencia per Zhvillimin Bujqesor dhe Rural (AZHBR) (3535),B1,04250,Zhvillimi Rural duke mbeshtur Prodhimin Bujqesor, Blegtoral, Agroindustrial dhe Marketingun,231,3535,18AK626,Blerje programesh AZHBR,1006000,0,0,1006000
17796,2025,11-2025,001,05,1005117,Agjencia per Zhvillimin Bujqesor dhe Rural (AZHBR) (3535),B1,04250,Zhvillimi Rural duke mbeshtur Prodhimin Bujqesor, Blegtoral, Agroindustrial dhe Marketingun,231,3535,18AK627,Blerje mobilje AZHBR,3560000,0,0,3560000
17797,2025,11-2025,001,05,1005117,Agjencia per Zhvillimin Bujqesor dhe Rural (AZHBR) (3535),B3,04250,Zhvillimi Rural duke mbeshtur Prodhimin Bujqesor, Blegtoral, Agroindustrial dhe Marketingun,231,3535,18AL301,Përfitues nga Programi IPARD II nga masa 1,196168000,0,0,196168000
17798,2025,11-2025,001,05,1005001,Aparati Ministrise se Bujqesise dhe Zhvillimit Rural (3535),B4,04250,Zhvillimi Rural duke mbeshtur Prodhimin Bujqesor, Blegtoral, Agroindustrial dhe Marketingun,231,3535,18AL305,Projekti SDRA me GIZ,27400000,0,0,27400000
17799,2025,11-2025,001,05,1005001,Aparati Ministrise se Bujqesise dhe Zhvillimit Rural (3535),B3,04250,Zhvillimi Rural duke mbeshtur Prodhimin Bujqesor, Blegtoral, Agroindustrial dhe Marketingun,231,3535,21AB901,Perfitues nga Programi IPARD III,15000000,0,0,15000000
17800,2025,11-2025,001,05,1005001,Aparati Ministrise se Bujqesise dhe Zhvillimit Rural (3535),B4,04250,Zhvillimi Rural duke mbeshtur Prodhimin Bujqesor, Blegtoral, Agroindustrial dhe Marketingun,231,3535,21AB901,Perfitues nga Programi IPARD III,4963000,0,0,4963000
17801,2025,11-2025,001,05,1005039,Agjensia Kombetare e duhaneve (3535),B1,04250,Zhvillimi Rural duke mbeshtur Prodhimin Bujqesor, Blegtoral, Agroindustrial dhe Marketingun,231,3535,M051219,Blerje automjetesh,3720000,0,0,3720000
17802,2025,11-2025,001,05,1005113,Qendra e Transferimit te Teknologjive Bujqesore Vlore (3737),B1,04250,Zhvillimi Rural duke mbeshtur Prodhimin Bujqesor, Blegtoral, Agroindustrial dhe Marketingun,230,3737,18AL206,Studim zonat e kultivimit te vreshtave per rrush per vere,19542000,0,0,19542000
17803,2025,11-2025,001,05,1005112,Qendra e Transferimit te Teknologjive Bujqesore Kruje (0716),B1,04860,Keshillimi dhe Informacioni Bujqesor,231,0716,18AL411,Pajisje komjuterike të blera nga QTTB Fushë Krujë,1200000,0,0,1200000
17804,2025,11-2025,001,05,1005112,Qendra e Transferimit te Teknologjive Bujqesore Kruje (0716),B1,04860,Keshillimi dhe Informacioni Bujqesor,231,0716,18AL529,Rikonstruksion catie nga QTTB Fushe Kruje,3000000,0,0,3000000
17805,2025,11-2025,001,05,1005112,Qendra e Transferimit te Teknologjive Bujqesore Kruje (0716),B1,04860,Keshillimi dhe Informacioni Bujqesor,231,0716,18AL530,Ndertimi I linjes per furnizimin me energji elektrike tek stacioni I pompave te ujitjes,2663000,0,0,2663000
17806,2025,11-2025,001,05,1005112,Qendra e Transferimit te Teknologjive Bujqesore Kruje (0716),B1,04860,Keshillimi dhe Informacioni Bujqesor,231,0716,18AL625,Blerje Pajisje zyrash nga QTTB Fushë Krujë,203000,0,0,203000
17807,2025,11-2025,001,05,1005112,Qendra e Transferimit te Teknologjive Bujqesore Kruje (0716),B1,04860,Keshillimi dhe Informacioni Bujqesor,231,0716,18AL628,Blerje Pajisje Laboratorike nga QTTB Fushë Krujë,21000000,0,0,21000000
17808,2025,11-2025,001,05,1005141,Agjencia Rajonale e Ekstensionit Bujqesor Lushnje (0922),B1,04860,Keshillimi dhe Informacioni Bujqesor,231,0922,18AL406,Pajisje kompjuterike te blera AREB Lushnje,508000,0,0,508000
17809,2025,11-2025,001,05,1005114,Qendra e Transferimit te Teknologjive Bujqesore Lushnje (0922),B1,04860,Keshillimi dhe Informacioni Bujqesor,231,0922,18AL622,Agregatë bujqësorë te blera nga QTTB Lushnje,1422000,0,0,1422000
17810,2025,11-2025,001,05,1005141,Agjencia Rajonale e Ekstensionit Bujqesor Lushnje (0922),B1,04860,Keshillimi dhe Informacioni Bujqesor,231,0922,M050392,Blerje paisje zyrash,250000,0,0,250000
17811,2025,11-2025,001,05,1005142,Agjencia Rajonale e Ekstensionit Bujqesor Korce (1515),B1,04860,Keshillimi dhe Informacioni Bujqesor,231,1515,18AL404,Pajisje kompjuterike te blera AREB Korce,653000,0,0,653000
17812,2025,11-2025,001,05,1005115,Qendra e Transferimit te Teknologjive Bujqesore Korce (1515),B1,04860,Keshillimi dhe Informacioni Bujqesor,231,1515,18AL526,Hapje pusesh nga QTTB Korçë,2700000,0,0,2700000
17813,2025,11-2025,001,05,1005115,Qendra e Transferimit te Teknologjive Bujqesore Korce (1515),B1,04860,Keshillimi dhe Informacioni Bujqesor,231,1515,18AL528,Laborator I rikonstruktuar nga QTTB Korce,5600000,0,0,5600000
17814,2025,11-2025,001,05,1005142,Agjencia Rajonale e Ekstensionit Bujqesor Korce (1515),B1,04860,Keshillimi dhe Informacioni Bujqesor,231,1515,18AL624,Blerje Pajisje zyrash nga AREB Korçë,361000,0,0,361000
17815,2025,11-2025,001,05,1005140,Agjencia Rajonale e Ekstensionit Bujqesor Shkoder (3333),B1,04860,Keshillimi dhe Informacioni Bujqesor,231,3333,18AL405,Pajisje kompjuterike te blera AREB Shkoder,500000,0,0,500000
17816,2025,11-2025,001,05,1005140,Agjencia Rajonale e Ekstensionit Bujqesor Shkoder (3333),B1,04860,Keshillimi dhe Informacioni Bujqesor,231,3333,18AL408,Kondicionere te blere nga AREB Shkoder,500000,0,0,500000
17817,2025,11-2025,001,05,1005116,Qendra e Transferimit te Teknologjive Bujqesore Shkoder (3333),B1,04860,Keshillimi dhe Informacioni Bujqesor,231,3333,18AL623,Blerje pajsije sistemi ujitës nga QTTB Shkodër,2000000,0,0,2000000
17818,2025,11-2025,001,05,1005139,Agjencia Rajonale e Ekstensionit Bujqesor Tirane (3535),B1,04860,Keshillimi dhe Informacioni Bujqesor,231,3535,18AL410,Kondicionere te blere nga AREB Tirane,500000,0,0,500000
17819,2025,11-2025,001,05,1005139,Agjencia Rajonale e Ekstensionit Bujqesor Tirane (3535),B1,04860,Keshillimi dhe Informacioni Bujqesor,231,3535,M050778,Blerje pajisje kompjuterike,500000,0,0,500000
17820,2025,11-2025,001,05,1005113,Qendra e Transferimit te Teknologjive Bujqesore Vlore (3737),B1,04860,Keshillimi dhe Informacioni Bujqesor,230,3737,18AL525,Rrethimi I bazes eksperimentale ne QTTB Vlore,999000,0,0,999000
17821,2025,11-2025,001,05,1005113,Qendra e Transferimit te Teknologjive Bujqesore Vlore (3737),B1,04860,Keshillimi dhe Informacioni Bujqesor,231,3737,18AL525,Rrethimi I bazes eksperimentale ne QTTB Vlore,4220000,0,0,4220000
17822,2025,11-2025,001,05,1005113,Qendra e Transferimit te Teknologjive Bujqesore Vlore (3737),B1,04860,Keshillimi dhe Informacioni Bujqesor,231,3737,18AL627,Blerje transformatori elektrik per QTTB Vlore,371000,0,0,371000
17823,2025,11-2025,001,05,1005112,Qendra e Transferimit te Teknologjive Bujqesore Kruje (0716),B1,05470,Menaxhimi i Qendrueshem i Tokes Bujqesore,231,0716,24AJ601,Blerje pajisje kompjuterike & laboratorike per sistemin GIS,7270000,0,0,7270000
17824,2025,11-2025,001,05,1005112,Qendra e Transferimit te Teknologjive Bujqesore Kruje (0716),B1,05470,Menaxhimi i Qendrueshem i Tokes Bujqesore,231,0716,24AJ602,,2730000,0,0,2730000
17825,2025,11-2025,001,06,1006001,Aparati i Ministrise se Infrastruktures dhe Energjise (3535),B1,01110,Planifikimi, Menaxhimi dhe Administrimi,231,3535,18BH402,Blerje pajisje elektronike pc, fotokopje etj,9000000,0,0,9000000
17826,2025,11-2025,001,06,1006001,Aparati i Ministrise se Infrastruktures dhe Energjise (3535),B1,01110,Planifikimi, Menaxhimi dhe Administrimi,231,3535,18BH518,Blerje aksesor/pajisje elektrike dhe hidraulike per pompak e ujit dhe hidratantin MKZ,2000000,0,0,2000000
17827,2025,11-2025,001,06,1006001,Aparati i Ministrise se Infrastruktures dhe Energjise (3535),B1,01110,Planifikimi, Menaxhimi dhe Administrimi,231,3535,M063701,Blerje orendi dhe pajisje zyre,2000000,0,0,2000000
17828,2025,11-2025,001,06,1006164,Agjencia e Eficences se Energjise (AEE) (3535),B1,04320,Mbeshtetje per Energjine,231,3535,18BH603,Projekt Pilot për "Vendosjen e sistemit të ndricimit me efiçencë të lartë energjie, ne stacionet e parkimit të makinave elektrike, paneleve fotovoltaik", në qytetin e Shkodrës,1179100,0,0,1179100
17829,2025,11-2025,001,06,1006164,Agjencia e Eficences se Energjise (AEE) (3535),B1,04320,Mbeshtetje per Energjine,231,3535,18BH604,Projekt Pilot per "Rinovimin e godinave ekzistuese të banimit shumëfamiljare, me efiçencë të lartë energjie", në qytetin e Tepelenës.,18697397,0,0,18697397
17830,2025,11-2025,001,06,1006164,Agjencia e Eficences se Energjise (AEE) (3535),B1,04320,Mbeshtetje per Energjine,231,3535,18BH605,Projekt Pilot per "Rinovimin e godinave ekzistuese të banimit shumëfamiljare me efiçencë të lartë energjie", në qytetin e Korçës.,12787259,0,0,12787259
17831,2025,11-2025,001,06,1006164,Agjencia e Eficences se Energjise (AEE) (3535),B1,04320,Mbeshtetje per Energjine,230,3535,18BH607,Rinovimi i godinave ekzistuese shumëfamiljare (blloqe banimi) me efiçencë energjie në qytetet: Shkodër, MM, Kurbin, Kukës, Has, Lezhë, Pukë, Vau i Dejës, Klos, Fushë Arrë, Mat , Bulqizë,6238000,0,0,6238000
17832,2025,11-2025,001,06,1006164,Agjencia e Eficences se Energjise (AEE) (3535),B1,04320,Mbeshtetje per Energjine,230,3535,18BH613,Projekt për informim, fushatë ndërgjegjësimi, edukimi dhe trajnimi për Efiçencën e Energjisë në fushën e banesave, industrisë dhe transportit.,5766200,0,0,5766200
17833,2025,11-2025,001,06,1006164,Agjencia e Eficences se Energjise (AEE) (3535),B1,04320,Mbeshtetje per Energjine,231,3535,18BH618,Mbikq e punimeve per proj "Auditim, çertifikim, hartim projekt zbatimi dhe realizim pun për vendosjen e sist të ndricimit me efiçencë të lartë të energjisë,stacioneve të parkimit të makinave elektrike, paneleve fotovoltaik ne qyt e Shkodres,625042,0,0,625042
17834,2025,11-2025,001,06,1006164,Agjencia e Eficences se Energjise (AEE) (3535),B1,04320,Mbeshtetje per Energjine,230,3535,18BH619,Projekt pilot per instalimin e ndricimit urban me eficence te larte energjie ne  qytetin e Dibres,18000000,0,0,18000000
17835,2025,11-2025,001,06,1006164,Agjencia e Eficences se Energjise (AEE) (3535),B1,04320,Mbeshtetje per Energjine,231,3535,18BH620,Auditim projekt zbatimi dhe realizim punimesh me eficence energjie ne disa shkolla publike ne Qarkun e Dibres,15769706,0,0,15769706
17836,2025,11-2025,001,06,1006164,Agjencia e Eficences se Energjise (AEE) (3535),B1,04320,Mbeshtetje per Energjine,231,3535,18BH621,Mbikqyrje per Projekt pilot per instalimin e ndricimit urban me eficence te larte energjie ne qytetin e Dibres,502000,0,0,502000
17837,2025,11-2025,001,06,1006164,Agjencia e Eficences se Energjise (AEE) (3535),B1,04320,Mbeshtetje per Energjine,231,3535,18BH622,Kolaudimi  per Projekt pilot per instalimin e ndricimit urban me eficence te larte energjie ne qytetin e Dibres,38000,0,0,38000
17838,2025,11-2025,001,06,1006164,Agjencia e Eficences se Energjise (AEE) (3535),B1,04320,Mbeshtetje per Energjine,231,3535,18BH623,Mbikqyrje per Auditim projekt zbatimi dhe realizim punimesh me eficence energjie ne disa shkolla publike ne Qarkun e Dibres,580890,0,0,580890
17839,2025,11-2025,001,06,1006164,Agjencia e Eficences se Energjise (AEE) (3535),B1,04320,Mbeshtetje per Energjine,231,3535,18BH624,Kolaudimi projektin  per Auditim projekt zbatimi dhe realizim punimesh me eficence energjie ne disa shkolla publike ne Qarkun e Dibres,40000,0,0,40000
17840,2025,11-2025,001,06,1006164,Agjencia e Eficences se Energjise (AEE) (3535),B1,04320,Mbeshtetje per Energjine,231,3535,18BH625,Auditim, projekt zbatimi dhe rikonstruksion me eficence energjitike ne spitalin e Bashkise Mat,27468608,0,0,27468608
17841,2025,11-2025,001,06,1006164,Agjencia e Eficences se Energjise (AEE) (3535),B1,04320,Mbeshtetje per Energjine,230,3535,18BH626,Studim auditim dhe projekt zbatimi per klinikat ne qendren spitalore universitare"Nene Tereza",37516013,0,0,37516013
17842,2025,11-2025,001,06,1006164,Agjencia e Eficences se Energjise (AEE) (3535),B1,04320,Mbeshtetje per Energjine,231,3535,18BH627,Realizim punimesh, auditim dhe projekt zbatimi per vendosjen e stacioneve te karikimit per makinat elektrike ne disa qytete dhe pika kufitare,73920000,0,0,73920000
17843,2025,11-2025,001,06,1006164,Agjencia e Eficences se Energjise (AEE) (3535),B1,04320,Mbeshtetje per Energjine,231,3535,18BH628,Mbikqyrje Realizim punimesh, auditim dhe projekt zbatimi per vendosjen e stacioneve te karikimit per makinat elektrike ne disa qytete dhe pika kufitare,1359110,0,0,1359110
17844,2025,11-2025,001,06,1006164,Agjencia e Eficences se Energjise (AEE) (3535),B1,04320,Mbeshtetje per Energjine,231,3535,18BH629,Ndertim I databazes se plote per konsumet energjitike ne gjithe sektoret + suvejimi 3 vjet,12000000,0,0,12000000
17845,2025,11-2025,001,06,1006164,Agjencia e Eficences se Energjise (AEE) (3535),B1,04320,Mbeshtetje per Energjine,230,3535,18BH631,Hartimi I monitorimit te planeve te detajuara sekt.komb. Te eficences se energjive dhe BRE dhe reduktimin e CO2 sipas PKEK (perfshire metodika monitorimi, verifikimi, raportimi dhe konsul. per 3 vjet,13694800,0,0,13694800
17846,2025,11-2025,001,06,1006164,Agjencia e Eficences se Energjise (AEE) (3535),B1,04320,Mbeshtetje per Energjine,230,3535,18BH632,Hartimi I Master planit per ndricim publik ne disa qytete sipas tipologjise se rrugve,11700000,0,0,11700000
17847,2025,11-2025,001,06,1006164,Agjencia e Eficences se Energjise (AEE) (3535),B1,04320,Mbeshtetje per Energjine,231,3535,18BH633,Mbikqyrje auditim projekt zbatimi dhe rikonstruksion me eficience energjitike ne spitalin e Bashkise Mat,660102,0,0,660102
17848,2025,11-2025,001,06,1006164,Agjencia e Eficences se Energjise (AEE) (3535),B1,04320,Mbeshtetje per Energjine,231,3535,18BH634,Mbikqyrje e punimeve per rinovim me eficence te larte energjie ne ndertesa shumefamiljare ne qytetin e Elbasanit dhe auditim perfundimtar,650000,0,0,650000
17849,2025,11-2025,001,06,1006164,Agjencia e Eficences se Energjise (AEE) (3535),B1,04320,Mbeshtetje per Energjine,231,3535,18BH635,Mbikqyrje punimesh per rinovim me eficence te larte energjie ne ndertesa shumefamiljare ne qytetin e Shkodres dhe auditim perfundimtar,650000,0,0,650000
17850,2025,11-2025,001,06,1006164,Agjencia e Eficences se Energjise (AEE) (3535),B1,04320,Mbeshtetje per Energjine,231,3535,18BH636,Rinovim me eficence te larte energjie ne ndertesa shumefamiljare ne qytetin e Elbasanit dhe auditim perfundimtar,27000000,0,0,27000000
17851,2025,11-2025,001,06,1006164,Agjencia e Eficences se Energjise (AEE) (3535),B1,04320,Mbeshtetje per Energjine,231,3535,18BH637,Rinovim me eficence te larte energjie ne ndertesa shumefamiljare ne qytetin e Shkodres dhe auditim perfundimtar,30663410,0,0,30663410
17852,2025,11-2025,001,06,1006164,Agjencia e Eficences se Energjise (AEE) (3535),B1,04320,Mbeshtetje per Energjine,230,3535,18BI031,Projekt Faturimi informativ, Fushatat e ndërgjegjësimit, Edukimi dhe trajnimi për Eficencën e Energjisë,6700000,0,0,6700000
17853,2025,11-2025,001,06,1006164,Agjencia e Eficences se Energjise (AEE) (3535),B1,04320,Mbeshtetje per Energjine,231,3535,18BI038,Supervizion punimesh,202338,0,0,202338
17854,2025,11-2025,001,06,1006164,Agjencia e Eficences se Energjise (AEE) (3535),B1,04320,Mbeshtetje per Energjine,231,3535,18BI039,Vendosja e sistemit të ndriçimit, parkimit, furnizimit elektrik të makinave "2 KM Smart City - Rruga e Energjisë së pastër",12849306,0,0,12849306
17855,2025,11-2025,001,06,1006162,Agjencia Kombetare e Burimeve Natyrore (AKBN) (3535),B1,04320,Mbeshtetje per Energjine,230,3535,18BI110,Studime për vlerësimin e eficencës së përdorimit të burimeve energjetike hidrokarburore në sektorin e transportit referuar zhvillimeve teknologjike - Rregullore,2000000,0,0,2000000
17856,2025,11-2025,001,06,1006162,Agjencia Kombetare e Burimeve Natyrore (AKBN) (3535),B1,04320,Mbeshtetje per Energjine,230,3535,18BI114,Monitorimi i zbatimit të Planit Komb¿tar t¿ Veprimit për Energjinë e Rinovueshme,7000000,0,0,7000000
17857,2025,11-2025,001,06,1006162,Agjencia Kombetare e Burimeve Natyrore (AKBN) (3535),B1,04320,Mbeshtetje per Energjine,230,3535,18BI115,Studi mbi rishikim e kushteve dhe normave teknike  ne aktivitetet dhe impiantet e prodhimit , depozitimit, transportimit dhe tregtimit te naftes, gazit dhe nenprodukteve te tyre,3000000,0,0,3000000
17858,2025,11-2025,001,06,1006164,Agjencia e Eficences se Energjise (AEE) (3535),B4,04320,Mbeshtetje per Energjine,231,3535,19AC212,Projektit të Bashkive me Energji Inteligjente¿, SEMP¿,42269799,0,0,42269799
17859,2025,11-2025,001,06,1006001,Aparati i Ministrise se Infrastruktures dhe Energjise (3535),B4,04320,Mbeshtetje per Energjine,231,3535,19AC308,Rinovimi dhe modernizimi energjitik I 5 konvikteve studentore Q S Nr 1,40000000,0,0,40000000
17860,2025,11-2025,001,06,1006162,Agjencia Kombetare e Burimeve Natyrore (AKBN) (3535),B1,04320,Mbeshtetje per Energjine,230,3535,M064051,Oponenca teknike per HEC e vegjel,13000000,0,0,13000000
17861,2025,11-2025,001,06,1006162,Agjencia Kombetare e Burimeve Natyrore (AKBN) (3535),B1,04320,Mbeshtetje per Energjine,230,3535,M064052,Hartimi I bilancit energjetik,4000000,0,0,4000000
17862,2025,11-2025,001,06,1006162,Agjencia Kombetare e Burimeve Natyrore (AKBN) (3535),B1,04320,Mbeshtetje per Energjine,230,3535,M064053,Studim i fuqizimit te infrastruktures se furnizimit me burime energjitike me baze hidrokarbure,2000000,0,0,2000000
17863,2025,11-2025,001,06,1006162,Agjencia Kombetare e Burimeve Natyrore (AKBN) (3535),B1,04320,Mbeshtetje per Energjine,230,3535,M064054,Studimi  i ndikimit ne mjedis nga aktiviteti ne sektorin hidrokarbur,1000000,0,0,1000000
17864,2025,11-2025,001,06,1006162,Agjencia Kombetare e Burimeve Natyrore (AKBN) (3535),B1,04320,Mbeshtetje per Energjine,230,3535,M064057,Rregullore per Verifikimin e kritereve te qendrushmerise per biokarburantet,2000000,0,0,2000000
17865,2025,11-2025,001,06,1006164,Agjencia e Eficences se Energjise (AEE) (3535),B1,04320,Mbeshtetje per Energjine,231,3535,M064115,Kolaudim,172920,0,0,172920
17866,2025,11-2025,001,06,1006162,Agjencia Kombetare e Burimeve Natyrore (AKBN) (3535),B1,04430,Mbeshtetje per Burimet Natyrore,230,3535,18BI201,Perditesimi gjeohapsinor I te dhenave te lejeve minerare,6500000,0,0,6500000
17867,2025,11-2025,001,06,1006162,Agjencia Kombetare e Burimeve Natyrore (AKBN) (3535),B1,04430,Mbeshtetje per Burimet Natyrore,230,3535,18BI208,Azhornim gjeohapsinor i hapsirave qe krijohen nga shfrytezimi minerar nentokesor,13000000,0,0,13000000
17868,2025,11-2025,001,06,1006165,Albbaker (3535),B1,04430,Mbeshtetje per Burimet Natyrore,231,3535,18BI302,Konservim Albaker,12600000,0,0,12600000
17869,2025,11-2025,001,06,1006166,Albkrom  (3535),B1,04430,Mbeshtetje per Burimet Natyrore,231,3535,18BI303,Konservim Albkrom,12000000,0,0,12000000
17870,2025,11-2025,001,06,1006158,Agjenncia Kombetare per Sigurin dhe Emergjencat ne Miniera (3535),B1,04430,Mbeshtetje per Burimet Natyrore,231,3535,18BQ114,Blerje automjeti per inspektim AKSEM,11000000,0,0,11000000
17871,2025,11-2025,001,06,1006158,Agjenncia Kombetare per Sigurin dhe Emergjencat ne Miniera (3535),B1,04430,Mbeshtetje per Burimet Natyrore,231,3535,23AD101,Blerje kamera per AKSEM,1000000,0,0,1000000
17872,2025,11-2025,001,06,1006167,Albminiera (3535),B1,04430,Mbeshtetje per Burimet Natyrore,231,3535,M060431,Fonde konservimi,12200000,0,0,12200000
17873,2025,11-2025,001,06,1006162,Agjencia Kombetare e Burimeve Natyrore (AKBN) (3535),B1,04430,Mbeshtetje per Burimet Natyrore,230,3535,M064060,Mbikqyrja e shfrytezimit rezerv.minerare nga subjekt privat,21200000,0,0,21200000
17874,2025,11-2025,001,06,1006162,Agjencia Kombetare e Burimeve Natyrore (AKBN) (3535),B1,04430,Mbeshtetje per Burimet Natyrore,230,3535,M064061,Promovimi i mineraleve te rinje,5500000,0,0,5500000
17875,2025,11-2025,001,06,1006162,Agjencia Kombetare e Burimeve Natyrore (AKBN) (3535),B1,04430,Mbeshtetje per Burimet Natyrore,230,3535,M064062,Mont.i fenomeneve post shfrytezim per minerat te mbylluara,9900000,0,0,9900000
17876,2025,11-2025,001,06,1006162,Agjencia Kombetare e Burimeve Natyrore (AKBN) (3535),B1,04430,Mbeshtetje per Burimet Natyrore,230,3535,M064066,Hartimi i Programit 3 vjecar dhe vjetor minerar,6000000,0,0,6000000
17877,2025,11-2025,001,06,1006158,Agjenncia Kombetare per Sigurin dhe Emergjencat ne Miniera (3535),B1,04430,Mbeshtetje per Burimet Natyrore,231,3535,M064069,Blerje paisje shpetuese dhe emergjence,1500000,0,0,1500000
17878,2025,11-2025,001,06,1006162,Agjencia Kombetare e Burimeve Natyrore (AKBN) (3535),B1,04430,Mbeshtetje per Burimet Natyrore,230,3535,M064099,Raport vjetor  mbi gjendjen  mjedisore  ne industrine minerare  dhe metalurgji,6000000,0,0,6000000
17879,2025,11-2025,001,06,1006163,Sekretariati i nismes per Transparence ne Industrine Nxjerrese (EITI) (3535),B1,04430,Mbeshtetje per Burimet Natyrore,230,3535,M064100,Transparenca ne industrine nxjerrese (EITI),18600000,0,0,18600000
17880,2025,11-2025,001,06,1006156,Sherbimi Gjeologjik Shqiptar (3535),B1,04430,Mbeshtetje per Burimet Natyrore,231,3535,M064112,Blerje pajisje teknologjike  SHGJSH,4000000,0,0,4000000
17881,2025,11-2025,001,06,1006159,Qendra e Grumbullimit Trajtimit Kimikateve te Rrezikshme (0808),B1,04440,Mbeshtetje per Industrine,231,0808,18BQ116,Shtese e kapaciteteve magazinuese (shtese ndertese ),500000,0,0,500000
17882,2025,11-2025,001,06,1006174,Ndermarrja e prodhim Celiqeve Elbasan  (0808),B1,04440,Mbeshtetje per Industrine,231,0808,M060431,Fonde konservimi,10000000,0,0,10000000
17883,2025,11-2025,001,06,1006174,Ndermarrja e prodhim Celiqeve Elbasan  (0808),B1,04440,Mbeshtetje per Industrine,231,0808,M060625,Fond i ngrire,5000000,0,0,5000000
17884,2025,11-2025,001,06,1006168,Uzina e Plehrave Azotike (0909),B1,04440,Mbeshtetje per Industrine,231,0909,M060431,Fonde konservimi,9200000,0,0,9200000
17885,2025,11-2025,001,06,1006168,Uzina e Plehrave Azotike (0909),B1,04440,Mbeshtetje per Industrine,231,0909,M064074,Ruajtja dhe monitorimi I 2 landfillet te mbetejeve te rezikshme,450000,0,0,450000
17886,2025,11-2025,001,06,1006001,Aparati i Ministrise se Infrastruktures dhe Energjise (3535),B1,04520,Transporti Rrugor,231,3535,18BA201,Kontrata e Koncesionit /PPP per permiresimin, ndertimin, operimin dhe mirembajtjen e rruges se Arbrit,3360000000,0,0,3360000000
17887,2025,11-2025,001,06,1006001,Aparati i Ministrise se Infrastruktures dhe Energjise (3535),B1,04520,Transporti Rrugor,231,3535,18BA203,Subvencioni I kontrates koncesionare per ndertimin, permiresimin, shfrtytezimin, mirembajtjen dhe rehabitimin e autostrades Milot - Morine,660000000,0,0,660000000
17888,2025,11-2025,001,06,1006001,Aparati i Ministrise se Infrastruktures dhe Energjise (3535),B1,04520,Transporti Rrugor,231,3535,18BA213,Kontrata e koncesionit per projektimin, ndertimin dhe mirembajtjen e rruges Porti I Jahteve - By pass Orikum Dukat (Ura e Shen Elizes),860000000,0,0,860000000
17889,2025,11-2025,001,06,1006001,Aparati i Ministrise se Infrastruktures dhe Energjise (3535),B1,04520,Transporti Rrugor,231,3535,18BA218,Sherbime Inxhinierike te pavarura, per projekte me koncesion per projektimin, ndertimin, financimin, mirembajtje dhe rehabilitmin dhe transferimin e segmenteve rrugore "Kashar- Peze - Lekaj", ''Lekaj - Konjat - Fier","Milot - Thumane",146142720,0,0,146142720
17890,2025,11-2025,001,06,1006001,Aparati i Ministrise se Infrastruktures dhe Energjise (3535),B1,04520,Transporti Rrugor,231,3535,18BA219,Sherbime Inxhinierike te paravarura per projektin e zbatimit me koncesion/PPP "Per ndertimin dhe mirembajtjen e aksit rrugor Thumane- Fushe Kruje - Vore - Kashar",56600000,0,0,56600000
17891,2025,11-2025,001,06,1006001,Aparati i Ministrise se Infrastruktures dhe Energjise (3535),B1,04520,Transporti Rrugor,231,3535,18BA220,Sherbimi inxhinierike te pavarura per Operimin dhe Mirembajtjen e kontrates koncesionare 'Per ndertimin, operimin, mirembajtjen e rruges se Arbrit,20000000,0,0,20000000
17892,2025,11-2025,001,06,1006001,Aparati i Ministrise se Infrastruktures dhe Energjise (3535),B1,04520,Transporti Rrugor,231,3535,18BA221,Sherbime inxhinierike te pavarura per Operimin dhe Mirembajtjen e kontrates koncesionare/PPP Per ndertimin, operimin, mirembajtjen e rruges Milot - Morine,20000000,0,0,20000000
17893,2025,11-2025,001,06,1006001,Aparati i Ministrise se Infrastruktures dhe Energjise (3535),B1,04520,Transporti Rrugor,231,3535,18BA222,Sherbime inxhinierike te pavarura per Operimin dhe Mirembajtjen e kontrates koncesionare/PPP, Per projektimin, ndertimin dhe mirembajtjen e rruges Porti I Jahteve - By Pass Orikum - Dukat (Ura e Shen Elizes),20000000,0,0,20000000
17894,2025,11-2025,001,06,1006001,Aparati i Ministrise se Infrastruktures dhe Energjise (3535),B1,04520,Transporti Rrugor,230,3535,18BA223,Oponence Teknike per per projektin me koncesion per projektimin, ndertimin, financimin, mirembajtje dhe rehabilitmin dhe transferimin e segmentit rrugor Milot - Thumane,3857280,0,0,3857280
17895,2025,11-2025,001,06,1006054,Autoriteti Rrugor Shqiptar (3535),B1,04520,Transporti Rrugor,231,3535,18BS539,Ndertim i Unazes se Jashtme Tirane, Loti 4,245117024,0,0,245117024
17896,2025,11-2025,001,06,1006054,Autoriteti Rrugor Shqiptar (3535),B1,04520,Transporti Rrugor,231,3535,18BS540,Ndertim i Unazes se jashte Tirane Loti 5,108878686,0,0,108878686
17897,2025,11-2025,001,06,1006054,Autoriteti Rrugor Shqiptar (3535),B1,04520,Transporti Rrugor,231,3535,18BS541,Ndertim i Unazes se jashtme Tirane, Loti 6,108399869,0,0,108399869
17898,2025,11-2025,001,06,1006054,Autoriteti Rrugor Shqiptar (3535),B1,04520,Transporti Rrugor,231,3535,18BS542,Ndertim i Unazes se jashtme Tirane, Loti 7,360699097,0,0,360699097
17899,2025,11-2025,001,06,1006054,Autoriteti Rrugor Shqiptar (3535),B1,04520,Transporti Rrugor,231,3535,18BS544,Plotesimi, Rakordimi dhe vazhdimi i punimeve Sheshi Shqiponja - Lumi i Tiranes, Loti 1 dhe QMT,262784161,0,0,262784161
17900,2025,11-2025,001,06,1006054,Autoriteti Rrugor Shqiptar (3535),B1,04520,Transporti Rrugor,231,3535,18BS545,Ndertimi i segmentit rrugor Sheshi Shqiponja - Bulevardi i ri -Shkoze, Urat mbi lumin Tirana           ,67565559,0,0,67565559
17901,2025,11-2025,001,06,1006054,Autoriteti Rrugor Shqiptar (3535),B1,04520,Transporti Rrugor,231,3535,18BS558,Ndertim I Unazes se Jashtme Tirane, Loti 4 modifikim kontrate,14197997,0,0,14197997
17902,2025,11-2025,001,06,1006054,Autoriteti Rrugor Shqiptar (3535),B1,04520,Transporti Rrugor,231,3535,18BS559,Ndertim I Unazes se jashtme Tirane, Loti 5 modifikim kontrate,186686739,0,0,186686739
17903,2025,11-2025,001,06,1006054,Autoriteti Rrugor Shqiptar (3535),B1,04520,Transporti Rrugor,231,3535,18BS612,Ndërtim rruga Palase - Dhërmi,120603089,0,0,120603089
17904,2025,11-2025,001,06,1006054,Autoriteti Rrugor Shqiptar (3535),B1,04520,Transporti Rrugor,231,3535,18BS616,Rikonstruksion i aksit rrugor Maliq - Lozhan i Ri Strelce,26901480,0,0,26901480
17905,2025,11-2025,001,06,1006054,Autoriteti Rrugor Shqiptar (3535),B1,04520,Transporti Rrugor,231,3535,18BS618,Rikonstruksion i aksit rrugor Maliq-Lozhan i Ri Strelce, modifikim kontrate,25731144,0,0,25731144
17906,2025,11-2025,001,06,1006054,Autoriteti Rrugor Shqiptar (3535),B1,04520,Transporti Rrugor,231,3535,18BS708,Eleminim i  pikave te zeza (Black Spots), ne rrjetin rrugor kombetar,32168460,0,0,32168460
17907,2025,11-2025,001,06,1006054,Autoriteti Rrugor Shqiptar (3535),B1,04520,Transporti Rrugor,231,3535,18BS723,Eleminim i  pikave te zeza (Black Spots), ne rrjetin rrugor kombetar 2025,20000000,0,0,20000000
17908,2025,11-2025,001,06,1006054,Autoriteti Rrugor Shqiptar (3535),B1,04520,Transporti Rrugor,231,3535,18BS724,Permiresim i sinjalistikes horizontale, vertikale dhe pajisjeve te siguris rrugore ne akset e Rajonit Qender Lindje, LOTI 4 (2025),30000000,0,0,30000000
17909,2025,11-2025,001,06,1006054,Autoriteti Rrugor Shqiptar (3535),B1,04520,Transporti Rrugor,231,3535,18BS725,Permiresim i sinjalistikes horizontale, vertikale dhe pajisjeve te siguris rrugore ne akset e Rajonit Jugor, LOTI 3 (2025),50000000,0,0,50000000
17910,2025,11-2025,001,06,1006054,Autoriteti Rrugor Shqiptar (3535),B1,04520,Transporti Rrugor,231,3535,18BS726,Permiresim i sinjalistikes horizontale, vertikale dhe pajisjeve te siguris rrugore ne akset e Rajonit Qender Perendim, LOTI 2 (2025),44000000,0,0,44000000
17911,2025,11-2025,001,06,1006054,Autoriteti Rrugor Shqiptar (3535),B1,04520,Transporti Rrugor,231,3535,18BS727,Permiresim i sinjalistikes horizontale, vertikale dhe pajisjeve te siguris rrugore ne akset e Rajonit Verior, LOTI 1 (2025),143425452,0,0,143425452
17912,2025,11-2025,001,06,1006054,Autoriteti Rrugor Shqiptar (3535),B1,04520,Transporti Rrugor,231,3535,18BS728,Eleminim i  pikave te zeza (Black Spots), ne rrjetin rrugor kombetar 2024,20000000,0,0,20000000
17913,2025,11-2025,001,06,1006054,Autoriteti Rrugor Shqiptar (3535),B1,04520,Transporti Rrugor,231,3535,18BS730,Permiresim i sinjalistikes horizontale, vertikale dhe pajisjeve te siguris rrugore ne akset e Rajonit Jugor, LOTI 3 (2024),85588080,0,0,85588080
17914,2025,11-2025,001,06,1006054,Autoriteti Rrugor Shqiptar (3535),B1,04520,Transporti Rrugor,231,3535,18BS731,Permiresim i sinjalistikes horizontale, vertikale dhe pajisjeve te siguris rrugore ne akset e Rajonit Qender Perendim, LOTI 2 (2024),13071104,0,0,13071104
17915,2025,11-2025,001,06,1006054,Autoriteti Rrugor Shqiptar (3535),B1,04520,Transporti Rrugor,231,3535,18BS901,Blerje pajisje kompiuterike për ARRSH ne vitin 2019,2000000,0,0,2000000
17916,2025,11-2025,001,06,1006054,Autoriteti Rrugor Shqiptar (3535),B1,04520,Transporti Rrugor,231,3535,18BS914,Blerje makineri pajisje per ARRSH dhe Drejtorite Rajonale,95976000,0,0,95976000
17917,2025,11-2025,001,06,1006054,Autoriteti Rrugor Shqiptar (3535),B1,04520,Transporti Rrugor,231,3535,18BS916,Kabllimi Ethernet i godines ARRSH (Qender).,7417200,0,0,7417200
17918,2025,11-2025,001,06,1006054,Autoriteti Rrugor Shqiptar (3535),B1,04520,Transporti Rrugor,231,3535,18BS917,Rikonstruksion i godines se Drejtorise se Rajonit Qender Lindje Korce,15888083,0,0,15888083
17919,2025,11-2025,001,06,1006054,Autoriteti Rrugor Shqiptar (3535),B1,04520,Transporti Rrugor,231,3535,18BS918,Blerje mobilje zyrash per ARRSH dhe Drejtorite Rajonale,4450080,0,0,4450080
17920,2025,11-2025,001,06,1006054,Autoriteti Rrugor Shqiptar (3535),B1,04520,Transporti Rrugor,231,3535,18BS919,Sistem kondicionimi stacioner per pjesen lindore te ARRSH-se (Blerje dhe instalim kondicionere stacioner),8880355,0,0,8880355
17921,2025,11-2025,001,06,1006054,Autoriteti Rrugor Shqiptar (3535),B1,04520,Transporti Rrugor,231,3535,18BT001,Eleminimi i emergjencave qe mund te dalin gjate viteve ne ARRSH.,10000000,0,0,10000000
17922,2025,11-2025,001,06,1006054,Autoriteti Rrugor Shqiptar (3535),B1,04520,Transporti Rrugor,231,3535,18BT130,Supervizion punimesh Ndertim rruga mbikalimi Teg dhe rruget lidhese te saj,109647,0,0,109647
17923,2025,11-2025,001,06,1006054,Autoriteti Rrugor Shqiptar (3535),B1,04520,Transporti Rrugor,231,3535,18BT138,Supervizion Punimesh Ndërtim rruga Palase - Dhërmi,929624,0,0,929624
17924,2025,11-2025,001,06,1006054,Autoriteti Rrugor Shqiptar (3535),B1,04520,Transporti Rrugor,231,3535,18BT140,Supervizion Punimesh Ndertim i Unazes se Jashtme Tirane, Loti 4,4959345,0,0,4959345
17925,2025,11-2025,001,06,1006054,Autoriteti Rrugor Shqiptar (3535),B1,04520,Transporti Rrugor,231,3535,18BT141,Supervizion Punimesh Ndertim i Unazes se jashtme Tirane Loti 5,3796504,0,0,3796504
17926,2025,11-2025,001,06,1006054,Autoriteti Rrugor Shqiptar (3535),B1,04520,Transporti Rrugor,231,3535,18BT142,Supervizion Punimesh Ndertim i Unazes se jashtme Tirane Loti 6,6635274,0,0,6635274
17927,2025,11-2025,001,06,1006054,Autoriteti Rrugor Shqiptar (3535),B1,04520,Transporti Rrugor,231,3535,18BT143,Supervizion Punimesh Ndertim i Unazes se jashtme Tirane Loti 7,5007210,0,0,5007210
17928,2025,11-2025,001,06,1006054,Autoriteti Rrugor Shqiptar (3535),B1,04520,Transporti Rrugor,231,3535,18BT144,Supervizion Punimesh Plotesimi i punimeve dhe rruget lidhese ne Unazen lindore Loti 2,215472,0,0,215472
17929,2025,11-2025,001,06,1006054,Autoriteti Rrugor Shqiptar (3535),B1,04520,Transporti Rrugor,231,3535,18BT145,Supervizion Punimesh Plotesimi, Rakordimi dhe vazhdimi i punimeve Sheshi Shqiponja - Lumi i Tiranes, Loti 1 dhe QMT,700000,0,0,700000
17930,2025,11-2025,001,06,1006054,Autoriteti Rrugor Shqiptar (3535),B1,04520,Transporti Rrugor,231,3535,18BT146,Supervizion Punimesh Ndertim i segmentit rrugor Sheshi Shqiponja - Bulevardi i ri -Shkoze, Urat mbi lumin Tirana           ,3685392,0,0,3685392
17931,2025,11-2025,001,06,1006054,Autoriteti Rrugor Shqiptar (3535),B1,04520,Transporti Rrugor,231,3535,18BT147,Supervizion punimesh Ndertim i segmentit rrugor Sheshi Shqiponja - Bulevardi i ri Loti 2,433271,0,0,433271
17932,2025,11-2025,001,06,1006054,Autoriteti Rrugor Shqiptar (3535),B1,04520,Transporti Rrugor,231,3535,18BT148,Supervizion punimesh Ndertimi i rruges Porto Romano Durres, Loti 3, vazhdimi,79240,0,0,79240
17933,2025,11-2025,001,06,1006054,Autoriteti Rrugor Shqiptar (3535),B1,04520,Transporti Rrugor,231,3535,18BT149,Supervizion Punimesh Përfundimi i punimeve në segmentet rrugore ura e Kranesë Qafë Botë, Ura e Kranesë Ura e Gajdarit dhe përmirësimi i segmentit rrugor Shijan Ura e Gajdarit.,9001,0,0,9001
17934,2025,11-2025,001,06,1006054,Autoriteti Rrugor Shqiptar (3535),B1,04520,Transporti Rrugor,231,3535,18BT158,Supervizion Punimesh Rikonstruksion i aksit rrugor Maliq-Lozhan i Ri Strelce,395110,0,0,395110
17935,2025,11-2025,001,06,1006054,Autoriteti Rrugor Shqiptar (3535),B1,04520,Transporti Rrugor,231,3535,18BT173,Supervizion punimesh Plotesemi, Rakordimi dhe vazhdimi i punimeve Rehabilitim i segmentit rrugore mbikalimi pallati me shigjeta  rrethrrotullimi Shqiponja Loti 3,2768285,0,0,2768285
17936,2025,11-2025,001,06,1006054,Autoriteti Rrugor Shqiptar (3535),B1,04520,Transporti Rrugor,231,3535,18BT174,Supervizion punimesh Sistemim asfaltim rruga Ura e Cerenecit - Peshkopi (Peshkopi - Maqellare), Loti 3,5092637,0,0,5092637
17937,2025,11-2025,001,06,1006054,Autoriteti Rrugor Shqiptar (3535),B1,04520,Transporti Rrugor,231,3535,18BT175,Supervizion punimesh Ndertim i nyjes  Berzhit  dhe  rruget  lidhese te autostrades Tirane - Elbasan me Komunen Berzhite dhe zonat perreth.,700000,0,0,700000
17938,2025,11-2025,001,06,1006054,Autoriteti Rrugor Shqiptar (3535),B1,04520,Transporti Rrugor,231,3535,18BT176,Supervizion punimesh Eleminimi I pikave te zeza,648648,0,0,648648
17939,2025,11-2025,001,06,1006054,Autoriteti Rrugor Shqiptar (3535),B1,04520,Transporti Rrugor,231,3535,18BT178,Supervizion punimesh Sistemim asfaltim rruga Qafa e Buallit - Martanesh,5918457,0,0,5918457
17940,2025,11-2025,001,06,1006054,Autoriteti Rrugor Shqiptar (3535),B1,04520,Transporti Rrugor,231,3535,18BT179,Supervizion punimesh Sistemim asfaltim rruget e Drejtorise se Rajonit Qender Lindje (Korce),450000,0,0,450000
17941,2025,11-2025,001,06,1006054,Autoriteti Rrugor Shqiptar (3535),B1,04520,Transporti Rrugor,231,3535,18BT182,Supervizion punimesh Sistemim asfaltim rruget e Drejtorise se Rajonit Verior Shkoder,748789,0,0,748789
17942,2025,11-2025,001,06,1006054,Autoriteti Rrugor Shqiptar (3535),B1,04520,Transporti Rrugor,231,3535,18BT183,Supervizion punimesh Rehabilitim i segmentit rrugor Shijan -Delvine dhe rruga rruga lidhese e  fshatit Vergo, ndricimi i rrethrrotullimit te Shijanit,1063600,0,0,1063600
17943,2025,11-2025,001,06,1006054,Autoriteti Rrugor Shqiptar (3535),B1,04520,Transporti Rrugor,231,3535,18BT190,Supervizion punimesh Eleminim i  pikave te zeza (Black Spots), ne rrjetin rrugor kombetar 2025,200000,0,0,200000
17944,2025,11-2025,001,06,1006054,Autoriteti Rrugor Shqiptar (3535),B1,04520,Transporti Rrugor,231,3535,18BT191,Supervizion punimesh Permiresim i sinjalistikes horizontale, vertikale dhe pajisjeve te siguris rrugore ne akset e Rajonit Qender Lindje, LOTI 4 (2025),300000,0,0,300000
17945,2025,11-2025,001,06,1006054,Autoriteti Rrugor Shqiptar (3535),B1,04520,Transporti Rrugor,231,3535,18BT192,Supervizion punimesh Permiresim i sinjalistikes horizontale, vertikale dhe pajisjeve te siguris rrugore ne akset e Rajonit Jugor, LOTI 3 (2025),500000,0,0,500000
17946,2025,11-2025,001,06,1006054,Autoriteti Rrugor Shqiptar (3535),B1,04520,Transporti Rrugor,231,3535,18BT196,Supervizion punimesh Rehabilitimi I shesheve dhe zonave kryesore ne afersi te pikave doganore shqiptare,798827,0,0,798827
17947,2025,11-2025,001,06,1006054,Autoriteti Rrugor Shqiptar (3535),B1,04520,Transporti Rrugor,231,3535,18BT197,Supervizion punimesh Permiresim i sinjalistikes horizontale, vertikale dhe pajisjeve te siguris rrugore ne akset e Rajonit Verior, LOTI 1 (2024),405623,0,0,405623
17948,2025,11-2025,001,06,1006054,Autoriteti Rrugor Shqiptar (3535),B1,04520,Transporti Rrugor,231,3535,18BT198,Supervizion punimesh Permiresim i sinjalistikes horizontale, vertikale dhe pajisjeve te siguris rrugore ne akset e Rajonit Qender Perendim, LOTI 2 (2024),2118046,0,0,2118046
17949,2025,11-2025,001,06,1006054,Autoriteti Rrugor Shqiptar (3535),B1,04520,Transporti Rrugor,231,3535,18BT199,Supervizion punimesh Permiresim i sinjalistikes horizontale, vertikale dhe pajisjeve te siguris rrugore ne akset e Rajonit Jugor, LOTI 3 (2024),1524118,0,0,1524118
17950,2025,11-2025,001,06,1006054,Autoriteti Rrugor Shqiptar (3535),B1,04520,Transporti Rrugor,230,3535,18BT216,Studim Projektim zgjerimi i segmentit rrugor, dalje Elbasan - Perrenjas - Qafe Thane.,2635200,0,0,2635200
17951,2025,11-2025,001,06,1006054,Autoriteti Rrugor Shqiptar (3535),B1,04520,Transporti Rrugor,230,3535,18BT219,Studim projektime per vitin 2025,40000000,0,0,40000000
17952,2025,11-2025,001,06,1006054,Autoriteti Rrugor Shqiptar (3535),B1,04520,Transporti Rrugor,230,3535,18BT221,Studim Projektim rruga e bregut,30000000,0,0,30000000
17953,2025,11-2025,001,06,1006054,Autoriteti Rrugor Shqiptar (3535),B1,04520,Transporti Rrugor,230,3535,18BT222,Studim Projektim By Pass Sarande,34692000,0,0,34692000
17954,2025,11-2025,001,06,1006054,Autoriteti Rrugor Shqiptar (3535),B1,04520,Transporti Rrugor,230,3535,18BT226,Studim Projektim zgjerimi i rruges Levan Gjirokaster,24000000,0,0,24000000
17955,2025,11-2025,001,06,1006054,Autoriteti Rrugor Shqiptar (3535),B3,04520,Transporti Rrugor,231,3535,18BT708,Kosto Lokale Ndërtim By Pass i Vlorës,429647000,0,0,429647000
17956,2025,11-2025,001,06,1006054,Autoriteti Rrugor Shqiptar (3535),B3,04520,Transporti Rrugor,231,3535,18BT709,Kosto Lokale Supervizion Ndërtim By Pass i Vlorës,39907897,0,0,39907897
17957,2025,11-2025,001,06,1006054,Autoriteti Rrugor Shqiptar (3535),B1,04520,Transporti Rrugor,231,3535,18BT918,Supervizion punimesh Plotesimi i punimeve ne segmentin rrugor Qukes Qafe Plloc, Loti 0,2773071,0,0,2773071
17958,2025,11-2025,001,06,1006054,Autoriteti Rrugor Shqiptar (3535),B1,04520,Transporti Rrugor,231,3535,18BT919,Plotesim i punimeve ne segmentit rrugor Qukes - Qafe - Plloce Loti 0,226297931,0,0,226297931
17959,2025,11-2025,001,06,1006054,Autoriteti Rrugor Shqiptar (3535),B4,04520,Transporti Rrugor,231,3535,18BU001,By Passi Elbasan,5000000,0,0,5000000
17960,2025,11-2025,001,06,1006054,Autoriteti Rrugor Shqiptar (3535),B4,04520,Transporti Rrugor,231,3535,18BU003,Supervizion Punimesh By Passi Elbasan,1000000,0,0,1000000
17961,2025,11-2025,001,06,1006054,Autoriteti Rrugor Shqiptar (3535),B1,04520,Transporti Rrugor,230,3535,18BU004,Studim projektim  By Pass Elbasan,2000000,0,0,2000000
17962,2025,11-2025,001,06,1006099,Instituti Studimeve te Transportit Tirane (3535),B4,04520,Transporti Rrugor,231,3535,18BU501,TVSH per projektet IPA, Instituti I Transportit,1000000,0,0,1000000
17963,2025,11-2025,001,06,1006054,Autoriteti Rrugor Shqiptar (3535),B1,04520,Transporti Rrugor,231,3535,18CD502,Disaster Recovery,2000000,0,0,2000000
17964,2025,11-2025,001,06,1006054,Autoriteti Rrugor Shqiptar (3535),B3,04520,Transporti Rrugor,231,3535,19AC701,Ndertim rruga By Pass Tirane,1000000,0,0,1000000
17965,2025,11-2025,001,06,1006054,Autoriteti Rrugor Shqiptar (3535),B4,04520,Transporti Rrugor,231,3535,19AC702,TVSH Ndertim rruga By Pass Tirane,5000000,0,0,5000000
17966,2025,11-2025,001,06,1006054,Autoriteti Rrugor Shqiptar (3535),B4,04520,Transporti Rrugor,231,3535,19AC704,TVSH Supervizion Punimesh Ndertim rruga By Pass Tirane,1000000,0,0,1000000
17967,2025,11-2025,001,06,1006054,Autoriteti Rrugor Shqiptar (3535),B1,04520,Transporti Rrugor,231,3535,19AC707,Ndertim rruga  Kashar - Nyja Vaqarr Faza I,157776554,0,0,157776554
17968,2025,11-2025,001,06,1006054,Autoriteti Rrugor Shqiptar (3535),B1,04520,Transporti Rrugor,231,3535,19AC708,Ndertim rruga  Kashar - Nyja Vaqarr Faza II,273025627,0,0,273025627
17969,2025,11-2025,001,06,1006054,Autoriteti Rrugor Shqiptar (3535),B1,04520,Transporti Rrugor,231,3535,19AC709,Supervizion punimesh Ndertim rruga  Kashar - Nyja Vaqarr Faza I,1314869,0,0,1314869
17970,2025,11-2025,001,06,1006054,Autoriteti Rrugor Shqiptar (3535),B1,04520,Transporti Rrugor,231,3535,19AC710,Supervizion punimesh Ndertim rruga  Kashar - Nyja Vaqarr Faza II,2154000,0,0,2154000
17971,2025,11-2025,001,06,1006099,Instituti Studimeve te Transportit Tirane (3535),B3,04520,Transporti Rrugor,231,3535,19AC810,KOSTO LOKALE PER PROJEKTET IPA,1000000,0,0,1000000
17972,2025,11-2025,001,06,1006099,Instituti Studimeve te Transportit Tirane (3535),B1,04520,Transporti Rrugor,231,3535,19AC811,Rikonstruksion dhe blerje paisje zyrash per Institutin e Transportit,300000,0,0,300000
17973,2025,11-2025,001,06,1006099,Instituti Studimeve te Transportit Tirane (3535),B1,04520,Transporti Rrugor,231,3535,19AC812,Blerje paisje informatike per Institutin e Transportit,700000,0,0,700000
17974,2025,11-2025,001,06,1006001,Aparati i Ministrise se Infrastruktures dhe Energjise (3535),B1,04520,Transporti Rrugor,231,3535,20AC101,Ndertim i Tuneli i Llogarase,613500000,0,0,613500000
17975,2025,11-2025,001,06,1006001,Aparati i Ministrise se Infrastruktures dhe Energjise (3535),B1,04520,Transporti Rrugor,231,3535,20AC102,Supervizion Ndertim Tuneli i Llogarase,25700000,0,0,25700000
17976,2025,11-2025,001,06,1006054,Autoriteti Rrugor Shqiptar (3535),B1,04520,Transporti Rrugor,231,3535,20AC104,Ndertim i rrugeve lidhese me  Tunelin e Llogarase,320000000,0,0,320000000
17977,2025,11-2025,001,06,1006054,Autoriteti Rrugor Shqiptar (3535),B1,04520,Transporti Rrugor,231,3535,20AC105,Supervizion punimesh Ndertim i rrugeve lidhese me  Tunelin e Llogarase,6400000,0,0,6400000
17978,2025,11-2025,001,06,1006054,Autoriteti Rrugor Shqiptar (3535),B1,04520,Transporti Rrugor,231,3535,21AC801,Qendra e monitorimit te trafikut (200 km) Faza e Pare,169153197,0,0,169153197
17979,2025,11-2025,001,06,1006054,Autoriteti Rrugor Shqiptar (3535),B1,04520,Transporti Rrugor,231,3535,21AC802,Supervizion Punimesh Qendra e monitorimit te trafikut (200 km) Faza e Pare,5190953,0,0,5190953
17980,2025,11-2025,001,06,1006054,Autoriteti Rrugor Shqiptar (3535),B1,04520,Transporti Rrugor,231,3535,21AC805,Qendra e monitorimit te trafikut  Faza e II,451980282,0,0,451980282
17981,2025,11-2025,001,06,1006054,Autoriteti Rrugor Shqiptar (3535),B1,04520,Transporti Rrugor,231,3535,21AC807,Supervizion punimesh Qendra e monitorimit te trafikut  Faza e II,4190400,0,0,4190400
17982,2025,11-2025,001,06,1006054,Autoriteti Rrugor Shqiptar (3535),B1,04520,Transporti Rrugor,231,3535,22AC302,Plotesimi, Rakordimi dhe vazhdimi i punimeve Rehabilitim i segmentit rrugore mbikalimi pallati me shigjeta  rrethrrotullimi Shqiponja Loti 3,28892214,0,0,28892214
17983,2025,11-2025,001,06,1006054,Autoriteti Rrugor Shqiptar (3535),B1,04520,Transporti Rrugor,231,3535,22AC303,Ndertim rruga Palas - Dhermi, (Modifikim Kontrate),36082067,0,0,36082067
17984,2025,11-2025,001,06,1006054,Autoriteti Rrugor Shqiptar (3535),B1,04520,Transporti Rrugor,231,3535,22AC305,Sistemim asfaltim rruga Ura e Cerenecit - Peshkopi (Peshkopi - Maqellare), Loti 3,488970909,0,0,488970909
17985,2025,11-2025,001,06,1006054,Autoriteti Rrugor Shqiptar (3535),B1,04520,Transporti Rrugor,231,3535,22AC306,Ndertim i nyjes Berzhit dhe rruget lidhese te autostrades Tirane - Elbasan me Komunen Berzhite dhe zonat perreth.,15000000,0,0,15000000
17986,2025,11-2025,001,06,1006054,Autoriteti Rrugor Shqiptar (3535),B1,04520,Transporti Rrugor,231,3535,22AC308,Sistemim asfaltim rruga Qafa e Buallit - Martanesh,655884114,0,0,655884114
17987,2025,11-2025,001,06,1006054,Autoriteti Rrugor Shqiptar (3535),B1,04520,Transporti Rrugor,231,3535,22AC310,Rehabilitimi I shesheve dhe zonave kryesore ne afersi te pikave doganore shqiptare,73696242,0,0,73696242
17988,2025,11-2025,001,06,1006054,Autoriteti Rrugor Shqiptar (3535),B1,04520,Transporti Rrugor,231,3535,22AC311,Plotesimi I punimeve ne rruget dytesore By Pass Plepa - Kavaje - Rrogozhine ne krahun e majte,46339159,0,0,46339159
17989,2025,11-2025,001,06,1006054,Autoriteti Rrugor Shqiptar (3535),B1,04520,Transporti Rrugor,231,3535,22AC312,Rehabilitim I segmentit rrugor Shijan -Delvine dhe rruga rruga lidhese e  fshatit Vergo, ndricimi I rrethrrotullimit te Shijanit,71180000,0,0,71180000
17990,2025,11-2025,001,06,1006054,Autoriteti Rrugor Shqiptar (3535),B1,04520,Transporti Rrugor,231,3535,22AC313,Sistemim asfaltim rruget e Drejtorise se Rajonit Qender Lindje (Korce),30000000,0,0,30000000
17991,2025,11-2025,001,06,1006054,Autoriteti Rrugor Shqiptar (3535),B1,04520,Transporti Rrugor,231,3535,22AC314,Sistemim asfaltim rruget e Drejtorise se Rajonit Qender Perendim (Tirane),2457606,0,0,2457606
17992,2025,11-2025,001,06,1006054,Autoriteti Rrugor Shqiptar (3535),B1,04520,Transporti Rrugor,231,3535,22AC315,Sistemim asfaltim rruget e Drejtorise se Rajonit Jugor Gjirokaster,99999012,0,0,99999012
17993,2025,11-2025,001,06,1006054,Autoriteti Rrugor Shqiptar (3535),B1,04520,Transporti Rrugor,231,3535,22AC316,Sistemim asfaltim rruget e Drejtorise se Rajonit Verior Shkoder,109823419,0,0,109823419
17994,2025,11-2025,001,06,1006054,Autoriteti Rrugor Shqiptar (3535),B1,04520,Transporti Rrugor,231,3535,22AC317,Rehabilitimi i rruges Fier -  Kthesa e Patosit - Frataj,1197533753,0,0,1197533753
17995,2025,11-2025,001,06,1006054,Autoriteti Rrugor Shqiptar (3535),B1,04520,Transporti Rrugor,231,3535,22AC318,Ndertim rruga kthesa e Berdices-Ura e Bahcallekut,297615445,0,0,297615445
17996,2025,11-2025,001,06,1006054,Autoriteti Rrugor Shqiptar (3535),B1,04520,Transporti Rrugor,231,3535,22AC319,Plotesemi, Rakordimi dhe vazhdimi i punimeve Sheshi Shqiponja - Lumi i Tiranes, Loti 1 dhe QMT, (modifikim kontrate),155194904,0,0,155194904
17997,2025,11-2025,001,06,1006054,Autoriteti Rrugor Shqiptar (3535),B1,04520,Transporti Rrugor,231,3535,22AG501,Zgjerimi i rruges Elbasan - Qafe - Thane (Faza II),349273672,0,0,349273672
17998,2025,11-2025,001,06,1006054,Autoriteti Rrugor Shqiptar (3535),B1,04520,Transporti Rrugor,231,3535,22AG502,Zgjerimi i rruges Elbasan - Qafe - Thane (Faza III),662844841,0,0,662844841
17999,2025,11-2025,001,06,1006054,Autoriteti Rrugor Shqiptar (3535),B1,04520,Transporti Rrugor,231,3535,22AG503,Zgjerimi i rruges Elbasan - Qafe - Thane (Faza IV),65057695,0,0,65057695
18000,2025,11-2025,001,06,1006054,Autoriteti Rrugor Shqiptar (3535),B1,04520,Transporti Rrugor,231,3535,22AG504,Supervizion punimesh Zgjerimi i rruges Elbasan - Qafe - Thane (Faza II),807904,0,0,807904
18001,2025,11-2025,001,06,1006054,Autoriteti Rrugor Shqiptar (3535),B1,04520,Transporti Rrugor,231,3535,22AG505,Supervizion punimesh Zgjerimi i rruges Elbasan - Qafe - Thane (Faza III),762507,0,0,762507
18002,2025,11-2025,001,06,1006054,Autoriteti Rrugor Shqiptar (3535),B1,04520,Transporti Rrugor,231,3535,22AG506,Supervizion punimesh Zgjerimi i rruges Elbasan - Qafe - Thane (Faza IV),7620992,0,0,7620992
18003,2025,11-2025,001,06,1006054,Autoriteti Rrugor Shqiptar (3535),B1,04520,Transporti Rrugor,231,3535,22AG507,Zgjerimi i rruges Elbasan - Qafe - Thane (Faza V),888466116,0,0,888466116
18004,2025,11-2025,001,06,1006054,Autoriteti Rrugor Shqiptar (3535),B1,04520,Transporti Rrugor,231,3535,22AG508,Zgjerimi i rruges Elbasan - Qafe - Thane (Faza VI),845175394,0,0,845175394
18005,2025,11-2025,001,06,1006054,Autoriteti Rrugor Shqiptar (3535),B1,04520,Transporti Rrugor,231,3535,22AG509,Zgjerimi i rruges Elbasan - Qafe - Thane (Faza VII),827531467,0,0,827531467
18006,2025,11-2025,001,06,1006054,Autoriteti Rrugor Shqiptar (3535),B1,04520,Transporti Rrugor,231,3535,22AG510,Zgjerimi i rruges Elbasan - Qafe - Thane (Faza VIII),300666598,0,0,300666598
18007,2025,11-2025,001,06,1006054,Autoriteti Rrugor Shqiptar (3535),B1,04520,Transporti Rrugor,231,3535,22AG511,Supervizion punimesh Zgjerimi i rruges Elbasan - Qafe - Thane (Faza V),8313108,0,0,8313108
18008,2025,11-2025,001,06,1006054,Autoriteti Rrugor Shqiptar (3535),B1,04520,Transporti Rrugor,231,3535,22AG512,Supervizion punimesh Zgjerimi i rruges Elbasan - Qafe - Thane (Faza VI),8409960,0,0,8409960
18009,2025,11-2025,001,06,1006054,Autoriteti Rrugor Shqiptar (3535),B1,04520,Transporti Rrugor,231,3535,22AG513,Supervizion punimesh Zgjerimi i rruges Elbasan - Qafe - Thane (Faza VII)rimi i rruges Elbasan - Qafe - Thane (Faza VI),6978148,0,0,6978148
18010,2025,11-2025,001,06,1006054,Autoriteti Rrugor Shqiptar (3535),B1,04520,Transporti Rrugor,231,3535,22AG514,Supervizion punimesh Zgjerimi i rruges Elbasan - Qafe - Thane (Faza VIII),7171200,0,0,7171200
18011,2025,11-2025,001,06,1006054,Autoriteti Rrugor Shqiptar (3535),B1,04520,Transporti Rrugor,231,3535,22AG515,,116300090,0,0,116300090
18012,2025,11-2025,001,06,1006054,Autoriteti Rrugor Shqiptar (3535),B1,04520,Transporti Rrugor,231,3535,22AG601,Ndertim rruga Berat - Ballaban, Loti 1,1010631594,0,0,1010631594
18013,2025,11-2025,001,06,1006054,Autoriteti Rrugor Shqiptar (3535),B1,04520,Transporti Rrugor,231,3535,22AG602,Ndertim rruga Berat - Ballaban, Loti 2,762207701,0,0,762207701
18014,2025,11-2025,001,06,1006054,Autoriteti Rrugor Shqiptar (3535),B1,04520,Transporti Rrugor,231,3535,22AG603,Ndertim rruga Berat - Ballaban, Loti 3,324631820,0,0,324631820
18015,2025,11-2025,001,06,1006054,Autoriteti Rrugor Shqiptar (3535),B1,04520,Transporti Rrugor,231,3535,22AG604,Supervizion punimesh Nderti rruga Berat - Ballaban, Loti 1,6663898,0,0,6663898
18016,2025,11-2025,001,06,1006054,Autoriteti Rrugor Shqiptar (3535),B1,04520,Transporti Rrugor,231,3535,22AG605,Supervizion punimesh Nderti rruga Berat - Ballaban, Loti 2,7286646,0,0,7286646
18017,2025,11-2025,001,06,1006054,Autoriteti Rrugor Shqiptar (3535),B1,04520,Transporti Rrugor,231,3535,22AG606,Supervizion punimesh Nderti rruga Berat - Ballaban, Loti 3,700000,0,0,700000
18018,2025,11-2025,001,06,1006054,Autoriteti Rrugor Shqiptar (3535),B1,04520,Transporti Rrugor,230,3535,22AG701,Studim Projektim aksi rrugor Elbasan - Lekaj Koridori 8,2000000,0,0,2000000
18019,2025,11-2025,001,06,1006054,Autoriteti Rrugor Shqiptar (3535),B1,04520,Transporti Rrugor,231,3535,22AG702,Ndertim aksi rrugor Elbasan - Paperr Faza I,720000000,0,0,720000000
18020,2025,11-2025,001,06,1006054,Autoriteti Rrugor Shqiptar (3535),B1,04520,Transporti Rrugor,231,3535,22AG703,Supervizion punimesh Ndertim aksi rrugor Elbasan - Paperr Faza I,6844893,0,0,6844893
18021,2025,11-2025,001,06,1006054,Autoriteti Rrugor Shqiptar (3535),B1,04520,Transporti Rrugor,231,3535,22AG704,Supervizion punimesh Ndertim aksi rrugor Paperr - Ura e Grykshit, Faza II,7234200,0,0,7234200
18022,2025,11-2025,001,06,1006054,Autoriteti Rrugor Shqiptar (3535),B1,04520,Transporti Rrugor,231,3535,22AG705,Supervizion punimesh Ndertim aksi rrugor Paperr - Ura e Grykshit, Faza III,6804000,0,0,6804000
18023,2025,11-2025,001,06,1006054,Autoriteti Rrugor Shqiptar (3535),B1,04520,Transporti Rrugor,231,3535,22AG706,Ndertim aksi rrugor Elbasan - Paperr Faza II,832080824,0,0,832080824
18024,2025,11-2025,001,06,1006054,Autoriteti Rrugor Shqiptar (3535),B1,04520,Transporti Rrugor,231,3535,22AG707,Ndertim aksi rrugor Elbasan - Paperr Faza III,799027601,0,0,799027601
18025,2025,11-2025,001,06,1006054,Autoriteti Rrugor Shqiptar (3535),B1,04520,Transporti Rrugor,231,3535,22AG708,Ndertim aksi rrugor Paperr - Ura e Grykshit, Faza I,746825028,0,0,746825028
18026,2025,11-2025,001,06,1006054,Autoriteti Rrugor Shqiptar (3535),B1,04520,Transporti Rrugor,231,3535,22AG709,Ndertim aksi rrugor Paperr - Ura e Grykshit, Faza II,914117829,0,0,914117829
18027,2025,11-2025,001,06,1006054,Autoriteti Rrugor Shqiptar (3535),B1,04520,Transporti Rrugor,231,3535,22AG710,Ndertim aksi rrugor Paperr - Ura e Grykshit, Faza III,759326147,0,0,759326147
18028,2025,11-2025,001,06,1006054,Autoriteti Rrugor Shqiptar (3535),B1,04520,Transporti Rrugor,231,3535,22AG711,Supervizion punimesh Ndertim aksi rrugor Elbasan - Paperr Faza II,18000000,0,0,18000000
18029,2025,11-2025,001,06,1006054,Autoriteti Rrugor Shqiptar (3535),B1,04520,Transporti Rrugor,231,3535,22AG712,Supervizion punimesh Ndertim aksi rrugor Elbasan - Paperr Faza III,7524000,0,0,7524000
18030,2025,11-2025,001,06,1006054,Autoriteti Rrugor Shqiptar (3535),B1,04520,Transporti Rrugor,231,3535,22AG713,Supervizion punimesh Ndertim aksi rrugor Paperr - Ura e Grykshit, Faza I,6480000,0,0,6480000
18031,2025,11-2025,001,06,1006054,Autoriteti Rrugor Shqiptar (3535),B1,04520,Transporti Rrugor,230,3535,22AG801,Studim Projektim aksi rrugor Bushtrice - Pika Doganore Koridori 8,2000000,0,0,2000000
18032,2025,11-2025,001,06,1006054,Autoriteti Rrugor Shqiptar (3535),B1,04520,Transporti Rrugor,231,3535,24AA101,Zgjerimi i superstrades Tirane - Durres Faza  I,546254548,0,0,546254548
18033,2025,11-2025,001,06,1006054,Autoriteti Rrugor Shqiptar (3535),B1,04520,Transporti Rrugor,231,3535,24AA102,Zgjerimi i superstrades Tirane - Durres Faza  II,586081844,0,0,586081844
18034,2025,11-2025,001,06,1006054,Autoriteti Rrugor Shqiptar (3535),B1,04520,Transporti Rrugor,231,3535,24AA103,Zgjerimi i superstrades Tirane - Durres Faza  III,600000000,0,0,600000000
18035,2025,11-2025,001,06,1006054,Autoriteti Rrugor Shqiptar (3535),B1,04520,Transporti Rrugor,231,3535,24AA104,Supervizion punimesh Zgjerimi I superstrades Tirane - Durres Faza I,4467600,0,0,4467600
18036,2025,11-2025,001,06,1006054,Autoriteti Rrugor Shqiptar (3535),B1,04520,Transporti Rrugor,231,3535,24AA105,Supervizion punimesh Zgjerimi I superstrades Tirane - Durres Faza II,6873979,0,0,6873979
18037,2025,11-2025,001,06,1006054,Autoriteti Rrugor Shqiptar (3535),B1,04520,Transporti Rrugor,231,3535,24AA106,Supervizion punimesh Zgjerimi I superstrades Tirane - Durres Faza III,12000000,0,0,12000000
18038,2025,11-2025,001,06,1006054,Autoriteti Rrugor Shqiptar (3535),B1,04520,Transporti Rrugor,231,3535,24AA201,Rikonstruksion i rruges se vjeter Kombinat- Ndroq - Plepa, Loti 1,293814632,0,0,293814632
18039,2025,11-2025,001,06,1006054,Autoriteti Rrugor Shqiptar (3535),B1,04520,Transporti Rrugor,231,3535,24AA202,Supervizion punimesh Rikonstruksion i rruges se vjeter Kombinat- Ndroq - Plepa, Loti 1,2142458,0,0,2142458
18040,2025,11-2025,001,06,1006054,Autoriteti Rrugor Shqiptar (3535),B1,04520,Transporti Rrugor,231,3535,24AA209,,27226786,0,0,27226786
18041,2025,11-2025,001,06,1006054,Autoriteti Rrugor Shqiptar (3535),B1,04520,Transporti Rrugor,231,3535,24AA401,Zgjerimi i rruges se Ksamilit,551041869,0,0,551041869
18042,2025,11-2025,001,06,1006054,Autoriteti Rrugor Shqiptar (3535),B1,04520,Transporti Rrugor,231,3535,24AA402,Supervizion Punimesh Zgjerimi i rruges se Ksamilit,4950000,0,0,4950000
18043,2025,11-2025,001,06,1006054,Autoriteti Rrugor Shqiptar (3535),B1,04520,Transporti Rrugor,231,3535,24AE001,Supervizion punimesh Permiresim i sinjalistikes horizontale, vertikale dhe pajisjeve te siguris rrugore ne akset e Rajonit Qender Lindje, LOTI 4 (2024),991984,0,0,991984
18044,2025,11-2025,001,06,1006054,Autoriteti Rrugor Shqiptar (3535),B1,04520,Transporti Rrugor,231,3535,24AE002,Supervizion punimesh Eleminim i  pikave te zeza (Black Spots), ne rrjetin rrugor kombetar 2024,200000,0,0,200000
18045,2025,11-2025,001,06,1006054,Autoriteti Rrugor Shqiptar (3535),B1,04520,Transporti Rrugor,231,3535,24AE003,Supervizion punimesh Permiresim i sinjalistikes horizontale, vertikale dhe pajisjeve te siguris rrugore ne akset e Rajonit Verior, LOTI 1 (2025),480000,0,0,480000
18046,2025,11-2025,001,06,1006054,Autoriteti Rrugor Shqiptar (3535),B1,04520,Transporti Rrugor,231,3535,24AE004,Supervizion punimesh Rehabilitimi i rruges Fier -  Kthesa e Patosit - Frataj,7920000,0,0,7920000
18047,2025,11-2025,001,06,1006054,Autoriteti Rrugor Shqiptar (3535),B1,04520,Transporti Rrugor,231,3535,24AE005,Supervizion punimesh Ndertim rruga kthesa e Berdices - Ura e Bahcallekut,2880000,0,0,2880000
18048,2025,11-2025,001,06,1006054,Autoriteti Rrugor Shqiptar (3535),B1,04520,Transporti Rrugor,231,3535,24AJ401,Ndertim By Pass Sarande, Faza I,106021943,0,0,106021943
18049,2025,11-2025,001,06,1006054,Autoriteti Rrugor Shqiptar (3535),B1,04520,Transporti Rrugor,231,3535,24AJ403,Supervizion punimesh Ndertim By Pass Sarande, Faza I,9600000,0,0,9600000
18050,2025,11-2025,001,06,1006054,Autoriteti Rrugor Shqiptar (3535),B1,04520,Transporti Rrugor,231,3535,24AJ501,Supervizion Punimesh Qendra e MZSH dhe instalimet per mbrojtjen nga zjarri ne tunelin Kardhiq - Delvine,503492,0,0,503492
18051,2025,11-2025,001,06,1006054,Autoriteti Rrugor Shqiptar (3535),B1,04520,Transporti Rrugor,231,3535,24AJ502,Blerje zjarrfikse dhe automjete sherbimi Pick Up,24000000,0,0,24000000
18052,2025,11-2025,001,06,1006054,Autoriteti Rrugor Shqiptar (3535),B1,04520,Transporti Rrugor,231,3535,24AJ503,Blerje set zjarrfikse, pajisje te ndryshme shpetimi per stacionin zjarrfikes dhe automjetet,8400000,0,0,8400000
18053,2025,11-2025,001,06,1006054,Autoriteti Rrugor Shqiptar (3535),B1,04520,Transporti Rrugor,231,3535,24AJ504,Instalim sistemi i  mbrojtjes nga zjarri ne arkiven e ARRSH Qender dhe ne DRQ,1500000,0,0,1500000
18054,2025,11-2025,001,06,1006054,Autoriteti Rrugor Shqiptar (3535),B1,04520,Transporti Rrugor,231,3535,24AJ505,Qendra e MZSH dhe instalimet per mbrojtjen nga zjarri ne tunelin Kardhiq - Delvine,25174600,0,0,25174600
18055,2025,11-2025,001,06,1006001,Aparati i Ministrise se Infrastruktures dhe Energjise (3535),B1,04520,Transporti Rrugor,232,3535,25AD401,,10000000,0,0,10000000
18056,2025,11-2025,001,06,1006054,Autoriteti Rrugor Shqiptar (3535),B1,04520,Transporti Rrugor,231,3535,M060054,Supervizion punimesh,440000,0,0,440000
18057,2025,11-2025,001,06,1006054,Autoriteti Rrugor Shqiptar (3535),B1,04520,Transporti Rrugor,230,3535,M060526,Studim Projektim Oponence teknike (K.lidhur),3944302,0,0,3944302
18058,2025,11-2025,001,06,1006054,Autoriteti Rrugor Shqiptar (3535),B1,04520,Transporti Rrugor,231,3535,M062991,Vendime gjyjgesore ne proces,474134041,0,0,474134041
18059,2025,11-2025,001,06,1006054,Autoriteti Rrugor Shqiptar (3535),B1,04520,Transporti Rrugor,231,3535,M062993,Shpronesime,40000000,0,0,40000000
18060,2025,11-2025,001,06,1006054,Autoriteti Rrugor Shqiptar (3535),B4,04520,Transporti Rrugor,231,3535,M063676,TVSH e T.D. Supervizion Ndertim By Pass i Vlores,7981579,0,0,7981579
18061,2025,11-2025,001,06,1006933,Njesia e Manaxhimit te projektit te ndertimit te segmentit rrugor Qukes Qafe Plloce, Lot 1 dhe Lot 2 (3535),B3,04520,Transporti Rrugor,231,3535,M063737,Kosto Lokale për Njësine e menaxhimit te Projektit Qukës - Qafë- Plloçë Loti 1+ Loti 2,1250000,0,0,1250000
18062,2025,11-2025,001,06,1006934,Njesia e Manaxhimit te projektit Ndertimi i Seksionit Rrugor Qukes-Qafe Plloce, Segmenti Nr.3" (3535),B3,04520,Transporti Rrugor,231,3535,M063739,Kosto Lokale për Njesinë e menaxhimit të Projektit Qukës - Qafë - Plloçë  Loti 3,1124000,0,0,1124000
18063,2025,11-2025,001,06,1006933,Njesia e Manaxhimit te projektit te ndertimit te segmentit rrugor Qukes Qafe Plloce, Lot 1 dhe Lot 2 (3535),B4,04520,Transporti Rrugor,231,3535,M063751,TVSH e T.D.Ndërtim segmenti "Qukës-Qafë Plloçë" Loti 1,107629000,0,0,107629000
18064,2025,11-2025,001,06,1006933,Njesia e Manaxhimit te projektit te ndertimit te segmentit rrugor Qukes Qafe Plloce, Lot 1 dhe Lot 2 (3535),B4,04520,Transporti Rrugor,231,3535,M063752,TVSH e T.D.Ndërtim segmenti "Qukës-Qafë Plloçë" Loti 2,193468504,0,0,193468504
18065,2025,11-2025,001,06,1006933,Njesia e Manaxhimit te projektit te ndertimit te segmentit rrugor Qukes Qafe Plloce, Lot 1 dhe Lot 2 (3535),B4,04520,Transporti Rrugor,231,3535,M063753,TVSH e T.D.Supervizion Punimesh Ndërtim segmenti "Qukës-Qafë Plloçë" Loti 1+Loti 2,22800000,0,0,22800000
18066,2025,11-2025,001,06,1006933,Njesia e Manaxhimit te projektit te ndertimit te segmentit rrugor Qukes Qafe Plloce, Lot 1 dhe Lot 2 (3535),B4,04520,Transporti Rrugor,231,3535,M063756,TVSH  Audit Projekti i rrugës "Qukës-Qafë Plloçë" Loti 1+Loti 2,215000,0,0,215000
18067,2025,11-2025,001,06,1006934,Njesia e Manaxhimit te projektit Ndertimi i Seksionit Rrugor Qukes-Qafe Plloce, Segmenti Nr.3" (3535),B4,04520,Transporti Rrugor,231,3535,M063757,TVSH e T.D.Ndërtim segmenti "Qukës-Qafë Plloçë" Loti 3,317241524,0,0,317241524
18068,2025,11-2025,001,06,1006934,Njesia e Manaxhimit te projektit Ndertimi i Seksionit Rrugor Qukes-Qafe Plloce, Segmenti Nr.3" (3535),B4,04520,Transporti Rrugor,231,3535,M063759,TVSH e T.D.Supervizion Punimesh Ndërtim segmenti "Qukës-Qafë Plloçë" Loti 3,9465000,0,0,9465000
18069,2025,11-2025,001,06,1006054,Autoriteti Rrugor Shqiptar (3535),B1,04520,Transporti Rrugor,231,3535,M064216,Supervizion punimesh Rikualifikim I akseve rrugore Unaza Lindore  Loti 3.,384838,0,0,384838
18070,2025,11-2025,001,06,1006054,Autoriteti Rrugor Shqiptar (3535),B4,04520,Transporti Rrugor,231,3535,M064223,TVSH e T.D. Ndërtim By Pass i Vlorës (Kontrate e Re),120000000,0,0,120000000
18071,2025,11-2025,001,06,1006098,Drejtoria e Pergjithshme Detare Durres (0707),B1,04540,Transporti Detar,231,0707,18BI803,Vazhdimi i sinjalit satelitor per LRIT,3500000,0,0,3500000
18072,2025,11-2025,001,06,1006098,Drejtoria e Pergjithshme Detare Durres (0707),B4,04540,Transporti Detar,231,0707,18BI804,TVSH per Paisje Navigacionale,360000,0,0,360000
18073,2025,11-2025,001,06,1006098,Drejtoria e Pergjithshme Detare Durres (0707),B1,04540,Transporti Detar,231,0707,19AC003,Blerje mobilje zyrash per DPD dhe kapitenerite,7845480,0,0,7845480
18074,2025,11-2025,001,06,1006098,Drejtoria e Pergjithshme Detare Durres (0707),B1,04540,Transporti Detar,231,0707,19AC004,Blerje motorskafi per DPD,11218000,0,0,11218000
18075,2025,11-2025,001,06,1006204,Autoriteti Portual Durres (0707),B1,04540,Transporti Detar,231,0707,23AE301,Portit të ri tregtar të Integruar të Durrësit në Porto Romano- Faza 1,9830000000,0,0,9830000000
18076,2025,11-2025,001,06,1006094,Nderrmarrja e Shfrytezimit Ujor Vau Dejes (3333),B1,04540,Transporti Detar,231,3333,M063090,Konservim per ndermarjen e Kontroll Shfrytezimit te Mjeteve Ujore Vau I Dejes,4300000,0,0,4300000
18077,2025,11-2025,001,06,1006001,Aparati i Ministrise se Infrastruktures dhe Energjise (3535),B1,04540,Transporti Detar,231,3535,23AB801,Sherbime inxhinierike te pavarura per zbatimin e kontrates koncesionare Per projektimin, ndertimin dhe mirembajtjen e Portit te Integruar ne Triport Vlore,22776520,0,0,22776520
18078,2025,11-2025,001,06,1006095,Drejtoria e Pergjithshme e Hekurudhave Durres (0707),B1,04550,Transporti Hekurudhor,231,0707,18BJ104,Pajisje zyre per DPHekurudhave,4000000,0,0,4000000
18079,2025,11-2025,001,06,1006095,Drejtoria e Pergjithshme e Hekurudhave Durres (0707),B1,04550,Transporti Hekurudhor,230,0707,18BJ108,Studime dhe projektime,58000000,0,0,58000000
18080,2025,11-2025,001,06,1006095,Drejtoria e Pergjithshme e Hekurudhave Durres (0707),B1,04550,Transporti Hekurudhor,231,0707,18BJ109,Makineri dhe paisje për mirëmbajtjen e linjës hekurudhore,25000000,0,0,25000000
18081,2025,11-2025,001,06,1006095,Drejtoria e Pergjithshme e Hekurudhave Durres (0707),B4,04550,Transporti Hekurudhor,231,0707,18BJ503,TVSH për zbatimin e projektit Rehabilitimi i linjës hekurudhore Durrës - Rrogozhinë,300000,0,0,300000
18082,2025,11-2025,001,06,1006095,Drejtoria e Pergjithshme e Hekurudhave Durres (0707),B4,04550,Transporti Hekurudhor,231,0707,18BJ506,TVSH Asistence Teknike per Suportin e PIU per projektin Rehabilitimi I linjes hekurudhore Vore - Hani I Hotit,25000000,0,0,25000000
18083,2025,11-2025,001,06,1006095,Drejtoria e Pergjithshme e Hekurudhave Durres (0707),B4,04550,Transporti Hekurudhor,231,0707,18BJ601,TVSH Supervizioni I punimeve "Rehabilitimi I linjes hekurudhore Durres - Tirane dhe ndertimin e linjes se re hekurudhore per ne aeroportin e Rinasit",25000000,0,0,25000000
18084,2025,11-2025,001,06,1006095,Drejtoria e Pergjithshme e Hekurudhave Durres (0707),B4,04550,Transporti Hekurudhor,231,0707,18BJ604,TVSh per zbatimin e ndërtimin e godinave të stacioneve hekurudhor dhe zonave të jashtme përgjatë linjës hekurudhore Tiranë  Durrës - Rinas,40000000,0,0,40000000
18085,2025,11-2025,001,06,1006095,Drejtoria e Pergjithshme e Hekurudhave Durres (0707),B4,04550,Transporti Hekurudhor,231,0707,19AB408,TVSH per "Hartimin e projektit te detajuar Rrogozhine - Pogradec",2000000,0,0,2000000
18086,2025,11-2025,001,06,1006095,Drejtoria e Pergjithshme e Hekurudhave Durres (0707),B1,04550,Transporti Hekurudhor,230,0707,19AB504,Studim i Fisibilitetit dhe Projekt-ide per lidhjen hekurudhore Durres - Prishtine,40000000,0,0,40000000
18087,2025,11-2025,001,06,1006095,Drejtoria e Pergjithshme e Hekurudhave Durres (0707),B1,04550,Transporti Hekurudhor,231,0707,25AD301,,360000000,0,0,360000000
18088,2025,11-2025,001,06,1006095,Drejtoria e Pergjithshme e Hekurudhave Durres (0707),B1,04550,Transporti Hekurudhor,231,0707,25AD302,,4400000,0,0,4400000
18089,2025,11-2025,001,06,1006095,Drejtoria e Pergjithshme e Hekurudhave Durres (0707),B4,04550,Transporti Hekurudhor,231,0707,M063981,TVSH per zbatimin projektit te linjes Tirane - Durres, per ndertimin e linjes se re Tirane-Rinas,330700000,0,0,330700000
18090,2025,11-2025,001,06,1006001,Aparati i Ministrise se Infrastruktures dhe Energjise (3535),B1,04560,Transporti Ajror,231,3535,22AH002,,3000000000,0,0,3000000000
18091,2025,11-2025,001,06,1006143,Autoriteti Kombëtar i Investigimit për Sigurinë e Operimit në Aviacionin Civil (3535),B1,04560,Transporti Ajror,231,3535,M062863,Blerje canta e investigimit ne detyre (sipas aneksit 13, te ICAO),1000000,0,0,1000000
18092,2025,11-2025,001,06,1006143,Autoriteti Kombëtar i Investigimit për Sigurinë e Operimit në Aviacionin Civil (3535),B1,04560,Transporti Ajror,231,3535,M063991,Blerje paisje investiguese,1000000,0,0,1000000
18093,2025,11-2025,001,06,1006001,Aparati i Ministrise se Infrastruktures dhe Energjise (3535),B1,04610,Mbeshtetje per rrjetet e komunikacionit,231,3535,21AD202,Zhvillimi I rrjeteve 5G,5000000,0,0,5000000
18094,2025,11-2025,001,06,1006187,Agjencia Shtetërore për Shpronësim (3535),B1,06180,Planifikimi Urban,231,3535,18BM506,Pajisje per mobilimin e zyrave ASHSH,949000,0,0,949000
18095,2025,11-2025,001,06,1006187,Agjencia Shtetërore për Shpronësim (3535),B1,06180,Planifikimi Urban,231,3535,18BM507,Blerje Sistem informatik ASHSH,7000000,0,0,7000000
18096,2025,11-2025,001,06,1006161,Arkivi Qendror Teknik i Ndertimit (3535),B1,06180,Planifikimi Urban,231,3535,18BM508,Pajisje pajisje zyre AQTN,3000000,0,0,3000000
18097,2025,11-2025,001,06,1006187,Agjencia Shtetërore për Shpronësim (3535),B1,06180,Planifikimi Urban,231,3535,M060119,Blerje paisje elektronike,500000,0,0,500000
18098,2025,11-2025,001,06,1006001,Aparati i Ministrise se Infrastruktures dhe Energjise (3535),B1,06180,Planifikimi Urban,230,3535,M064138,Hartimi i Planeve Sektoriale/Rajonale me tematika te vecanta,14126000,0,0,14126000
18099,2025,11-2025,001,06,1006161,Arkivi Qendror Teknik i Ndertimit (3535),B1,06180,Planifikimi Urban,231,3535,M064255,Pajisje informatike  AQTN,5000000,0,0,5000000
18100,2025,11-2025,001,06,1006196,Shoqëria Rajonale Ujësjellës Kanalizime Berat SH.A (0202),B1,06370,Furnizimi me Uje dhe Kanalizime,231,0202,19AG413,Ndërtim I rrjetit të Ri të Kanalizimeve të Ujërave të Zeza të Lagjes Uznovë, Rajoni nr.3, Bashkia Berat,100000000,0,0,100000000
18101,2025,11-2025,001,06,1006196,Shoqëria Rajonale Ujësjellës Kanalizime Berat SH.A (0202),B1,06370,Furnizimi me Uje dhe Kanalizime,231,0202,19AG414,Supervizion punimesh për objektin:Ndërtim I rrjetit të Ri të Kanalizimeve të Ujërave të Zeza të Lagjes Uznovë, Rajoni nr.3, Bashkia Berat,1050000,0,0,1050000
18102,2025,11-2025,001,06,1006196,Shoqëria Rajonale Ujësjellës Kanalizime Berat SH.A (0202),B1,06370,Furnizimi me Uje dhe Kanalizime,231,0202,19AG415,Ndertim I rrjetite ujesjellesit zona Industriale (ish rezervat e shtetit-Ura e Hanit), linjes se dergimit.,100000000,0,0,100000000
18103,2025,11-2025,001,06,1006196,Shoqëria Rajonale Ujësjellës Kanalizime Berat SH.A (0202),B1,06370,Furnizimi me Uje dhe Kanalizime,231,0202,19AG416,Supervizion punimesh për objektin:Ndertim I rrjetite ujesjellesit zona Industriale (ish rezervat e shtetit-Ura e Hanit), linjes se dergimit,1000000,0,0,1000000
18104,2025,11-2025,001,06,1006191,Shoqëria Rajonale Ujësjellës Kanalizime Dibër SH.A (0606),B1,06370,Furnizimi me Uje dhe Kanalizime,231,0606,19AF214,Ndërtim linje furnizimi për Batër Jugore Depo dhe rikonstruksion i ujësjellësit të brendshëm të qytetit Krastë dhe fshatrave Qarr dhe Malcu,19715278,0,0,19715278
18105,2025,11-2025,001,06,1006191,Shoqëria Rajonale Ujësjellës Kanalizime Dibër SH.A (0606),B1,06370,Furnizimi me Uje dhe Kanalizime,231,0606,19AF215,Supervizion punimesh për objektin: Ndërtim linje furnizimi për Batër Jugore Depo dhe rikonstruksion i ujësjellësit të brendshëm të qytetit Krastë dhe fshatrave Qarr dhe Malcu,746900,0,0,746900
18106,2025,11-2025,001,06,1006191,Shoqëria Rajonale Ujësjellës Kanalizime Dibër SH.A (0606),B1,06370,Furnizimi me Uje dhe Kanalizime,231,0606,19AF220,Ndërtim ujësjellësi për furizimin me ujë të fshatrave të Njësisë Administrative Derjan dhe Rukaj, Loti III,233274,0,0,233274
18107,2025,11-2025,001,06,1006191,Shoqëria Rajonale Ujësjellës Kanalizime Dibër SH.A (0606),B1,06370,Furnizimi me Uje dhe Kanalizime,231,0606,19AF234,Ndertim I linjes kryesore te ujesjellesit dhe rrjetit shperndares per fshatrat e njesise administrative Xiber, Bashkia Klos,57504500,0,0,57504500
18108,2025,11-2025,001,06,1006191,Shoqëria Rajonale Ujësjellës Kanalizime Dibër SH.A (0606),B1,06370,Furnizimi me Uje dhe Kanalizime,231,0606,19AF235,Supervizion punimesh per objektin "Ndertim I linjes kryesore te ujesjellesit dhe rrjetit shperndares per fshatrat e njesise administrative Xiber, Bashkia Klos",1529100,0,0,1529100
18109,2025,11-2025,001,06,1006191,Shoqëria Rajonale Ujësjellës Kanalizime Dibër SH.A (0606),B1,06370,Furnizimi me Uje dhe Kanalizime,231,0606,19AF237,Rrejti i kanalizimeve ne zonat periferike te qytetit Burrel dhe largimi i ujrave te zeza te fshatit Muzhak,113875333,0,0,113875333
18110,2025,11-2025,001,06,1006191,Shoqëria Rajonale Ujësjellës Kanalizime Dibër SH.A (0606),B1,06370,Furnizimi me Uje dhe Kanalizime,231,0606,19AF238,Supervizion "Rrejti i kanalizimeve ne zonat periferike te qytetit Burrel dhe largimi i ujrave te zeza te fshatit Muzhak",1000000,0,0,1000000
18111,2025,11-2025,001,06,1006191,Shoqëria Rajonale Ujësjellës Kanalizime Dibër SH.A (0606),B1,06370,Furnizimi me Uje dhe Kanalizime,231,0606,19AF242,Ndërtimi i linjës së dërgimit Depo Lis, Burrel, Faza II,145279812,0,0,145279812
18112,2025,11-2025,001,06,1006191,Shoqëria Rajonale Ujësjellës Kanalizime Dibër SH.A (0606),B1,06370,Furnizimi me Uje dhe Kanalizime,231,0606,19AF243,Supervizion punimesh për objektin:Ndërtimi i linjës së dërgimit Depo Lis, Burrel, Faza II,1300867,0,0,1300867
18113,2025,11-2025,001,06,1006191,Shoqëria Rajonale Ujësjellës Kanalizime Dibër SH.A (0606),B1,06370,Furnizimi me Uje dhe Kanalizime,231,0606,19AF244,Furnizimi me uje I Fshatit Rreth Kale, Njesia Administrative Muhur,46493000,0,0,46493000
18114,2025,11-2025,001,06,1006191,Shoqëria Rajonale Ujësjellës Kanalizime Dibër SH.A (0606),B1,06370,Furnizimi me Uje dhe Kanalizime,231,0606,19AF245,Supervizion punimesh për objektin:Furnizimi me uje I Fshatit Rreth Kale, Njesia Administrative Muhur,1470500,0,0,1470500
18115,2025,11-2025,001,06,1006191,Shoqëria Rajonale Ujësjellës Kanalizime Dibër SH.A (0606),B1,06370,Furnizimi me Uje dhe Kanalizime,231,0606,19AF246,Furnizimi me uje I Fshatit Vakuf, Njesia Administrative Kastriot,49532000,0,0,49532000
18116,2025,11-2025,001,06,1006191,Shoqëria Rajonale Ujësjellës Kanalizime Dibër SH.A (0606),B1,06370,Furnizimi me Uje dhe Kanalizime,231,0606,19AF247,Supervizion punimesh për objektin:Furnizimi me uje I Fshatit Vakuf, Njesia Administrative Kastriot,1507500,0,0,1507500
18117,2025,11-2025,001,06,1006191,Shoqëria Rajonale Ujësjellës Kanalizime Dibër SH.A (0606),B1,06370,Furnizimi me Uje dhe Kanalizime,231,0606,19AF248,Ndërtimi Rrjeti shperndarës  në fshatrat Cerenic I sipërm dhe Cerenic I poshtëm dhe ndërtim depo uji.,58158759,0,0,58158759
18118,2025,11-2025,001,06,1006191,Shoqëria Rajonale Ujësjellës Kanalizime Dibër SH.A (0606),B1,06370,Furnizimi me Uje dhe Kanalizime,231,0606,19AF249,Supervizion punimesh për objektin:Ndërtimi Rrjeti shperndarës  në fshatrat Cerenic I sipërm dhe Cerenic I poshtëm dhe ndërtim depo uji.,2247600,0,0,2247600
18119,2025,11-2025,001,06,1006191,Shoqëria Rajonale Ujësjellës Kanalizime Dibër SH.A (0606),B1,06370,Furnizimi me Uje dhe Kanalizime,231,0606,19AF252,Ndertim rrjeti kryesor furnizimi me uje i fshatrave te njesise administrative Maqellare dhe rrjeti shperndares fshati Kerçisht i Siperm FII,80000000,0,0,80000000
18120,2025,11-2025,001,06,1006191,Shoqëria Rajonale Ujësjellës Kanalizime Dibër SH.A (0606),B1,06370,Furnizimi me Uje dhe Kanalizime,231,0606,19AF253,Supervizion per objektin :"Ndertim rrjeti kryesor furnizimi me uje i fshatrave te njesise administrative Maqellare dhe rrjeti shperndares fshati Kerçisht i Siperm FII,1120000,0,0,1120000
18121,2025,11-2025,001,06,1006191,Shoqëria Rajonale Ujësjellës Kanalizime Dibër SH.A (0606),B1,06370,Furnizimi me Uje dhe Kanalizime,231,0606,19AF254,Ndërtimi I ujësjellësit Cerruj, Bashkia Diber,20000000,0,0,20000000
18122,2025,11-2025,001,06,1006191,Shoqëria Rajonale Ujësjellës Kanalizime Dibër SH.A (0606),B1,06370,Furnizimi me Uje dhe Kanalizime,231,0606,19AF255,Supervizion punimesh për objektin:Ndërtimi I ujësjellësit Cerruj, Bashkia Diber,450000,0,0,450000
18123,2025,11-2025,001,06,1006191,Shoqëria Rajonale Ujësjellës Kanalizime Dibër SH.A (0606),B1,06370,Furnizimi me Uje dhe Kanalizime,230,0606,23AB608,Studim Projektim: "Ndertimi i sistemit të kanalizimeve të qytetit Klos",5765400,0,0,5765400
18124,2025,11-2025,001,06,1006191,Shoqëria Rajonale Ujësjellës Kanalizime Dibër SH.A (0606),B1,06370,Furnizimi me Uje dhe Kanalizime,230,0606,23AB609,Studim Projektim: "Ndertimi I rrjetit të kanalizimeve të ujrave te ndotura dhe impianti I pastrimit te qytetit Peshkopi, ne Bashkine Dibër.",17260500,0,0,17260500
18125,2025,11-2025,001,06,1006190,Shoqeria Rajonale Ujsjelles-Kanalizime Durres (0707),B1,06370,Furnizimi me Uje dhe Kanalizime,231,0707,18BQ396,Sistemimi i furnizimit me uje te zones turistike Hamallaj, faza e II,Sukth,62000,0,0,62000
18126,2025,11-2025,001,06,1006190,Shoqeria Rajonale Ujsjelles-Kanalizime Durres (0707),B1,06370,Furnizimi me Uje dhe Kanalizime,231,0707,19AG905,F.V Grirëse dhe Pompa për permiresimin e stacioneve te pompave të linjës së ujrave të ndotura Golem-ITUN Kavaje,40417000,0,0,40417000
18127,2025,11-2025,001,06,1006190,Shoqeria Rajonale Ujsjelles-Kanalizime Durres (0707),B1,06370,Furnizimi me Uje dhe Kanalizime,231,0707,19AG908,Rehabilitimi I rrjetit të kanalizimeve Rr:Glaukia dhe Dalip Peza, Bashkia Durrës,32155000,0,0,32155000
18128,2025,11-2025,001,06,1006190,Shoqeria Rajonale Ujsjelles-Kanalizime Durres (0707),B1,06370,Furnizimi me Uje dhe Kanalizime,231,0707,19AG909,Supervizion punimesh për objektin:Rehabilitimi I rrjetit të kanalizimeve Rr:Glaukia dhe Dalip Peza, Bashkia Durrës,590000,0,0,590000
18129,2025,11-2025,001,06,1006190,Shoqeria Rajonale Ujsjelles-Kanalizime Durres (0707),B1,06370,Furnizimi me Uje dhe Kanalizime,231,0707,20AD705,Rikonstruksion i rrjetit te ujesjellesit ne fshatit Shenavlash, nj,adm Rrashbull, Bashkia Durres,46633400,0,0,46633400
18130,2025,11-2025,001,06,1006190,Shoqeria Rajonale Ujsjelles-Kanalizime Durres (0707),B1,06370,Furnizimi me Uje dhe Kanalizime,231,0707,20AD706,Supervizion ''Rikonstruksion i rrjetit te ujesjellesit ne fshatit Shenavlash, nj,adm Rrashbull, Bashkia Durres'',898600,0,0,898600
18131,2025,11-2025,001,06,1006190,Shoqeria Rajonale Ujsjelles-Kanalizime Durres (0707),B1,06370,Furnizimi me Uje dhe Kanalizime,231,0707,20AD711,F.V elektropompa dhe panele elektrike për stacionin e pompave  Fushe -Kuqe,50000000,0,0,50000000
18132,2025,11-2025,001,06,1006190,Shoqeria Rajonale Ujsjelles-Kanalizime Durres (0707),B1,06370,Furnizimi me Uje dhe Kanalizime,231,0707,20AD714,Rikonstruksion I impiantit te pastrimit te ujit Maskuri.,100000000,0,0,100000000
18133,2025,11-2025,001,06,1006190,Shoqeria Rajonale Ujsjelles-Kanalizime Durres (0707),B1,06370,Furnizimi me Uje dhe Kanalizime,231,0707,20AD715,Supervizion punimesh për objektin:Rikonstruksioni I Impiantit te pastrimit te ujit Maskuri,1102050,0,0,1102050
18134,2025,11-2025,001,06,1006190,Shoqeria Rajonale Ujsjelles-Kanalizime Durres (0707),B1,06370,Furnizimi me Uje dhe Kanalizime,230,0707,23AB604,Studim Projektim"Rikonstruksionin e rrjetit te ujesjellesitne:Nj.Adm Synej ,Nj.Adm Golem,, Nj Adm Fushe Kuqe,Nj. Adm Thuman , Nje.Adm.Maminas,Nje Adm Manez  dhe Nj,Admin Rrashbull,129077070,0,0,129077070
18135,2025,11-2025,001,06,1006189,Shoqëria Rajonale Ujësjellës Kanalizime Elbasan SH.A (0808),B1,06370,Furnizimi me Uje dhe Kanalizime,231,0808,18BQ475,Rikonstruksion i ujesjellesit:Rruga Kongresi i Permetit,(NSHU),J.Dyli,Haxhire, Elbasan;Linja kryesore STP -Byshek -depo  Mlize, Shushice; Linja kryesore stp Bujqes- depo Mjekes,15168300,0,0,15168300
18136,2025,11-2025,001,06,1006189,Shoqëria Rajonale Ujësjellës Kanalizime Elbasan SH.A (0808),B1,06370,Furnizimi me Uje dhe Kanalizime,231,0808,18BQ476,Supervizion punimesh :Rikonstruksion i ujesjellesit :Rruga Kongresi i Permetit, (NSHU), J.Dyli, Haxhire, Elbasan;Linja kryesore STP -Byshek -depo  Mlize, Shushice; Linja kryesore stp Bujqes- depo Mjekes Bujqes,693280,0,0,693280
18137,2025,11-2025,001,06,1006189,Shoqëria Rajonale Ujësjellës Kanalizime Elbasan SH.A (0808),B1,06370,Furnizimi me Uje dhe Kanalizime,231,0808,19AF831,Rikonstruksion dhe ndertim I rrjetit te Kanalizimeve te zonave informale, Harmes, pjeserisht Krasta e Vogel, pjeserisht lagjia Dyli Haxhire dhe pjeserisht Lagjia Katund I Ri,100000000,0,0,100000000
18138,2025,11-2025,001,06,1006189,Shoqëria Rajonale Ujësjellës Kanalizime Elbasan SH.A (0808),B1,06370,Furnizimi me Uje dhe Kanalizime,231,0808,19AF832,Supervizion "Rikonstruksion dhe ndertim I rrjetit te Kanalizimeve te zonave informale, Harmes, pjeserisht Krasta e Vogel, pjeserisht lagjia Dyli Haxhire dhe pjeserisht Lagjia Katund I Ri",1000000,0,0,1000000
18139,2025,11-2025,001,06,1006189,Shoqëria Rajonale Ujësjellës Kanalizime Elbasan SH.A (0808),B1,06370,Furnizimi me Uje dhe Kanalizime,231,0808,19AF836,Ndërtim ujësjellësi I fshatrave Klos, Selvijas, Qyrkan, Lumas dhe Floq,(NJ.A. Klos) dhe rikonstruksion I ujësjellësit të fshatit Selitë (NJ.A. Mollas),120794346,0,0,120794346
18140,2025,11-2025,001,06,1006189,Shoqëria Rajonale Ujësjellës Kanalizime Elbasan SH.A (0808),B1,06370,Furnizimi me Uje dhe Kanalizime,231,0808,19AF837,Supervizion punimesh për objektin:Ndërtim ujësjellësi I fshatrave Klos, Selvijas, Qyrkan, Lumas dhe Floq,(NJ.A. Klos) dhe rikonstruksion I ujësjellësit të fshatit Selitë (NJ.A. Mollas),1210342,0,0,1210342
18141,2025,11-2025,001,06,1006189,Shoqëria Rajonale Ujësjellës Kanalizime Elbasan SH.A (0808),B1,06370,Furnizimi me Uje dhe Kanalizime,231,0808,19AF838,Rikonstruksion I plotë I ujësjellësave të fshatrave Kotorr dhe Stror, si dhe ndërtimi i ujësjellësit të ri, fshati Liras, Nj.A. Pishaj,80345000,0,0,80345000
18142,2025,11-2025,001,06,1006189,Shoqëria Rajonale Ujësjellës Kanalizime Elbasan SH.A (0808),B1,06370,Furnizimi me Uje dhe Kanalizime,231,0808,19AF839,Supervizion punimesh për objektin:Rikonstruksion I plotë I ujësjellësave të fshatrave Kotorr dhe Stror, si dhe ndërtimi i ujësjellësit të ri, fshati Liras, Nj.A. Pishaj,619295,0,0,619295
18143,2025,11-2025,001,06,1006189,Shoqëria Rajonale Ujësjellës Kanalizime Elbasan SH.A (0808),B1,06370,Furnizimi me Uje dhe Kanalizime,231,0808,19AF840,Rikonstruksioni i Ujesjellesit te fshatrave trash, Karthnek, Nj. Adm. Sheze, Bashkia Peqin,90000000,0,0,90000000
18144,2025,11-2025,001,06,1006189,Shoqëria Rajonale Ujësjellës Kanalizime Elbasan SH.A (0808),B1,06370,Furnizimi me Uje dhe Kanalizime,231,0808,19AF841,Supervizion punimesh për objektin:Rikonstruksioni i Ujesjellesit te fshatrave trash, Karthnek, Nj. Adm. Sheze, Bashkia Peqin,1095000,0,0,1095000
18145,2025,11-2025,001,06,1006189,Shoqëria Rajonale Ujësjellës Kanalizime Elbasan SH.A (0808),B1,06370,Furnizimi me Uje dhe Kanalizime,231,0808,19AF842,Ujësjellësi I fshatrave Polis-Sheh,Polis-Qëndër,Polis-Gurshpat, Bashkia Librazhd,54000000,0,0,54000000
18146,2025,11-2025,001,06,1006189,Shoqëria Rajonale Ujësjellës Kanalizime Elbasan SH.A (0808),B1,06370,Furnizimi me Uje dhe Kanalizime,231,0808,19AF843,Supervizion punimesh për objektin Ujësjellësi I fshatrave Polis-Sheh,Polis-Qëndër,Polis-Gurshpat, Bashkia Librazhd,791900,0,0,791900
18147,2025,11-2025,001,06,1006189,Shoqëria Rajonale Ujësjellës Kanalizime Elbasan SH.A (0808),B1,06370,Furnizimi me Uje dhe Kanalizime,231,0808,19AF844,Blerje Elektropompa dhe panele per SHR UK Elbasan,8365000,0,0,8365000
18148,2025,11-2025,001,06,1006188,Shoqëria Rajonale Ujësjellës Kanalizime Fier SH.A (0909),B1,06370,Furnizimi me Uje dhe Kanalizime,231,0909,19AE018,Rikonstruksion I ujësjellësit fshati Kafaraj ,Çerven, Ade,Bashkia Fier,24930000,0,0,24930000
18149,2025,11-2025,001,06,1006188,Shoqëria Rajonale Ujësjellës Kanalizime Fier SH.A (0909),B1,06370,Furnizimi me Uje dhe Kanalizime,231,0909,19AE019,Supervizion punimesh për objektin:Rikonstruksion ujësjellësi fshati Kafaraj ,Çerven, Adesjellësit fshati Kafaraj ,Çerven, Ade,Bashkia Fier,470000,0,0,470000
18150,2025,11-2025,001,06,1006188,Shoqëria Rajonale Ujësjellës Kanalizime Fier SH.A (0909),B1,06370,Furnizimi me Uje dhe Kanalizime,231,0909,19AE020,Ndërtim KUZ ne lagjen Afrim, Bashkia Fier,39077362,0,0,39077362
18151,2025,11-2025,001,06,1006188,Shoqëria Rajonale Ujësjellës Kanalizime Fier SH.A (0909),B1,06370,Furnizimi me Uje dhe Kanalizime,231,0909,19AE021,Supervizion punimesh për objektin:Ndërtim KUZ ne lagjen Afrim, Bashkia Fier,775000,0,0,775000
18152,2025,11-2025,001,06,1006188,Shoqëria Rajonale Ujësjellës Kanalizime Fier SH.A (0909),B1,06370,Furnizimi me Uje dhe Kanalizime,231,0909,19AE028,Ndërtim KUZ në bllokun e banimit  që përfshin Lagjen Grizë Velaj Grizë Lënginas dhe 29 marsi,Bashkia Patos,45153000,0,0,45153000
18153,2025,11-2025,001,06,1006188,Shoqëria Rajonale Ujësjellës Kanalizime Fier SH.A (0909),B1,06370,Furnizimi me Uje dhe Kanalizime,231,0909,19AE029,Supervizion punimesh për objektin:Ndërtim KUZ në bllokun e banimit  që përfshin Lagjen Grizë Velaj Grizë Lënginas dhe 29 marsi,Bashkia Patos,759000,0,0,759000
18154,2025,11-2025,001,06,1006188,Shoqëria Rajonale Ujësjellës Kanalizime Fier SH.A (0909),B1,06370,Furnizimi me Uje dhe Kanalizime,231,0909,19AE030,Ndertim rrjet ujesjellesi per zonen DMA 10, Bashkia Fier,26650000,0,0,26650000
18155,2025,11-2025,001,06,1006188,Shoqëria Rajonale Ujësjellës Kanalizime Fier SH.A (0909),B1,06370,Furnizimi me Uje dhe Kanalizime,231,0909,19AE031,Supervizion punimesh për objektin: Ndertim rrjet ujesjellesi per zonen DMA 10, Bashkia Fier,545000,0,0,545000
18156,2025,11-2025,001,06,1006188,Shoqëria Rajonale Ujësjellës Kanalizime Fier SH.A (0909),B1,06370,Furnizimi me Uje dhe Kanalizime,230,0909,23AB613,Studim Projektim:Ndertimin e Linjës se Dergimit St.Pompimi Pocem-Depo Drizar,St Pom Belagor+ Fshati Ninsh,7000000,0,0,7000000
18157,2025,11-2025,001,06,1006188,Shoqëria Rajonale Ujësjellës Kanalizime Fier SH.A (0909),B1,06370,Furnizimi me Uje dhe Kanalizime,230,0909,23AB614,Studim Projektim:Ndertimin e ujësjellësit të Grishicës-Kapaj dhe Gjerbës,6000000,0,0,6000000
18158,2025,11-2025,001,06,1006188,Shoqëria Rajonale Ujësjellës Kanalizime Fier SH.A (0909),B1,06370,Furnizimi me Uje dhe Kanalizime,230,0909,23AB618,Studim Projektim :Ndertim ujesjellesi per fshatrat Metoh dhe Cfir,4200000,0,0,4200000
18159,2025,11-2025,001,06,1006195,Shoqëria Rajonale Ujësjellës Kanalizime Lushnjë SH.A (0922),B1,06370,Furnizimi me Uje dhe Kanalizime,231,0922,19AE022,Supervizion punimesh për objektin:Furnizimi me ujë i fshatrave Goricaj, Sopez, Senesa, Ferras, Mërtish, Këmishtaj, Spolate,,Gradisht,Fier Seman,Gungas, Babunje, Babubje e re ne Njesine Gradisht,1441000,0,0,1441000
18160,2025,11-2025,001,06,1006195,Shoqëria Rajonale Ujësjellës Kanalizime Lushnjë SH.A (0922),B1,06370,Furnizimi me Uje dhe Kanalizime,231,0922,19AE023,Furnizimi me ujë i fshatrave Goricaj, Sopez, Senesa, Ferras, Mërtish, Këmishtaj, Spolate,,Gradisht,Fier Seman,Gungas, Babunje, Babubje e re ne Njesine Gradisht,210000000,0,0,210000000
18161,2025,11-2025,001,06,1006195,Shoqëria Rajonale Ujësjellës Kanalizime Lushnjë SH.A (0922),B1,06370,Furnizimi me Uje dhe Kanalizime,231,0922,19AE026,Stacionin e ri te pompave ne Gajde,dublim pusi, depo e re dhe plotesimin e linjave te dergimit per njesit Fiershegan,Allkaj,(Cukas,Toshkez),Krutje(Fier I Ri),Bubullime(Imsht),108000000,0,0,108000000
18162,2025,11-2025,001,06,1006195,Shoqëria Rajonale Ujësjellës Kanalizime Lushnjë SH.A (0922),B1,06370,Furnizimi me Uje dhe Kanalizime,231,0922,19AE027,Supervizion punimesh për objektin:Stacionin e ri te pompave ne Gajde,dublim pusi, depo e re dhe plotesimin e linjave te dergimit per njesit Fiershegan,Allkaj,(Cukas,Toshkez),Krutje(Fier I Ri),Bubullime(Imsht),1115600,0,0,1115600
18163,2025,11-2025,001,06,1006194,Shoqëria Rajonale Ujësjellës Kanalizime Gjirokastër SH.A (1111),B1,06370,Furnizimi me Uje dhe Kanalizime,231,1111,19AE113,Vendosje  matësash në pallate me kollonë të brendshme në qytetin e Përmetit,5356830,0,0,5356830
18164,2025,11-2025,001,06,1006194,Shoqëria Rajonale Ujësjellës Kanalizime Gjirokastër SH.A (1111),B1,06370,Furnizimi me Uje dhe Kanalizime,231,1111,19AE114,Supervizion "Vendosje  matësash në pallate me kollonë të brendshme në qytetin e Përmetit",242600,0,0,242600
18165,2025,11-2025,001,06,1006194,Shoqëria Rajonale Ujësjellës Kanalizime Gjirokastër SH.A (1111),B1,06370,Furnizimi me Uje dhe Kanalizime,231,1111,19AE118,Rikonstruksion I rrjetit të ujësjellësit për fshatrat Gjinkar dhe Petran,57606950,0,0,57606950
18166,2025,11-2025,001,06,1006194,Shoqëria Rajonale Ujësjellës Kanalizime Gjirokastër SH.A (1111),B1,06370,Furnizimi me Uje dhe Kanalizime,231,1111,19AE119,Supervizion punimesh për objektin: Rikonstruksion I rrjetit të ujësjellësit për fshatrat Gjinkar dhe Petran,1456000,0,0,1456000
18167,2025,11-2025,001,06,1006194,Shoqëria Rajonale Ujësjellës Kanalizime Gjirokastër SH.A (1111),B1,06370,Furnizimi me Uje dhe Kanalizime,231,1111,19AE122,Ndërtimi I ujësjellësave të fshatrave Fushë Bardhe dhe Zhulat,Bashkia Gjirokaster,90000000,0,0,90000000
18168,2025,11-2025,001,06,1006194,Shoqëria Rajonale Ujësjellës Kanalizime Gjirokastër SH.A (1111),B1,06370,Furnizimi me Uje dhe Kanalizime,231,1111,19AE123,Supervizion punimesh për objektin:Ndërtimi I ujësjellësave të fshatrave Fushë Bardhe dhe Zhulat,Bashkia Gjirokaster,1275000,0,0,1275000
18169,2025,11-2025,001,06,1006194,Shoqëria Rajonale Ujësjellës Kanalizime Gjirokastër SH.A (1111),B1,06370,Furnizimi me Uje dhe Kanalizime,231,1111,19AE124,Furnizim me uje I fshatrave Picar dhe Kolonje, Bashkia Gjirokaster,46355000,0,0,46355000
18170,2025,11-2025,001,06,1006194,Shoqëria Rajonale Ujësjellës Kanalizime Gjirokastër SH.A (1111),B1,06370,Furnizimi me Uje dhe Kanalizime,231,1111,19AE125,Supervizion punimesh për objektin:Furnizim me uje I fshatrave Picar dhe Kolonje, Bashkia Kolonjë,805000,0,0,805000
18171,2025,11-2025,001,06,1006194,Shoqëria Rajonale Ujësjellës Kanalizime Gjirokastër SH.A (1111),B1,06370,Furnizimi me Uje dhe Kanalizime,230,1111,23AB617,Studim projektim: Ndërtim i rrjetit të ujësjellësit për Njësinë Administrative Antigone dhe Lunxhëri, Bashkia Gjirokastër,7935000,0,0,7935000
18172,2025,11-2025,001,06,1006193,Shoqëria Rajonale Ujësjellës Kanalizime Korçë SH.A (1515),B1,06370,Furnizimi me Uje dhe Kanalizime,231,1515,19AF927,Rikonstruksioni I skemave të furnizimit me ujë për fshatrat Kuc  I Zi - Belorta, Bashkia Korçë,50999100,0,0,50999100
18173,2025,11-2025,001,06,1006193,Shoqëria Rajonale Ujësjellës Kanalizime Korçë SH.A (1515),B1,06370,Furnizimi me Uje dhe Kanalizime,231,1515,19AF928,Supervizion punimesh për objektin: Rikonstruksioni I skemave të furnizimit me ujë për fshatrat Kuc  I Zi - Belorta, Bashkia Korçë,1345500,0,0,1345500
18174,2025,11-2025,001,06,1006193,Shoqëria Rajonale Ujësjellës Kanalizime Korçë SH.A (1515),B1,06370,Furnizimi me Uje dhe Kanalizime,231,1515,19AF929,Ndërtim ujësjellësi për fshatin Poloskë dhe Kuç, Bashkia Devoll,10512600,0,0,10512600
18175,2025,11-2025,001,06,1006193,Shoqëria Rajonale Ujësjellës Kanalizime Korçë SH.A (1515),B1,06370,Furnizimi me Uje dhe Kanalizime,231,1515,19AF930,Supervizion punimesh për objektin:Ndërtim ujësjellësi për fshatin Poloskë dhe Kuç, Bashkia Devoll,1441450,0,0,1441450
18176,2025,11-2025,001,06,1006192,Shoqëria Rajonale Ujësjellës Kanalizime Pogradec SH.A (1529),B1,06370,Furnizimi me Uje dhe Kanalizime,231,1529,19AF834,Ndërtim i rrjetit të KUZ , qyteti Prrenjas,81967580,0,0,81967580
18177,2025,11-2025,001,06,1006192,Shoqëria Rajonale Ujësjellës Kanalizime Pogradec SH.A (1529),B1,06370,Furnizimi me Uje dhe Kanalizime,231,1529,19AF835,Supervizion punimesh për objektin: Ndërtim i rrjetit të KUZ , qyteti Prrenjas,1122877,0,0,1122877
18178,2025,11-2025,001,06,1006192,Shoqëria Rajonale Ujësjellës Kanalizime Pogradec SH.A (1529),B1,06370,Furnizimi me Uje dhe Kanalizime,231,1529,19AF931,Ndërtim ujësjellësi rajonal Trebinje burimet e Kozices,Bashkia Pogradec,162590000,0,0,162590000
18179,2025,11-2025,001,06,1006192,Shoqëria Rajonale Ujësjellës Kanalizime Pogradec SH.A (1529),B1,06370,Furnizimi me Uje dhe Kanalizime,231,1529,19AF932,Supervizion punimesh për objektin:Ndërtim ujësjellësi rajonal Trebinje burimet e Kozices,Bashkia Pogradec,1583000,0,0,1583000
18180,2025,11-2025,001,06,1006192,Shoqëria Rajonale Ujësjellës Kanalizime Pogradec SH.A (1529),B1,06370,Furnizimi me Uje dhe Kanalizime,231,1529,19AF933,Ndertimi I sistemit te kanalizimeve te Njesise administartive Udenishte,Bashkia Pogradec,361277000,0,0,361277000
18181,2025,11-2025,001,06,1006192,Shoqëria Rajonale Ujësjellës Kanalizime Pogradec SH.A (1529),B1,06370,Furnizimi me Uje dhe Kanalizime,231,1529,19AF934,Supervizion punimesh për objektin:Ndertimi I sistemit te kanalizimeve te Njesise administartive Udenishte,Bashkia Pogradec,3252570,0,0,3252570
18182,2025,11-2025,001,06,1006192,Shoqëria Rajonale Ujësjellës Kanalizime Pogradec SH.A (1529),B1,06370,Furnizimi me Uje dhe Kanalizime,231,1529,M060625,Fond i ngrire,145151000,0,0,145151000
18183,2025,11-2025,001,06,1006198,Shoqëria Rajonale Ujësjellës Kanalizime Kukës SH.A (1818),B1,06370,Furnizimi me Uje dhe Kanalizime,231,1818,19AG024,Instalimi I matësave të ujit për abonentët familjarë në qytetin Bajram Curri,6103000,0,0,6103000
18184,2025,11-2025,001,06,1006198,Shoqëria Rajonale Ujësjellës Kanalizime Kukës SH.A (1818),B1,06370,Furnizimi me Uje dhe Kanalizime,231,1818,19AG025,Supervizion Instalimi I matësave të ujit për abonentët familjarë në qytetin Bajram Curri,159000,0,0,159000
18185,2025,11-2025,001,06,1006199,Shoqëria Rajonale Ujësjellës Kanalizime Lezhë SH.A (2020),B1,06370,Furnizimi me Uje dhe Kanalizime,231,2020,18CF903,Ndertim i rrjetit te jashtem dhe te brendshem te qytetit Lac,faza II,726600,0,0,726600
18186,2025,11-2025,001,06,1006199,Shoqëria Rajonale Ujësjellës Kanalizime Lezhë SH.A (2020),B1,06370,Furnizimi me Uje dhe Kanalizime,231,2020,19AG313,Rikonstruksion i rrjetit te fshatit Dajç,Njesia Administrative Dajç,Bashkia Lezhe,35970000,0,0,35970000
18187,2025,11-2025,001,06,1006199,Shoqëria Rajonale Ujësjellës Kanalizime Lezhë SH.A (2020),B1,06370,Furnizimi me Uje dhe Kanalizime,231,2020,19AG314,Supervizion punimesh për objektin:Rikonstruksion i rrjetit te fshatit Dajç,Njesia Administrative Dajç,Bashkia Lezhe,650000,0,0,650000
18188,2025,11-2025,001,06,1006201,Shoqëria Rajonale Ujësjellës Kanalizime Shkodër SH.A (3333),B1,06370,Furnizimi me Uje dhe Kanalizime,231,3333,19AG001,Furnizimi me Uje i zones  Mjede dhe Shelqet  ,Bashkia Vau i Dejes,10164570,0,0,10164570
18189,2025,11-2025,001,06,1006201,Shoqëria Rajonale Ujësjellës Kanalizime Shkodër SH.A (3333),B1,06370,Furnizimi me Uje dhe Kanalizime,231,3333,19AG002,Supervizion punimesh per objektin:Furnizimi me Uje i zones  Mjede dhe Shelqet , Bashkia Vau i Dejes,326100,0,0,326100
18190,2025,11-2025,001,06,1006201,Shoqëria Rajonale Ujësjellës Kanalizime Shkodër SH.A (3333),B1,06370,Furnizimi me Uje dhe Kanalizime,231,3333,19AG011,Rikonstruksion i vepres se marrjes dhe linjes se dergimit te fshatit Postribe,7494600,0,0,7494600
18191,2025,11-2025,001,06,1006201,Shoqëria Rajonale Ujësjellës Kanalizime Shkodër SH.A (3333),B1,06370,Furnizimi me Uje dhe Kanalizime,231,3333,19AG012,Supervizion punimesh për objektin:" Rikonstruksion I vepres se marrjes dhe linjes se dergimit te fshatit Postribe",110900,0,0,110900
18192,2025,11-2025,001,06,1006201,Shoqëria Rajonale Ujësjellës Kanalizime Shkodër SH.A (3333),B1,06370,Furnizimi me Uje dhe Kanalizime,231,3333,19AG016,Ndërtimi I ujësjellësit Bardhaj, Bleran, Bashkia Shkoder,96270000,0,0,96270000
18193,2025,11-2025,001,06,1006201,Shoqëria Rajonale Ujësjellës Kanalizime Shkodër SH.A (3333),B1,06370,Furnizimi me Uje dhe Kanalizime,231,3333,19AG017,Supervizion punimesh për objektin:Ndertim i ujesjellesit Bardhaj Bleran Bashkia Shkoder,970000,0,0,970000
18194,2025,11-2025,001,06,1006201,Shoqëria Rajonale Ujësjellës Kanalizime Shkodër SH.A (3333),B1,06370,Furnizimi me Uje dhe Kanalizime,231,3333,19AG018,Ndertim i ujesjellesit të Bajze dhe fshatrat përreth, Loti II, Bashkia Malesi e Madhe,39875000,0,0,39875000
18195,2025,11-2025,001,06,1006201,Shoqëria Rajonale Ujësjellës Kanalizime Shkodër SH.A (3333),B1,06370,Furnizimi me Uje dhe Kanalizime,231,3333,19AG019,Supervizion punimesh për objektin:Ndertim i ujesjellesit të Bajze dhe fshatrat përreth, Loti II, Bashkia Malesi e Madhe,728000,0,0,728000
18196,2025,11-2025,001,06,1006201,Shoqëria Rajonale Ujësjellës Kanalizime Shkodër SH.A (3333),B1,06370,Furnizimi me Uje dhe Kanalizime,231,3333,19AG022,Furnizim me uje i fshatit Tamare, Bashkia Malesia e Madhe,14500000,0,0,14500000
18197,2025,11-2025,001,06,1006201,Shoqëria Rajonale Ujësjellës Kanalizime Shkodër SH.A (3333),B1,06370,Furnizimi me Uje dhe Kanalizime,231,3333,19AG023,Supervizion punimesh për objektin:Furnizim me uje i fshatit Tamare, Bashkia Malesia e Madhe,377000,0,0,377000
18198,2025,11-2025,001,06,1006201,Shoqëria Rajonale Ujësjellës Kanalizime Shkodër SH.A (3333),B1,06370,Furnizimi me Uje dhe Kanalizime,230,3333,23AB610,Studim Projektim: Ndërtim dhe Shtim I kapacitetit të sistemit të furnizimit me ujë në blloqet Nr.1,2,3 dhe 4, në lagjen Mar Lula, Shkodër,14368400,0,0,14368400
18199,2025,11-2025,001,06,1006201,Shoqëria Rajonale Ujësjellës Kanalizime Shkodër SH.A (3333),B1,06370,Furnizimi me Uje dhe Kanalizime,230,3333,23AB619,Studim Projektim:Furnizim dhe vendosje e matesave elektromagnetik për ujin e pijshëm ne dalje te rezervuarve,ruajtja,leximi ne distancë, perpunimi I te dhenave ne postin qëndror të U.K Rajonale Shkodër,3362500,0,0,3362500
18200,2025,11-2025,001,06,1006047,Agjencia Kombëtare e Ujësjellës - Kanalizimeve (AKUK) 3535,B1,06370,Furnizimi me Uje dhe Kanalizime,231,3535,18BQ517,Sistemi  K.U.Z  dhe ITUN në zonën  turistike të Spillesë",316000000,0,0,316000000
18201,2025,11-2025,001,06,1006047,Agjencia Kombëtare e Ujësjellës - Kanalizimeve (AKUK) 3535,B1,06370,Furnizimi me Uje dhe Kanalizime,231,3535,18BQ518,Supervizion punimesh per objektin: "Sistemi  K.U.Z  dhe ITUN në zonën  turistike të Spillesë",2869000,0,0,2869000
18202,2025,11-2025,001,06,1006047,Agjencia Kombëtare e Ujësjellës - Kanalizimeve (AKUK) 3535,B1,06370,Furnizimi me Uje dhe Kanalizime,231,3535,18BQ649,Impiant i Trajtimi i Ujërave të Ndotura dhe sistemi KUZ, Drimadhe, Dhërmi,700800,0,0,700800
18203,2025,11-2025,001,06,1006047,Agjencia Kombëtare e Ujësjellës - Kanalizimeve (AKUK) 3535,B1,06370,Furnizimi me Uje dhe Kanalizime,231,3535,18BQ650,Supervizion punimesh per objektin:Impiant Trajtimi i Ujërave të Ndotura dhe sistemi KUZ, Drimadhe, Dhërmi,3270100,0,0,3270100
18204,2025,11-2025,001,06,1006047,Agjencia Kombëtare e Ujësjellës - Kanalizimeve (AKUK) 3535,B4,06370,Furnizimi me Uje dhe Kanalizime,231,3535,19AA801,Mbeshtetje buxhetore per rimbursim tvsh,2600000,0,0,2600000
18205,2025,11-2025,001,06,1006047,Agjencia Kombëtare e Ujësjellës - Kanalizimeve (AKUK) 3535,B3,06370,Furnizimi me Uje dhe Kanalizime,231,3535,19AA901,Infrastruktua Bashkiake V (KREDI),10000000,0,0,10000000
18206,2025,11-2025,001,06,1006047,Agjencia Kombëtare e Ujësjellës - Kanalizimeve (AKUK) 3535,B1,06370,Furnizimi me Uje dhe Kanalizime,231,3535,19AE010,Rikonstruksion magjistrali kryesor dhe rrjetit të brendshëm të ujësjellësit të qytetit Patos, Loti III,222600000,0,0,222600000
18207,2025,11-2025,001,06,1006047,Agjencia Kombëtare e Ujësjellës - Kanalizimeve (AKUK) 3535,B1,06370,Furnizimi me Uje dhe Kanalizime,231,3535,19AE011,Supervizion "Rikonstruksion magjistrali kryesor dhe rrjetit të brendshëm të ujësjellësit të qytetit Patos Loti III",1600000,0,0,1600000
18208,2025,11-2025,001,06,1006047,Agjencia Kombëtare e Ujësjellës - Kanalizimeve (AKUK) 3535,B1,06370,Furnizimi me Uje dhe Kanalizime,231,3535,19AE012,Sigurimit dhe permiresimit te rrethimit te burimeve dhe depove te ujit per SHR UK Fier,159950108,0,0,159950108
18209,2025,11-2025,001,06,1006047,Agjencia Kombëtare e Ujësjellës - Kanalizimeve (AKUK) 3535,B1,06370,Furnizimi me Uje dhe Kanalizime,231,3535,19AE013,Supervizion punimesh për objektin:Sigurimit dhe permiresimit te rrethimit te burimeve dhe depove te ujit per SHR UK Fier,1151060,0,0,1151060
18210,2025,11-2025,001,06,1006047,Agjencia Kombëtare e Ujësjellës - Kanalizimeve (AKUK) 3535,B1,06370,Furnizimi me Uje dhe Kanalizime,231,3535,19AE014,Ndertimi ujesjellesit te fshatrave Drenove, Belishove, Belistan dhe Visoke, Bashkia Mallakaster,200000000,0,0,200000000
18211,2025,11-2025,001,06,1006047,Agjencia Kombëtare e Ujësjellës - Kanalizimeve (AKUK) 3535,B1,06370,Furnizimi me Uje dhe Kanalizime,231,3535,19AE015,Supervizion punimesh për objektin:Ndërtimi ujësjellësit të fshatrave Drenove,Belishovë, Belistan dhe Visokë, Bashkia Mallakaster,1270000,0,0,1270000
18212,2025,11-2025,001,06,1006047,Agjencia Kombëtare e Ujësjellës - Kanalizimeve (AKUK) 3535,B1,06370,Furnizimi me Uje dhe Kanalizime,231,3535,19AE016,Përmirësimi I furnizimit me ujë të pijshëm të Njesise Administrative Kurjan.,44379800,0,0,44379800
18213,2025,11-2025,001,06,1006047,Agjencia Kombëtare e Ujësjellës - Kanalizimeve (AKUK) 3535,B1,06370,Furnizimi me Uje dhe Kanalizime,231,3535,19AE017,Supervizion punimesh për objektin:Përmirësimi I furnizimit me ujë të pijshëm të Njesise Administrative  Kurjan.,750000,0,0,750000
18214,2025,11-2025,001,06,1006047,Agjencia Kombëtare e Ujësjellës - Kanalizimeve (AKUK) 3535,B1,06370,Furnizimi me Uje dhe Kanalizime,231,3535,19AE024,Ndërtim ujësjellësi I fshatrave të Njesise Administrative Aranitas, Bashkia Mallakaster,130000000,0,0,130000000
18215,2025,11-2025,001,06,1006047,Agjencia Kombëtare e Ujësjellës - Kanalizimeve (AKUK) 3535,B1,06370,Furnizimi me Uje dhe Kanalizime,231,3535,19AE025,Supervizion punimesh për objektin:Ndërtim ujësjellësi I fshatrave të Njesise Administrative Aranitas, Bashkia Mallakaster,1180000,0,0,1180000
18216,2025,11-2025,001,06,1006047,Agjencia Kombëtare e Ujësjellës - Kanalizimeve (AKUK) 3535,B1,06370,Furnizimi me Uje dhe Kanalizime,231,3535,19AE120,Ndërtimi i linjës së jashtëme të furnizimit me ujë me vetërrjedhje për ujësjellësin Rajonal të Bashkisë Dropull+ Lidhja e burimit të manxifes me rrjetin ekzistues+ Rrjeti I jashtëm dhe depo pë fshatin Grapsh dhe Dervican,149367000,0,0,149367000
18217,2025,11-2025,001,06,1006047,Agjencia Kombëtare e Ujësjellës - Kanalizimeve (AKUK) 3535,B1,06370,Furnizimi me Uje dhe Kanalizime,231,3535,19AE121,Supervizion punimesh për objektin:Ndërtimi I linjës së jashtëme të furnizimit me ujë me vetërrjedhje për ujësjellësin Dropull + Lidhja e burimit te Manxifes + depo per fshatin Grapsh dhe Dervican,1324000,0,0,1324000
18218,2025,11-2025,001,06,1006047,Agjencia Kombëtare e Ujësjellës - Kanalizimeve (AKUK) 3535,B1,06370,Furnizimi me Uje dhe Kanalizime,231,3535,19AE303,Furnizimi me uje i zonave turistike Drimadhes,Dhermi dhe permiresimi i rrjetit te ujesjellesit te fshatit Dhermi,580000,0,0,580000
18219,2025,11-2025,001,06,1006047,Agjencia Kombëtare e Ujësjellës - Kanalizimeve (AKUK) 3535,B1,06370,Furnizimi me Uje dhe Kanalizime,231,3535,19AE304,Supervizion punimesh per objektin: Furnizimi me uje i zonave turistike Drimadhes,Dhermi dhe permiresimi i rrjetit te ujesjellesit te fshatit Dhermi,578150,0,0,578150
18220,2025,11-2025,001,06,1006047,Agjencia Kombëtare e Ujësjellës - Kanalizimeve (AKUK) 3535,B1,06370,Furnizimi me Uje dhe Kanalizime,231,3535,19AE323,Furnizimi me uje te zonave bregdetare, zonat e investimit strategjik; Draleos,Drimadhes dhe Dhermi,Faza I,300148600,0,0,300148600
18221,2025,11-2025,001,06,1006047,Agjencia Kombëtare e Ujësjellës - Kanalizimeve (AKUK) 3535,B1,06370,Furnizimi me Uje dhe Kanalizime,231,3535,19AE324,Supervizion punimesh per objektin "Furnizimi me uje te zonave bregdetare, zonat e investimit strategjik; Draleos,Drimadhes dhe Dhermi,Faza I,6243200,0,0,6243200
18222,2025,11-2025,001,06,1006047,Agjencia Kombëtare e Ujësjellës - Kanalizimeve (AKUK) 3535,B1,06370,Furnizimi me Uje dhe Kanalizime,231,3535,19AE329,Ndërtim i ujësjellësit Çukë-Bërdënesh, Bashkia Sarandëktim '' Rehabilitimi i Rrjetit te ujesjellesit te qytetit te Vlores'',120000000,0,0,120000000
18223,2025,11-2025,001,06,1006047,Agjencia Kombëtare e Ujësjellës - Kanalizimeve (AKUK) 3535,B1,06370,Furnizimi me Uje dhe Kanalizime,231,3535,19AE330,Supervizion"Ndërtim I ujësjellësit Çukë-Bërdënesh, Bashkia Sarande",1179000,0,0,1179000
18224,2025,11-2025,001,06,1006047,Agjencia Kombëtare e Ujësjellës - Kanalizimeve (AKUK) 3535,B1,06370,Furnizimi me Uje dhe Kanalizime,231,3535,19AE335,Furnizimi me uje te zonave bregdetare, zonat e investimit strategjik, Draleos, Drimadhes dhe Dhermi të Bashkise Himarë".Faza II,77054200,0,0,77054200
18225,2025,11-2025,001,06,1006047,Agjencia Kombëtare e Ujësjellës - Kanalizimeve (AKUK) 3535,B1,06370,Furnizimi me Uje dhe Kanalizime,231,3535,19AE336,Supervizion punimesh për objektin: "Furnizimi me uje te zonave bregdetare, zonat e investimit strategjik, Draleos, Drimadhes dhe Dhermi të Bashkise Himarë".Faza II,556100,0,0,556100
18226,2025,11-2025,001,06,1006047,Agjencia Kombëtare e Ujësjellës - Kanalizimeve (AKUK) 3535,B1,06370,Furnizimi me Uje dhe Kanalizime,231,3535,19AE343,Furnizimi me uje te zonave bregdetare, zonat e investimit strategjik, Draleos, Drimadhes dhe Dhermi.Faza III,280201010,0,0,280201010
18227,2025,11-2025,001,06,1006047,Agjencia Kombëtare e Ujësjellës - Kanalizimeve (AKUK) 3535,B1,06370,Furnizimi me Uje dhe Kanalizime,231,3535,19AE344,Supervizion punimesh për objektin:Furnizimi me uje te zonave bregdetare, zonat e investimit strategjik, Draleos, Drimadhes dhe Dhermi.Faza III,2140650,0,0,2140650
18228,2025,11-2025,001,06,1006047,Agjencia Kombëtare e Ujësjellës - Kanalizimeve (AKUK) 3535,B1,06370,Furnizimi me Uje dhe Kanalizime,231,3535,19AE345,Ndërtim I rrjeti KUN në lagjen Baba Rexhepi,Rruga Idriz Alidhima, Lidhja e kolektorit të bulevardit të ri në rrugën Jonianët dhe zëvendësimi I tubit të dërgimit të stacionit kryesor të pompimit të ujërave të zeza, Sarande,68500000,0,0,68500000
18229,2025,11-2025,001,06,1006047,Agjencia Kombëtare e Ujësjellës - Kanalizimeve (AKUK) 3535,B1,06370,Furnizimi me Uje dhe Kanalizime,231,3535,19AE346,Supervizion: Ndërtim I rrjeti KUN në lagjen Baba Rexhepi,Rruga Idriz Alidhima, Lidhja e kolektorit të bulevardit të ri në rrugën Jonianët dhe zëvendësimi I tubit të dërgimit të stacionit kryesor të pompimit të ujërave të zeza, Sarande,916000,0,0,916000
18230,2025,11-2025,001,06,1006047,Agjencia Kombëtare e Ujësjellës - Kanalizimeve (AKUK) 3535,B1,06370,Furnizimi me Uje dhe Kanalizime,231,3535,19AF222,Ndërtim rrjeti kryesor furnizimi me uje I fshatrave të Njësisë Administrative Maqellarë dhe rrjeti shpërndarës fshati Kërçisht I Sipërm,6677700,0,0,6677700
18231,2025,11-2025,001,06,1006047,Agjencia Kombëtare e Ujësjellës - Kanalizimeve (AKUK) 3535,B1,06370,Furnizimi me Uje dhe Kanalizime,231,3535,19AF223,Supervizion "Ndërtim rrjeti kryesor furnizimi me uje I fshatrave të Njësisë Administrative Maqellarë dhe rrjeti shpërndarës fshati Kërçisht I Sipërm",1255650,0,0,1255650
18232,2025,11-2025,001,06,1006047,Agjencia Kombëtare e Ujësjellës - Kanalizimeve (AKUK) 3535,B1,06370,Furnizimi me Uje dhe Kanalizime,231,3535,19AF250,Ndërtim ujësjellësi Rajonal nga burimet e Përroit të Lopës dhe Gurrave të Ketës, faza II, Bashkia Klos,93492690,0,0,93492690
18233,2025,11-2025,001,06,1006047,Agjencia Kombëtare e Ujësjellës - Kanalizimeve (AKUK) 3535,B1,06370,Furnizimi me Uje dhe Kanalizime,231,3535,19AF251,Supervizion punimesh për objektin:Ndërtim ujësjellësi Rajonal nga burimet e Përroit të Lopës dhe Gurrave të Ketës, faza II, Bashkia Klos,1495000,0,0,1495000
18234,2025,11-2025,001,06,1006047,Agjencia Kombëtare e Ujësjellës - Kanalizimeve (AKUK) 3535,B1,06370,Furnizimi me Uje dhe Kanalizime,230,3535,19AF833,Studim Projektim '' Rehabilitimi i ujesjellesit te qytetit te Elbasanit'',13656000,0,0,13656000
18235,2025,11-2025,001,06,1006047,Agjencia Kombëtare e Ujësjellës - Kanalizimeve (AKUK) 3535,B1,06370,Furnizimi me Uje dhe Kanalizime,231,3535,19AF925,Rikonstruksioni I skemës së furnizimit me uje për fshatin Podgorie, Bashkia Maliq,206995150,0,0,206995150
18236,2025,11-2025,001,06,1006047,Agjencia Kombëtare e Ujësjellës - Kanalizimeve (AKUK) 3535,B1,06370,Furnizimi me Uje dhe Kanalizime,231,3535,19AF926,Supervizion punimesh për objektin:Rikonstruksioni I skemës së furnizimit me uje për fshatin Podgorie, Bashkia Maliq,2489390,0,0,2489390
18237,2025,11-2025,001,06,1006047,Agjencia Kombëtare e Ujësjellës - Kanalizimeve (AKUK) 3535,B1,06370,Furnizimi me Uje dhe Kanalizime,231,3535,19AG014,Furnizimi me uje te pijshem per fshatrat Pistull, Pacram dhe Spathar,Bashkia Vau I Dejes,145000000,0,0,145000000
18238,2025,11-2025,001,06,1006047,Agjencia Kombëtare e Ujësjellës - Kanalizimeve (AKUK) 3535,B1,06370,Furnizimi me Uje dhe Kanalizime,231,3535,19AG015,Supervizion punimesh për objektin:Furnizimi me uje te pijshem per fshatrat Pistull, Pacram dhe Spathar,Bashkia Vau I Dejes,817500,0,0,817500
18239,2025,11-2025,001,06,1006047,Agjencia Kombëtare e Ujësjellës - Kanalizimeve (AKUK) 3535,B1,06370,Furnizimi me Uje dhe Kanalizime,231,3535,19AG020,Ndërtim dhe Shtim I kapacitetit të sistemit të furnizimit me ujë në blloqet Nr 1,2,3 dhe 4 në lagjen Mar Lula, Shkodër,63100000,0,0,63100000
18240,2025,11-2025,001,06,1006047,Agjencia Kombëtare e Ujësjellës - Kanalizimeve (AKUK) 3535,B1,06370,Furnizimi me Uje dhe Kanalizime,231,3535,19AG021,Supervizion punimesh për objektin:Ndërtim dhe Shtim I kapacitetit të sistemit të furnizimit me ujë në blloqet Nr 1,2,3 dhe 4 në lagjen Mar Lula, Shkodër,922000,0,0,922000
18241,2025,11-2025,001,06,1006047,Agjencia Kombëtare e Ujësjellës - Kanalizimeve (AKUK) 3535,B1,06370,Furnizimi me Uje dhe Kanalizime,231,3535,19AG315,Ndërtim rrjet ujësjellësi  qytetit Mamuras punimesh për objektin:Rikonstruksion i rrjetit te fshatit Dajç,Njesia Administrative Dajç,Bashkia Lezhe,255000000,0,0,255000000
18242,2025,11-2025,001,06,1006047,Agjencia Kombëtare e Ujësjellës - Kanalizimeve (AKUK) 3535,B1,06370,Furnizimi me Uje dhe Kanalizime,231,3535,19AG316,Supervizion "Ndërtim rrjet ujësjellësi qytetit Mamuras",1419000,0,0,1419000
18243,2025,11-2025,001,06,1006047,Agjencia Kombëtare e Ujësjellës - Kanalizimeve (AKUK) 3535,B1,06370,Furnizimi me Uje dhe Kanalizime,231,3535,19AG317,Supervizion punimesh për objektin:Furnizimi me ujë I fshatrave Merqi dhe Raboshtë, Bashkia Lezhë,1450000,0,0,1450000
18244,2025,11-2025,001,06,1006047,Agjencia Kombëtare e Ujësjellës - Kanalizimeve (AKUK) 3535,B1,06370,Furnizimi me Uje dhe Kanalizime,231,3535,19AG318,Furnizimi me ujë I fshatrave Merqi dhe Raboshtë, Bashkia Lezhë,188000000,0,0,188000000
18245,2025,11-2025,001,06,1006047,Agjencia Kombëtare e Ujësjellës - Kanalizimeve (AKUK) 3535,B1,06370,Furnizimi me Uje dhe Kanalizime,231,3535,19AG411,Furnizimi me uje I fshtrave Prokuc, Kalluc dhe sistemi I Kuz Fshati Bregas.,131648100,0,0,131648100
18246,2025,11-2025,001,06,1006047,Agjencia Kombëtare e Ujësjellës - Kanalizimeve (AKUK) 3535,B1,06370,Furnizimi me Uje dhe Kanalizime,231,3535,19AG412,Supervizion punimesh për objektin:Furnizimi me uje I fshtrave Prokuc, Kalluc dhe sistemi I Kuz Fshati Bregas.,2173550,0,0,2173550
18247,2025,11-2025,001,06,1006047,Agjencia Kombëtare e Ujësjellës - Kanalizimeve (AKUK) 3535,B1,06370,Furnizimi me Uje dhe Kanalizime,231,3535,19AG417,Furnizim me ujë të fshatit Munushtir-Radesh-Orizaj, Bashkia Skrapar,74199549,0,0,74199549
18248,2025,11-2025,001,06,1006047,Agjencia Kombëtare e Ujësjellës - Kanalizimeve (AKUK) 3535,B1,06370,Furnizimi me Uje dhe Kanalizime,231,3535,19AG418,Supervizion punimesh për objektin: Furnizim me ujë të fshatit Munushtir-Radesh-Orizaj, Bashkia Skrapar,1000000,0,0,1000000
18249,2025,11-2025,001,06,1006047,Agjencia Kombëtare e Ujësjellës - Kanalizimeve (AKUK) 3535,B1,06370,Furnizimi me Uje dhe Kanalizime,231,3535,19AG906,Rikonstruksion në rrjetin egzistues të KUZ në zonën e Gjirit të Lalëzit,114567000,0,0,114567000
18250,2025,11-2025,001,06,1006047,Agjencia Kombëtare e Ujësjellës - Kanalizimeve (AKUK) 3535,B1,06370,Furnizimi me Uje dhe Kanalizime,231,3535,19AG907,Supervizion punimesh për objektin:Rikonstruksion në rrjetin egzistues tëKUZ në zonën e Gjirit të Lalëzit,1359000,0,0,1359000
18251,2025,11-2025,001,06,1006047,Agjencia Kombëtare e Ujësjellës - Kanalizimeve (AKUK) 3535,B3,06370,Furnizimi me Uje dhe Kanalizime,231,3535,20AD704,Projekt i rikonstruksionit te rrjetit te brendshem per bashkine Durres (Kredi),1000000,0,0,1000000
18252,2025,11-2025,001,06,1006047,Agjencia Kombëtare e Ujësjellës - Kanalizimeve (AKUK) 3535,B4,06370,Furnizimi me Uje dhe Kanalizime,231,3535,20AD704,Projekt i rikonstruksionit te rrjetit te brendshem per bashkine Durres (Kredi),14800000,0,0,14800000
18253,2025,11-2025,001,06,1006047,Agjencia Kombëtare e Ujësjellës - Kanalizimeve (AKUK) 3535,B1,06370,Furnizimi me Uje dhe Kanalizime,231,3535,20AD709,Rikonstruksion në rrjetin egzistues të Ujësjellësit në zonën e Gjirit të Lalëzit,66948000,0,0,66948000
18254,2025,11-2025,001,06,1006047,Agjencia Kombëtare e Ujësjellës - Kanalizimeve (AKUK) 3535,B1,06370,Furnizimi me Uje dhe Kanalizime,231,3535,20AD710,Supervizion punimesh për objektin:Rikonstruksion në rrjetin egzistues të Ujësjellësit në zonën e Gjirit të Lalëzit,925100,0,0,925100
18255,2025,11-2025,001,06,1006047,Agjencia Kombëtare e Ujësjellës - Kanalizimeve (AKUK) 3535,B1,06370,Furnizimi me Uje dhe Kanalizime,231,3535,20AD712,Rikonstruksioni I nyjes hidroteknike në rezervuarin e Maskurisë,158066000,0,0,158066000
18256,2025,11-2025,001,06,1006047,Agjencia Kombëtare e Ujësjellës - Kanalizimeve (AKUK) 3535,B1,06370,Furnizimi me Uje dhe Kanalizime,231,3535,20AD713,Supervizion punimesh për objektin:Rikonstruksioni I nyjes hidroteknike në rezervuarin e Maskurisë,1567500,0,0,1567500
18257,2025,11-2025,001,06,1006047,Agjencia Kombëtare e Ujësjellës - Kanalizimeve (AKUK) 3535,B1,06370,Furnizimi me Uje dhe Kanalizime,231,3535,20AD716,Sigurimit dhe permiresimit te rrethimit te burimeve dhe depove te ujit per SHR UK Durres,154742470,0,0,154742470
18258,2025,11-2025,001,06,1006047,Agjencia Kombëtare e Ujësjellës - Kanalizimeve (AKUK) 3535,B1,06370,Furnizimi me Uje dhe Kanalizime,231,3535,20AD717,Supervizion punimesh për objektin: Sigurimit dhe permiresimit te rrethimit te burimeve dhe depove te ujit per SHR UK Durres,1205360,0,0,1205360
18259,2025,11-2025,001,06,1006047,Agjencia Kombëtare e Ujësjellës - Kanalizimeve (AKUK) 3535,B1,06370,Furnizimi me Uje dhe Kanalizime,231,3535,20AD806,Mirmbajtje e kantierit te Tiranes se Madhe (Viti 2024),13500000,0,0,13500000
18260,2025,11-2025,001,06,1006047,Agjencia Kombëtare e Ujësjellës - Kanalizimeve (AKUK) 3535,B1,06370,Furnizimi me Uje dhe Kanalizime,231,3535,20AD813,Optimizimi I unjësjellësit të qyteti të Vorës dhe rrethinat,281337000,0,0,281337000
18261,2025,11-2025,001,06,1006047,Agjencia Kombëtare e Ujësjellës - Kanalizimeve (AKUK) 3535,B1,06370,Furnizimi me Uje dhe Kanalizime,231,3535,20AD814,Supervizion punimesh për objektin:Optimizimi I unjësjellësit të qyteti të Vorës dhe rrethinat,2265000,0,0,2265000
18262,2025,11-2025,001,06,1006047,Agjencia Kombëtare e Ujësjellës - Kanalizimeve (AKUK) 3535,B1,06370,Furnizimi me Uje dhe Kanalizime,231,3535,22AC702,Rikonstruksion i zyrave te AKUM,1470300,0,0,1470300
18263,2025,11-2025,001,06,1006047,Agjencia Kombëtare e Ujësjellës - Kanalizimeve (AKUK) 3535,B1,06370,Furnizimi me Uje dhe Kanalizime,231,3535,22AC703,Supervizion punimesh per objektin  "Rikonstruksion I zyrave te AKUM",39600,0,0,39600
18264,2025,11-2025,001,06,1006047,Agjencia Kombëtare e Ujësjellës - Kanalizimeve (AKUK) 3535,B1,06370,Furnizimi me Uje dhe Kanalizime,231,3535,22AC704,Makineri dhe pajisje per riparimin e difekteve te linjave per Shoqerite Rajonale Ujesjelles-Kanalizime,199780000,0,0,199780000
18265,2025,11-2025,001,06,1006047,Agjencia Kombëtare e Ujësjellës - Kanalizimeve (AKUK) 3535,B1,06370,Furnizimi me Uje dhe Kanalizime,231,3535,22AC705,Mjete teknike të lëvizshme me rrota për Shoqerite Rajonale Ujesjelles-Kanalizime,178680000,0,0,178680000
18266,2025,11-2025,001,06,1006047,Agjencia Kombëtare e Ujësjellës - Kanalizimeve (AKUK) 3535,B1,06370,Furnizimi me Uje dhe Kanalizime,231,3535,22AC706,Projekti IATSA - Furnizimi I qendrueshem me uje nepermjet energjise se gjelber,3884900,0,0,3884900
18267,2025,11-2025,001,06,1006047,Agjencia Kombëtare e Ujësjellës - Kanalizimeve (AKUK) 3535,B1,06370,Furnizimi me Uje dhe Kanalizime,231,3535,22AC707,Furnizim vendosje per pajisjet e laboratoreve te Shoqerive Rajonale UK,45000000,0,0,45000000
18268,2025,11-2025,001,06,1006047,Agjencia Kombëtare e Ujësjellës - Kanalizimeve (AKUK) 3535,B1,06370,Furnizimi me Uje dhe Kanalizime,231,3535,22AC708,Permiresim dhe sherbim mirmbajtje për sistemin Bench-Marking,10000000,0,0,10000000
18269,2025,11-2025,001,06,1006047,Agjencia Kombëtare e Ujësjellës - Kanalizimeve (AKUK) 3535,B1,06370,Furnizimi me Uje dhe Kanalizime,231,3535,22AC709,Blerje Paisje elektronike, Kompjutera, Printera, Fotokopje,7985030,0,0,7985030
18270,2025,11-2025,001,06,1006047,Agjencia Kombëtare e Ujësjellës - Kanalizimeve (AKUK) 3535,B1,06370,Furnizimi me Uje dhe Kanalizime,230,3535,23AB605,Studim Projektim:Impiant I Trajtimi i Ujërave të Ndotura dhe sistemi KUZ,Dhërmi,30274880,0,0,30274880
18271,2025,11-2025,001,06,1006047,Agjencia Kombëtare e Ujësjellës - Kanalizimeve (AKUK) 3535,B1,06370,Furnizimi me Uje dhe Kanalizime,230,3535,23AB606,Studim Projektim:Impiant I Trajtimi i Ujërave të Ndotura dhe sistemi KUZ, Jalë,23305350,0,0,23305350
18272,2025,11-2025,001,06,1006047,Agjencia Kombëtare e Ujësjellës - Kanalizimeve (AKUK) 3535,B1,06370,Furnizimi me Uje dhe Kanalizime,230,3535,23AB611,Studim ProjektiStudim Projektim: "Ndërtim I rrjetit të Ujësjellësit+KUZ për zonën e Shirokës dhe Ndërtim rrjeti KUZ për  zonën  Zogaj të Bashkisë Shkodër",5914000,0,0,5914000
18273,2025,11-2025,001,06,1006047,Agjencia Kombëtare e Ujësjellës - Kanalizimeve (AKUK) 3535,B1,06370,Furnizimi me Uje dhe Kanalizime,230,3535,23AB616,Studim Projektim :Ndërtim i rrjetit të ujësjellësit në Njësinë Administrative Gruemire,8225000,0,0,8225000
18274,2025,11-2025,001,06,1006047,Agjencia Kombëtare e Ujësjellës - Kanalizimeve (AKUK) 3535,B1,06370,Furnizimi me Uje dhe Kanalizime,231,3535,M060625,Fond i ngrire,176906000,0,0,176906000
18275,2025,11-2025,001,06,1006047,Agjencia Kombëtare e Ujësjellës - Kanalizimeve (AKUK) 3535,B1,06370,Furnizimi me Uje dhe Kanalizime,230,3535,M061646,Oponence per studim projektime,15000000,0,0,15000000
18276,2025,11-2025,001,06,1006047,Agjencia Kombëtare e Ujësjellës - Kanalizimeve (AKUK) 3535,B3,06370,Furnizimi me Uje dhe Kanalizime,231,3535,M062839,Kosto Lokale projekti I kanalizimeve te Tiranes se madhe,8000000,0,0,8000000
18277,2025,11-2025,001,06,1006047,Agjencia Kombëtare e Ujësjellës - Kanalizimeve (AKUK) 3535,B1,06370,Furnizimi me Uje dhe Kanalizime,231,3535,M063140,Leje infrastrukturore per objektet buxhetore,10000000,0,0,10000000
18278,2025,11-2025,001,06,1006047,Agjencia Kombëtare e Ujësjellës - Kanalizimeve (AKUK) 3535,B1,06370,Furnizimi me Uje dhe Kanalizime,231,3535,M063141,Shpronesime per objektet buxhetore,10000000,0,0,10000000
18279,2025,11-2025,001,06,1006047,Agjencia Kombëtare e Ujësjellës - Kanalizimeve (AKUK) 3535,B4,06370,Furnizimi me Uje dhe Kanalizime,231,3535,M063467,TVSH Programi i Infrastruktures Bashkiake, III dhe IV,2738385,0,0,2738385
18280,2025,11-2025,001,06,1006047,Agjencia Kombëtare e Ujësjellës - Kanalizimeve (AKUK) 3535,B3,06370,Furnizimi me Uje dhe Kanalizime,231,3535,M063763,Projekti COMM.98-Frot/AID98/001/00. Furnizim paisje Sha .Ujesjelles - Kanalizime (shlyerje kredie),1000000,0,0,1000000
18281,2025,11-2025,001,06,1006047,Agjencia Kombëtare e Ujësjellës - Kanalizimeve (AKUK) 3535,B4,06370,Furnizimi me Uje dhe Kanalizime,231,3535,M063954,TVSH Infrastruktura bashkiake V,485683615,0,0,485683615
18282,2025,11-2025,001,06,1006197,Shoqëria Rajonale Ujësjellës Kanalizime Sarandë SH.A (3731),B1,06370,Furnizimi me Uje dhe Kanalizime,231,3731,19AE331,Zgjerimi I rrjetit të kanalizimeve dhe rehabililitimi I stacioneve të pompimit të ujrave të ndotura Ksamil.,24869000,0,0,24869000
18283,2025,11-2025,001,06,1006197,Shoqëria Rajonale Ujësjellës Kanalizime Sarandë SH.A (3731),B1,06370,Furnizimi me Uje dhe Kanalizime,231,3731,19AE332,Supervizion punimesh për objektin:Zgjerimi I rrjetit të kanalizimeve dhe rehabililitimi I stacioneve të pompimit të ujrave të ndotura Ksamil,577000,0,0,577000
18284,2025,11-2025,001,06,1006197,Shoqëria Rajonale Ujësjellës Kanalizime Sarandë SH.A (3731),B1,06370,Furnizimi me Uje dhe Kanalizime,231,3731,19AE333,Rikonstruksioni i rrjetit te ujesjellesit te fshatit Çiflik dhe ndertim pusi.,23075000,0,0,23075000
18285,2025,11-2025,001,06,1006197,Shoqëria Rajonale Ujësjellës Kanalizime Sarandë SH.A (3731),B1,06370,Furnizimi me Uje dhe Kanalizime,231,3731,19AE334,Supervizion punimesh për objektin:Rikonstruksioni i rrjetit te ujesjellesit te fshatit Çiflik dhe ndertim pusi.,270000,0,0,270000
18286,2025,11-2025,001,06,1006197,Shoqëria Rajonale Ujësjellës Kanalizime Sarandë SH.A (3731),B1,06370,Furnizimi me Uje dhe Kanalizime,231,3731,19AE341,Rrjeti shpërndares plotesues  i ujesjellësit të qytetit Delvinë,42210500,0,0,42210500
18287,2025,11-2025,001,06,1006197,Shoqëria Rajonale Ujësjellës Kanalizime Sarandë SH.A (3731),B1,06370,Furnizimi me Uje dhe Kanalizime,231,3731,19AE342,Supervizion punimesh për objektin:Rrjeti shpërndares plotesues  i ujesjellësit të qytetit Delvinë,755000,0,0,755000
18288,2025,11-2025,001,06,1006197,Shoqëria Rajonale Ujësjellës Kanalizime Sarandë SH.A (3731),B1,06370,Furnizimi me Uje dhe Kanalizime,230,3731,23AB612,Studim Projektim:"Ndërtim i rrjetit (K.U.N) në lagjen "Baba Rexhepi", Rr."Idriz Alidhima, Lidhja e kolektorit të bulevardit të ri në rr.Jonianet, dhe zëvendesimi i tubit të dërgimit të stacionit kryesor të pompimit (Pipe Bursting)",Sarandë,14712900,0,0,14712900
18289,2025,11-2025,001,06,1006202,Shoqëria Rajonale Ujësjellës Kanalizime Vlorë SH.A (3737),B1,06370,Furnizimi me Uje dhe Kanalizime,231,3737,18BQ528,Supervizion punimesh për objektin: "Ndërtim KUZ ,rrjeti tercial (Lidhjet familjare) për UK Vlorë",2198000,0,0,2198000
18290,2025,11-2025,001,06,1006202,Shoqëria Rajonale Ujësjellës Kanalizime Vlorë SH.A (3737),B1,06370,Furnizimi me Uje dhe Kanalizime,231,3737,19AE337,Sistemimi I furnizimit me Ujë të Aeroportit të Vlorës,52725500,0,0,52725500
18291,2025,11-2025,001,06,1006202,Shoqëria Rajonale Ujësjellës Kanalizime Vlorë SH.A (3737),B1,06370,Furnizimi me Uje dhe Kanalizime,231,3737,19AE338,Supervizion punimesh për objektin:Sistemimi I furnizimit me Ujë të Aeroportit të Vlorës,1337000,0,0,1337000
18292,2025,11-2025,001,06,1006202,Shoqëria Rajonale Ujësjellës Kanalizime Vlorë SH.A (3737),B1,06370,Furnizimi me Uje dhe Kanalizime,231,3737,19AE339,Ndertim i Rrjetit të Kanalizimeve nga Lungomare deri në hyrje të Radhimës, Vlorë".,122882000,0,0,122882000
18293,2025,11-2025,001,06,1006202,Shoqëria Rajonale Ujësjellës Kanalizime Vlorë SH.A (3737),B1,06370,Furnizimi me Uje dhe Kanalizime,231,3737,19AE340,Supervizion punimesh për objektin:Ndertim i Rrjetit të Kanalizimeve nga Lungomare deri në hyrje të Radhimës, Vlorë".,1404000,0,0,1404000
18294,2025,11-2025,001,06,1006202,Shoqëria Rajonale Ujësjellës Kanalizime Vlorë SH.A (3737),B1,06370,Furnizimi me Uje dhe Kanalizime,231,3737,19AG708,Përmirësime të sistemit me ujë në lagjet ish-fabrika e Çimentos-Partizani-Karabash, dhe rindërtimi  i ujësjellësit ne babice të vogël, njësia aministrative Qendër Vlorë,76536500,0,0,76536500
18295,2025,11-2025,001,06,1006202,Shoqëria Rajonale Ujësjellës Kanalizime Vlorë SH.A (3737),B1,06370,Furnizimi me Uje dhe Kanalizime,231,3737,19AG709,Supervizion punimesh për objektin: Përmirësime të sistemit me ujë në lagjet ish-fabrika e Çimentos-Partizani-Karabash, dhe rindërtimi i ujësjellësit ne babice të vogël ,njësia aministrative Qendër Vlorë,2325500,0,0,2325500
18296,2025,11-2025,001,10,1010001,Aparati Ministrise se Financave (3535),B1,01110,Planifikimi, Menaxhimi dhe Administrimi,230,3535,18BP101,Mirembajtje e objekteve ndertimore,10602913,0,0,10602913
18297,2025,11-2025,001,10,1010001,Aparati Ministrise se Financave (3535),B1,01110,Planifikimi, Menaxhimi dhe Administrimi,231,3535,18BP101,Mirembajtje e objekteve ndertimore,114000,0,0,114000
18298,2025,11-2025,001,10,1010001,Aparati Ministrise se Financave (3535),B1,01110,Planifikimi, Menaxhimi dhe Administrimi,231,3535,20AE601,Blerje Rafte Arkivash,2920000,0,0,2920000
18299,2025,11-2025,001,10,1010001,Aparati Ministrise se Financave (3535),B1,01110,Planifikimi, Menaxhimi dhe Administrimi,231,3535,20AE602,Blerje Kondicionere,2000000,0,0,2000000
18300,2025,11-2025,001,10,1010001,Aparati Ministrise se Financave (3535),B1,01110,Planifikimi, Menaxhimi dhe Administrimi,231,3535,M100013,Blerje pajisje kompjuterike,10000000,0,0,10000000
18301,2025,11-2025,001,10,1010001,Aparati Ministrise se Financave (3535),B1,01110,Planifikimi, Menaxhimi dhe Administrimi,231,3535,M100177,Blerje pajisje zyrash,4443087,0,0,4443087
18302,2025,11-2025,001,10,1010001,Aparati Ministrise se Financave (3535),B4,01110,Planifikimi, Menaxhimi dhe Administrimi,231,3535,M100332,TVSH per projekte me financim te huaj,3000000,0,0,3000000
18303,2025,11-2025,001,10,1010001,Aparati Ministrise se Financave (3535),B1,01110,Planifikimi, Menaxhimi dhe Administrimi,231,3535,M100476,Blerje automjeti,4920000,0,0,4920000
18304,2025,11-2025,001,10,1010001,Aparati Ministrise se Financave (3535),B1,01130,Sherbime te Pergj. Publike I,232,3535,21AA202,Transferta kapitale per IBRD, IFC dhe te tjera,100000000,0,0,100000000
18305,2025,11-2025,001,10,1010001,Aparati Ministrise se Financave (3535),B1,01130,Sherbime te Pergj. Publike I,232,3535,21AA203,Transferta kapitale per Banken Shqiptare te Zhvillimit,15000000,0,0,15000000
18306,2025,11-2025,001,10,1010001,Aparati Ministrise se Financave (3535),B4,01130,Sherbime te Pergj. Publike I,231,3535,M100055,TVSH, Zhdoganime,15006622,0,0,15006622
18307,2025,11-2025,001,10,1010039,Aparati Drejt.Pergj.Tatimeve (3535),B1,01140,Sherbime te Pergjithshme Publike IV,231,3535,18AV815,Blerje pajisje elektronike dhe kompjuterike,2000000,0,0,2000000
18308,2025,11-2025,001,10,1010039,Aparati Drejt.Pergj.Tatimeve (3535),B1,01140,Sherbime te Pergjithshme Publike IV,231,3535,18AV819,Sistemi I ri I menaxhimit te Borxhit,25000042,0,0,25000042
18309,2025,11-2025,001,10,1010039,Aparati Drejt.Pergj.Tatimeve (3535),B1,01140,Sherbime te Pergjithshme Publike IV,230,3535,M100255,Pagesa biletes hyrese FISCALIS 2020,3422958,0,0,3422958
18310,2025,11-2025,001,10,1010085,Dogana Kapshtice (1505),B1,01150,Sherbime te Pergjithshme Publike III,231,1505,25AA001,Rikonstruksion i çatisë së godinave ku ushtrojnë veprimtarinë administrata doganore dhe  Agjensitë Doganore ne Kapshtice,14340000,0,0,14340000
18311,2025,11-2025,001,10,1010085,Dogana Kapshtice (1505),B1,01150,Sherbime te Pergjithshme Publike III,231,1505,M100002,Blerje pajisje per Deget,610000,0,0,610000
18312,2025,11-2025,001,10,1010093,Dogana Kukes (1818),B1,01150,Sherbime te Pergjithshme Publike III,231,1818,18AW109,Blerje Motorgjenerator 220-250 kwa,4100000,0,0,4100000
18313,2025,11-2025,001,10,1010077,Aparati Drejt.Pergj.Doganave (3535),B1,01150,Sherbime te Pergjithshme Publike III,231,3535,18AW103,Pajisje teknike,39470000,0,0,39470000
18314,2025,11-2025,001,10,1010077,Aparati Drejt.Pergj.Doganave (3535),B1,01150,Sherbime te Pergjithshme Publike III,231,3535,18AW108,Skaner per kontroll Bagazhesh,28700000,0,0,28700000
18315,2025,11-2025,001,10,1010077,Aparati Drejt.Pergj.Doganave (3535),B1,01150,Sherbime te Pergjithshme Publike III,231,3535,M100216,Blerje automjete dhe furgon,16000000,0,0,16000000
18316,2025,11-2025,001,10,1010097,Agjencia e Inteligjencës Financiare (3535),B1,01160,Sherbime te Pergj. Publike II,231,3535,18AX002,Blerje orendi dhe pajisje zyrash  (Inspektime),4110000,0,0,4110000
18317,2025,11-2025,001,10,1010097,Agjencia e Inteligjencës Financiare (3535),B1,01160,Sherbime te Pergj. Publike II,231,3535,18AX003,,850000,0,0,850000
18318,2025,11-2025,001,10,1010097,Agjencia e Inteligjencës Financiare (3535),B1,01160,Sherbime te Pergj. Publike II,231,3535,M100013,Blerje pajisje kompjuterike,9540000,0,0,9540000
18319,2025,11-2025,001,11,1011250,Drejtoria Rajonale Arsimore, Durrës (0707),B1,09120,Arsimi Baze (perfshire parashkollorin),231,0707,M112624,Krijim fond bibliotekash per shkollat e arsimit baze,2198000,0,0,2198000
18320,2025,11-2025,001,11,1011255,Drejtoria Rajonale Arsimore, Fier (0909),B1,09120,Arsimi Baze (perfshire parashkollorin),231,0909,M112624,Krijim fond bibliotekash per shkollat e arsimit baze,2550000,0,0,2550000
18321,2025,11-2025,001,11,1011259,Drejtoria Rajonale Arsimore, Korçë (1515),B1,09120,Arsimi Baze (perfshire parashkollorin),231,1515,M112624,Krijim fond bibliotekash per shkollat e arsimit baze,3450000,0,0,3450000
18322,2025,11-2025,001,11,1011261,Drejtoria Rajonale Arsimore, Lezhe (2020),B1,09120,Arsimi Baze (perfshire parashkollorin),231,2020,M112624,Krijim fond bibliotekash per shkollat e arsimit baze,2550000,0,0,2550000
18323,2025,11-2025,001,11,1011001,Aparati Ministrise Arsimit e Shkences (3535),B1,09120,Arsimi Baze (perfshire parashkollorin),231,3535,M112551,Pajisje mobileri arsimi baze,100000000,0,0,100000000
18324,2025,11-2025,001,11,1011282,Drejtoria Rajonale e Arsimit Parauniversitar,Tirane (3535),B1,09120,Arsimi Baze (perfshire parashkollorin),231,3535,M112624,Krijim fond bibliotekash per shkollat e arsimit baze,4252000,0,0,4252000
18325,2025,11-2025,001,11,1011001,Aparati Ministrise Arsimit e Shkences (3535),B1,09120,Arsimi Baze (perfshire parashkollorin),231,3535,M112625,Pajisje laboratorike,Fizike-Kimi _Bilogji  Arsimi baze,95472820,0,0,95472820
18326,2025,11-2025,001,11,1011250,Drejtoria Rajonale Arsimore, Durrës (0707),B1,09230,Arsimi i mesem (i pergjithshem),231,0707,M112629,Krijim fondi bibliotekash për shkollat e arsimit të mesëm,1417000,0,0,1417000
18327,2025,11-2025,001,11,1011255,Drejtoria Rajonale Arsimore, Fier (0909),B1,09230,Arsimi i mesem (i pergjithshem),231,0909,M112629,Krijim fondi bibliotekash për shkollat e arsimit të mesëm,1700000,0,0,1700000
18328,2025,11-2025,001,11,1011259,Drejtoria Rajonale Arsimore, Korçë (1515),B1,09230,Arsimi i mesem (i pergjithshem),231,1515,M112629,Krijim fondi bibliotekash për shkollat e arsimit të mesëm,2300000,0,0,2300000
18329,2025,11-2025,001,11,1011261,Drejtoria Rajonale Arsimore, Lezhe (2020),B1,09230,Arsimi i mesem (i pergjithshem),231,2020,M112629,Krijim fondi bibliotekash për shkollat e arsimit të mesëm,1700000,0,0,1700000
18330,2025,11-2025,001,11,1011001,Aparati Ministrise Arsimit e Shkences (3535),B1,09230,Arsimi i mesem (i pergjithshem),231,3535,M112626,Pajisje laboratorike,Fizike-Kimi-Bilogji,  arsimi i mesëm i përgjithshëm,94190185,0,0,94190185
18331,2025,11-2025,001,11,1011001,Aparati Ministrise Arsimit e Shkences (3535),B1,09230,Arsimi i mesem (i pergjithshem),231,3535,M112627,Pajisje mobilerie arsimi i mesëm i përgjithshem,66000000,0,0,66000000
18332,2025,11-2025,001,11,1011282,Drejtoria Rajonale e Arsimit Parauniversitar,Tirane (3535),B1,09230,Arsimi i mesem (i pergjithshem),231,3535,M112629,Krijim fondi bibliotekash për shkollat e arsimit të mesëm,2883000,0,0,2883000
18333,2025,11-2025,001,11,1011150,Universiteti Aleksander Moisiu (0707),B1,09450,Arsimi Universitar,231,0707,18BD437,Pajisje mobilierie per mobilimin e Godines se Fakultetit te Studimeve Profesionale UAMD Durres,76545831,0,0,76545831
18334,2025,11-2025,001,11,1011150,Universiteti Aleksander Moisiu (0707),B1,09450,Arsimi Universitar,231,0707,18BD515,UD_Ndertimi i godines se Fakultetit te Studimeve Profesionale UAMD Durres,302543991,0,0,302543991
18335,2025,11-2025,001,11,1011099,Universiteti "A. Xhuvani", Elbasan (0808),B1,09450,Arsimi Universitar,231,0808,18BD516,UE_Ndertimi i Godines se Fakultetit te Shkencave Mjekesore Teknike FSHMT- Universiteti Elbasan,250000000,0,0,250000000
18336,2025,11-2025,001,11,1011040,Universiteti Politeknik (3535),B1,09450,Arsimi Universitar,231,3535,18BD511,Ndërtimi i Godinës së Fakultetit të Inxhinierisë së Ndërtimit, Universiteti Politeknik i Tiranes,156568256,0,0,156568256
18337,2025,11-2025,001,11,1011040,Universiteti Politeknik (3535),B1,09450,Arsimi Universitar,231,3535,18BD513,Rikonstuksioni i Nderteses se Fakultetit te Gjeologjise dhe Minierave +Ndertimi i Muzeut te Gjeologjise_UPTE,190000000,0,0,190000000
18338,2025,11-2025,001,11,1011048,Akademia e Fiskultures (3535),B1,09450,Arsimi Universitar,231,3535,18BD517,US_Rikonstruksioni i Fushës së Futbollit, pistës së atletikës dhe rrethimi, Universiteti i Sporteve Tiranë,86934992,0,0,86934992
18339,2025,11-2025,001,11,1011150,Universiteti Aleksander Moisiu (0707),B1,09770,Fonde per Shkencen,231,0707,18BD962,UD_Laboratori i Financë -Kontabilitetit në Fakultetin e Biznesit ¿ UAMD (FinBook Lab),3200000,0,0,3200000
18340,2025,11-2025,001,11,1011099,Universiteti "A. Xhuvani", Elbasan (0808),B1,09770,Fonde per Shkencen,231,0808,18BD964,UE_Ngritja e laboratorit të logopedisë për trajnimim e aftësimin praktik të studentëve të kësaj fushë.,9065000,0,0,9065000
18341,2025,11-2025,001,11,1011099,Universiteti "A. Xhuvani", Elbasan (0808),B1,09770,Fonde per Shkencen,231,0808,18BD988,UE_Infrastruktura e nevojshmeper analizimin e parametrave fiziko-kimike te tokes.,7560000,0,0,7560000
18342,2025,11-2025,001,11,1011046,Universiteti Korce (1515),B1,09770,Fonde per Shkencen,231,1515,18BD986,UK_Implementimi I nje laboratori per rritje te nivelit te kompetencave dixhitale dhe kerkimit shkencor ne fushat e Elektronikes dhe Telekomunikacionit,2860700,0,0,2860700
18343,2025,11-2025,001,11,1011129,Unversitet "L.Gurakuqi", Shkoder (3333),B1,09770,Fonde per Shkencen,231,3333,18BD989,USH_Ngritja e laboratorit dozimetriksekondar per monitorimin e ekspozimit ndaj rrezatimit jonizues te stafeve mjekesore te rajonit te veriut.,6640746,0,0,6640746
18344,2025,11-2025,001,11,1011129,Unversitet "L.Gurakuqi", Shkoder (3333),B1,09770,Fonde per Shkencen,231,3333,18BD990,USH_Fab lab I Universitetit per ekonomine qarkulluese dhe teknologjine dixhitale te avancuara.,4106315,0,0,4106315
18345,2025,11-2025,001,11,1011039,Universiteti i Tiranes (3535),B1,09770,Fonde per Shkencen,231,3535,18BD949,UT_Ngritja e një qendre llogaritëse në mbështetje të bashkëpunimit të IAL - ve shqiptare me projektin europian Compact Muon Solenoid (CMS) në CERN.,14450256,0,0,14450256
18346,2025,11-2025,001,11,1011199,Rektorati i Universitetit te Mjekesise Tirane (3535),B1,09770,Fonde per Shkencen,231,3535,18BD952,UMT_Ndertimi i infrastruktures kerkimore-shkencore per analizen e crregullimeve te sistemit vestibular,15000000,0,0,15000000
18347,2025,11-2025,001,11,1011039,Universiteti i Tiranes (3535),B1,09770,Fonde per Shkencen,231,3535,18BD953,UT_VenomLab: Infrastrukturë e re për laboratorin e studimeve të helmit të gjallesave helmuese në Shqipëri,2798000,0,0,2798000
18348,2025,11-2025,001,11,1011199,Rektorati i Universitetit te Mjekesise Tirane (3535),B1,09770,Fonde per Shkencen,231,3535,18BD954,UMT_Përmirësimi cilësor i infrastrukturës së Laboratorit të Biologjisë Molekulare në Shërbimin e Laboratorit të Gjenetikës Klinike me aplikimin e teknikave gjenomike të avancuara,18076300,0,0,18076300
18349,2025,11-2025,001,11,1011199,Rektorati i Universitetit te Mjekesise Tirane (3535),B1,09770,Fonde per Shkencen,231,3535,18BD957,UMT_Krijimi i Laboratorit të Simulimit Virtual të Imazherisë Diagnostike në Fakultetin e Shkencave Mjekësore Teknike,3550000,0,0,3550000
18350,2025,11-2025,001,11,1011039,Universiteti i Tiranes (3535),B1,09770,Fonde per Shkencen,231,3535,18BD958,UT_Roli i laboratorit didaktik-informatik-kërkimor në përmirësimin e kërkimit shkencor të lidhur me   mësimdhënien e Matematikës.,1228800,0,0,1228800
18351,2025,11-2025,001,11,1011040,Universiteti Politeknik (3535),B1,09770,Fonde per Shkencen,231,3535,18BD959,UPT_Laborator kërkimor shkencor për projektimin, prototipizimin dhe testimin e bordeve të qarqeve elektrike dhe sistemeve të antenave të printuara,36097000,0,0,36097000
18352,2025,11-2025,001,11,1011040,Universiteti Politeknik (3535),B1,09770,Fonde per Shkencen,231,3535,18BD960,UPT_Fuqizimi i Laboratorit GIS dhe Modelim me qëllim rritjen e cilësisë së mësimdhënies, mbështetjes së Shkollës së Doktoraturës, punës kërkimore-Shkencore dhe forcimit të bashkëpunimit me partnerët.,4404000,0,0,4404000
18353,2025,11-2025,001,11,1011040,Universiteti Politeknik (3535),B1,09770,Fonde per Shkencen,231,3535,18BD961,UPT_Aplikime Inteligjente: Propozimi për ngritjen e një Laboratori të Inteligjencës Artificiale,10890000,0,0,10890000
18354,2025,11-2025,001,11,1011048,Akademia e Fiskultures (3535),B1,09770,Fonde per Shkencen,231,3535,18BD965,US_Digjitalizimi i burimeve, përmirësimi i aksesit dhe disponueshmërisë së burimeve të kërkimit shkencor në formë digjitale,6273540,0,0,6273540
18355,2025,11-2025,001,11,1011040,Universiteti Politeknik (3535),B1,09770,Fonde per Shkencen,231,3535,18BD966,UPT_H2-nativ: nga eksplorimi gjeologjik i zonave të mundshme të emetimit të hidrogjenit deri te modelimi i proceseve të migrimit.,910000,0,0,910000
18356,2025,11-2025,001,11,1011047,Akademia e Arteve (3535),B1,09770,Fonde per Shkencen,231,3535,18BD967,UA_Shtim paisjesh dhe modernizimi i Laboratorëve ne Fak Arteve te Bukura((Laboratori i Qeramikës dhe i Skulpturës),6833268,0,0,6833268
18357,2025,11-2025,001,11,1011041,Universiteti Bujqesor (3535),B1,09770,Fonde per Shkencen,231,3535,18BD968,UBT_Impakti i aplikimit të metodave të modifikimit termik mbi vetitë teknologjike të drurit dhe materialeve me bazë druri,12469600,0,0,12469600
18358,2025,11-2025,001,11,1011040,Universiteti Politeknik (3535),B1,09770,Fonde per Shkencen,231,3535,18BD969,UPT_Modernizimi dhe Plotësimi i Laboratorit të Petrografisë: Një hap drejt përmirësimit të Analizave Petrografike.,800000,0,0,800000
18359,2025,11-2025,001,11,1011040,Universiteti Politeknik (3535),B1,09770,Fonde per Shkencen,231,3535,18BD970,UPT_ Modernizimi i Infrastruktures kombetare te rrjetit GNSS/GPS te monitorimit gjeodinamik,23078000,0,0,23078000
18360,2025,11-2025,001,11,1011039,Universiteti i Tiranes (3535),B1,09770,Fonde per Shkencen,231,3535,18BD971,UT_Krijimi I laboratorit te Ekonomiksit per zhvillimin e analizave te thelluara ekonomike,4066430,0,0,4066430
18361,2025,11-2025,001,11,1011039,Universiteti i Tiranes (3535),B1,09770,Fonde per Shkencen,231,3535,18BD972,UT_Pasurimi I infrastruktures laboratorike te trupit te ngurte ne sherbim te kerkimit shkencor te avancuar dhe mesimdhenies sipas standarteve te BE.,15250000,0,0,15250000
18362,2025,11-2025,001,11,1011039,Universiteti i Tiranes (3535),B1,09770,Fonde per Shkencen,231,3535,18BD973,UT_Rinovimi dhe modernizim I infrastruktures teknologjike ne ndihme te kerkimit shkencor ne Universitetin e Tiranes, filiali Sarande.,2934558,0,0,2934558
18363,2025,11-2025,001,11,1011039,Universiteti i Tiranes (3535),B1,09770,Fonde per Shkencen,231,3535,18BD974,UT_Ngritja I Laboratorit te Perkthimit -Teknologji Inovative dhe Model Evropiane,4700000,0,0,4700000
18364,2025,11-2025,001,11,1011040,Universiteti Politeknik (3535),B1,09770,Fonde per Shkencen,231,3535,18BD975,UPT_Permiresimi I Infrastruktures Laboratorike per Kerkimin Shkencor ne funksion te Shkolles se Doktoratures "Gjeologjia dhe Mjedisi".,7500000,0,0,7500000
18365,2025,11-2025,001,11,1011040,Universiteti Politeknik (3535),B1,09770,Fonde per Shkencen,231,3535,18BD976,UPT_Laboratori IT I droneve dhe imazherise multispektrale per inovacione ne m,bledhjen dhe perpunimin e te dhenave gjeohapesinore bujqesore.,17250000,0,0,17250000
18366,2025,11-2025,001,11,1011040,Universiteti Politeknik (3535),B1,09770,Fonde per Shkencen,231,3535,18BD977,UPT_Zgjidhja e problemeve speciale ne vibrime te baterive ne makinat elektrike,319503,0,0,319503
18367,2025,11-2025,001,11,1011041,Universiteti Bujqesor (3535),B1,09770,Fonde per Shkencen,231,3535,18BD979,UBT_Krijimi I qendres kerkimore ICT, ne mbeshtetje te nderkombetarizimit dhe kerkimit shkencor te studenteve te doktoratures,6998221,0,0,6998221
18368,2025,11-2025,001,11,1011041,Universiteti Bujqesor (3535),B1,09770,Fonde per Shkencen,231,3535,18BD980,UBT_Laboratori i analizave te tokes dhe bimeve,20316000,0,0,20316000
18369,2025,11-2025,001,11,1011041,Universiteti Bujqesor (3535),B1,09770,Fonde per Shkencen,231,3535,18BD981,UBT_Permiresimi I infrastruktures se Laboratorit te Kimise me qellim rikuperimin e komponimeve bioaktive nga mbetjet dhe nenprodukte te industrise agro-ushqimore dhe aplikimi si perbes funksional,4163000,0,0,4163000
18370,2025,11-2025,001,11,1011199,Rektorati i Universitetit te Mjekesise Tirane (3535),B1,09770,Fonde per Shkencen,231,3535,18BD982,UMT_Ngritja e infrastruktures kerkimore laboratorike farmaceutike ne Departamentin e Farmacis, UMT,16940095,0,0,16940095
18371,2025,11-2025,001,11,1011047,Akademia e Arteve (3535),B1,09770,Fonde per Shkencen,231,3535,18BD983,UA_Inovacion per Kerkimin Shkencor mbi Artin Pamor,3947760,0,0,3947760
18372,2025,11-2025,001,11,1011047,Akademia e Arteve (3535),B1,09770,Fonde per Shkencen,231,3535,18BD984,UA_Shtim pajisjesh dhe modernizim I laboratoreve ne Fakultetin e Arteve te Bukura (Laboratori I Tekstik dhe Mode),7244000,0,0,7244000
18373,2025,11-2025,001,11,1011048,Akademia e Fiskultures (3535),B1,09770,Fonde per Shkencen,231,3535,18BD985,US_Laboratori I Diagnostikes dhe Optimizimit te Shendetit,17561213,0,0,17561213
18374,2025,11-2025,001,11,1011040,Universiteti Politeknik (3535),B1,09770,Fonde per Shkencen,231,3535,18BD991,UPT_Ngritja e një laboratori kombëtar CMS RPC ALBANIA LAB për detektor me gaz në mbështetje të IAL, projektin CMS në CERN, për sub-sitemin myonik RPC (Resistive Plate Chambers),2857695,0,0,2857695
18375,2025,11-2025,001,11,1011136,Universiteti "I.Qemali", Vlore (3737),B1,09770,Fonde per Shkencen,231,3737,18BD987,UV_Ngritja e Qendres Shkencore per Monitorimin dhe Ekologjine Detare ne Vlore,5260000,0,0,5260000
18376,2025,11-2025,001,12,1012001,Aparati Ministrise se Ekonomise, Kultures dhe Inovacionit (3535),B1,01110,Planifikimi, Menaxhimi dhe Administrimi,231,3535,24AG801,F.V. Sistem ngrohje ftohje per ish ambjetet e MZHETTS sot MEKI,21682511,0,0,21682511
18377,2025,11-2025,001,12,1012001,Aparati Ministrise se Ekonomise, Kultures dhe Inovacionit (3535),B4,01110,Planifikimi, Menaxhimi dhe Administrimi,231,3535,M120199,TVSH - detyrim doganor,136826,0,0,136826
18378,2025,11-2025,001,12,1012001,Aparati Ministrise se Ekonomise, Kultures dhe Inovacionit (3535),B1,01110,Planifikimi, Menaxhimi dhe Administrimi,231,3535,M120245,Blerje paisje,117600,0,0,117600
18379,2025,11-2025,001,12,1012001,Aparati Ministrise se Ekonomise, Kultures dhe Inovacionit (3535),B1,01150,Sherbime te Pergjithshme Publike III,232,3535,24AD901,Kapital Fillestar,867200000,0,0,867200000
18380,2025,11-2025,001,12,1012108,Qendra Kombetare e Biznesit (3535),B1,04130,Mbeshtetje e zhvillimit ekonomik,230,3535,18AX403,Projekt prevetiv,99000,0,0,99000
18381,2025,11-2025,001,12,1012108,Qendra Kombetare e Biznesit (3535),B1,04130,Mbeshtetje e zhvillimit ekonomik,231,3535,18BS101,Blerje paisje kompiuterike,2040240,0,0,2040240
18382,2025,11-2025,001,12,1012001,Aparati Ministrise se Ekonomise, Kultures dhe Inovacionit (3535),B4,04130,Mbeshtetje e zhvillimit ekonomik,231,3535,M100332,TVSH per projekte me financim te huaj,14150514,0,0,14150514
18383,2025,11-2025,001,12,1012106,Agjencia Shqiptare e Zhvillimit te Investimeve (3535),B4,04130,Mbeshtetje e zhvillimit ekonomik,231,3535,M100332,TVSH per projekte me financim te huaj,304275,0,0,304275
18384,2025,11-2025,001,12,1012106,Agjencia Shqiptare e Zhvillimit te Investimeve (3535),B1,04130,Mbeshtetje e zhvillimit ekonomik,231,3535,M100368,Fondi i konkurueshmerise,17995635,0,0,17995635
18385,2025,11-2025,001,12,1012106,Agjencia Shqiptare e Zhvillimit te Investimeve (3535),B1,04130,Mbeshtetje e zhvillimit ekonomik,231,3535,M100371,Mbeshtetje biznesit kreativ,8173333,0,0,8173333
18386,2025,11-2025,001,12,1012113,Admin Qendrore e ISHP (3535),B1,04170,Inspektimi ne Pune,231,3535,18AY101,Blerje pajisje te ndryshme per zyra dhe mbrotje ndaj zjarrit,342000,0,0,342000
18387,2025,11-2025,001,12,1012113,Admin Qendrore e ISHP (3535),B1,04170,Inspektimi ne Pune,231,3535,18AY201,Blerje automjeti,17616000,0,0,17616000
18388,2025,11-2025,001,12,1012002,Drejtoria Rajonale e Monumenteve te Kultures Berat (0202),B1,08220,Trashegimia Kulturore,Muzete,Bibliotekat,231,0202,21AB101,Nderhyrje emergjente dhe restauruese,5681000,0,0,5681000
18389,2025,11-2025,001,12,1012001,Aparati Ministrise se Ekonomise, Kultures dhe Inovacionit (3535),B1,08220,Trashegimia Kulturore,Muzete,Bibliotekat,230,3535,18AE409,Hartim projekti shtepia e Arberesheve,29834000,0,0,29834000
18390,2025,11-2025,001,12,1012101,Instituti Kombetar i Trashegimise Kulturore Tirane (3535),B1,08220,Trashegimia Kulturore,Muzete,Bibliotekat,230,3535,18AE411,Hartimi I planit te menaxhimit te integruar te qyteteve Berat - Gjirokaster,36900000,0,0,36900000
18391,2025,11-2025,001,12,1012101,Instituti Kombetar i Trashegimise Kulturore Tirane (3535),B1,08220,Trashegimia Kulturore,Muzete,Bibliotekat,231,3535,18AE509,Rehabilitim i ambjenteve te Burgut te Spacit, 7 godina,12846313,0,0,12846313
18392,2025,11-2025,001,12,1012101,Instituti Kombetar i Trashegimise Kulturore Tirane (3535),B1,08220,Trashegimia Kulturore,Muzete,Bibliotekat,231,3535,18AE511,Rikonstruksioni Muzeu Arkeologjik Korce,10769091,0,0,10769091
18393,2025,11-2025,001,12,1012001,Aparati Ministrise se Ekonomise, Kultures dhe Inovacionit (3535),B1,08220,Trashegimia Kulturore,Muzete,Bibliotekat,231,3535,18BV201,Takse e ndikimit ne infrastrukture per objektet e trashegimise kulturore,13804000,0,0,13804000
18394,2025,11-2025,001,12,1012101,Instituti Kombetar i Trashegimise Kulturore Tirane (3535),B1,08220,Trashegimia Kulturore,Muzete,Bibliotekat,231,3535,21AB101,Nderhyrje emergjente dhe restauruese,112043172,0,0,112043172
18395,2025,11-2025,001,12,1012001,Aparati Ministrise se Ekonomise, Kultures dhe Inovacionit (3535),B1,08220,Trashegimia Kulturore,Muzete,Bibliotekat,231,3535,23AA001,Projekti teknik i nderhyrjes emergjente ne objektin Monument Kulture kategoria e I "Ura e Matit",51000,0,0,51000
18396,2025,11-2025,001,12,1012001,Aparati Ministrise se Ekonomise, Kultures dhe Inovacionit (3535),B1,08220,Trashegimia Kulturore,Muzete,Bibliotekat,230,3535,M120201,Fond i ngrire,10217647,0,0,10217647
18397,2025,11-2025,001,12,1012070,Drejtoria Rajonale e Monumenteve Vlore (3737),B1,08220,Trashegimia Kulturore,Muzete,Bibliotekat,231,3737,21AB101,Nderhyrje emergjente dhe restauruese,5748777,0,0,5748777
18398,2025,11-2025,001,12,1012021,Galeria Kombetare e arteve (3535),B1,08230,Arti dhe Kultura,231,3535,18AE608,Blerje Pajisje zyre,500000,0,0,500000
18399,2025,11-2025,001,12,1012015,Arkivi Qendror i Filmit (3535),B1,08230,Arti dhe Kultura,231,3535,18AE609,Instalim dhe blerje pajisjesh per AQSHF,690000,0,0,690000
18400,2025,11-2025,001,12,1012001,Aparati Ministrise se Ekonomise, Kultures dhe Inovacionit (3535),B1,08230,Arti dhe Kultura,231,3535,18AE703,Restaurimi, rikonstruksioni, riformulimi i Linjës muzeore në Muzeun Historik,3000000,0,0,3000000
18401,2025,11-2025,001,12,1012001,Aparati Ministrise se Ekonomise, Kultures dhe Inovacionit (3535),B1,08230,Arti dhe Kultura,231,3535,18AE706,Restaurimi, Rikonstruksioni dhe Rehabilitimi i hapesirave ne Muzeun e Arteve te bukra (Galerisë Kombetare të Arteve),200000000,0,0,200000000
18402,2025,11-2025,001,12,1012001,Aparati Ministrise se Ekonomise, Kultures dhe Inovacionit (3535),B1,08230,Arti dhe Kultura,231,3535,18AE714,Projektim dhe Implementim i Mozaikut Tirane,12148475,0,0,12148475
18403,2025,11-2025,001,12,1012001,Aparati Ministrise se Ekonomise, Kultures dhe Inovacionit (3535),B1,08230,Arti dhe Kultura,231,3535,18AE715,Ndertimi i Qendres Kombetare Kulturore per Femije dhe Teatri i Kukullave,144686266,0,0,144686266
18404,2025,11-2025,001,12,1012001,Aparati Ministrise se Ekonomise, Kultures dhe Inovacionit (3535),B1,08230,Arti dhe Kultura,231,3535,18AE724,Rijetezimi Mozaikut te Tiranes per Hapesira Ekspozimi,30000000,0,0,30000000
18405,2025,11-2025,001,12,1012001,Aparati Ministrise se Ekonomise, Kultures dhe Inovacionit (3535),B1,08230,Arti dhe Kultura,231,3535,18AE725,Rijetezimi I hapesirave te Teatrit te Kukullave per hapesira ekspozimi per muzeun e Teatrit te Kukullave dhe Parlamentit te pare Shqiptar,25148536,0,0,25148536
18406,2025,11-2025,001,12,1012001,Aparati Ministrise se Ekonomise, Kultures dhe Inovacionit (3535),B1,08230,Arti dhe Kultura,231,3535,18AE726,Rijetezimi I hapesirave te Teatrit te Operas dhe Baletit per hapesira ekspozimi,6295198,0,0,6295198
18407,2025,11-2025,001,12,1012001,Aparati Ministrise se Ekonomise, Kultures dhe Inovacionit (3535),B1,08230,Arti dhe Kultura,231,3535,18AE727,Rilevime topografike per regjistrime te pronave,2120811,0,0,2120811
18408,2025,11-2025,001,12,1012015,Arkivi Qendror i Filmit (3535),B1,08230,Arti dhe Kultura,231,3535,18AE728,Rikonstruksion i vendruajtjeve per AQSHF,5829000,0,0,5829000
18409,2025,11-2025,001,12,1012001,Aparati Ministrise se Ekonomise, Kultures dhe Inovacionit (3535),B4,08230,Arti dhe Kultura,231,3535,19AA302,TVSH per Rikualifikimin hapesires se Parkut te Kinostudios"Parku Artit",200000,0,0,200000
18410,2025,11-2025,001,12,1012001,Aparati Ministrise se Ekonomise, Kultures dhe Inovacionit (3535),B1,08230,Arti dhe Kultura,231,3535,19AA303,Parku i artit, rivitalizimi dhe rikualifikimi i territorit te ish-Kinostudios "Shqipëria e Re", Tiranë,34318098,0,0,34318098
18411,2025,11-2025,001,12,1012024,Teatri Operas dhe Baletit (3535),B1,08230,Arti dhe Kultura,231,3535,M120419,Blerje paisje,116673000,0,0,116673000
18412,2025,11-2025,001,12,1012025,Biblioteka kombetare (3535),B1,08230,Arti dhe Kultura,231,3535,M120419,Blerje paisje,17700000,0,0,17700000
18413,2025,11-2025,001,12,1012092,Cirku Kombetar (3535),B1,08230,Arti dhe Kultura,231,3535,M120419,Blerje paisje,4000000,0,0,4000000
18414,2025,11-2025,001,12,1012022,Teatri Kombetar (3535),B1,08230,Arti dhe Kultura,231,3535,M120593,Blerje pajisje,5000000,0,0,5000000
18415,2025,11-2025,001,12,1012025,Biblioteka kombetare (3535),B1,08230,Arti dhe Kultura,231,3535,M120594,Biblioteka Kombetare - Blerje pajisjesh elektronike,3300000,0,0,3300000
18416,2025,11-2025,001,12,1012001,Aparati Ministrise se Ekonomise, Kultures dhe Inovacionit (3535),B1,08230,Arti dhe Kultura,231,3535,M120694,Shpronesime,176283,0,0,176283
18417,2025,11-2025,001,12,1012015,Arkivi Qendror i Filmit (3535),B1,08230,Arti dhe Kultura,231,3535,M120754,Pajisje orendi,2750000,0,0,2750000
18418,2025,11-2025,001,12,1012009,Qendra Kombetare Kulturore e Femijeve (3535),B1,08230,Arti dhe Kultura,231,3535,M120766,Pajisje kompjuterike,300000,0,0,300000
18419,2025,11-2025,001,12,1012092,Cirku Kombetar (3535),B1,08230,Arti dhe Kultura,231,3535,M120766,Pajisje kompjuterike,3000000,0,0,3000000
18420,2025,11-2025,001,12,1012100,Qendra Kombetare e Librit dhe Leximit(3535),B1,08230,Arti dhe Kultura,231,3535,M120766,Pajisje kompjuterike,1060000,0,0,1060000
18421,2025,11-2025,001,12,1012001,Aparati Ministrise se Ekonomise, Kultures dhe Inovacionit (3535),B1,09240,Arsimi i  mesem (profesional),231,3535,18AY503,laboratore, pajisje, makineri per repartet e praktikave profesionale,74394984,0,0,74394984
18422,2025,11-2025,001,12,1012001,Aparati Ministrise se Ekonomise, Kultures dhe Inovacionit (3535),B1,09240,Arsimi i  mesem (profesional),231,3535,18AY647,Rikonstruksion çatie per repartin e praktikes (stalle) per shkollen profesionale "Irakli Terova", Korce,710116,0,0,710116
18423,2025,11-2025,001,12,1012001,Aparati Ministrise se Ekonomise, Kultures dhe Inovacionit (3535),B4,09240,Arsimi i  mesem (profesional),231,3535,18BS314,TVSH per Projekte te ndryshme,13681815,0,0,13681815
18424,2025,11-2025,001,12,1012001,Aparati Ministrise se Ekonomise, Kultures dhe Inovacionit (3535),B1,09240,Arsimi i  mesem (profesional),231,3535,24AB501,Rikostruksion Godina e shkolles Kames (godina e ndertuar nga IPA 2008),1870506,0,0,1870506
18425,2025,11-2025,001,12,1012001,Aparati Ministrise se Ekonomise, Kultures dhe Inovacionit (3535),B1,09240,Arsimi i  mesem (profesional),231,3535,24AB502,Rikontruksion i godinës së shkollës Mekanike Hasan Gina Lushnje,51952000,0,0,51952000
18426,2025,11-2025,001,12,1012001,Aparati Ministrise se Ekonomise, Kultures dhe Inovacionit (3535),B1,09240,Arsimi i  mesem (profesional),231,3535,24AB503,Rikostruksion i godines se shkolles dhe reparteve te praktikave Industriale Pavarsia Vlore,148783000,0,0,148783000
18427,2025,11-2025,001,12,1012001,Aparati Ministrise se Ekonomise, Kultures dhe Inovacionit (3535),B1,09240,Arsimi i  mesem (profesional),231,3535,24AB506,Rikonstruksion I Shkolles Enver Qiraxhi Pogradec,49213000,0,0,49213000
18428,2025,11-2025,001,12,1012001,Aparati Ministrise se Ekonomise, Kultures dhe Inovacionit (3535),B1,09240,Arsimi i  mesem (profesional),231,3535,24AB508,Rikostruksion i pjeshem i Shkolles Kolin Gjoka, Lezhe,16370046,0,0,16370046
18429,2025,11-2025,001,12,1012001,Aparati Ministrise se Ekonomise, Kultures dhe Inovacionit (3535),B1,09240,Arsimi i  mesem (profesional),231,3535,24AB511,Ndertimi I ri I Shkolles Karl Gega Tirane,121148000,0,0,121148000
18430,2025,11-2025,001,12,1012001,Aparati Ministrise se Ekonomise, Kultures dhe Inovacionit (3535),B1,09240,Arsimi i  mesem (profesional),231,3535,24AB512,Pagesën e taksës së ndikimit në infrastrukturë për lejen e punimeve,2084936,0,0,2084936
18431,2025,11-2025,001,13,1013001,Aparati Ministrise se Shendetesise dhe Mbrojtjes Sociale (3535),B1,01110,Planifikimi, Menaxhimi dhe Administrimi,231,3535,18BA303,F.V Pajisje kondicionimi per aparatin e MSHMS,1200000,0,0,1200000
18432,2025,11-2025,001,13,1013001,Aparati Ministrise se Shendetesise dhe Mbrojtjes Sociale (3535),B1,01110,Planifikimi, Menaxhimi dhe Administrimi,231,3535,18BA304,Blerje automjete per institucionet shendetesore,13700000,0,0,13700000
18433,2025,11-2025,001,13,1013001,Aparati Ministrise se Shendetesise dhe Mbrojtjes Sociale (3535),B1,01110,Planifikimi, Menaxhimi dhe Administrimi,230,3535,18BA512,Projekt-preventiv per disa nderhyrje ne ambientet e brendshme te godines se MSHMS,1086960,0,0,1086960
18434,2025,11-2025,001,13,1013001,Aparati Ministrise se Shendetesise dhe Mbrojtjes Sociale (3535),B1,01110,Planifikimi, Menaxhimi dhe Administrimi,231,3535,20AB503,F.V pajisje mobilimi per apartin e MSHMS,2113040,0,0,2113040
18435,2025,11-2025,001,13,1013902,PIU Rehabilitimit te Sisitemit Shendetesor (3535),B3,01110,Planifikimi, Menaxhimi dhe Administrimi,231,3535,M133696,Kosto Lokale  per PIU-n (njesia e zbatimit te projekteve te huaja),3000000,0,0,3000000
18436,2025,11-2025,001,13,1013001,Aparati Ministrise se Shendetesise dhe Mbrojtjes Sociale (3535),B1,07220,Sherbimet e Kujdesit Paresor,231,3535,18BA614,Superv+kolaudim per rikonstruksion i qendrave shendetesore v.2023-2024,120000,0,0,120000
18437,2025,11-2025,001,13,1013001,Aparati Ministrise se Shendetesise dhe Mbrojtjes Sociale (3535),B1,07220,Sherbimet e Kujdesit Paresor,230,3535,18BA617,Projekt preventiva rikonstruksion i  qsh-ve dhe poliklinikave egzistuese si dhe ndertim i objekteve te reja (qsh dhe poliklinika),20000000,0,0,20000000
18438,2025,11-2025,001,13,1013001,Aparati Ministrise se Shendetesise dhe Mbrojtjes Sociale (3535),B1,07220,Sherbimet e Kujdesit Paresor,231,3535,18BA618,Rikonstruksion i  qsh-ve dhe poliklinikave egzistuese si dhe ndertim i objekteve te reja (qsh dhe poliklinika) v.2025-2026,247011225,0,0,247011225
18439,2025,11-2025,001,13,1013001,Aparati Ministrise se Shendetesise dhe Mbrojtjes Sociale (3535),B1,07220,Sherbimet e Kujdesit Paresor,231,3535,18BA619,Supervizion dhe kolaudim rikonstruksion i  qsh-ve dhe poliklinikave egzistuese si dhe ndertim i objekteve te reja (qsh dhe poliklinika) v.2025-2026,1620000,0,0,1620000
18440,2025,11-2025,001,13,1013001,Aparati Ministrise se Shendetesise dhe Mbrojtjes Sociale (3535),B1,07220,Sherbimet e Kujdesit Paresor,231,3535,18BA702,"F.V pajisje mjekesore dhe mobilimi per qendra shendetesore ",4399611,0,0,4399611
18441,2025,11-2025,001,13,1013001,Aparati Ministrise se Shendetesise dhe Mbrojtjes Sociale (3535),B4,07220,Sherbimet e Kujdesit Paresor,231,3535,M130334,TVSH, Detyrime Doganore (Paresori),3513711,0,0,3513711
18442,2025,11-2025,001,13,1013001,Aparati Ministrise se Shendetesise dhe Mbrojtjes Sociale (3535),B4,07220,Sherbimet e Kujdesit Paresor,231,3535,M131944,TVSH& Det . Dog. Per ndertimin e QSh & amb. (Gjysme hena e kuqe),5353000,0,0,5353000
18443,2025,11-2025,001,13,1013001,Aparati Ministrise se Shendetesise dhe Mbrojtjes Sociale (3535),B4,07220,Sherbimet e Kujdesit Paresor,231,3535,M132168,TVSH,7736453,0,0,7736453
18444,2025,11-2025,001,13,1013001,Aparati Ministrise se Shendetesise dhe Mbrojtjes Sociale (3535),B4,07220,Sherbimet e Kujdesit Paresor,231,3535,M133831,TVSH & detyrim doganor per projektin e Cooperacionit Zviceran- Grant,27000000,0,0,27000000
18445,2025,11-2025,001,13,1013059,Spitali Psikiatrik Elbasan (0808),B1,07330,Sherbimet e Kujdesit Dytesor,231,0808,22AC641,Ndertimi i disa godinave te reja per sp.psikiatrik Elbasan,86724466,0,0,86724466
18446,2025,11-2025,001,13,1013059,Spitali Psikiatrik Elbasan (0808),B1,07330,Sherbimet e Kujdesit Dytesor,231,0808,22AC642,Superv+kolaudim per ndertimin e disa godinave te reja per sp.psikiatrik Elbasan,798071,0,0,798071
18447,2025,11-2025,001,13,1013017,Spitali Fier (0909),B1,07330,Sherbimet e Kujdesit Dytesor,231,0909,22AC643,F.V ashensori ne godinen e poliklinikes se spitalit Fier,4455009,0,0,4455009
18448,2025,11-2025,001,13,1013017,Spitali Fier (0909),B1,07330,Sherbimet e Kujdesit Dytesor,231,0909,22AC644,Superv+kolaudim per f.v ashensori ne godinen e poliklinikes se spitalit Fier,544991,0,0,544991
18449,2025,11-2025,001,13,1013018,Spitali Gjirokaster (1111),B1,07330,Sherbimet e Kujdesit Dytesor,231,1111,18BB043,Rikonstruksion i godines qendrore sp.Gjirokaster,138218442,0,0,138218442
18450,2025,11-2025,001,13,1013018,Spitali Gjirokaster (1111),B1,07330,Sherbimet e Kujdesit Dytesor,231,1111,18BB044,Superv+kolaudim per rikonstruksionin e godines qendrore te sp.Gjirokaster,2000000,0,0,2000000
18451,2025,11-2025,001,13,1013019,Spitali Korce (1515),B1,07330,Sherbimet e Kujdesit Dytesor,231,1515,18BB182,F.V Aparature Fibrogastroskpi komplet per sherbimin e patologjise Sp Korce,11000000,0,0,11000000
18452,2025,11-2025,001,13,1013019,Spitali Korce (1515),B1,07330,Sherbimet e Kujdesit Dytesor,231,1515,22AC646,Supervizion+Kolaudim per ndertimin e godines se re multifunksionale te Spitalit Rajonal Korçë,1840000,0,0,1840000
18453,2025,11-2025,001,13,1013050,Materniteti Tirane (3535),B1,07330,Sherbimet e Kujdesit Dytesor,231,3535,18BB045,Rikonstruksion i godinës së vjetër te Neonatologjisë dhe Obstetrikës dhe ndertim e dy godinave te reja ne SUOGJ ¿Mbretëresha Geraldinë¿,42560827,0,0,42560827
18454,2025,11-2025,001,13,1013050,Materniteti Tirane (3535),B1,07330,Sherbimet e Kujdesit Dytesor,231,3535,18BB060,Pajisje per Maternitetin Geraldine,36673759,0,0,36673759
18455,2025,11-2025,001,13,1013001,Aparati Ministrise se Shendetesise dhe Mbrojtjes Sociale (3535),B1,07330,Sherbimet e Kujdesit Dytesor,231,3535,18BB081,Rikonstruksion i godines qendrore sp.Pogradec,40455879,0,0,40455879
18456,2025,11-2025,001,13,1013001,Aparati Ministrise se Shendetesise dhe Mbrojtjes Sociale (3535),B1,07330,Sherbimet e Kujdesit Dytesor,231,3535,18BB082,Superv+kolaudim per rikonstruksionin e godines qendrore sp.Pogradec,900000,0,0,900000
18457,2025,11-2025,001,13,1013001,Aparati Ministrise se Shendetesise dhe Mbrojtjes Sociale (3535),B1,07330,Sherbimet e Kujdesit Dytesor,231,3535,18BB173,Blerje pajisje te teknologjise se larte per spitalet,110000000,0,0,110000000
18458,2025,11-2025,001,13,1013051,Qendra Spitalore Rajonale e Tiranes "Shefqet Ndroqi" (3535),B1,07330,Sherbimet e Kujdesit Dytesor,231,3535,18BB178,F.V aparatura Angiografie per SU Shefqt Ndroqi,80000000,0,0,80000000
18459,2025,11-2025,001,13,1013119,Shërbimi Kombëtar i Urgjencës (3535),B1,07330,Sherbimet e Kujdesit Dytesor,231,3535,18BB181,Blerje autoambulanca per sherbimin e Urgjences per QKUM,180000000,0,0,180000000
18460,2025,11-2025,001,13,1013051,Qendra Spitalore Rajonale e Tiranes "Shefqet Ndroqi" (3535),B1,07330,Sherbimet e Kujdesit Dytesor,231,3535,18BB183,Blerje pajisje mjekesore Aparat Laparoskopie per Kirurgjine Abdominale QSR Shefqet Ndroqi,10000000,0,0,10000000
18461,2025,11-2025,001,13,1013051,Qendra Spitalore Rajonale e Tiranes "Shefqet Ndroqi" (3535),B1,07330,Sherbimet e Kujdesit Dytesor,231,3535,18BB184,Blerje pajisje mjekesore CT Scanner per Shefqet Ndroqi,80000000,0,0,80000000
18462,2025,11-2025,001,13,1013049,Qendra spitalore universitare "Nene Tereza" (3535),B1,07330,Sherbimet e Kujdesit Dytesor,231,3535,18BB185,Blerje pajisje mjekesore CT Scanner per QSUNT,80000000,0,0,80000000
18463,2025,11-2025,001,13,1013049,Qendra spitalore universitare "Nene Tereza" (3535),B1,07330,Sherbimet e Kujdesit Dytesor,231,3535,18BB186,Blerje pajisje per vleresimin morfologjik te pllakes aterosklerotike dhe rendesise funksionale te saj ne QSUT,21000000,0,0,21000000
18464,2025,11-2025,001,13,1013055,Qendra Kombetare e transfuzionit te gjakut (3535),B1,07330,Sherbimet e Kujdesit Dytesor,231,3535,18BB187,F.V platforma automatike per gjenotipizimin e grupeve te gjakut per QKTGJ Tirane,25000000,0,0,25000000
18465,2025,11-2025,001,13,1013049,Qendra spitalore universitare "Nene Tereza" (3535),B1,07330,Sherbimet e Kujdesit Dytesor,231,3535,18BB188,F.V pajisje hotelerie spitalore dhe mobilimi per spitalin e Krdiokirurgjise ne QSUT,23000000,0,0,23000000
18466,2025,11-2025,001,13,1013001,Aparati Ministrise se Shendetesise dhe Mbrojtjes Sociale (3535),B1,07330,Sherbimet e Kujdesit Dytesor,231,3535,18BB189,F.V pajisje per fazen e pare nderhyrjeve ne SUOGJ Mbreteresha Geraldine,100000000,0,0,100000000
18467,2025,11-2025,001,13,1013119,Shërbimi Kombëtar i Urgjencës (3535),B1,07330,Sherbimet e Kujdesit Dytesor,231,3535,20AE102,Ndertim i godines se re te back up te QKUM,80000000,0,0,80000000
18468,2025,11-2025,001,13,1013119,Shërbimi Kombëtar i Urgjencës (3535),B1,07330,Sherbimet e Kujdesit Dytesor,231,3535,20AE103,Superv+kolaudim per ndertimin e godines se re te back up te QKUM,1000000,0,0,1000000
18469,2025,11-2025,001,13,1013119,Shërbimi Kombëtar i Urgjencës (3535),B1,07330,Sherbimet e Kujdesit Dytesor,231,3535,20AE209,F.V pajisje elektronike per njesine e koordinimit te QKUM,13000000,0,0,13000000
18470,2025,11-2025,001,13,1013049,Qendra spitalore universitare "Nene Tereza" (3535),B4,07330,Sherbimet e Kujdesit Dytesor,231,3535,20AE210,,29633853,0,0,29633853
18471,2025,11-2025,001,13,1013001,Aparati Ministrise se Shendetesise dhe Mbrojtjes Sociale (3535),B1,07330,Sherbimet e Kujdesit Dytesor,231,3535,22AC607,Rikonstruksion i godines qendrore sp.Lushnje,80979646,0,0,80979646
18472,2025,11-2025,001,13,1013001,Aparati Ministrise se Shendetesise dhe Mbrojtjes Sociale (3535),B1,07330,Sherbimet e Kujdesit Dytesor,231,3535,22AC608,Superv +kolaudim per rikonstruksionin e god.qendrore sp.Lushnje,980000,0,0,980000
18473,2025,11-2025,001,13,1013050,Materniteti Tirane (3535),B1,07330,Sherbimet e Kujdesit Dytesor,231,3535,22AC621,Rikonstruksion ne Maternitetin nr.1 Tirane faza II,1958997,0,0,1958997
18474,2025,11-2025,001,13,1013050,Materniteti Tirane (3535),B1,07330,Sherbimet e Kujdesit Dytesor,231,3535,22AC622,Supervizion+kolaudim per rikonstruksion ne Maternitetin nr.1 Tirane faza II,1688311,0,0,1688311
18475,2025,11-2025,001,13,1013049,Qendra spitalore universitare "Nene Tereza" (3535),B1,07330,Sherbimet e Kujdesit Dytesor,231,3535,22AC638,Zbatimi I punimeve per pershtatje te ambjenteve per instalimin e akseleratorit te ri ne bunkerin prane njesise se radioterapise ne PAI Onkologjik ne QSUT,23187178,0,0,23187178
18476,2025,11-2025,001,13,1013049,Qendra spitalore universitare "Nene Tereza" (3535),B1,07330,Sherbimet e Kujdesit Dytesor,231,3535,22AC648,Rikonstruksion I godines se djegie - plastikes ne QSUNT,125500534,0,0,125500534
18477,2025,11-2025,001,13,1013049,Qendra spitalore universitare "Nene Tereza" (3535),B1,07330,Sherbimet e Kujdesit Dytesor,231,3535,22AC649,Supervizim + Kolaudim per rikonstruksionin e  godines se djegie - plastikes ne QSUNT,1406000,0,0,1406000
18478,2025,11-2025,001,13,1013051,Qendra Spitalore Rajonale e Tiranes "Shefqet Ndroqi" (3535),B1,07330,Sherbimet e Kujdesit Dytesor,231,3535,22AC650,Rikonstruksion I Qendres Spitalore Rajonale Shefqet Ndroqi, Njesia Kavaje,25000000,0,0,25000000
18479,2025,11-2025,001,13,1013001,Aparati Ministrise se Shendetesise dhe Mbrojtjes Sociale (3535),B1,07330,Sherbimet e Kujdesit Dytesor,231,3535,22AC653,Superv+kolaudim per Rikonstruksionin e disa pavioneve te  sp.Berat,560000,0,0,560000
18480,2025,11-2025,001,13,1013001,Aparati Ministrise se Shendetesise dhe Mbrojtjes Sociale (3535),B1,07330,Sherbimet e Kujdesit Dytesor,231,3535,22AC654,Rikonstruksion i Maternitetit per Spitalin Fier,45000000,0,0,45000000
18481,2025,11-2025,001,13,1013001,Aparati Ministrise se Shendetesise dhe Mbrojtjes Sociale (3535),B1,07330,Sherbimet e Kujdesit Dytesor,231,3535,22AC655,Rikonstruksion i godines se Maternitetit te sp.Shkoder,80648073,0,0,80648073
18482,2025,11-2025,001,13,1013001,Aparati Ministrise se Shendetesise dhe Mbrojtjes Sociale (3535),B1,07330,Sherbimet e Kujdesit Dytesor,231,3535,22AC656,Rikonstruksion i disa pavioneve te sp.Berat,35000000,0,0,35000000
18483,2025,11-2025,001,13,1013001,Aparati Ministrise se Shendetesise dhe Mbrojtjes Sociale (3535),B1,07330,Sherbimet e Kujdesit Dytesor,231,3535,22AC657,Rikontruksion i Sherbimit te Patologjise sp.Vlore,32745668,0,0,32745668
18484,2025,11-2025,001,13,1013001,Aparati Ministrise se Shendetesise dhe Mbrojtjes Sociale (3535),B1,07330,Sherbimet e Kujdesit Dytesor,231,3535,22AC660,Supervizion+Kolaudim për Rikonstruksionin e Maternitetit Fier ne Spitalin Fier,555200,0,0,555200
18485,2025,11-2025,001,13,1013001,Aparati Ministrise se Shendetesise dhe Mbrojtjes Sociale (3535),B1,07330,Sherbimet e Kujdesit Dytesor,231,3535,22AC661,Supervizion+Kolaudim për Rikonstruksionin në Shërbimin e Patologjisë në Spitalin Vlorë,544000,0,0,544000
18486,2025,11-2025,001,13,1013049,Qendra spitalore universitare "Nene Tereza" (3535),B1,07330,Sherbimet e Kujdesit Dytesor,231,3535,22AC662,Rikonstruksion I taraces se spitalit Onkologjik ne QSUT,7943924,0,0,7943924
18487,2025,11-2025,001,13,1013049,Qendra spitalore universitare "Nene Tereza" (3535),B1,07330,Sherbimet e Kujdesit Dytesor,231,3535,22AC663,Supervizion + kolaudim per rikonstruksionin e taraces se spitalit Onkologjik ne QSUT,168000,0,0,168000
18488,2025,11-2025,001,13,1013119,Shërbimi Kombëtar i Urgjencës (3535),B1,07330,Sherbimet e Kujdesit Dytesor,230,3535,22AC664,Rishikim preventivit perfundimtar te goidines se re te back up QKUM, sipasVKM 216, date 13.04.2023,595961,0,0,595961
18489,2025,11-2025,001,13,1013902,PIU Rehabilitimit te Sisitemit Shendetesor (3535),B4,07330,Sherbimet e Kujdesit Dytesor,231,3535,M132168,TVSH,10450000,0,0,10450000
18490,2025,11-2025,001,13,1013902,PIU Rehabilitimit te Sisitemit Shendetesor (3535),B3,07330,Sherbimet e Kujdesit Dytesor,231,3535,M133696,Kosto Lokale  per PIU-n (njesia e zbatimit te projekteve te huaja),15958997,0,0,15958997
18491,2025,11-2025,001,13,1013060,Spitali Psikiatrik Vlore (3737),B1,07330,Sherbimet e Kujdesit Dytesor,231,3737,20AE204,Pajisje per shtepizave te mbeshtetura ne sp.Psikiatrik Vlore,30000000,0,0,30000000
18492,2025,11-2025,001,13,1013060,Spitali Psikiatrik Vlore (3737),B1,07330,Sherbimet e Kujdesit Dytesor,231,3737,22AC625,Rikonstruksioni i shtepizave te mbeshtetura ne sp.Psikiatrik Vlore,66662655,0,0,66662655
18493,2025,11-2025,001,13,1013060,Spitali Psikiatrik Vlore (3737),B1,07330,Sherbimet e Kujdesit Dytesor,231,3737,22AC626,Supervizion per rikonstruksionin e shtepizave te mbeshtetura ne sp.Psikiatrik Vlore,1061959,0,0,1061959
18494,2025,11-2025,001,13,1013060,Spitali Psikiatrik Vlore (3737),B1,07330,Sherbimet e Kujdesit Dytesor,231,3737,22AC627,Kolaudim per rikonstruksionin e shtepizave te mbeshtetura ne sp.Psikiatrik Vlore,50000,0,0,50000
18495,2025,11-2025,001,13,1013060,Spitali Psikiatrik Vlore (3737),B1,07330,Sherbimet e Kujdesit Dytesor,231,3737,22AC647,F.V pajisje teknologjike per pavionin e te semureve kronik - burra ne sp. Psikiatrik Vlore,15411400,0,0,15411400
18496,2025,11-2025,001,13,1013060,Spitali Psikiatrik Vlore (3737),B1,07330,Sherbimet e Kujdesit Dytesor,231,3737,22AC651,Ndertimi I rruges se aksesit midis godinave te spitalit psikiatrik Vlore,4291200,0,0,4291200
18497,2025,11-2025,001,13,1013060,Spitali Psikiatrik Vlore (3737),B1,07330,Sherbimet e Kujdesit Dytesor,231,3737,22AC652,Supervizim + Kolaudim per ndertimin e rruges se aksesit midis godinave te spitalit psikiatrik Vlore,250000,0,0,250000
18498,2025,11-2025,001,13,1013048,Instituti shendetit publik Tirane (3535),B1,07450,Sherbimet e Shendetit Publik,231,3535,18BB509,Ndertim I godines se re te laboratoreve te ISHP,178915530,0,0,178915530
18499,2025,11-2025,001,13,1013048,Instituti shendetit publik Tirane (3535),B1,07450,Sherbimet e Shendetit Publik,231,3535,18BB510,Superv dhe kolaudim per ndertimin  e godines se re te laboratoreve te ISHP,1461261,0,0,1461261
18500,2025,11-2025,001,13,1013048,Instituti shendetit publik Tirane (3535),B1,07450,Sherbimet e Shendetit Publik,231,3535,18BB617,Pajisje kompjuterike per ISHP,477558,0,0,477558
18501,2025,11-2025,001,13,1013048,Instituti shendetit publik Tirane (3535),B1,07450,Sherbimet e Shendetit Publik,231,3535,18BB618,Blerje paisje per Drejtorine e Mbrojtjes nga  Rrezatimeve per ISHP,5000000,0,0,5000000
18502,2025,11-2025,001,13,1013001,Aparati Ministrise se Shendetesise dhe Mbrojtjes Sociale (3535),B1,07450,Sherbimet e Shendetit Publik,231,3535,18BB619,F. V pajisje mjekesore per institucionet shendetesore,95971895,0,0,95971895
18503,2025,11-2025,001,13,1013147,Drejtoria Qendrore e Operatorit të Shërbimeve të Kujdesit Shëndetësor (3535),B1,07450,Sherbimet e Shendetit Publik,231,3535,18BB620,F.V pajisje mobilimi per zyrat e OSHKSH,1083422,0,0,1083422
18504,2025,11-2025,001,13,1013147,Drejtoria Qendrore e Operatorit të Shërbimeve të Kujdesit Shëndetësor (3535),B1,07450,Sherbimet e Shendetit Publik,231,3535,18BB621,F.V pajisje kompjuterike per zyrat e OSHKSH qendrore,1083422,0,0,1083422
18505,2025,11-2025,001,13,1013002,ASHR Tirane (3535),B1,07450,Sherbimet e Shendetit Publik,231,3535,18BB716,Blerje Pajisje per laboratorin NJVKSH Tirane,72900,0,0,72900
18506,2025,11-2025,001,13,1013001,Aparati Ministrise se Shendetesise dhe Mbrojtjes Sociale (3535),B1,07450,Sherbimet e Shendetit Publik,231,3535,18BB802,Sisteme dixhitale per programet shendetesore,12,0,0,12
18507,2025,11-2025,001,13,1013147,Drejtoria Qendrore e Operatorit të Shërbimeve të Kujdesit Shëndetësor (3535),B4,07450,Sherbimet e Shendetit Publik,231,3535,M132168,TVSH,770000,0,0,770000
18508,2025,11-2025,001,13,1013001,Aparati Ministrise se Shendetesise dhe Mbrojtjes Sociale (3535),B1,10430,Perkujdesi Social,231,3535,18BC009,Rikonstruksion i godines shtepia e femijes "Zyber Hallulli" Tirane,4441,0,0,4441
18509,2025,11-2025,001,13,1013001,Aparati Ministrise se Shendetesise dhe Mbrojtjes Sociale (3535),B4,10430,Perkujdesi Social,231,3535,18BC205,TVSH e asistences teknike per projektin "Perfshirja sociale" IPA II,1220000,0,0,1220000
18510,2025,11-2025,001,13,1013141,Administrata Qendrore SHSSH (3535),B1,10430,Perkujdesi Social,231,3535,19AB001,Pajisje per inst e perkujdesit social te blera,4362014,0,0,4362014
18511,2025,11-2025,001,14,1014106,Arkivi Shteteror i Sistemit Gjyqesor (3535),B1,01110,Planifikimi, Menaxhimi dhe Administrimi,231,3535,18AQ403,Pajisje elektronike të blera,1500000,0,0,1500000
18512,2025,11-2025,001,14,1014130,Qendra e parandalimit të Krimeve të të Miturve dhe të rinjve (3535),B1,01110,Planifikimi, Menaxhimi dhe Administrimi,231,3535,18AQ405,Pajisje elektronike te blera per QPKM,300000,0,0,300000
18513,2025,11-2025,001,14,1014106,Arkivi Shteteror i Sistemit Gjyqesor (3535),B1,01110,Planifikimi, Menaxhimi dhe Administrimi,231,3535,18AQ502,Ambiente te rikonstruktuara te Arkives Gjyqesore,1200000,0,0,1200000
18514,2025,11-2025,001,14,1014001,Aparati Ministrise se Drejtesise (3535),B1,01110,Planifikimi, Menaxhimi dhe Administrimi,231,3535,18AQ801,Rikonstruksioni i Institucionit  per edukim dhe rehabilitim te te miturve,1026200000,0,0,1026200000
18515,2025,11-2025,001,14,1014001,Aparati Ministrise se Drejtesise (3535),B4,01110,Planifikimi, Menaxhimi dhe Administrimi,230,3535,21AA001,TVSH-Operacioni Nderkombetar i Monitorimit,2000000,0,0,2000000
18516,2025,11-2025,001,14,1014001,Aparati Ministrise se Drejtesise (3535),B1,01110,Planifikimi, Menaxhimi dhe Administrimi,231,3535,M140058,Pajisje zyre,5100000,0,0,5100000
18517,2025,11-2025,001,14,1014102,Agjencia e Falimentit (3535),B1,01110,Planifikimi, Menaxhimi dhe Administrimi,231,3535,M140303,Blreje pajisje kompjuterike,500000,0,0,500000
18518,2025,11-2025,001,14,1014001,Aparati Ministrise se Drejtesise (3535),B1,01110,Planifikimi, Menaxhimi dhe Administrimi,231,3535,M140312,Blerje pajisje elektronike/informatike,5000000,0,0,5000000
18519,2025,11-2025,001,14,1014045,Qendra e Publikimeve zyrtare (3535),B1,01120,Sherbime te Pergj. Publike,231,3535,M140312,Blerje pajisje elektronike/informatike,5000000,0,0,5000000
18520,2025,11-2025,001,14,1014044,Sherbimi mjeko ligjor (3535),B1,01130,Sherbime te Pergj. Publike I,231,3535,18AR102,Kompjutera dhe Printera,1000000,0,0,1000000
18521,2025,11-2025,001,14,1014044,Sherbimi mjeko ligjor (3535),B1,01130,Sherbime te Pergj. Publike I,231,3535,18AR103,Blerje pajisje autopsie,36890000,0,0,36890000
18522,2025,11-2025,001,14,1014044,Sherbimi mjeko ligjor (3535),B1,01130,Sherbime te Pergj. Publike I,231,3535,18AR201,Rikosntruksion i ambjenteve te brendshme te IML-se,10516000,0,0,10516000
18523,2025,11-2025,001,14,1014044,Sherbimi mjeko ligjor (3535),B1,01130,Sherbime te Pergj. Publike I,231,3535,23AC901,Ndertimi i dhomes frigoriferike kufomambajtese,124594000,0,0,124594000
18524,2025,11-2025,001,14,1014049,Sherbimi per ceshtjet e biresimeve (3535),B1,01160,Sherbime te Pergj. Publike II,231,3535,18AR302,Pajisje elektronike të blera,200000,0,0,200000
18525,2025,11-2025,001,14,1014096,Agjencia e Trajtimit te Pronave (3535),B1,01180,Sherbime te Pergjithshme Publike VI,231,3535,18AR401,Blerje paisje elektronike,3000000,0,0,3000000
18526,2025,11-2025,001,14,1014103,Komiteti i Ndihmes Ligjore (3535),B1,03310,Buxheti Gjyqesor,231,3535,18AR501,Pajisje elektronike dhe zyre,1000000,0,0,1000000
18527,2025,11-2025,001,14,1014103,Komiteti i Ndihmes Ligjore (3535),B1,03310,Buxheti Gjyqesor,231,3535,18AR502,Paisje zyre te blera,1000000,0,0,1000000
18528,2025,11-2025,001,14,1014047,Drejtoria e Pergjithshme e Permbarimit (3535),B1,03350,Sherbimi i Permbarimit Gjyqesor,231,3535,M140334,Blerje automjetesh,5000000,0,0,5000000
18529,2025,11-2025,001,14,1014048,Drejtoria e Pergjithshme e burgjeve (3535),B1,03440,Sistemi i Burgjeve,231,3535,18AR716,Mbikqyrje punimesh per Përmiresimi i kushteve fizike të jetesës, nëpërmjet përmirësimit të përgjithshëm të infrastruktures,3100000,0,0,3100000
18530,2025,11-2025,001,14,1014048,Drejtoria e Pergjithshme e burgjeve (3535),B1,03440,Sistemi i Burgjeve,231,3535,18AR717,Kolaudim i punimeve Përmiresimi i kushteve fizike të jetesës, nëpërmjet përmirësimit të përgjithshëm të infrastruktures,650000,0,0,650000
18531,2025,11-2025,001,14,1014048,Drejtoria e Pergjithshme e burgjeve (3535),B1,03440,Sistemi i Burgjeve,231,3535,18AR904,Sisteme sigurie KME,2713740,0,0,2713740
18532,2025,11-2025,001,14,1014048,Drejtoria e Pergjithshme e burgjeve (3535),B1,03440,Sistemi i Burgjeve,231,3535,22AD602,Ndertimi i IEVP Kukës Hartim, Projektim, Rikonstruksion, Supervizion dhe Kolaudim,140000000,0,0,140000000
18533,2025,11-2025,001,14,1014048,Drejtoria e Pergjithshme e burgjeve (3535),B1,03440,Sistemi i Burgjeve,231,3535,25AC401,Ndërtimi i Poligonit dhe Palestrës multimodale për Forcat Operacionale dhe Speciale të sistemit të Burgjeve,42114600,0,0,42114600
18534,2025,11-2025,001,14,1014048,Drejtoria e Pergjithshme e burgjeve (3535),B1,03440,Sistemi i Burgjeve,231,3535,M140023,Blerje automjete per sistemin e burgjeve,6171660,0,0,6171660
18535,2025,11-2025,001,14,1014048,Drejtoria e Pergjithshme e burgjeve (3535),B1,03440,Sistemi i Burgjeve,230,3535,M140027,Studime projektime,12287000,0,0,12287000
18536,2025,11-2025,001,14,1014048,Drejtoria e Pergjithshme e burgjeve (3535),B1,03440,Sistemi i Burgjeve,231,3535,M140228,Përmiresimi i kushteve fizike të jetesës, nëpërmjet përmirësimit të përgjithshëm të infrastruktures.,261900000,0,0,261900000
18537,2025,11-2025,001,14,1014048,Drejtoria e Pergjithshme e burgjeve (3535),B1,03440,Sistemi i Burgjeve,231,3535,M140299,Pajisje te ndryshme per sistemin e burgjeve,9350000,0,0,9350000
18538,2025,11-2025,001,14,1014100,Drejtoria e Mbikqyrjes se Sherbimit te Proves (3535),B1,03490,Sherbimi i Proves,231,3535,18AS101,Pajisje zyre te blera,200000,0,0,200000
18539,2025,11-2025,001,14,1014100,Drejtoria e Mbikqyrjes se Sherbimit te Proves (3535),B1,03490,Sherbimi i Proves,231,3535,18AS102,Pajisje elektronike te blera,1800000,0,0,1800000
18540,2025,11-2025,001,15,1015003,Agjencia Kombetare e Diaspores (3535),B1,01110,Planifikimi, Menaxhimi dhe Administrimi,230,3535,22AF401,Blerje Data Base per AKD,8000000,0,0,8000000
18541,2025,11-2025,001,15,1015004,Qendra e Studimeve dhe Publikimeve per Arbereshet (3535),B1,01110,Planifikimi, Menaxhimi dhe Administrimi,230,3535,22AF501,Blerje te drejta autori,1000000,0,0,1000000
18542,2025,11-2025,001,15,1015001,Aparati Ministrise se Puneve te Jashtme (3535),B1,01110,Planifikimi, Menaxhimi dhe Administrimi,231,3535,M150001,Blerje pajisje,2000000,0,0,2000000
18543,2025,11-2025,001,15,1015004,Qendra e Studimeve dhe Publikimeve per Arbereshet (3535),B1,01110,Planifikimi, Menaxhimi dhe Administrimi,231,3535,M150001,Blerje pajisje,1000000,0,0,1000000
18544,2025,11-2025,001,15,1015004,Qendra e Studimeve dhe Publikimeve per Arbereshet (3535),B1,01110,Planifikimi, Menaxhimi dhe Administrimi,231,3535,M150019,Blerje pajisje informatike,1000000,0,0,1000000
18545,2025,11-2025,001,15,1015001,Aparati Ministrise se Puneve te Jashtme (3535),B1,01110,Planifikimi, Menaxhimi dhe Administrimi,231,3535,M150026,Blerje pajisje kompjuterike per Aparatin MPJ,3000000,0,0,3000000
18546,2025,11-2025,001,15,1015001,Aparati Ministrise se Puneve te Jashtme (3535),B1,01110,Planifikimi, Menaxhimi dhe Administrimi,231,3535,M150030,Rikonstruksion i ambjenteve të pritjes dhe hollit,22000000,0,0,22000000
18547,2025,11-2025,001,15,1015002,Perfaqsite Diplomatike (3535),B1,01120,Sherbime te Pergj. Publike,231,3535,18AG901,Pajisje zyre te blera,10000000,0,0,10000000
18548,2025,11-2025,001,15,1015002,Perfaqsite Diplomatike (3535),B1,01120,Sherbime te Pergj. Publike,231,3535,18AG903,Automjete të blera për misionet diplomatike,35000000,0,0,35000000
18549,2025,11-2025,001,15,1015002,Perfaqsite Diplomatike (3535),B1,01120,Sherbime te Pergj. Publike,231,3535,M150036,Blerje pajisje kompjuterike,5000000,0,0,5000000
18550,2025,11-2025,001,16,1016110,Agjencia e Mbikëqyrjes Policore (AMP) (3535),B1,01110,Planifikimi, Menaxhimi dhe Administrimi,230,3535,18AS307,Blerje Programi për analizim të dhënash per Sh.Ç.B.A,6601000,0,0,6601000
18551,2025,11-2025,001,16,1016136,Qendra e Koordinimit Kundër Ekstremizmit të Dhunshëm (QKEDH) (3535),B1,01110,Planifikimi, Menaxhimi dhe Administrimi,231,3535,18AS311,Blerje paisje zyre dhe kompjuterike QKEDH,1500000,0,0,1500000
18552,2025,11-2025,001,16,1016130,Inspektoriati Kombetar i Mbrojtjes se Territorit (IKMT) (3535),B1,01110,Planifikimi, Menaxhimi dhe Administrimi,231,3535,18AS403,Blerje mjete transporti IKMT,37736000,0,0,37736000
18553,2025,11-2025,001,16,1016001,Aparati i Ministrise se Brendshme (3535),B1,01110,Planifikimi, Menaxhimi dhe Administrimi,231,3535,M160911,Blerje paisje zyre per Aparatin Ministrise se Puneve te Brendshme,23991000,0,0,23991000
18554,2025,11-2025,001,16,1016110,Agjencia e Mbikëqyrjes Policore (AMP) (3535),B1,01110,Planifikimi, Menaxhimi dhe Administrimi,231,3535,M160913,Blerje paisje zyre dhe pergjimi per SH. Ç. B. A,15950000,0,0,15950000
18555,2025,11-2025,001,16,1016059,Prefektura e qarkut Berat (0202),B1,01160,Sherbime te Pergj. Publike II,231,0202,18AS604,Rikonstruksion zyrash për Prefekturën e qarkut Berat,1000000,0,0,1000000
18556,2025,11-2025,001,16,1016060,Prefektura e qarkut Diber (0606),B1,01160,Sherbime te Pergj. Publike II,231,0606,M160101,Blerje paisje zyre, Prefektura,1000000,0,0,1000000
18557,2025,11-2025,001,16,1016061,Prefektura e qarkut Durres (0707),B1,01160,Sherbime te Pergj. Publike II,231,0707,18AS502,Pajisje zyre të blera për Prefekturën e qarkut Durrës,1000000,0,0,1000000
18558,2025,11-2025,001,16,1016062,Prefektura e qarkut Elbasan (0808),B1,01160,Sherbime te Pergj. Publike II,231,0808,18AS605,Rikonstruksion zyrash për Prefekturën e qarkut Elbasan,1000000,0,0,1000000
18559,2025,11-2025,001,16,1016064,Prefektura e qarkut Fier (0909),B1,01160,Sherbime te Pergj. Publike II,231,0909,18AS503,Pajisje zyre të blera për Prefekturën e qarkut Fier,1000000,0,0,1000000
18560,2025,11-2025,001,16,1016066,Prefektura e qarkut Gjirokaster (1111),B1,01160,Sherbime te Pergj. Publike II,231,1111,18AS504,Pajisje zyre të blera për Prefekturën e qarkut Gjirokastër,1000000,0,0,1000000
18561,2025,11-2025,001,16,1016067,Prefektura e qarkut Korce (1515),B1,01160,Sherbime te Pergj. Publike II,231,1515,18AS506,Pajisje zyre të blera për Prefekturën e qarkut Korçë,1000000,0,0,1000000
18562,2025,11-2025,001,16,1016068,Prefektura e qarkut Kukes (1818),B1,01160,Sherbime te Pergj. Publike II,231,1818,18AS507,Pajisje zyre të blera për Prefekturën e qarkut Kukës,1000000,0,0,1000000
18563,2025,11-2025,001,16,1016070,Prefektura e qarkut Lezhe (2020),B1,01160,Sherbime te Pergj. Publike II,231,2020,18AS508,Pajisje zyre të blera për Prefekturën e qarkut Lezhë,750000,0,0,750000
18564,2025,11-2025,001,16,1016070,Prefektura e qarkut Lezhe (2020),B1,01160,Sherbime te Pergj. Publike II,231,2020,18AS614,Rikonstruksion ambientesh per Prefekturen e qarkut Lezhe ( izolim tarace & pershtatje e hyrejs per personat me aftesi te kufizuara),250000,0,0,250000
18565,2025,11-2025,001,16,1016071,Prefektura e qarkut Shkoder (3333),B1,01160,Sherbime te Pergj. Publike II,231,3333,18AS509,Pajisje zyre të blera për Prefekturën e qarkut Shkodër,1000000,0,0,1000000
18566,2025,11-2025,001,16,1016072,Prefektura e qarkut Tirane (3535),B1,01160,Sherbime te Pergj. Publike II,231,3535,18AS511,Pajisje zyre të blera për Prefekturën e qarkut Tiranë,1000000,0,0,1000000
18567,2025,11-2025,001,16,1016074,Prefektura e qarkut Vlore (3737),B1,01160,Sherbime te Pergj. Publike II,231,3737,18AS513, Pajisje zyre te blera per Prefekturen e qarkut Vlore,1000000,0,0,1000000
18568,2025,11-2025,001,16,1016001,Aparati i Ministrise se Brendshme (3535),B1,01170,Sherbime te Pergjithshme Publike V,231,3535,21AB601,Permiresimi i infrastuktures hardware dhe software te RKGJC,202000000,0,0,202000000
18569,2025,11-2025,001,16,1016023,Drejtoria Vendore e Policise Berat (0202),B1,03140,Policia e Shtetit,231,0202,18AT903,Rikonstruksion  I godines se  DVP Berat,52590000,0,0,52590000
18570,2025,11-2025,001,16,1016023,Drejtoria Vendore e Policise Berat (0202),B1,03140,Policia e Shtetit,231,0202,18AT915,Pagese supervizori per Rikonstruksion te godines se DVP Berat,1192200,0,0,1192200
18571,2025,11-2025,001,16,1016023,Drejtoria Vendore e Policise Berat (0202),B1,03140,Policia e Shtetit,231,0202,18AT916,Pagese Kolaudatori per Rikonstruksion te godines se DVP Berat,251600,0,0,251600
18572,2025,11-2025,001,16,1016026,Drejtoria Vendore e Policise Elbasan (0808),B1,03140,Policia e Shtetit,231,0808,18AT826,Pagese Supervizori per Ndertim Objektesh ne DVP Elbasan,500000,0,0,500000
18573,2025,11-2025,001,16,1016026,Drejtoria Vendore e Policise Elbasan (0808),B1,03140,Policia e Shtetit,231,0808,18AT902,Rikonstruksion  I godines se  DVP Elbasan,91894218,0,0,91894218
18574,2025,11-2025,001,16,1016027,Drejtoria Vendore e Policise Fier (0909),B1,03140,Policia e Shtetit,231,0909,18AT840,Ndërtim i godinës së Postes se Policisë Roskovec,36000000,0,0,36000000
18575,2025,11-2025,001,16,1016027,Drejtoria Vendore e Policise Fier (0909),B1,03140,Policia e Shtetit,231,0909,18AT842,Pagese Supervizori per Ndërtimin e  godinës së Postes se Policisë Roskovec,470453,0,0,470453
18576,2025,11-2025,001,16,1016027,Drejtoria Vendore e Policise Fier (0909),B1,03140,Policia e Shtetit,231,0909,18AT844,Pagese Kolaudatori per Ndërtimin e  godinës së Postes se Policisë Roskovec,74400,0,0,74400
18577,2025,11-2025,001,16,1016056,QFM Teknike Tirane (3535),B4,03140,Policia e Shtetit,231,3535,18AT207,Pagese TVsh-je perPolicine Shkencore, Donacion ( nga Komisioni Europian),5000000,0,0,5000000
18578,2025,11-2025,001,16,1016079,Aparati i Drejtorise se Pergjithshme te policise (3535),B1,03140,Policia e Shtetit,230,3535,18AT708,Studim Projektim (njesite e reja SP Manez, SP Selenice, SP Konispol, KP Maliq dhe KP Ura vajgurore),578000,0,0,578000
18579,2025,11-2025,001,16,1016079,Aparati i Drejtorise se Pergjithshme te policise (3535),B1,03140,Policia e Shtetit,230,3535,18AT713,Studim projektim per Komisariatin e Policise Kurbin,122000,0,0,122000
18580,2025,11-2025,001,16,1016020,Drejtoria Vendore e Policise Tirane (3535),B1,03140,Policia e Shtetit,231,3535,18AT837,Ndertim/Rikonstruksion i godines se Kom Policise Kruje,65513793,0,0,65513793
18581,2025,11-2025,001,16,1016020,Drejtoria Vendore e Policise Tirane (3535),B1,03140,Policia e Shtetit,231,3535,18AT839,Pagese supervizori per Ndertim /rikosntruksionin e godines se Komisariatit te Policise Kruje,910000,0,0,910000
18582,2025,11-2025,001,16,1016079,Aparati i Drejtorise se Pergjithshme te policise (3535),B1,03140,Policia e Shtetit,231,3535,18AT847,Pagese oponence teknike per Ndertim/rikonstruksion e godines se NSH Fier,369880,0,0,369880
18583,2025,11-2025,001,16,1016079,Aparati i Drejtorise se Pergjithshme te policise (3535),B1,03140,Policia e Shtetit,231,3535,18AT848,Pagese oponence teknike per Ndertim/rikonstruksion e godines se Komisariatit Kurbin,208340,0,0,208340
18584,2025,11-2025,001,16,1016056,QFM Teknike Tirane (3535),B1,03140,Policia e Shtetit,231,3535,18AT919,Rikonstruksion i dhomave te shoqerimit ne Kom, e Pol, dhe blloku i sigigurise ne Komisariate , ne KP Lushnje, Tualetet e Aparatit te DPSH etj.,15275564,0,0,15275564
18585,2025,11-2025,001,16,1016079,Aparati i Drejtorise se Pergjithshme te policise (3535),B1,03140,Policia e Shtetit,231,3535,18AT927,Pagese Oponence teknike per Rikonstruksion e godinës së Stacionit te Policisë Patos,77850,0,0,77850
18586,2025,11-2025,001,16,1016056,QFM Teknike Tirane (3535),B1,03140,Policia e Shtetit,231,3535,18AT929,Pagese Supervizori per Rikonstruksioin e dhomave te shoqerimit ne Komisariatet e Policise Tirane dhe ne KP, Lushnje.,150000,0,0,150000
18587,2025,11-2025,001,16,1016056,QFM Teknike Tirane (3535),B1,03140,Policia e Shtetit,231,3535,18AU005,Blerje automjete speciale,107037100,0,0,107037100
18588,2025,11-2025,001,16,1016005,IPQP Tirane (3535),B1,03140,Policia e Shtetit,231,3535,18AU109,Pagese leje ndertimi per Rikonstruksionin e kashuneve te qenve dhe rinovim I klinikes veterinare per projektin e huaj Asistence per autoritetet Shqiptare te AVL,989000,0,0,989000
18589,2025,11-2025,001,16,1016056,QFM Teknike Tirane (3535),B1,03140,Policia e Shtetit,231,3535,18AU110,Pagese leje ndertimi per Rikostruksionin e objektit ekzistues ne QFMT propozuar per Qender Deaktivizimi per projektin e huaj Asistencë për autoritet Shqiptare te AVL,358797,0,0,358797
18590,2025,11-2025,001,16,1016056,QFM Teknike Tirane (3535),B4,03140,Policia e Shtetit,231,3535,18AU111,Pagese Tvsh-je; Asistence per autoritet Shqiptare per te zvogeluar rrezikun e perhapjes dhe keqperdorimit te AVL,1500000,0,0,1500000
18591,2025,11-2025,001,16,1016139,Departamenti per Teknologjine e Informacionit (3535),B1,03140,Policia e Shtetit,231,3535,18AU719,Përmirësimi i sistemit TIMS dhe modulit të kontrollit kufitar,151200000,0,0,151200000
18592,2025,11-2025,001,16,1016139,Departamenti per Teknologjine e Informacionit (3535),B1,03140,Policia e Shtetit,231,3535,18AU720,Përmirësimi i moduleve Menaxhim i Çështjes, salla Operative,139800000,0,0,139800000
18593,2025,11-2025,001,16,1016056,QFM Teknike Tirane (3535),B1,03140,Policia e Shtetit,231,3535,M160220,Fondi i ngrire,75393,0,0,75393
18594,2025,11-2025,001,16,1016056,QFM Teknike Tirane (3535),B4,03140,Policia e Shtetit,231,3535,M160258,Pagese TVSh-SEESAC (Southeastern and Eastern Europe Clearinghouse for Control of Small Arms and Light Veapons - PNUD,5000000,0,0,5000000
18595,2025,11-2025,001,16,1016056,QFM Teknike Tirane (3535),B1,03140,Policia e Shtetit,231,3535,M160800,Blerje pajisje per policine e rendit,343919250,0,0,343919250
18596,2025,11-2025,001,16,1016056,QFM Teknike Tirane (3535),B1,03140,Policia e Shtetit,231,3535,M160809,Pajisje e Orendi zyrash,19362177,0,0,19362177
18597,2025,11-2025,001,16,1016056,QFM Teknike Tirane (3535),B1,03140,Policia e Shtetit,231,3535,M160811,Pajisje speciale per Pol Rrugore,7800000,0,0,7800000
18598,2025,11-2025,001,16,1016056,QFM Teknike Tirane (3535),B1,03140,Policia e Shtetit,231,3535,M160883,Pajisje te blera per Policine Kriminale ( Aplikimi I identifikimit biometrik te personit) LTA.,28672470,0,0,28672470
18599,2025,11-2025,001,16,1016052,Komisariati i Policise Sarande (3731),B1,03140,Policia e Shtetit,231,3731,18AT818,Ndertim/Rikonstruksion per Komisariatin e Policise Sarande,1234515,0,0,1234515
18600,2025,11-2025,001,16,1016004,Garda e Republike Tirane (3535),B1,03150,Garda e Republikes,231,3535,18AV005,Integrimi i sistemeve të sigurisë dhe vëzhgimit me Kamera për ORV dhe infrastrukturën e Gardës së Republikës.,48660000,0,0,48660000
18601,2025,11-2025,001,16,1016004,Garda e Republike Tirane (3535),B1,03150,Garda e Republikes,231,3535,M160861,Blerje e mjeteve të Transportit,95940000,0,0,95940000
18602,2025,11-2025,001,17,1017001,Aparati Ministrise Mbrojtjes  (3535),B1,01110,Planifikimi, Menaxhimi dhe Administrimi,231,3535,20AC701,Permiresimi ne hardware/software dhe ndertime te Dhomave te serverave,357250,0,0,357250
18603,2025,11-2025,001,17,1017001,Aparati Ministrise Mbrojtjes  (3535),B1,01110,Planifikimi, Menaxhimi dhe Administrimi,231,3535,22AG001,Blerje pajisje Tik per MM dhe FA,140400,0,0,140400
18604,2025,11-2025,001,17,1017001,Aparati Ministrise Mbrojtjes  (3535),B1,01110,Planifikimi, Menaxhimi dhe Administrimi,231,3535,23AD701,Blerje Automjeti per Perfaqesite Ushtarake,31382750,0,0,31382750
18605,2025,11-2025,001,17,1017001,Aparati Ministrise Mbrojtjes  (3535),B1,01110,Planifikimi, Menaxhimi dhe Administrimi,231,3535,23AD801,Blerje Pajisjesh  për Zonimin TEMPEST te ambienteve , godinave dhe mburojave,45188000,0,0,45188000
18606,2025,11-2025,001,17,1017001,Aparati Ministrise Mbrojtjes  (3535),B1,01110,Planifikimi, Menaxhimi dhe Administrimi,231,3535,M170228,Sistem Zjarrfikes,600000,0,0,600000
18607,2025,11-2025,001,17,1017001,Aparati Ministrise Mbrojtjes  (3535),B1,01110,Planifikimi, Menaxhimi dhe Administrimi,231,3535,M170487,Rikonstruksion ndertese,9331600,0,0,9331600
18608,2025,11-2025,001,17,1017031,Reparti Ushtarak Nr.2001 Durres (0707),B1,02120,Forcat e Luftimit,231,0707,18AZ038,Dylbi profesional optik dhe per shikimin naten  per repartet e Forces Detare,62211205,0,0,62211205
18609,2025,11-2025,001,17,1017031,Reparti Ushtarak Nr.2001 Durres (0707),B1,02120,Forcat e Luftimit,231,0707,18AZ040,Ndërtimi i mureve përforcuese të komandës së Kepit të Palit (prona 240, godina nr. 34), dhe rikonstruksion I pjeshem I godines. Rikonstruksion I objektit 2 katesh ne Kepin e Palit.,27000000,0,0,27000000
18610,2025,11-2025,001,17,1017031,Reparti Ushtarak Nr.2001 Durres (0707),B1,02120,Forcat e Luftimit,231,0707,18AZ041,Rikonstruksion I godines Nr.1 te KFD (Permiresimi I sitemit te ajrim kondicionimit dhe hidroizolimit, sistemi rrufeprites).,5000000,0,0,5000000
18611,2025,11-2025,001,17,1017031,Reparti Ushtarak Nr.2001 Durres (0707),B1,02120,Forcat e Luftimit,231,0707,18AZ042,Rrethimi I jashtem NR.245 (Kompania e mbeshtetjes, QVD, QNOD (ish KFD)",7080000,0,0,7080000
18612,2025,11-2025,001,17,1017031,Reparti Ushtarak Nr.2001 Durres (0707),B1,02120,Forcat e Luftimit,231,0707,18AZ043,Sisteme Nënujore Autonome për kerkimin e minave detare per operacionet VSWMCM (Aunomous underwater vehicle) dhe pajisje per identifikimin dhe klasifikimin e minave detare, Sonar scanner.,25999315,0,0,25999315
18613,2025,11-2025,001,17,1017009,Reparti Ushtarak Nr.1001 Tirane (3535),B1,02120,Forcat e Luftimit,231,3535,18AY909,Ndertim parku per mjete e blinduara,904640000,0,0,904640000
18614,2025,11-2025,001,17,1017009,Reparti Ushtarak Nr.1001 Tirane (3535),B1,02120,Forcat e Luftimit,231,3535,18AY916,Pajisje te sallave operacionale, ndertesave te reja me orendi dhe sisteme IT-je,70000000,0,0,70000000
18615,2025,11-2025,001,17,1017009,Reparti Ushtarak Nr.1001 Tirane (3535),B1,02120,Forcat e Luftimit,231,3535,18AY918,Ndertim i rrjetit inxhinierik i poligonit kombetar Pajet,108350000,0,0,108350000
18616,2025,11-2025,001,17,1017037,Reparti Ushtarak Nr.3001 Tirane (3535),B1,02120,Forcat e Luftimit,232,3535,18AY921,Krijimi i kapitalit fillestar KAYO,150000000,0,0,150000000
18617,2025,11-2025,001,17,1017009,Reparti Ushtarak Nr.1001 Tirane (3535),B1,02120,Forcat e Luftimit,231,3535,18AY922,Blerje pajisje kompjuterike / IT per kompletimin e strukturave te FT-se,30000000,0,0,30000000
18618,2025,11-2025,001,17,1017037,Reparti Ushtarak Nr.3001 Tirane (3535),B1,02120,Forcat e Luftimit,231,3535,18AZ106,Ndertimi i perimetrit te sigurise ne Bazen Ajrore Kucove / Shpronesime (NATO),16000000,0,0,16000000
18619,2025,11-2025,001,17,1017037,Reparti Ushtarak Nr.3001 Tirane (3535),B1,02120,Forcat e Luftimit,231,3535,18AZ108,Rikonstruksion i Shtepise se Ushtarakeve Kucove,196000000,0,0,196000000
18620,2025,11-2025,001,17,1017037,Reparti Ushtarak Nr.3001 Tirane (3535),B1,02120,Forcat e Luftimit,231,3535,18AZ217,Shpronesime tokash Kucove (Baza Ajrore Kucove),19230000,0,0,19230000
18621,2025,11-2025,001,17,1017037,Reparti Ushtarak Nr.3001 Tirane (3535),B1,02120,Forcat e Luftimit,231,3535,18AZ220,Punime Infrastrukturore Baza Ajrore Kucove,65000000,0,0,65000000
18622,2025,11-2025,001,17,1017037,Reparti Ushtarak Nr.3001 Tirane (3535),B1,02120,Forcat e Luftimit,231,3535,18AZ221,Hangare , mjedise per mirembajtjen riparimit dhe te testimit,116218000,0,0,116218000
18623,2025,11-2025,001,17,1017037,Reparti Ushtarak Nr.3001 Tirane (3535),B1,02120,Forcat e Luftimit,231,3535,18AZ230,Ngritja e shkolles se aviacionit, Vlore,901600000,0,0,901600000
18624,2025,11-2025,001,17,1017037,Reparti Ushtarak Nr.3001 Tirane (3535),B1,02120,Forcat e Luftimit,231,3535,18AZ231,Sistemi I integruar i vezhgimit te hapesires ajrore,640000000,0,0,640000000
18625,2025,11-2025,001,17,1017037,Reparti Ushtarak Nr.3001 Tirane (3535),B1,02120,Forcat e Luftimit,231,3535,18AZ234,Kompletim I sallave operacionale , ndertesave te Forces Ajrore  me orendi dhe pajisje,37000000,0,0,37000000
18626,2025,11-2025,001,17,1017037,Reparti Ushtarak Nr.3001 Tirane (3535),B1,02120,Forcat e Luftimit,231,3535,18AZ237,Blerje e avjoneve me krah Fix Air Traktors shume rolesh,286120000,0,0,286120000
18627,2025,11-2025,001,17,1017009,Reparti Ushtarak Nr.1001 Tirane (3535),B1,02120,Forcat e Luftimit,231,3535,18AZ238,Blerje dronesh,302060000,0,0,302060000
18628,2025,11-2025,001,17,1017037,Reparti Ushtarak Nr.3001 Tirane (3535),B1,02120,Forcat e Luftimit,231,3535,18AZ239,,627000000,0,0,627000000
18629,2025,11-2025,001,17,1017037,Reparti Ushtarak Nr.3001 Tirane (3535),B1,02120,Forcat e Luftimit,231,3535,M170327,Ndërtim hangar mirembajtje per helikopterat, Farke,142228750,0,0,142228750
18630,2025,11-2025,001,17,1017009,Reparti Ushtarak Nr.1001 Tirane (3535),B4,02120,Forcat e Luftimit,231,3535,M170411,TVSH,16000000,0,0,16000000
18631,2025,11-2025,001,17,1017009,Reparti Ushtarak Nr.1001 Tirane (3535),B1,02120,Forcat e Luftimit,231,3535,M170424,ARMATIM I LEHT MUNICION DHE PAISJE E MAKINERI PER FORCAT E ARMATOSURA,4141851730,0,0,4141851730
18632,2025,11-2025,001,17,1017127,Qëndra Ndërinstitucionale Operacionale Detare Durrës (0707),B1,02150,Mbeshtetja e Luftimit,231,0707,18AZ328,Kondicioner zyrash 9-btu,593945,0,0,593945
18633,2025,11-2025,001,17,1017127,Qëndra Ndërinstitucionale Operacionale Detare Durrës (0707),B1,02150,Mbeshtetja e Luftimit,231,0707,18AZ526,Kompjutera desktop QNOD,800000,0,0,800000
18634,2025,11-2025,001,17,1017127,Qëndra Ndërinstitucionale Operacionale Detare Durrës (0707),B1,02150,Mbeshtetja e Luftimit,231,0707,18AZ608,Karrige zyrash me mbeshtetje (QNOD),800000,0,0,800000
18635,2025,11-2025,001,17,1017051,Reparti Ushtarak Nr.4300 Tirane (3535),B1,02150,Mbeshtetja e Luftimit,231,3535,18AZ301,Mjete transporti dhe speciale FA,440787000,0,0,440787000
18636,2025,11-2025,001,17,1017087,Reparti Ushtarak Nr.6001 Tirane (3535),B1,02150,Mbeshtetja e Luftimit,231,3535,18AZ312,Zhvillimi i kapaciteteve O1001, K1002, S1003, S1004, L1005, N1006, N1007,R1008,I1009,M1010,M1011,204500000,0,0,204500000
18637,2025,11-2025,001,17,1017079,Reparti Ushtarak Nr.6010 Tirane (3535),B1,02150,Mbeshtetja e Luftimit,231,3535,18AZ313,"Ngritja e sistemit te informacionit per gjeografine dhe infrastruktures ushtarake ne sherbim te IGJIU",10000000,0,0,10000000
18638,2025,11-2025,001,17,1017122,Reparti Ushtarak nr.6670 Tirane (3535),B1,02150,Mbeshtetja e Luftimit,231,3535,18AZ322,Kompletim i ambjenteve per Zyrat e Rekrutimit ne rrethe,31820000,0,0,31820000
18639,2025,11-2025,001,17,1017079,Reparti Ushtarak Nr.6010 Tirane (3535),B1,02150,Mbeshtetja e Luftimit,231,3535,18AZ324,Abonimi dhe suporti teknik vjetor per setin e programeTeledzne Cartis,per realiyim e hartave detare elektronike ENC dhe harta detare ne leter ne vazdhim te projektit ALNO-HIP.,14446000,0,0,14446000
18640,2025,11-2025,001,17,1017079,Reparti Ushtarak Nr.6010 Tirane (3535),B1,02150,Mbeshtetja e Luftimit,231,3535,18AZ325,Abonimi dhe suporti teknik vjetor per programin SevenCs,per realizimin ekontrollit te saktesise se hartave detare elektronike ENC nevazhdim te projektit ALNO-HIP,1200000,0,0,1200000
18641,2025,11-2025,001,17,1017087,Reparti Ushtarak Nr.6001 Tirane (3535),B1,02150,Mbeshtetja e Luftimit,231,3535,18AZ327,Zhvillimi i kapaciteteve T1012,B1013,R1014,R1015,I1016,N1017,6500000,0,0,6500000
18642,2025,11-2025,001,17,1017079,Reparti Ushtarak Nr.6010 Tirane (3535),B1,02150,Mbeshtetja e Luftimit,231,3535,18AZ334,Blerje, Paisje kompjuterike dhe Kancelarike për Dixhitalizimin dhe Sistemimin e Arkivit,14000000,0,0,14000000
18643,2025,11-2025,001,17,1017087,Reparti Ushtarak Nr.6001 Tirane (3535),B1,02150,Mbeshtetja e Luftimit,231,3535,18AZ335,Zhvillimi i kapaciteteve  Ç1009; M1019; P1020; S1021; P1022; P1023;T1012;Z1024;Z1025;R1014;R1015;I1016,37000000,0,0,37000000
18644,2025,11-2025,001,17,1017153,Qendra e Inovacionit te Sigurise dhe Mbrojtjes (3535),B1,02150,Mbeshtetja e Luftimit,231,3535,18AZ338,Blerje Automjeti transporti per personelin e QISM,4000000,0,0,4000000
18645,2025,11-2025,001,17,1017087,Reparti Ushtarak Nr.6001 Tirane (3535),B1,02150,Mbeshtetja e Luftimit,231,3535,18AZ339,Digjitalizimi I linjes informative te AISM,30000000,0,0,30000000
18646,2025,11-2025,001,17,1017122,Reparti Ushtarak nr.6670 Tirane (3535),B1,02150,Mbeshtetja e Luftimit,231,3535,18AZ413,Përshtatje dhe rikonstruksion ambjentesh per Zyrat e Rekrutimit ne rrethe,3000000,0,0,3000000
18647,2025,11-2025,001,17,1017051,Reparti Ushtarak Nr.4300 Tirane (3535),B1,02150,Mbeshtetja e Luftimit,231,3535,18AZ414,Ndertim objekti shumefunksional per akomodimin e Komandes, Shtabit dhe Kompanise se Mbeshtetjes ne pronen nr.86 C Ferraj Tirane,336280000,0,0,336280000
18648,2025,11-2025,001,17,1017051,Reparti Ushtarak Nr.4300 Tirane (3535),B1,02150,Mbeshtetja e Luftimit,231,3535,18AZ415,Rikonstruksion teresor i nderteses se komandes dhe shtabit te batalionit.(Rep 4007) demtuar nga termeti,rrethimi,sistemi i sigurise, ndertim depo karburanti, rikonstruksion oficine, rikondtruksion parqesh prona nr.149 Peze-Helmes,5744247,0,0,5744247
18649,2025,11-2025,001,17,1017051,Reparti Ushtarak Nr.4300 Tirane (3535),B1,02150,Mbeshtetja e Luftimit,231,3535,18AZ417,Ndertim grup-depo per administrimin e pajisjeve dhe akomodimin e kompanise II te kerkim shpetimit, ne pronen nr.86, Reparti Ushtarak nr.4030, Ferraj, Tirane,283500000,0,0,283500000
18650,2025,11-2025,001,17,1017051,Reparti Ushtarak Nr.4300 Tirane (3535),B1,02150,Mbeshtetja e Luftimit,231,3535,18AZ419,Rikonstruksion deposh,godina 1 kateshe,truproje,rrethim pjesor,sistem sigurie grup depo mengel prona nr.318,319 mengel,43564000,0,0,43564000
18651,2025,11-2025,001,17,1017131,Rep.Usht.Nr.6604, Qendra e Menaxhimit të Materialeve dhe Laboratori Qendror i FA (3535),B1,02150,Mbeshtetja e Luftimit,231,3535,18AZ427,Godine 2K(Mbulim me cati,rikonstruksion I nyjeve higjeno-sanitare),3000000,0,0,3000000
18652,2025,11-2025,001,17,1017090,Reparti Ushtarak Nr.6620 Tirane (3535),B1,02150,Mbeshtetja e Luftimit,231,3535,18AZ429,Rikonstruksion godine 3-K, zyra e PU, Berat,6193000,0,0,6193000
18653,2025,11-2025,001,17,1017122,Reparti Ushtarak nr.6670 Tirane (3535),B1,02150,Mbeshtetja e Luftimit,231,3535,18AZ430,Rikonstruksion i objektit Qendra e pesonel Rekrutim Godina nr.35 .,84597690,0,0,84597690
18654,2025,11-2025,001,17,1017051,Reparti Ushtarak Nr.4300 Tirane (3535),B1,02150,Mbeshtetja e Luftimit,231,3535,18AZ434,Ndertim Objekti I perkohshem (Portativ )Element I Mbështetjes Kombëtare ne kazermen Film City  Prishtinë, Kosove,20000000,0,0,20000000
18655,2025,11-2025,001,17,1017088,Reparti Ushtarak Nr.6640 Tirane (3535),B1,02150,Mbeshtetja e Luftimit,231,3535,18AZ502,Ndërtimin e sistemit të Telefonise VoIP & VTC n ë FA(Radiorele Digitale) + FD,2444625,0,0,2444625
18656,2025,11-2025,001,17,1017088,Reparti Ushtarak Nr.6640 Tirane (3535),B1,02150,Mbeshtetja e Luftimit,231,3535,18AZ505,Licenca dhe programe softeurike per FA,48739375,0,0,48739375
18657,2025,11-2025,001,17,1017088,Reparti Ushtarak Nr.6640 Tirane (3535),B1,02150,Mbeshtetja e Luftimit,231,3535,18AZ507,Ndertim/zgjerim i rrjetit te fibres Optike ne FA,27500000,0,0,27500000
18658,2025,11-2025,001,17,1017088,Reparti Ushtarak Nr.6640 Tirane (3535),B1,02150,Mbeshtetja e Luftimit,231,3535,18AZ508,Ndertimi i sistemit te trasmetimit shumekanalesh me vale FD,9696000,0,0,9696000
18659,2025,11-2025,001,17,1017122,Reparti Ushtarak nr.6670 Tirane (3535),B1,02150,Mbeshtetja e Luftimit,231,3535,18AZ519,Blerje e pajisjeve Similatore,1000000,0,0,1000000
18660,2025,11-2025,001,17,1017085,Reparti Ushtarak Nr.6660 Tirane (3535),B1,02150,Mbeshtetja e Luftimit,231,3535,18AZ522,Blerje pajisje vegla muzikore per OSFA - ne,15000000,0,0,15000000
18661,2025,11-2025,001,17,1017088,Reparti Ushtarak Nr.6640 Tirane (3535),B1,02150,Mbeshtetja e Luftimit,231,3535,18AZ527,Blerje Pajisje per permiresimin e Kapaciteteve Operacionale dhe Sigurise te Rrjeteve Kompjuterike te Forcave të Armatosura,130000000,0,0,130000000
18662,2025,11-2025,001,17,1017153,Qendra e Inovacionit te Sigurise dhe Mbrojtjes (3535),B1,02150,Mbeshtetja e Luftimit,231,3535,18AZ528,Blerje e kompjuterave Laptop profesionale per stafin e QISM,3000000,0,0,3000000
18663,2025,11-2025,001,17,1017088,Reparti Ushtarak Nr.6640 Tirane (3535),B1,02150,Mbeshtetja e Luftimit,231,3535,18AZ529,Blerje pajisje per sistemin BICES,12000000,0,0,12000000
18664,2025,11-2025,001,17,1017088,Reparti Ushtarak Nr.6640 Tirane (3535),B1,02150,Mbeshtetja e Luftimit,231,3535,18AZ530,,20000000,0,0,20000000
18665,2025,11-2025,001,17,1017051,Reparti Ushtarak Nr.4300 Tirane (3535),B1,02150,Mbeshtetja e Luftimit,231,3535,18AZ603,Kompletimi me pajisje e orendi (tavolina,karrige,rafte etj) per FA,60000000,0,0,60000000
18666,2025,11-2025,001,17,1017145,Kolegji i Mbrojtjes dhe Sigurisë (3535),B1,02150,Mbeshtetja e Luftimit,231,3535,18AZ609,Kompletimi me Smart Bord te Klasave te KMS (Tabela interaktive min 86"),2160000,0,0,2160000
18667,2025,11-2025,001,17,1017145,Kolegji i Mbrojtjes dhe Sigurisë (3535),B1,02150,Mbeshtetja e Luftimit,231,3535,18AZ610,Blerje pajisjesh per TIK (Teknologjin dhe Informacionin KMS),7813000,0,0,7813000
18668,2025,11-2025,001,17,1017126,Agjensia e Kontrollit Shteteror te Eksporteve (AKSHE) (3535),B1,02150,Mbeshtetja e Luftimit,231,3535,18AZ611,,1055000,0,0,1055000
18669,2025,11-2025,001,17,1017089,Reparti Ushtarak Nr.4401 Tirane (3535),B1,02150,Mbeshtetja e Luftimit,231,3535,18CI405,Rikonstruksion i godinave te demtuara nga termeti prona 231 ne SHPU Durres Vila nr.1 dhe nr.2(seksioni i vjeter) nr.4 dhe nr.8,29457076,0,0,29457076
18670,2025,11-2025,001,17,1017089,Reparti Ushtarak Nr.4401 Tirane (3535),B1,02150,Mbeshtetja e Luftimit,231,3535,18CI408,Pajisje hotelerie per SHPU Jale, Durre , Pogradec dhe Vlore,7153200,0,0,7153200
18671,2025,11-2025,001,17,1017089,Reparti Ushtarak Nr.4401 Tirane (3535),B1,02150,Mbeshtetja e Luftimit,231,3535,18CI409,Sistemim infrastruktures + Postoblloku nr.4 + Tranazhim i fushes se futbollit ne Garnizonin Skenderbej,130742842,0,0,130742842
18672,2025,11-2025,001,17,1017089,Reparti Ushtarak Nr.4401 Tirane (3535),B1,02150,Mbeshtetja e Luftimit,231,3535,18CI502,Paisje me elementet e sistemit te sigurise elektronike ne Rep.Usht.Nr.6630 Garnizoni Skenderbej , OFFA dhe SHPU,1000000,0,0,1000000
18673,2025,11-2025,001,17,1017079,Reparti Ushtarak Nr.6010 Tirane (3535),B1,02150,Mbeshtetja e Luftimit,230,3535,M170237,Studime e projektime (Art.230),136837000,0,0,136837000
18674,2025,11-2025,001,17,1017079,Reparti Ushtarak Nr.6010 Tirane (3535),B1,02150,Mbeshtetja e Luftimit,231,3535,M170362,Blerje Droni,7000000,0,0,7000000
18675,2025,11-2025,001,17,1017051,Reparti Ushtarak Nr.4300 Tirane (3535),B4,02150,Mbeshtetja e Luftimit,231,3535,M170411,TVSH,5000000,0,0,5000000
18676,2025,11-2025,001,17,1017138,Spitali Universitar i Traumes (3535),B1,07340,Mbeshtetje per Shendetesine,231,3535,18AZ813,Rikonstruksion Administrata  e SUT,261000000,0,0,261000000
18677,2025,11-2025,001,17,1017138,Spitali Universitar i Traumes (3535),B1,07340,Mbeshtetje per Shendetesine,231,3535,18AZ817,Blerje Pajisje Mjeksore,60000000,0,0,60000000
18678,2025,11-2025,001,17,1017081,Reparti Ushtarak Nr.5001 Tirane (3535),B1,09430,Arsimi Ushtarak,231,3535,19AC403,Ndertimi i godines se re te AFA, (Prona.21),180719902,0,0,180719902
18679,2025,11-2025,001,17,1017081,Reparti Ushtarak Nr.5001 Tirane (3535),B1,09430,Arsimi Ushtarak,231,3535,19AC406,Blerje licenca VBS3 dhe 15 laptop per VBS3 (MTT),65837995,0,0,65837995
18680,2025,11-2025,001,17,1017081,Reparti Ushtarak Nr.5001 Tirane (3535),B1,09430,Arsimi Ushtarak,231,3535,23AD902,Arredimi I Ambjenteve te brendshme te godinave (fakultet dhe Mense-Kuzhine te Kampusit te Ri te AFA),122023103,0,0,122023103
18681,2025,11-2025,001,17,1017081,Reparti Ushtarak Nr.5001 Tirane (3535),B1,09430,Arsimi Ushtarak,231,3535,23AD903,Kompletimi me pajisje informatike dhe teknologjike te dy godinave te masterplanit (fakultetit dhe menses) TIK,20000000,0,0,20000000
18682,2025,11-2025,001,17,1017081,Reparti Ushtarak Nr.5001 Tirane (3535),B1,09430,Arsimi Ushtarak,231,3535,23AD904,Pasurimi me literature te bibliotekes se AFAsje pajisje dhe orendi te dy godinave te masterplanit (fakultetit dhe menses),1060000,0,0,1060000
18683,2025,11-2025,001,17,1017081,Reparti Ushtarak Nr.5001 Tirane (3535),B1,09430,Arsimi Ushtarak,231,3535,24AJ801,Ndertim I kabines elektrike - Masterplan AFA,17390000,0,0,17390000
18684,2025,11-2025,001,17,1017081,Reparti Ushtarak Nr.5001 Tirane (3535),B1,09430,Arsimi Ushtarak,231,3535,25AC201,Veshje me sistem kapote per objektet e QAPU, Bunavi - Vlore,55000000,0,0,55000000
18685,2025,11-2025,001,17,1017142,Agjencia Kombëtare e Mbrojtjes Civile (3535),B1,10910,Emergjencat Civile,231,3535,18AZ905,Parandalimi dhe menaxhimi i fatkeqesive natyrore,66394,0,0,66394
18686,2025,11-2025,001,17,1017139,Drejtoria e Përgjithshme e Emergjencave Civile/Rezervat e Shtetit  (3535),B1,10910,Emergjencat Civile,231,3535,18BA101,Blerje pajisje kompjuterike dhe fotokopje,7000000,0,0,7000000
18687,2025,11-2025,001,17,1017139,Drejtoria e Përgjithshme e Emergjencave Civile/Rezervat e Shtetit  (3535),B1,10910,Emergjencat Civile,231,3535,18BA105,Cadra strehimi,63300000,0,0,63300000
18688,2025,11-2025,001,17,1017142,Agjencia Kombëtare e Mbrojtjes Civile (3535),B1,10910,Emergjencat Civile,231,3535,20AD002,Blerje mjete speciale per  AKMC,20217000,0,0,20217000
18689,2025,11-2025,001,17,1017142,Agjencia Kombëtare e Mbrojtjes Civile (3535),B1,10910,Emergjencat Civile,231,3535,20AD106,Robot nenujor per AKMC,5440000,0,0,5440000
18690,2025,11-2025,001,17,1017139,Drejtoria e Përgjithshme e Emergjencave Civile/Rezervat e Shtetit  (3535),B1,10910,Emergjencat Civile,231,3535,21AD301,Ushqimi per bageti,4100000,0,0,4100000
18691,2025,11-2025,001,17,1017142,Agjencia Kombëtare e Mbrojtjes Civile (3535),B1,10910,Emergjencat Civile,231,3535,21AD501,Ndertim I stacioneve Hidro-meteorologjike,11436000,0,0,11436000
18692,2025,11-2025,001,17,1017142,Agjencia Kombëtare e Mbrojtjes Civile (3535),B1,10910,Emergjencat Civile,231,3535,22AG103,Bashkefinancim me projektet e huaja Flood North Albania,355617,0,0,355617
18693,2025,11-2025,001,17,1017142,Agjencia Kombëtare e Mbrojtjes Civile (3535),B3,10910,Emergjencat Civile,231,3535,22AG103,Bashkefinancim me projektet e huaja Flood North Albania,7131383,0,0,7131383
18694,2025,11-2025,001,17,1017142,Agjencia Kombëtare e Mbrojtjes Civile (3535),B1,10910,Emergjencat Civile,231,3535,22AG104,Bashkefinancim me projektet e huaja Local Drm,1999608,0,0,1999608
18695,2025,11-2025,001,17,1017142,Agjencia Kombëtare e Mbrojtjes Civile (3535),B3,10910,Emergjencat Civile,231,3535,22AG104,Bashkefinancim me projektet e huaja Local Drm,2093392,0,0,2093392
18696,2025,11-2025,001,17,1017142,Agjencia Kombëtare e Mbrojtjes Civile (3535),B3,10910,Emergjencat Civile,231,3535,22AG105,Bashkefinancim me projektet e huaja Sa Resilience,12365000,0,0,12365000
18697,2025,11-2025,001,17,1017142,Agjencia Kombëtare e Mbrojtjes Civile (3535),B3,10910,Emergjencat Civile,231,3535,24AK001,Bashkefinancim me projekt I huaj EMERGE,280000,0,0,280000
18698,2025,11-2025,001,17,1017142,Agjencia Kombëtare e Mbrojtjes Civile (3535),B1,10910,Emergjencat Civile,231,3535,25AC101,Investim per zyrat e QMC-ve ne MM,10000000,0,0,10000000
18699,2025,11-2025,001,17,1017139,Drejtoria e Përgjithshme e Emergjencave Civile/Rezervat e Shtetit  (3535),B1,10910,Emergjencat Civile,231,3535,M170312,Blerje pajisje zyre dhe kompjuterike,3000000,0,0,3000000
18700,2025,11-2025,001,17,1017142,Agjencia Kombëtare e Mbrojtjes Civile (3535),B1,10910,Emergjencat Civile,231,3535,M170411,TVSH,3348400,0,0,3348400
18701,2025,11-2025,001,17,1017142,Agjencia Kombëtare e Mbrojtjes Civile (3535),B4,10910,Emergjencat Civile,231,3535,M170411,TVSH,31651600,0,0,31651600
18702,2025,11-2025,001,17,1017139,Drejtoria e Përgjithshme e Emergjencave Civile/Rezervat e Shtetit  (3535),B1,10910,Emergjencat Civile,231,3535,M170521,Mallra Rezerve Shteti Ushqimore,15000000,0,0,15000000
18703,2025,11-2025,001,17,1017139,Drejtoria e Përgjithshme e Emergjencave Civile/Rezervat e Shtetit  (3535),B1,10910,Emergjencat Civile,231,3535,M170528,Mallra rezerve shteti industrial,20000000,0,0,20000000
18704,2025,11-2025,001,18,1018006,Drejtoria e SHIK Durres (0707),B1,03520,Veprimtaria Informative Shteterore,231,0707,18AG409,Rikonstruksion I godines se SHISH Durres,30728000,0,0,30728000
18705,2025,11-2025,001,18,1018001,Aparati Qendror i SHIKUT (3535),B1,03520,Veprimtaria Informative Shteterore,231,3535,18AG310,,555530000,0,0,555530000
18706,2025,11-2025,001,18,1018001,Aparati Qendror i SHIKUT (3535),B1,03520,Veprimtaria Informative Shteterore,231,3535,M180017,Blerje pajisjesh zyrash,1200000,0,0,1200000
18707,2025,11-2025,001,18,1018001,Aparati Qendror i SHIKUT (3535),B1,03520,Veprimtaria Informative Shteterore,231,3535,M180043,Pajisje dhe instalim I kondicionereve,1200000,0,0,1200000
18708,2025,11-2025,001,18,1018001,Aparati Qendror i SHIKUT (3535),B1,03520,Veprimtaria Informative Shteterore,231,3535,M180044,Pajisje teknike, vegla pune,5131000,0,0,5131000
18709,2025,11-2025,001,18,1018001,Aparati Qendror i SHIKUT (3535),B1,03520,Veprimtaria Informative Shteterore,231,3535,M180046,Pajisje Kompjuterike, ups etj,87741000,0,0,87741000
18710,2025,11-2025,001,19,1019001,Aparati Drejt.Pergj.RTSH (3535),B1,08520,Projekte teknike per futjen e tekno. te reja,231,3535,18AA002,Realizimi i transmetimeve të kampionateve te futbollit shqiptar,18038454,0,0,18038454
18711,2025,11-2025,001,19,1019001,Aparati Drejt.Pergj.RTSH (3535),B1,08520,Projekte teknike per futjen e tekno. te reja,231,3535,18AA003,Rinovimi i infrastrukturës i regjive TV,45684811,0,0,45684811
18712,2025,11-2025,001,19,1019001,Aparati Drejt.Pergj.RTSH (3535),B1,08520,Projekte teknike per futjen e tekno. te reja,231,3535,18AA004,Rinovim i komponenteve te HeadEnd (UPS),7512920,0,0,7512920
18713,2025,11-2025,001,19,1019001,Aparati Drejt.Pergj.RTSH (3535),B1,08520,Projekte teknike per futjen e tekno. te reja,231,3535,18AA005,Rinovimi i Infrastrukturës i regjive TV 2,9564225,0,0,9564225
18714,2025,11-2025,001,19,1019001,Aparati Drejt.Pergj.RTSH (3535),B1,08520,Projekte teknike per futjen e tekno. te reja,231,3535,23AC401,Rinovimi i AAteliese,19199590,0,0,19199590
18715,2025,11-2025,001,20,1020001,Drejtoria e Arkivave Shtetit (3535),B1,01110,Planifikimi, Menaxhimi dhe Administrimi,231,3535,18AI307,Mbikqyrja e rikonstruksionit te objekteve te ASHV-ve,350000,0,0,350000
18716,2025,11-2025,001,20,1020001,Drejtoria e Arkivave Shtetit (3535),B1,01110,Planifikimi, Menaxhimi dhe Administrimi,231,3535,18AI312,Muzealizimi dhe mbrojtja nga zjarri per Muzeun e Arkivave,30000000,0,0,30000000
18717,2025,11-2025,001,20,1020001,Drejtoria e Arkivave Shtetit (3535),B1,01110,Planifikimi, Menaxhimi dhe Administrimi,231,3535,18AI313,Studio audiovizive,1200000,0,0,1200000
18718,2025,11-2025,001,20,1020001,Drejtoria e Arkivave Shtetit (3535),B1,01110,Planifikimi, Menaxhimi dhe Administrimi,231,3535,18AI314,Rikonstruksion i pjesshem i ndertesave te DPA,3210000,0,0,3210000
18719,2025,11-2025,001,20,1020001,Drejtoria e Arkivave Shtetit (3535),B1,01110,Planifikimi, Menaxhimi dhe Administrimi,231,3535,18AI406,Mobilim me pajisje zyre,914400,0,0,914400
18720,2025,11-2025,001,20,1020001,Drejtoria e Arkivave Shtetit (3535),B1,01110,Planifikimi, Menaxhimi dhe Administrimi,231,3535,18AI414,Blerje pajisje kondicioneresh,1200000,0,0,1200000
18721,2025,11-2025,001,20,1020001,Drejtoria e Arkivave Shtetit (3535),B1,01110,Planifikimi, Menaxhimi dhe Administrimi,231,3535,18AI417,Blerje orendish dhe pajisje per Muzeun Arkivor,959999,0,0,959999
18722,2025,11-2025,001,20,1020001,Drejtoria e Arkivave Shtetit (3535),B1,01110,Planifikimi, Menaxhimi dhe Administrimi,231,3535,18AI418,Pajisje ndihmese arkivore,1100000,0,0,1100000
18723,2025,11-2025,001,20,1020001,Drejtoria e Arkivave Shtetit (3535),B1,01110,Planifikimi, Menaxhimi dhe Administrimi,231,3535,18CF403,Blerje kompjutera e laptop,1200000,0,0,1200000
18724,2025,11-2025,001,20,1020001,Drejtoria e Arkivave Shtetit (3535),B1,01110,Planifikimi, Menaxhimi dhe Administrimi,231,3535,M200025,Blerje rafte metalike,20376921,0,0,20376921
18725,2025,11-2025,001,20,1020001,Drejtoria e Arkivave Shtetit (3535),B1,01110,Planifikimi, Menaxhimi dhe Administrimi,231,3535,M200039,Ndertim Godine Vendruajtje e re ne Shkoze ( faza e pare),49488680,0,0,49488680
18726,2025,11-2025,001,22,1022001,Aparati i Akademise (3535),B1,01520,Veprimtaria Akademike,231,3535,18AF301,Blerje pajisje,5500000,0,0,5500000
18727,2025,11-2025,001,22,1022001,Aparati i Akademise (3535),B1,01520,Veprimtaria Akademike,231,3535,24AJ001,Pajisje laboratorike per qendra kerkimore shkencore,4500000,0,0,4500000
18728,2025,11-2025,001,22,1022001,Aparati i Akademise (3535),B1,01520,Veprimtaria Akademike,231,3535,25AC601,Pajisje per Laboratoret e Albanologjise,9096144,0,0,9096144
18729,2025,11-2025,001,22,1022001,Aparati i Akademise (3535),B1,01520,Veprimtaria Akademike,231,3535,25AC701,Kompletimi i arkivave, fondeve dhe magazinave me rafte murale,903856,0,0,903856
18730,2025,11-2025,001,24,1024001,Kontrolli i Larte i Shtetit (3535),B1,01120,Sherbime te Pergj. Publike,231,3535,M240002,Blerje Autovetura,3870000,0,0,3870000
18731,2025,11-2025,001,24,1024001,Kontrolli i Larte i Shtetit (3535),B1,01120,Sherbime te Pergj. Publike,231,3535,M240003,Rikonstruksion Godine,3130000,0,0,3130000
18732,2025,11-2025,001,24,1024001,Kontrolli i Larte i Shtetit (3535),B1,01120,Sherbime te Pergj. Publike,231,3535,M240009,Blerje pajisje kompjuterike,7000000,0,0,7000000
18733,2025,11-2025,001,24,1024001,Kontrolli i Larte i Shtetit (3535),B1,01120,Sherbime te Pergj. Publike,231,3535,M240010,Pajise të ndryshme zyre,1000000,0,0,1000000
18734,2025,11-2025,001,26,1026001,Aparati i Ministrise se Turizmit dhe Mjedisit (3535),B1,01110,Planifikimi, Menaxhimi dhe Administrimi,231,3535,18AV402,Pajisje TIK,3000000,0,0,3000000
18735,2025,11-2025,001,26,1026001,Aparati i Ministrise se Turizmit dhe Mjedisit (3535),B1,01110,Planifikimi, Menaxhimi dhe Administrimi,231,3535,M260001,Orendi paisje,1000000,0,0,1000000
18736,2025,11-2025,001,26,1026001,Aparati i Ministrise se Turizmit dhe Mjedisit (3535),B1,04260,Administrimi i Pyjeve,231,3535,18BE611,Ngritja e infrastruktures turistike me theks tek ajo ujore-EKO-PARK ULZA,261985000,0,0,261985000
18737,2025,11-2025,001,26,1026001,Aparati i Ministrise se Turizmit dhe Mjedisit (3535),B1,04260,Administrimi i Pyjeve,231,3535,18BE615,Hartim Projekti "Qendra Multifunksionale ne Luginen e Vjoses",341000000,0,0,341000000
18738,2025,11-2025,001,26,1026090,Agjensia Kombetare e Bregdetit (3535),B3,04760,Zhvillimi i Turizmit,231,3535,18BE912,B-VISA 2030,705000,0,0,705000
18739,2025,11-2025,001,26,1026060,Agjensia e Mjedisit dhe Pyjeve (3535),B1,05320,Programe per mbrojtjen e Mjedisit,231,3535,18AV402,Pajisje TIK,2000000,0,0,2000000
18740,2025,11-2025,001,26,1026001,Aparati i Ministrise se Turizmit dhe Mjedisit (3535),B3,05320,Programe per mbrojtjen e Mjedisit,231,3535,18BG704,Ekonomia qarkulluese IPA 3,24045000,0,0,24045000
18741,2025,11-2025,001,26,1026001,Aparati i Ministrise se Turizmit dhe Mjedisit (3535),B4,05320,Programe per mbrojtjen e Mjedisit,231,3535,18BG707,Ekonomia qarkulluese per zhvillimin e qendrueshem urban ne Shqiperi/GIZ,30500000,0,0,30500000
18742,2025,11-2025,001,26,1026001,Aparati i Ministrise se Turizmit dhe Mjedisit (3535),B4,05320,Programe per mbrojtjen e Mjedisit,231,3535,18BG708,Mbeshtetje per programin e mjedisit,3500000,0,0,3500000
18743,2025,11-2025,001,26,1026001,Aparati i Ministrise se Turizmit dhe Mjedisit (3535),B3,05320,Programe per mbrojtjen e Mjedisit,231,3535,18BG709,Same Sea,1000000,0,0,1000000
18744,2025,11-2025,001,26,1026001,Aparati i Ministrise se Turizmit dhe Mjedisit (3535),B4,05320,Programe per mbrojtjen e Mjedisit,231,3535,18BH101,Sistem i ngritur per parandalimin e mbetjeve detare,6125000,0,0,6125000
18745,2025,11-2025,001,26,1026001,Aparati i Ministrise se Turizmit dhe Mjedisit (3535),B4,05320,Programe per mbrojtjen e Mjedisit,231,3535,18BH301,Raporte perfomance te hartuara,3000000,0,0,3000000
18746,2025,11-2025,001,26,1026001,Aparati i Ministrise se Turizmit dhe Mjedisit (3535),B4,05320,Programe per mbrojtjen e Mjedisit,231,3535,18BH302,TVSH - Projekti "Ndarja ne burim e mbetjeve shtepiake ne Bashkine Berat",7000000,0,0,7000000
18747,2025,11-2025,001,26,1026001,Aparati i Ministrise se Turizmit dhe Mjedisit (3535),B3,05320,Programe per mbrojtjen e Mjedisit,231,3535,18CH902,SA Creativity,800000,0,0,800000
18748,2025,11-2025,001,26,1026001,Aparati i Ministrise se Turizmit dhe Mjedisit (3535),B4,05320,Programe per mbrojtjen e Mjedisit,231,3535,18CH902,SA Creativity,4000000,0,0,4000000
18749,2025,11-2025,001,26,1026001,Aparati i Ministrise se Turizmit dhe Mjedisit (3535),B4,05320,Programe per mbrojtjen e Mjedisit,231,3535,M260248,TVSH Projekti i zonës biosferike të parkut kombëtar të Prespës,8030000,0,0,8030000
18750,2025,11-2025,001,26,1026096,Agjencia Kombëtare e Ekonomisë së Mbetjeve (3535),B1,06220,Menaxhimi i Mbetjeve Urbane,231,3535,18AV402,Pajisje TIK,3000000,0,0,3000000
18751,2025,11-2025,001,26,1026096,Agjencia Kombëtare e Ekonomisë së Mbetjeve (3535),B1,06220,Menaxhimi i Mbetjeve Urbane,231,3535,18BE207,Mbyllja e vendepozitimit ekzistues te mbetjeve te ngurta EKO - Park, Durres,24921329,0,0,24921329
18752,2025,11-2025,001,26,1026096,Agjencia Kombëtare e Ekonomisë së Mbetjeve (3535),B4,06220,Menaxhimi i Mbetjeve Urbane,231,3535,18BE315,Mbeshtetje per zbatimin e MasterPlanit e Menaxhimit te Ngurta 2,18342940,0,0,18342940
18753,2025,11-2025,001,26,1026096,Agjencia Kombëtare e Ekonomisë së Mbetjeve (3535),B1,06220,Menaxhimi i Mbetjeve Urbane,230,3535,25AB801,Hartim projekti-Sherbim konsulence per dizenjim dhe zbatim te investimeve ne zonen e mbetjeve Elbasan,96585398,0,0,96585398
18754,2025,11-2025,001,26,1026096,Agjencia Kombëtare e Ekonomisë së Mbetjeve (3535),B1,06220,Menaxhimi i Mbetjeve Urbane,230,3535,25AB802,Hartim projekti-Sherbim konsulence per dizenjim dhe zbatim te investimeve ne zonen e mbetjeve Fier,93268273,0,0,93268273
18755,2025,11-2025,001,26,1026096,Agjencia Kombëtare e Ekonomisë së Mbetjeve (3535),B4,06220,Menaxhimi i Mbetjeve Urbane,231,3535,M063998,TVSH per Sistemii menaxhimit te mbetjeve te ngurta ne Qarkun e Vlores,34357323,0,0,34357323
18756,2025,11-2025,001,26,1026096,Agjencia Kombëtare e Ekonomisë së Mbetjeve (3535),B1,06220,Menaxhimi i Mbetjeve Urbane,231,3535,M260069,Blerje Orendi Paisje,2000000,0,0,2000000
18757,2025,11-2025,001,28,1028003,Prokuroria e rrethit Berat (0202),B1,01110,Planifikimi, Menaxhimi dhe Administrimi,231,0202,18AF502,Blerje paisje zyre,500000,0,0,500000
18758,2025,11-2025,001,28,1028005,Prokuroria e rrethit Diber (0606),B1,01110,Planifikimi, Menaxhimi dhe Administrimi,231,0606,18AF502,Blerje paisje zyre,2080000,0,0,2080000
18759,2025,11-2025,001,28,1028005,Prokuroria e rrethit Diber (0606),B1,01110,Planifikimi, Menaxhimi dhe Administrimi,231,0606,M280016,Rikonstruk.godine,803000,0,0,803000
18760,2025,11-2025,001,28,1028005,Prokuroria e rrethit Diber (0606),B1,01110,Planifikimi, Menaxhimi dhe Administrimi,231,0606,M280018,Blerje kondicioneri,192000,0,0,192000
18761,2025,11-2025,001,28,1028005,Prokuroria e rrethit Diber (0606),B1,01110,Planifikimi, Menaxhimi dhe Administrimi,231,0606,M280025,Blerje orendi zyre,181000,0,0,181000
18762,2025,11-2025,001,28,1028006,Prokuroria e rrethit Durres (0707),B1,01110,Planifikimi, Menaxhimi dhe Administrimi,231,0707,M280016,Rikonstruk.godine,8620000,0,0,8620000
18763,2025,11-2025,001,28,1028006,Prokuroria e rrethit Durres (0707),B1,01110,Planifikimi, Menaxhimi dhe Administrimi,231,0707,M280025,Blerje orendi zyre,920000,0,0,920000
18764,2025,11-2025,001,28,1028006,Prokuroria e rrethit Durres (0707),B1,01110,Planifikimi, Menaxhimi dhe Administrimi,231,0707,M280038,Blerje mjete e paisje te tjera teknike,1187000,0,0,1187000
18765,2025,11-2025,001,28,1028007,Prokuroria e rrethit Elbasan (0808),B1,01110,Planifikimi, Menaxhimi dhe Administrimi,231,0808,18AF502,Blerje paisje zyre,1105000,0,0,1105000
18766,2025,11-2025,001,28,1028007,Prokuroria e rrethit Elbasan (0808),B1,01110,Planifikimi, Menaxhimi dhe Administrimi,231,0808,M280016,Rikonstruk.godine,174000,0,0,174000
18767,2025,11-2025,001,28,1028008,Prokuroria e rrethit Fier (0909),B1,01110,Planifikimi, Menaxhimi dhe Administrimi,231,0909,18AF502,Blerje paisje zyre,120000,0,0,120000
18768,2025,11-2025,001,28,1028008,Prokuroria e rrethit Fier (0909),B1,01110,Planifikimi, Menaxhimi dhe Administrimi,231,0909,M280025,Blerje orendi zyre,860000,0,0,860000
18769,2025,11-2025,001,28,1028010,Prokuroria e rrethit Gjirokaster (1111),B1,01110,Planifikimi, Menaxhimi dhe Administrimi,231,1111,M280016,Rikonstruk.godine,7193000,0,0,7193000
18770,2025,11-2025,001,28,1028010,Prokuroria e rrethit Gjirokaster (1111),B1,01110,Planifikimi, Menaxhimi dhe Administrimi,231,1111,M280025,Blerje orendi zyre,335000,0,0,335000
18771,2025,11-2025,001,28,1028013,Prokuroria e rrethit Korce (1515),B1,01110,Planifikimi, Menaxhimi dhe Administrimi,231,1515,18AF502,Blerje paisje zyre,965000,0,0,965000
18772,2025,11-2025,001,28,1028013,Prokuroria e rrethit Korce (1515),B1,01110,Planifikimi, Menaxhimi dhe Administrimi,231,1515,M280016,Rikonstruk.godine,732000,0,0,732000
18773,2025,11-2025,001,28,1028015,Prokuroria e rrethit Kukes (1818),B1,01110,Planifikimi, Menaxhimi dhe Administrimi,231,1818,18AF502,Blerje paisje zyre,875000,0,0,875000
18774,2025,11-2025,001,28,1028017,Prokuroria e rrethit Lezhe (2020),B1,01110,Planifikimi, Menaxhimi dhe Administrimi,231,2020,18AF502,Blerje paisje zyre,412000,0,0,412000
18775,2025,11-2025,001,28,1028017,Prokuroria e rrethit Lezhe (2020),B1,01110,Planifikimi, Menaxhimi dhe Administrimi,231,2020,M280025,Blerje orendi zyre,120000,0,0,120000
18776,2025,11-2025,001,28,1028027,Prokuroria e rrethit Shkoder (3333),B1,01110,Planifikimi, Menaxhimi dhe Administrimi,231,3333,M280025,Blerje orendi zyre,137640,0,0,137640
18777,2025,11-2025,001,28,1028001,Aparati prokurorise se pergjitheshme (3535),B1,01110,Planifikimi, Menaxhimi dhe Administrimi,231,3535,18AF502,Blerje paisje zyre,24800000,0,0,24800000
18778,2025,11-2025,001,28,1028001,Aparati prokurorise se pergjitheshme (3535),B1,01110,Planifikimi, Menaxhimi dhe Administrimi,230,3535,22AE902,Projekte (Studime projektime),1500000,0,0,1500000
18779,2025,11-2025,001,28,1028001,Aparati prokurorise se pergjitheshme (3535),B1,01110,Planifikimi, Menaxhimi dhe Administrimi,231,3535,M280015,Blerje Autoveture,9486000,0,0,9486000
18780,2025,11-2025,001,28,1028001,Aparati prokurorise se pergjitheshme (3535),B1,01110,Planifikimi, Menaxhimi dhe Administrimi,231,3535,M280016,Rikonstruk.godine,3701000,0,0,3701000
18781,2025,11-2025,001,28,1028002,Prokuroria e rrethit TIrane (3535),B1,01110,Planifikimi, Menaxhimi dhe Administrimi,231,3535,M280016,Rikonstruk.godine,3000000,0,0,3000000
18782,2025,11-2025,001,28,1028001,Aparati prokurorise se pergjitheshme (3535),B1,01110,Planifikimi, Menaxhimi dhe Administrimi,231,3535,M280019,Pajisje kompjuterike,20191360,0,0,20191360
18783,2025,11-2025,001,28,1028001,Aparati prokurorise se pergjitheshme (3535),B1,01110,Planifikimi, Menaxhimi dhe Administrimi,231,3535,M280025,Blerje orendi zyre,4722000,0,0,4722000
18784,2025,11-2025,001,28,1028002,Prokuroria e rrethit TIrane (3535),B1,01110,Planifikimi, Menaxhimi dhe Administrimi,231,3535,M280025,Blerje orendi zyre,8694000,0,0,8694000
18785,2025,11-2025,001,28,1028037,Prokurori Apeli Tirane (3535),B1,01110,Planifikimi, Menaxhimi dhe Administrimi,231,3535,M280025,Blerje orendi zyre,1200000,0,0,1200000
18786,2025,11-2025,001,28,1028025,Prokuroria e rrethit Sarande (3731),B1,01110,Planifikimi, Menaxhimi dhe Administrimi,231,3731,M280016,Rikonstruk.godine,1410000,0,0,1410000
18787,2025,11-2025,001,28,1028025,Prokuroria e rrethit Sarande (3731),B1,01110,Planifikimi, Menaxhimi dhe Administrimi,231,3731,M280018,Blerje kondicioneri,210000,0,0,210000
18788,2025,11-2025,001,28,1028025,Prokuroria e rrethit Sarande (3731),B1,01110,Planifikimi, Menaxhimi dhe Administrimi,231,3731,M280025,Blerje orendi zyre,600000,0,0,600000
18789,2025,11-2025,001,28,1028030,Prokuroria e rrethit Vlore (3737),B1,01110,Planifikimi, Menaxhimi dhe Administrimi,231,3737,M280016,Rikonstruk.godine,20000000,0,0,20000000
18790,2025,11-2025,001,28,1028030,Prokuroria e rrethit Vlore (3737),B1,01110,Planifikimi, Menaxhimi dhe Administrimi,231,3737,M280018,Blerje kondicioneri,500000,0,0,500000
18791,2025,11-2025,001,28,1028030,Prokuroria e rrethit Vlore (3737),B1,01110,Planifikimi, Menaxhimi dhe Administrimi,231,3737,M280025,Blerje orendi zyre,1160000,0,0,1160000
18792,2025,11-2025,001,28,1028030,Prokuroria e rrethit Vlore (3737),B1,01110,Planifikimi, Menaxhimi dhe Administrimi,231,3737,M280037,Vendosja e sistemit me kamera,820000,0,0,820000
18793,2025,11-2025,001,28,1028030,Prokuroria e rrethit Vlore (3737),B1,01110,Planifikimi, Menaxhimi dhe Administrimi,231,3737,M280038,Blerje mjete e paisje te tjera teknike,494000,0,0,494000
18794,2025,11-2025,001,29,1029001,Keshilli i Larte Gjyqesor (3535),B1,01110,Planifikimi, Menaxhimi dhe Administrimi,231,3535,23AC101,Blerje mjete motorike,9000000,0,0,9000000
18795,2025,11-2025,001,29,1029001,Keshilli i Larte Gjyqesor (3535),B1,01110,Planifikimi, Menaxhimi dhe Administrimi,231,3535,23AC201,Programe per software,360000,0,0,360000
18796,2025,11-2025,001,29,1029001,Keshilli i Larte Gjyqesor (3535),B1,01110,Planifikimi, Menaxhimi dhe Administrimi,231,3535,M290072,Blerje pajisje,5640000,0,0,5640000
18797,2025,11-2025,001,29,1029014,Gjykata e rrethit Diber (0606),B1,03310,Buxheti Gjyqesor,231,0606,18AD801,Mobilje dhe pajisje,3720000,0,0,3720000
18798,2025,11-2025,001,29,1029014,Gjykata e rrethit Diber (0606),B1,03310,Buxheti Gjyqesor,231,0606,M290068,Rikonstruksion,2500000,0,0,2500000
18799,2025,11-2025,001,29,1029015,Gjykata e Shkallës së Parë e Juridiksionit të Përgjithshëm Durrës  (0707),B1,03310,Buxheti Gjyqesor,231,0707,18AD801,Mobilje dhe pajisje,1400000,0,0,1400000
18800,2025,11-2025,001,29,1029016,Gjykata e rrethit Elbasan (0808),B1,03310,Buxheti Gjyqesor,231,0808,M290068,Rikonstruksion,5325000,0,0,5325000
18801,2025,11-2025,001,29,1029017,Gjykata e Shkalles se Pare e Juridiksionit te Pergjithshem Fier (0909),B1,03310,Buxheti Gjyqesor,231,0909,18AD801,Mobilje dhe pajisje,800000,0,0,800000
18802,2025,11-2025,001,29,1029051,Gjykata Administrative e Shkalles se Pare Lushnje (0922),B1,03310,Buxheti Gjyqesor,231,0922,18AD801,Mobilje dhe pajisje,1300000,0,0,1300000
18803,2025,11-2025,001,29,1029019,Gjykata e rrethit Gjirokaster (1111),B1,03310,Buxheti Gjyqesor,231,1111,18AD801,Mobilje dhe pajisje,300000,0,0,300000
18804,2025,11-2025,001,29,1029023,Gjykata e rrethit Korce (1515),B1,03310,Buxheti Gjyqesor,231,1515,M290068,Rikonstruksion,2700000,0,0,2700000
18805,2025,11-2025,001,29,1029025,Gjykata e rrethit Kukes (1818),B1,03310,Buxheti Gjyqesor,231,1818,18AD801,Mobilje dhe pajisje,300000,0,0,300000
18806,2025,11-2025,001,29,1029025,Gjykata e rrethit Kukes (1818),B1,03310,Buxheti Gjyqesor,231,1818,M290068,Rikonstruksion,23000000,0,0,23000000
18807,2025,11-2025,001,29,1029037,Gjykata e Shkallës së Parë e Juridiksionit të Përgjithshëm Shkodër (3333),B1,03310,Buxheti Gjyqesor,231,3333,18AD801,Mobilje dhe pajisje,2000000,0,0,2000000
18808,2025,11-2025,001,29,1029007,Gjykata e Apelit Tirane (3535),B1,03310,Buxheti Gjyqesor,231,3535,18AD801,Mobilje dhe pajisje,2000000,0,0,2000000
18809,2025,11-2025,001,29,1029010,Gjykata e Apelit te Krimeve Tirane (3535),B1,03310,Buxheti Gjyqesor,231,3535,18AD801,Mobilje dhe pajisje,1300000,0,0,1300000
18810,2025,11-2025,001,29,1029011,Gjykata e rrethit TIrane (3535),B1,03310,Buxheti Gjyqesor,231,3535,18AD801,Mobilje dhe pajisje,4600000,0,0,4600000
18811,2025,11-2025,001,29,1029041,Gjykata e larte (3535),B1,03310,Buxheti Gjyqesor,231,3535,18AD801,Mobilje dhe pajisje,5880000,0,0,5880000
18812,2025,11-2025,001,29,1029042,Gjykata e Posacme e Shkalles se Pare per Korrupsionin dhe Krimin e Organizuar(3535),B1,03310,Buxheti Gjyqesor,231,3535,18AD801,Mobilje dhe pajisje,35645156,0,0,35645156
18813,2025,11-2025,001,29,1029043,Gjykata Administrative e Apelit Tirane (3535),B1,03310,Buxheti Gjyqesor,231,3535,18AD801,Mobilje dhe pajisje,4500000,0,0,4500000
18814,2025,11-2025,001,29,1029001,Keshilli i Larte Gjyqesor (3535),B1,03310,Buxheti Gjyqesor,231,3535,21AC401,Blerje pajisje elektronike,115300000,0,0,115300000
18815,2025,11-2025,001,29,1029001,Keshilli i Larte Gjyqesor (3535),B1,03310,Buxheti Gjyqesor,231,3535,21AC501,Programe software per gjykatat,360000000,0,0,360000000
18816,2025,11-2025,001,29,1029042,Gjykata e Posacme e Shkalles se Pare per Korrupsionin dhe Krimin e Organizuar(3535),B1,03310,Buxheti Gjyqesor,231,3535,21AC501,Programe software per gjykatat,300000,0,0,300000
18817,2025,11-2025,001,29,1029001,Keshilli i Larte Gjyqesor (3535),B1,03310,Buxheti Gjyqesor,231,3535,24AI401,Programe software për sigurinë kibernetike,50000000,0,0,50000000
18818,2025,11-2025,001,29,1029007,Gjykata e Apelit Tirane (3535),B1,03310,Buxheti Gjyqesor,230,3535,M290066,Hartim projekti,3600000,0,0,3600000
18819,2025,11-2025,001,29,1029042,Gjykata e Posacme e Shkalles se Pare per Korrupsionin dhe Krimin e Organizuar(3535),B1,03310,Buxheti Gjyqesor,230,3535,M290066,Hartim projekti,1130000,0,0,1130000
18820,2025,11-2025,001,29,1029048,Gjykata Administrative e Shkalles se Pare Tirane (3535),B1,03310,Buxheti Gjyqesor,230,3535,M290066,Hartim projekti,13000000,0,0,13000000
18821,2025,11-2025,001,29,1029007,Gjykata e Apelit Tirane (3535),B1,03310,Buxheti Gjyqesor,231,3535,M290068,Rikonstruksion,15775000,0,0,15775000
18822,2025,11-2025,001,29,1029042,Gjykata e Posacme e Shkalles se Pare per Korrupsionin dhe Krimin e Organizuar(3535),B1,03310,Buxheti Gjyqesor,231,3535,M290068,Rikonstruksion,57024844,0,0,57024844
18823,2025,11-2025,001,29,1029001,Keshilli i Larte Gjyqesor (3535),B1,03310,Buxheti Gjyqesor,231,3535,M290075,Blerje automjete,30000000,0,0,30000000
18824,2025,11-2025,001,29,1029035,Gjykata e rrethit Sarande (3731),B1,03310,Buxheti Gjyqesor,231,3731,18AD801,Mobilje dhe pajisje,1000000,0,0,1000000
18825,2025,11-2025,001,29,1029040,Gjykata e rrethit Vlore (3737),B1,03310,Buxheti Gjyqesor,231,3737,18AD801,Mobilje dhe pajisje,4100000,0,0,4100000
18826,2025,11-2025,001,29,1029040,Gjykata e rrethit Vlore (3737),B1,03310,Buxheti Gjyqesor,231,3737,M290068,Rikonstruksion,2000000,0,0,2000000
18827,2025,11-2025,001,30,1030001,Gjykata Kushtetuese (3535),B1,03320,Veprimtaria Gjyqesore,231,3535,18AG003,Blerje pajisjesh informatike,4400000,0,0,4400000
18828,2025,11-2025,001,30,1030001,Gjykata Kushtetuese (3535),B1,03320,Veprimtaria Gjyqesore,231,3535,M300004,Blerje pajisje zyrash,4658000,0,0,4658000
18829,2025,11-2025,001,30,1030001,Gjykata Kushtetuese (3535),B1,03320,Veprimtaria Gjyqesore,231,3535,M300007,Blerje libra,500000,0,0,500000
18830,2025,11-2025,001,30,1030001,Gjykata Kushtetuese (3535),B1,03320,Veprimtaria Gjyqesore,231,3535,M300008,Rikonstruksion zyrash,4442000,0,0,4442000
18831,2025,11-2025,001,35,1035001,Aparati Keshilli i Larte i Prokurorise (3535),B1,01110,Planifikimi, Menaxhimi dhe Administrimi,231,3535,18CK901,Pajisje informatike te blera,4000000,0,0,4000000
18832,2025,11-2025,001,35,1035001,Aparati Keshilli i Larte i Prokurorise (3535),B1,01110,Planifikimi, Menaxhimi dhe Administrimi,231,3535,M280019,Pajisje kompjuterike,1000000,0,0,1000000
18833,2025,11-2025,001,41,1041001,Prokuroria e Posaçme Kundër Korrupsionit dhe Krimit të Organizuar (3535),B1,03390,Veprimtaria e SPAK,231,3535,19AA603,Blerje pajisje te tjera zyre,93293570,0,0,93293570
18834,2025,11-2025,001,41,1041001,Prokuroria e Posaçme Kundër Korrupsionit dhe Krimit të Organizuar (3535),B1,03390,Veprimtaria e SPAK,231,3535,19AA604,Blerje Autovetura,35000000,0,0,35000000
18835,2025,11-2025,001,41,1041001,Prokuroria e Posaçme Kundër Korrupsionit dhe Krimit të Organizuar (3535),B1,03390,Veprimtaria e SPAK,231,3535,19AA605,Blerje paisje elektronike,60537000,0,0,60537000
18836,2025,11-2025,001,41,1041001,Prokuroria e Posaçme Kundër Korrupsionit dhe Krimit të Organizuar (3535),B1,03390,Veprimtaria e SPAK,231,3535,19AA606,Pajisje Operacionale dhe Pajisje e Sisteme të Teknikës Operative,9000000,0,0,9000000
18837,2025,11-2025,001,41,1041001,Prokuroria e Posaçme Kundër Korrupsionit dhe Krimit të Organizuar (3535),B1,03390,Veprimtaria e SPAK,231,3535,23AB901,Ndertim muri rrethues per Godinen e Re,1850000,0,0,1850000
18838,2025,11-2025,001,41,1041001,Prokuroria e Posaçme Kundër Korrupsionit dhe Krimit të Organizuar (3535),B1,03390,Veprimtaria e SPAK,231,3535,23AB903,Mbikqyrje punime ndertimi për nevoja të Institucionit,136000,0,0,136000
18839,2025,11-2025,001,41,1041001,Prokuroria e Posaçme Kundër Korrupsionit dhe Krimit të Organizuar (3535),B1,03390,Veprimtaria e SPAK,231,3535,23AB904,Kolaudim Punime Ndertimi per nevoja te Institucionit,50000,0,0,50000
18840,2025,11-2025,001,41,1041001,Prokuroria e Posaçme Kundër Korrupsionit dhe Krimit të Organizuar (3535),B1,03390,Veprimtaria e SPAK,231,3535,23AB905,Shpronesim trualli per murin rrethues,650700,0,0,650700
18841,2025,11-2025,001,41,1041001,Prokuroria e Posaçme Kundër Korrupsionit dhe Krimit të Organizuar (3535),B1,03390,Veprimtaria e SPAK,231,3535,23AC302,Punime Rikonstruksioni Godina e Re + Punime ndertimi ure komunikimi midis dy godinave,459002730,0,0,459002730
18842,2025,11-2025,001,41,1041001,Prokuroria e Posaçme Kundër Korrupsionit dhe Krimit të Organizuar (3535),B1,03390,Veprimtaria e SPAK,231,3535,23AC304,Supervizim,4680000,0,0,4680000
18843,2025,11-2025,001,41,1041001,Prokuroria e Posaçme Kundër Korrupsionit dhe Krimit të Organizuar (3535),B1,03390,Veprimtaria e SPAK,231,3535,23AC305,Kolaudim,800000,0,0,800000
18844,2025,11-2025,001,41,1041001,Prokuroria e Posaçme Kundër Korrupsionit dhe Krimit të Organizuar (3535),B1,03390,Veprimtaria e SPAK,231,3535,24AH801,Panele diellore per prodhim energji elektrike ne funksion te institucionit te SPAK,11000000,0,0,11000000
18845,2025,11-2025,001,41,1041001,Prokuroria e Posaçme Kundër Korrupsionit dhe Krimit të Organizuar (3535),B1,03390,Veprimtaria e SPAK,231,3535,24AH901,Kosto per sisteme dhe infrastrukture TIK (siguria kibernetike),24000000,0,0,24000000
18846,2025,11-2025,001,50,1050001,Aparati Qendror INSTAT (3535),B4,01320,Sherbime te tjera te pergjithshme,231,3535,M500005,Rimbursim TVSH,8470000,0,0,8470000
18847,2025,11-2025,001,50,1050001,Aparati Qendror INSTAT (3535),B1,01320,Sherbime te tjera te pergjithshme,231,3535,M500006,Blerje pajisje Zyre,700000,0,0,700000
18848,2025,11-2025,001,50,1050001,Aparati Qendror INSTAT (3535),B1,01320,Sherbime te tjera te pergjithshme,231,3535,M500011,Licensa,35430000,0,0,35430000
18849,2025,11-2025,001,55,1055001,Shkolla e Magjistratures (3535),B1,09820,Veprimtaria Arsimore e SHM,231,3535,18AI503,Softe informatike profesionale te blera,8730000,0,0,8730000
18850,2025,11-2025,001,55,1055001,Shkolla e Magjistratures (3535),B1,09820,Veprimtaria Arsimore e SHM,231,3535,M550001,Pajisje,15228000,0,0,15228000
18851,2025,11-2025,001,55,1055001,Shkolla e Magjistratures (3535),B1,09820,Veprimtaria Arsimore e SHM,231,3535,M550003,Orendi,2172000,0,0,2172000
18852,2025,11-2025,001,55,1055001,Shkolla e Magjistratures (3535),B1,09820,Veprimtaria Arsimore e SHM,231,3535,M550005,Blerje librash,100000,0,0,100000
18853,2025,11-2025,001,56,1056001,Fondi i Zhvillimit Shqiptar (3535),B1,04230,Mbeshtetje per Peshkimin,231,3535,18BN014,Nderhyrja Rigjenirimi Urban ne Fshtra me potencial Turisitik,122675661,0,0,122675661
18854,2025,11-2025,001,56,1056001,Fondi i Zhvillimit Shqiptar (3535),B1,04230,Mbeshtetje per Peshkimin,231,3535,18BN015,Ndërhyrje për përmirësimin e aksesit turistik, rrugë bicikletash, motorrash, shtigje këmbësorësh, vendpushimesh, pika turistike, etj,3494160,0,0,3494160
18855,2025,11-2025,001,56,1056001,Fondi i Zhvillimit Shqiptar (3535),B1,04230,Mbeshtetje per Peshkimin,231,3535,18BN016,Inkubator i Biznesit në mikpritje  dhe  Turizëm  në Korçë,58345509,0,0,58345509
18856,2025,11-2025,001,56,1056001,Fondi i Zhvillimit Shqiptar (3535),B1,04230,Mbeshtetje per Peshkimin,231,3535,18BN017,FAB LAB i Artizanit,90552832,0,0,90552832
18857,2025,11-2025,001,56,1056001,Fondi i Zhvillimit Shqiptar (3535),B1,04230,Mbeshtetje per Peshkimin,231,3535,18BN019,Nderhyrje per rehabilitim dhe transformim mjedisor, peisazhit urban dhe natyror, etj.,105327221,0,0,105327221
18858,2025,11-2025,001,56,1056001,Fondi i Zhvillimit Shqiptar (3535),B1,04230,Mbeshtetje per Peshkimin,231,3535,18BN020,Ndërhyrje jetezuese për transformimin e e vlerave te braktisura në mundësi zhvillimi rajonal dhe vendor,40000000,0,0,40000000
18859,2025,11-2025,001,56,1056001,Fondi i Zhvillimit Shqiptar (3535),B1,04230,Mbeshtetje per Peshkimin,231,3535,23AA901,Ndërhyrje për ngritjen e modeleve të qëndrueshme SMECO në fshatrat me potencial zhvillimi,75062347,0,0,75062347
18860,2025,11-2025,001,56,1056001,Fondi i Zhvillimit Shqiptar (3535),B1,04230,Mbeshtetje per Peshkimin,231,3535,23AB001,Ndërhyrje për përmirësimin e Strukturave mbrojtëse, veprave tëartit etj, Rajonet 1&2,62319217,0,0,62319217
18861,2025,11-2025,001,56,1056001,Fondi i Zhvillimit Shqiptar (3535),B1,04230,Mbeshtetje per Peshkimin,231,3535,23AB002,Ndërhyrje për përmirësimin e Strukturave mbrojtëse, veprave tëartit etj, Rajonet 3&4,33138822,0,0,33138822
18862,2025,11-2025,001,56,1056001,Fondi i Zhvillimit Shqiptar (3535),B1,04230,Mbeshtetje per Peshkimin,231,3535,23AB101,Mbështetje për ngritjen e poleve të zhvillimit të integruar rural me partneritet me njësitë e vetqeverisjes vendore dhe aktorë të tjerë lokalë dhe qendrorë,85219583,0,0,85219583
18863,2025,11-2025,001,56,1056001,Fondi i Zhvillimit Shqiptar (3535),B1,04230,Mbeshtetje per Peshkimin,231,3535,24AD501,Nxitja e nderveprimit dhe frymes komunitare,  gjallerimi I jetes socio-kulturore ne zona me potencial zhvillimi nepermjet rijetezimit te aseteve publike,197514226,0,0,197514226
18864,2025,11-2025,001,56,1056001,Fondi i Zhvillimit Shqiptar (3535),B1,04230,Mbeshtetje per Peshkimin,231,3535,24AG001,Permiresimi i transportit dhe aksesit nepermjet nderhyrjeve ne rruget e bardha etj, Rajoni 1&2 Faza II,704193438,0,0,704193438
18865,2025,11-2025,001,56,1056001,Fondi i Zhvillimit Shqiptar (3535),B1,04230,Mbeshtetje per Peshkimin,231,3535,24AG002,Paketat 4 - Permiresimi i transportit dhe aksesit nepermjet nderhyrjeve ne rruget e bardha etj, Rajoni 3&4 Faza II,1287574514,0,0,1287574514
18866,2025,11-2025,001,56,1056001,Fondi i Zhvillimit Shqiptar (3535),B1,04230,Mbeshtetje per Peshkimin,231,3535,24AG102,Rigjenerimi Urban në zona periferike dhe informale dhe në fshatra me popullsi të dendur, etj Rajonet 3&4,423030470,0,0,423030470
18867,2025,11-2025,001,56,1056001,Fondi i Zhvillimit Shqiptar (3535),B1,06210,Programe Zhvillimi,231,3535,18BN117,Ndërhyrje e integruar për përmirësimin e aksesit, shërbimeve dhe rikualifikimit urban në Zonën e Plazhit-Palasë-Dryhmades,31584544,0,0,31584544
18868,2025,11-2025,001,56,1056001,Fondi i Zhvillimit Shqiptar (3535),B1,06210,Programe Zhvillimi,231,3535,18BN133,Mbështetje për programin (Oponencë, Mbikqyrje dhe Kolaudim Punimesh),6391828,0,0,6391828
18869,2025,11-2025,001,56,1056001,Fondi i Zhvillimit Shqiptar (3535),B1,06210,Programe Zhvillimi,231,3535,18BN226,Sistemim i Përroit të Llixhave, Segmenti Ura e Pazarit-Llixha dhe Rikualifikim urban i zonës,12132797,0,0,12132797
18870,2025,11-2025,001,56,1056001,Fondi i Zhvillimit Shqiptar (3535),B4,06210,Programe Zhvillimi,231,3535,18BN402,Fondi Shqiptar i Zhvillimit (TVSH) Ujesjellesa,215450167,0,0,215450167
18871,2025,11-2025,001,56,1056001,Fondi i Zhvillimit Shqiptar (3535),B1,06210,Programe Zhvillimi,231,3535,22AA001,Nderhyrje ne zona historike per forcimin e potecialit turistik, kala, ura, qendra historike, pazare, fasada, etj,276900388,0,0,276900388
18872,2025,11-2025,001,56,1056001,Fondi i Zhvillimit Shqiptar (3535),B1,06210,Programe Zhvillimi,231,3535,22AA101,Transformimi urban në hapësira publike kryesore,79460870,0,0,79460870
18873,2025,11-2025,001,56,1056001,Fondi i Zhvillimit Shqiptar (3535),B1,06210,Programe Zhvillimi,231,3535,22AA102,Transformim urban në hapësira publike kryesore - Faza II,80000000,0,0,80000000
18874,2025,11-2025,001,56,1056001,Fondi i Zhvillimit Shqiptar (3535),B1,06210,Programe Zhvillimi,231,3535,22AA103,Transformimi urban në hapësira publike kryesore Rajoni 2,115562229,0,0,115562229
18875,2025,11-2025,001,56,1056001,Fondi i Zhvillimit Shqiptar (3535),B1,06210,Programe Zhvillimi,231,3535,22AA202,Ndërhyrje në rrugë dhe nyje lidhëse rajonale dhe lokale,98103900,0,0,98103900
18876,2025,11-2025,001,56,1056001,Fondi i Zhvillimit Shqiptar (3535),B1,06210,Programe Zhvillimi,231,3535,22AA203,Ndërhyrje për përmirësimin e sigurisë dhe sinjalistikës rrugore,1999642,0,0,1999642
18877,2025,11-2025,001,56,1056001,Fondi i Zhvillimit Shqiptar (3535),B1,06210,Programe Zhvillimi,231,3535,22AA204,Ndërhyrje për përmirësimin e sigurisë dhe sinjalistikës rrugore, Faza II,304042970,0,0,304042970
18878,2025,11-2025,001,56,1056001,Fondi i Zhvillimit Shqiptar (3535),B1,06210,Programe Zhvillimi,231,3535,22AA401,Investime për Infrastrukturën e tregjeve dhe hapësirave  tregtare, multifunksionale në zona model zhvillimi,171602521,0,0,171602521
18879,2025,11-2025,001,56,1056001,Fondi i Zhvillimit Shqiptar (3535),B1,06210,Programe Zhvillimi,231,3535,22AA402,Investime për infrastrukturën e tregjeve, hapësirave tregtare, multifunksionale, rrugë tregëtare në zona model zhvillimi, etj. Faza III Rajonet 1&2,130000000,0,0,130000000
18880,2025,11-2025,001,56,1056001,Fondi i Zhvillimit Shqiptar (3535),B1,06210,Programe Zhvillimi,231,3535,22AA601,Ndërhyrje në infrastrukturën turistike të aventurës, Zip line, ura të varura, Via ferrata, parqe aventure, etj,30000000,0,0,30000000
18881,2025,11-2025,001,56,1056001,Fondi i Zhvillimit Shqiptar (3535),B1,06210,Programe Zhvillimi,231,3535,22AA701,Nderhyrje ne muze dhe objekte monumente kulture,118034560,0,0,118034560
18882,2025,11-2025,001,56,1056001,Fondi i Zhvillimit Shqiptar (3535),B1,06210,Programe Zhvillimi,231,3535,22AA801,Nderhyrje ne zona sportive dhe lodra per femije ''Dua te luaj'',129130702,0,0,129130702
18883,2025,11-2025,001,56,1056001,Fondi i Zhvillimit Shqiptar (3535),B1,06210,Programe Zhvillimi,231,3535,22AA901,Inkubatori i biznesit në arkitekturë dhe ndërtim në Tiranë,50000000,0,0,50000000
18884,2025,11-2025,001,56,1056001,Fondi i Zhvillimit Shqiptar (3535),B1,06210,Programe Zhvillimi,231,3535,22AB201,Dixhitalizimi i Informacionit Arkivor dhe venia ne dispozicion per akses,35874000,0,0,35874000
18885,2025,11-2025,001,56,1056001,Fondi i Zhvillimit Shqiptar (3535),B1,06210,Programe Zhvillimi,231,3535,22AD002,Ngritja e infrastruktures mbështetëse  në funksion të kompleksit multi-funksional për zhvillimin e sektorëve të ndryshëm të motorizimit, Auto-Moto Park,  në Bashkinë Elbasan Faza 2,507865743,0,0,507865743
18886,2025,11-2025,001,56,1056001,Fondi i Zhvillimit Shqiptar (3535),B1,06210,Programe Zhvillimi,231,3535,22AD101,Mbeshtetje per programin (Projektim, mbikqyrje, kolaudim),2022,1688396,0,0,1688396
18887,2025,11-2025,001,56,1056001,Fondi i Zhvillimit Shqiptar (3535),B1,06210,Programe Zhvillimi,231,3535,22AD701,Nxitja e zhvillimit te qendrueshem nepermjet aplikimit te modeleve inovative per permiresimin e sherbimeve utilitare publike,2790711,0,0,2790711
18888,2025,11-2025,001,56,1056001,Fondi i Zhvillimit Shqiptar (3535),B1,06210,Programe Zhvillimi,231,3535,23AB201,Ndërhyrje rigjeneruese në blloqet e banimit qytetëse, faza II, Rajoni 1&2,2012492,0,0,2012492
18889,2025,11-2025,001,56,1056001,Fondi i Zhvillimit Shqiptar (3535),B1,06210,Programe Zhvillimi,231,3535,23AB202,Ndërhyrje rigjeneruese në blloqet e banimit qytetëse, faza II, Rajoni 3&4,21117977,0,0,21117977
18890,2025,11-2025,001,56,1056001,Fondi i Zhvillimit Shqiptar (3535),B1,06210,Programe Zhvillimi,231,3535,23AB301,Ndërhyrje në infrastructure rrugore, Faza II,205804065,0,0,205804065
18891,2025,11-2025,001,56,1056001,Fondi i Zhvillimit Shqiptar (3535),B1,06210,Programe Zhvillimi,231,3535,23AB403,Nderhyrje per permiresimin e shtresave asfaltike, Rajoni 1 dhe 2 Faza IV,1152234218,0,0,1152234218
18892,2025,11-2025,001,56,1056001,Fondi i Zhvillimit Shqiptar (3535),B1,06210,Programe Zhvillimi,231,3535,23AB404,Nderhyrje per permiresimin e shtresave asfaltike, Rajoni 3 dhe 4 Faza IV,1228655200,0,0,1228655200
18893,2025,11-2025,001,56,1056001,Fondi i Zhvillimit Shqiptar (3535),B1,06210,Programe Zhvillimi,231,3535,23AB501,Vënia e aseteve publike në funkdion të nxitjes dhe kultivimit të talenteve dhe aftësive për fëmijët dhe të rinjtë,48000000,0,0,48000000
18894,2025,11-2025,001,56,1056001,Fondi i Zhvillimit Shqiptar (3535),B1,06210,Programe Zhvillimi,231,3535,24AB601,Ndërhyrje e Integruar për fuqizimin e potencialit turistik në zonat natyrore, Rajoni 4,159972427,0,0,159972427
18895,2025,11-2025,001,56,1056001,Fondi i Zhvillimit Shqiptar (3535),B1,06210,Programe Zhvillimi,231,3535,24AB801,Mbeshtetje per infrastruktures akomoduese te KQZ sipas  VKM Nr.808, datë 12.12.2022,150955619,0,0,150955619
18896,2025,11-2025,001,56,1056001,Fondi i Zhvillimit Shqiptar (3535),B1,06210,Programe Zhvillimi,231,3535,24AB901,Mbështetje e infrastrukturës akomoduese për Polin e ri të Teknologjisë së Informacionit dhe Sigurisë Kibernetike,10000000,0,0,10000000
18897,2025,11-2025,001,56,1056001,Fondi i Zhvillimit Shqiptar (3535),B1,06210,Programe Zhvillimi,231,3535,24AC001,Investime pilot për transformimin e  infrastrukturës se sherbimeve  dhe rritjes se standartit te jetes ne komunitet,67011134,0,0,67011134
18898,2025,11-2025,001,56,1056001,Fondi i Zhvillimit Shqiptar (3535),B1,06210,Programe Zhvillimi,231,3535,24AC101,Transformimi i infrastrukturës akomoduese në kampuset rajonale të arsimit profesional,558334242,0,0,558334242
18899,2025,11-2025,001,56,1056001,Fondi i Zhvillimit Shqiptar (3535),B1,06210,Programe Zhvillimi,231,3535,24AC201,Ngritja e  infrastruktures arsimore te Kolegjit te Europes,150000000,0,0,150000000
18900,2025,11-2025,001,56,1056001,Fondi i Zhvillimit Shqiptar (3535),B1,06210,Programe Zhvillimi,231,3535,24AC301,Ndertimi I infrastruktures se modeleve te integruara ne zona me potencial zhvillimi,  Bulqize,150000000,0,0,150000000
18901,2025,11-2025,001,56,1056001,Fondi i Zhvillimit Shqiptar (3535),B1,06210,Programe Zhvillimi,231,3535,24AC303,Ndertimi I infrastruktures se modeleve te integruara ne zona me potencial zhvillimi,  Drenove,131660896,0,0,131660896
18902,2025,11-2025,001,56,1056001,Fondi i Zhvillimit Shqiptar (3535),B1,06210,Programe Zhvillimi,231,3535,24AE801,Përmirësimi i transportit lokal dhe urban me ndërhyrje në rrugë dhe trotuare,857099554,0,0,857099554
18903,2025,11-2025,001,56,1056001,Fondi i Zhvillimit Shqiptar (3535),B1,06210,Programe Zhvillimi,231,3535,24AE802,Permirsimi I Transportit lokal dhe urban me nderhyrje ne Ura dhe Nyje qarkullimi,90000000,0,0,90000000
18904,2025,11-2025,001,56,1056001,Fondi i Zhvillimit Shqiptar (3535),B1,06210,Programe Zhvillimi,231,3535,24AE803,Përmirësimi i Transportit Rajonal, me rrugë lidhëse kryesore  Unaza Durrës, etj,300850028,0,0,300850028
18905,2025,11-2025,001,56,1056001,Fondi i Zhvillimit Shqiptar (3535),B1,06210,Programe Zhvillimi,231,3535,24AF101,Rikualifikimi i blloqeve urbane Rajoni 1 Blloku 2, Kukës, etj,259803735,0,0,259803735
18906,2025,11-2025,001,56,1056001,Fondi i Zhvillimit Shqiptar (3535),B1,06210,Programe Zhvillimi,231,3535,24AF102,Rikualifikimi i blloqeve urbane Rajoni 3 Zona historike A- Pogradec,180000000,0,0,180000000
18907,2025,11-2025,001,56,1056001,Fondi i Zhvillimit Shqiptar (3535),B1,06210,Programe Zhvillimi,231,3535,24AF201,Ndërhyrje në hapësira urbane, parqe, lulishte, promenada, etj,320192354,0,0,320192354
18908,2025,11-2025,001,56,1056001,Fondi i Zhvillimit Shqiptar (3535),B1,06210,Programe Zhvillimi,231,3535,24AF401,Ndertimi i rruges dhe vazhdimi i shetitores bregdetare ne Plazhin e vjeter Vlore,39558055,0,0,39558055
18909,2025,11-2025,001,56,1056001,Fondi i Zhvillimit Shqiptar (3535),B1,06210,Programe Zhvillimi,231,3535,24AF501,Ndertimi i rruges Superstrade  Hidrovor Tale - Lezhe,308461915,0,0,308461915
18910,2025,11-2025,001,56,1056001,Fondi i Zhvillimit Shqiptar (3535),B1,06210,Programe Zhvillimi,231,3535,25AA502,Ndërtimi i nyjeve multimodale të mobilitetit, Rajoni 3&4,393144777,0,0,393144777
18911,2025,11-2025,001,56,1056001,Fondi i Zhvillimit Shqiptar (3535),B1,06210,Programe Zhvillimi,231,3535,25AB301,Investime për transformimin e Aseteve publike me potencial zhvillimi në modele të standartit më të lartë të zhvillimit, Loti 3 Poli i Zhvillimit Turistik në Sarandë, Faza 2,30000000,0,0,30000000
18912,2025,11-2025,001,56,1056001,Fondi i Zhvillimit Shqiptar (3535),B1,06210,Programe Zhvillimi,231,3535,25AB601,Ngritja e Infrastrukturës Arsimore të Liceut Franko-Shqiptar të Shkencave dhe Inovacionit,100000000,0,0,100000000
18913,2025,11-2025,001,56,1056001,Fondi i Zhvillimit Shqiptar (3535),B3,06210,Programe Zhvillimi,231,3535,M560322,Projekti i Rrugëve Dytësore dhe Lokale (Kosto Lokale),1130090390,0,0,1130090390
18914,2025,11-2025,001,56,1056001,Fondi i Zhvillimit Shqiptar (3535),B4,06210,Programe Zhvillimi,231,3535,M560324,(TVSH ) Projekti i Rrugëve Dytësore dhe Lokale,556491690,0,0,556491690
18915,2025,11-2025,001,56,1056001,Fondi i Zhvillimit Shqiptar (3535),B1,06210,Programe Zhvillimi,231,3535,M560413,Projektim, Supervizioni dhe kolaudimi i punimeve,1034554,0,0,1034554
18916,2025,11-2025,001,56,1056001,Fondi i Zhvillimit Shqiptar (3535),B1,06210,Programe Zhvillimi,231,3535,M560429,Rikonstruksioni I rruges Harku i Berdicës - Velipojë,330710,0,0,330710
18917,2025,11-2025,001,56,1056001,Fondi i Zhvillimit Shqiptar (3535),B1,06220,Menaxhimi i Mbetjeve Urbane,231,3535,18BP004,Studime fizibiliteti, plane biznesi,   zhvillimore, menaxhimi dhe veprimi,  masterplane, ngritje kapacitetesh, etj,52731961,0,0,52731961
18918,2025,11-2025,001,56,1056001,Fondi i Zhvillimit Shqiptar (3535),B1,06220,Menaxhimi i Mbetjeve Urbane,231,3535,18BP008,Mbeshtetje per programin ( Kosto Operacionale),270230126,0,0,270230126
18919,2025,11-2025,001,56,1056001,Fondi i Zhvillimit Shqiptar (3535),B1,06220,Menaxhimi i Mbetjeve Urbane,231,3535,18BP013,Sherbime Mbikqyrje dhe Kolaudimi,8479342,0,0,8479342
18920,2025,11-2025,001,56,1056001,Fondi i Zhvillimit Shqiptar (3535),B1,06220,Menaxhimi i Mbetjeve Urbane,231,3535,18BP014,Sherbime projektimi dhe oponence,13577081,0,0,13577081
18921,2025,11-2025,001,56,1056001,Fondi i Zhvillimit Shqiptar (3535),B1,06220,Menaxhimi i Mbetjeve Urbane,231,3535,18BP018,Ndertimi i ITUN ne  Divjake,268968,0,0,268968
18922,2025,11-2025,001,56,1056001,Fondi i Zhvillimit Shqiptar (3535),B1,06220,Menaxhimi i Mbetjeve Urbane,231,3535,18BP020,Rivitalizim urban dhe rruga hyrese per ne portin e Vlores,30000000,0,0,30000000
18923,2025,11-2025,001,56,1056001,Fondi i Zhvillimit Shqiptar (3535),B1,06220,Menaxhimi i Mbetjeve Urbane,231,3535,18BP022,Zhvillimi i atraksionit turistik mbeshtetur mbi potencialet lokale,10748707,0,0,10748707
18924,2025,11-2025,001,56,1056001,Fondi i Zhvillimit Shqiptar (3535),B1,06220,Menaxhimi i Mbetjeve Urbane,231,3535,18BP029,Ndërtimi i godinës së re të Bashkisë Divjakë,10208497,0,0,10208497
18925,2025,11-2025,001,56,1056001,Fondi i Zhvillimit Shqiptar (3535),B1,06220,Menaxhimi i Mbetjeve Urbane,231,3535,18BP035,Qendra Multifunkionale e Zhvillimit Rajonal, Rajoni 4, Faza 1,175751832,0,0,175751832
18926,2025,11-2025,001,56,1056001,Fondi i Zhvillimit Shqiptar (3535),B1,06220,Menaxhimi i Mbetjeve Urbane,231,3535,18BP036,Rrugët Paralele me Hekurudhën nga Kthesa e Kamzës deri te Stacioni Hekurudhor në Kashar - Loti 1,11878325,0,0,11878325
18927,2025,11-2025,001,56,1056001,Fondi i Zhvillimit Shqiptar (3535),B1,06220,Menaxhimi i Mbetjeve Urbane,231,3535,22AB301,Fuqizimi i bashkive me pajisje teknologjike, hardware, sisteme kontrolli ne territor, monitorime, kamera, qendra kontrolli,53625505,0,0,53625505
18928,2025,11-2025,001,56,1056001,Fondi i Zhvillimit Shqiptar (3535),B1,06220,Menaxhimi i Mbetjeve Urbane,231,3535,22AB601,Investime për transformimin e fshatrave me potencial turistik në zona të integruara të akomodimit dhe shërbimeve,50288000,0,0,50288000
18929,2025,11-2025,001,56,1056001,Fondi i Zhvillimit Shqiptar (3535),B1,06220,Menaxhimi i Mbetjeve Urbane,231,3535,22AB801,Mbështetje për programin (Projektim, mbikqyrje, kolaudim)PO,75489286,0,0,75489286
18930,2025,11-2025,001,56,1056001,Fondi i Zhvillimit Shqiptar (3535),B1,06220,Menaxhimi i Mbetjeve Urbane,231,3535,22AB901,Ndërhyrje për ndërtimin e Infrastrukturës së Transportit, Parkimeve, Stacioneve multimodela, moleve, etj,60000000,0,0,60000000
18931,2025,11-2025,001,56,1056001,Fondi i Zhvillimit Shqiptar (3535),B1,06220,Menaxhimi i Mbetjeve Urbane,231,3535,22AC201,Studime, analiza, Masterplane (Produkt),22052520,0,0,22052520
18932,2025,11-2025,001,56,1056001,Fondi i Zhvillimit Shqiptar (3535),B1,06220,Menaxhimi i Mbetjeve Urbane,231,3535,22AD401,Investime për transformimin e aseteve publike me potencial zhvillimi në modele të standartit më të lartë të zhvillimit, Loti 2 ¿Kompleksi i Dijes, Korçë¿,198757937,0,0,198757937
18933,2025,11-2025,001,56,1056001,Fondi i Zhvillimit Shqiptar (3535),B1,06220,Menaxhimi i Mbetjeve Urbane,231,3535,23AA101,Ndërhyrje në ndërtimin e urave dhe nyjeve lidhëse Faza II,93231141,0,0,93231141
18934,2025,11-2025,001,56,1056001,Fondi i Zhvillimit Shqiptar (3535),B1,06220,Menaxhimi i Mbetjeve Urbane,231,3535,23AA301,Mbështetje për fuqizimin e kapaciteteve menaxhuese të bashkive nëpërmjet aplikimit të skemave të granteve,120000000,0,0,120000000
18935,2025,11-2025,001,56,1056001,Fondi i Zhvillimit Shqiptar (3535),B1,06220,Menaxhimi i Mbetjeve Urbane,231,3535,23AA601,Ndërhyrje për ngritjen e modeleve të qëndrueshme SMECO në zona urbane me potencial zhvillimi,88587957,0,0,88587957
18936,2025,11-2025,001,56,1056001,Fondi i Zhvillimit Shqiptar (3535),B1,06220,Menaxhimi i Mbetjeve Urbane,231,3535,24AC801,Rigjenerimi urban i hapesirave publike, premonada, bulevarde, sheshe ne Rajonin 4,156872209,0,0,156872209
18937,2025,11-2025,001,56,1056001,Fondi i Zhvillimit Shqiptar (3535),B1,06220,Menaxhimi i Mbetjeve Urbane,231,3535,24AC901,Nderhyrje per rigjenerimin urban, mbrojtje detare ne zonen bregdetare Rajoni 2,150000000,0,0,150000000
18938,2025,11-2025,001,56,1056001,Fondi i Zhvillimit Shqiptar (3535),B1,06220,Menaxhimi i Mbetjeve Urbane,231,3535,24AD001,Rivitalizimi i parqeve natyrore nepermjet sigurimit te elementeve te mobilimit urban dhe shtimit te aktiviteteve te rekreacionit Rajoni 2,91685573,0,0,91685573
18939,2025,11-2025,001,56,1056001,Fondi i Zhvillimit Shqiptar (3535),B1,06220,Menaxhimi i Mbetjeve Urbane,231,3535,24AD101,Transformimi urban në hapësira publike kryesore Rajoni 1 (Rikualifikimi I zones turistike te hyrjes Shiroke-Shkoder Faza 2),20000000,0,0,20000000
18940,2025,11-2025,001,56,1056001,Fondi i Zhvillimit Shqiptar (3535),B1,06220,Menaxhimi i Mbetjeve Urbane,231,3535,24AD102,Transformimi urban në hapësira publike kryesore, Rajoni 4,70835294,0,0,70835294
18941,2025,11-2025,001,56,1056001,Fondi i Zhvillimit Shqiptar (3535),B1,06220,Menaxhimi i Mbetjeve Urbane,231,3535,24AD201,Mbeshtetje me ekspertize te specializuar vendase dhe te huaj ne funksion te projekteve te  Programit 2024-2026 dhe administrates qeverisese (studime, masterplane, analiza etj),750000,0,0,750000
18942,2025,11-2025,001,56,1056001,Fondi i Zhvillimit Shqiptar (3535),B1,06220,Menaxhimi i Mbetjeve Urbane,231,3535,24AD301,Mbështetje për programin 2024-2026,94870262,0,0,94870262
18943,2025,11-2025,001,56,1056001,Fondi i Zhvillimit Shqiptar (3535),B1,06220,Menaxhimi i Mbetjeve Urbane,231,3535,24AD401,Krijimi i parqeve tematike ne funksion te evokimit te vlerave kulturore Rajoni 2,180000000,0,0,180000000
18944,2025,11-2025,001,56,1056001,Fondi i Zhvillimit Shqiptar (3535),B1,06220,Menaxhimi i Mbetjeve Urbane,231,3535,24AE901,Mbeshtetje per realizimin e projekteve bashkiake infrastrukturore nepermjet formave te kontributit te perbashket-materiale mobilimi urban dhe gjelbërimi, Loti 4 Faza III,110000000,0,0,110000000
18945,2025,11-2025,001,56,1056001,Fondi i Zhvillimit Shqiptar (3535),B1,06220,Menaxhimi i Mbetjeve Urbane,231,3535,24AE902,Mbeshtetje per realizimin e projekteve bashkiake infrastrukturore nepermjet formave te kontributit te perbashket-materiale ndërtimi, Lot 1 Faza III,200526187,0,0,200526187
18946,2025,11-2025,001,56,1056001,Fondi i Zhvillimit Shqiptar (3535),B1,06220,Menaxhimi i Mbetjeve Urbane,231,3535,24AE903,Mbeshtetje per realizimin e projekteve bashkiake infrastrukturore nepermjet formave te kontributit te perbashket-materiale elektrike, Lot 2 Faza III,240000000,0,0,240000000
18947,2025,11-2025,001,56,1056001,Fondi i Zhvillimit Shqiptar (3535),B1,06220,Menaxhimi i Mbetjeve Urbane,231,3535,24AE904,Mbeshtetje per realizimin e projekteve bashkiake infrastrukturore nepermjet formave te kontributit te perbashket-materiale ujësjellës kanalizimi, Lot 3 Faza III,103876937,0,0,103876937
18948,2025,11-2025,001,56,1056001,Fondi i Zhvillimit Shqiptar (3535),B1,06220,Menaxhimi i Mbetjeve Urbane,231,3535,24AF001,Rigjenerim urban i stokut të banesave Rajoni 1 Faza III,249999999,0,0,249999999
18949,2025,11-2025,001,56,1056001,Fondi i Zhvillimit Shqiptar (3535),B1,06220,Menaxhimi i Mbetjeve Urbane,231,3535,24AF002,Rigjenerim urban i stokut të banesave Rajoni 2 Faza III,170000000,0,0,170000000
18950,2025,11-2025,001,56,1056001,Fondi i Zhvillimit Shqiptar (3535),B1,06220,Menaxhimi i Mbetjeve Urbane,231,3535,24AF003,Rigjenerim urban i stokut të banesave Rajoni 3 Faza III,299999999,0,0,299999999
18951,2025,11-2025,001,56,1056001,Fondi i Zhvillimit Shqiptar (3535),B1,06220,Menaxhimi i Mbetjeve Urbane,231,3535,24AF004,Rigjenerim urban i stokut të banesave Rajoni 4 Faza III,303023700,0,0,303023700
18952,2025,11-2025,001,56,1056001,Fondi i Zhvillimit Shqiptar (3535),B1,06220,Menaxhimi i Mbetjeve Urbane,231,3535,24AF301,Mbeshtetje per gjallerimin e aktivitetit social-kulturor ne funksion te forcimit te identitetit rajonal dhe lokal Faza II,219309323,0,0,219309323
18953,2025,11-2025,001,56,1056001,Fondi i Zhvillimit Shqiptar (3535),B1,06220,Menaxhimi i Mbetjeve Urbane,231,3535,24AF601,Investime për Infrastrukturën e tregjeve, hapësirave  tregtare, multifunksionale, rruge tregetare në zona model zhvillimi, etj. Faza II,180000000,0,0,180000000
18954,2025,11-2025,001,56,1056001,Fondi i Zhvillimit Shqiptar (3535),B1,06220,Menaxhimi i Mbetjeve Urbane,231,3535,24AF602,Investime për infrastrukturën e tregjeve, hapësirave tregtare, multifunksionale, rrugë tregëtare në zona model zhvillimi, etj. Faza III Rajonet 3&4,120000000,0,0,120000000
18955,2025,11-2025,001,56,1056001,Fondi i Zhvillimit Shqiptar (3535),B1,06220,Menaxhimi i Mbetjeve Urbane,231,3535,24AF701,Investime për transformimin e aseteve publike me potencial zhvillimi në modele të standardit më të lartë të zhvillimit,30000000,0,0,30000000
18956,2025,11-2025,001,56,1056001,Fondi i Zhvillimit Shqiptar (3535),B1,06220,Menaxhimi i Mbetjeve Urbane,231,3535,24AF801,Permirsimi I Transportit Urban dhe Parkimeve Parkimi I QSUT,250100671,0,0,250100671
18957,2025,11-2025,001,56,1056001,Fondi i Zhvillimit Shqiptar (3535),B1,06220,Menaxhimi i Mbetjeve Urbane,231,3535,24AF901,Nderhyrje ne zona sportive dhe lodra per femije Dua te luaj Faza II,70000000,0,0,70000000
18958,2025,11-2025,001,56,1056001,Fondi i Zhvillimit Shqiptar (3535),B1,06220,Menaxhimi i Mbetjeve Urbane,231,3535,25AA602,Qendra Multifunksionale Zhvillimi, Rajoni 4,100000000,0,0,100000000
18959,2025,11-2025,001,56,1056001,Fondi i Zhvillimit Shqiptar (3535),B1,06220,Menaxhimi i Mbetjeve Urbane,231,3535,25AD001,,62362661,0,0,62362661
18960,2025,11-2025,001,57,1057001,Qendra Kombtare e Kinematografise (3535),B1,08220,Trashegimia Kulturore,Muzete,Bibliotekat,231,3535,M570002,Pajisje,1000000,0,0,1000000
18961,2025,11-2025,001,63,1063001,Inspektoriati i Lartë i Drejtësisë,B1,03320,Veprimtaria Gjyqesore,230,3535,18AB203,Ndërtimi I dhomës së serverave,602000,0,0,602000
18962,2025,11-2025,001,63,1063001,Inspektoriati i Lartë i Drejtësisë,B1,03320,Veprimtaria Gjyqesore,231,3535,18AB203,Ndërtimi I dhomës së serverave,18200000,0,0,18200000
18963,2025,11-2025,001,63,1063001,Inspektoriati i Lartë i Drejtësisë,B1,03320,Veprimtaria Gjyqesore,231,3535,18AB204,Sistemi I videokonferencave në sallën e mbledhjeve,5200000,0,0,5200000
18964,2025,11-2025,001,63,1063001,Inspektoriati i Lartë i Drejtësisë,B1,03320,Veprimtaria Gjyqesore,230,3535,25AC801,Hartim projekti per ndertimin e sistemit te menaxhimit te ceshtjeve dhe dokumenteve,1200000,0,0,1200000
18965,2025,11-2025,001,63,1063001,Inspektoriati i Lartë i Drejtësisë,B1,03320,Veprimtaria Gjyqesore,231,3535,M630001,Blerje Pajisje,25000000,0,0,25000000
18966,2025,11-2025,001,63,1063001,Inspektoriati i Lartë i Drejtësisë,B1,03320,Veprimtaria Gjyqesore,231,3535,M630013,Blerje pajisje kompjuterike,1498000,0,0,1498000
18967,2025,11-2025,001,63,1063003,Kolegji i Posacem i Apelimit (3535),B1,03340,Veprimtaria e apelimit të rivlerësimit kalimtar,231,3535,M630002,Blerje pajisje zyrash,1000000,0,0,1000000
18968,2025,11-2025,001,63,1063003,Kolegji i Posacem i Apelimit (3535),B1,03340,Veprimtaria e apelimit të rivlerësimit kalimtar,231,3535,M630013,Blerje pajisje kompjuterike,1000000,0,0,1000000
18969,2025,11-2025,001,66,1066001,Avokati i popullit (3535),B1,03320,Veprimtaria Gjyqesore,231,3535,M660001,Blerje Pajisje,1800000,0,0,1800000
18970,2025,11-2025,001,66,1066001,Avokati i popullit (3535),B1,03320,Veprimtaria Gjyqesore,231,3535,M660009,Blerje pajisje elektronike/kompjuterike,2200000,0,0,2200000
18971,2025,11-2025,001,67,1067001,Komisioneri per Mbikqyrjen  e Sherbimit Civil (3535),B1,01110,Planifikimi, Menaxhimi dhe Administrimi,231,3535,18AC201,Pajisje elektronike dhe zyre te blera,2000000,0,0,2000000
18972,2025,11-2025,001,73,1073001,Komisioni Qendror i Zgjedhjeve  (3535),B1,01610,Veprimtaria administrative e institucionit,231,3535,18AC301,Pajisje informatike dhe zyrash,1500000,0,0,1500000
18973,2025,11-2025,001,73,1073001,Komisioni Qendror i Zgjedhjeve  (3535),B1,01610,Veprimtaria administrative e institucionit,231,3535,21AB306, Rikonstruksion i salles se serverave dhe rrjetit network te KQZ, dysheme teknologjike dhe sistem kondicionimi,11900000,0,0,11900000
18974,2025,11-2025,001,73,1073001,Komisioni Qendror i Zgjedhjeve  (3535),B1,01620,Administrimi i zgjedhjeve te Pergjithshme dhe Vendore,231,3535,24AE601,Platforma elektronike per regjistrimin e zgjedhesve nga jashte vendit,45322100,0,0,45322100
18975,2025,11-2025,001,73,1073001,Komisioni Qendror i Zgjedhjeve  (3535),B1,01620,Administrimi i zgjedhjeve te Pergjithshme dhe Vendore,231,3535,24AE602,Përshtatje e qendrës së thirrjeve për mbështetje/asistence per votuesit -Extension per votimin nga jashte,2000000,0,0,2000000
18976,2025,11-2025,001,73,1073001,Komisioni Qendror i Zgjedhjeve  (3535),B1,01620,Administrimi i zgjedhjeve te Pergjithshme dhe Vendore,231,3535,24AI101,Pajisje IT dhe komunikimi me mediat (ledwall),5679000,0,0,5679000
18977,2025,11-2025,001,73,1073001,Komisioni Qendror i Zgjedhjeve  (3535),B1,01620,Administrimi i zgjedhjeve te Pergjithshme dhe Vendore,231,3535,24AI102,Telepromter,1531000,0,0,1531000
18978,2025,11-2025,001,73,1073001,Komisioni Qendror i Zgjedhjeve  (3535),B1,01620,Administrimi i zgjedhjeve te Pergjithshme dhe Vendore,231,3535,24AI103,Sistem trametimi Live on-line aktivitete te KQZ (Hardware + Soft+Audio),4000000,0,0,4000000
18979,2025,11-2025,001,73,1073001,Komisioni Qendror i Zgjedhjeve  (3535),B1,01620,Administrimi i zgjedhjeve te Pergjithshme dhe Vendore,231,3535,24AI201,Sistemi për indeksimin dhe kërkimin e pamjeve filmike,300000,0,0,300000
18980,2025,11-2025,001,73,1073001,Komisioni Qendror i Zgjedhjeve  (3535),B1,01620,Administrimi i zgjedhjeve te Pergjithshme dhe Vendore,231,3535,24AI202,Shtimi i kapaciteteve për ruajtjen e pamjeve filmike,38460000,0,0,38460000
18981,2025,11-2025,001,73,1073001,Komisioni Qendror i Zgjedhjeve  (3535),B1,01620,Administrimi i zgjedhjeve te Pergjithshme dhe Vendore,231,3535,24AI301,ERP-SOFTWARE për menaxhimin e proceseve, logjistikës, inventar etj,28807900,0,0,28807900
18982,2025,11-2025,001,73,1073001,Komisioni Qendror i Zgjedhjeve  (3535),B1,01620,Administrimi i zgjedhjeve te Pergjithshme dhe Vendore,231,3535,24AI302,Moduli I Hartave të Qendrave të Votimit dhe faciliteteve të tjera,18000000,0,0,18000000
18983,2025,11-2025,001,73,1073001,Komisioni Qendror i Zgjedhjeve  (3535),B1,01620,Administrimi i zgjedhjeve te Pergjithshme dhe Vendore,231,3535,24AI303,Moduli E administrata,18000000,0,0,18000000
18984,2025,11-2025,001,76,1076001,Inspektoriati i Larte i Kontrollit dhe Deklarimit te Pasurive (3535),B1,01110,Planifikimi, Menaxhimi dhe Administrimi,231,3535,18AC404,Blerje pajisje te tjera zyre,600000,0,0,600000
18985,2025,11-2025,001,76,1076001,Inspektoriati i Larte i Kontrollit dhe Deklarimit te Pasurive (3535),B1,01110,Planifikimi, Menaxhimi dhe Administrimi,231,3535,18AC405,Remont Kapital Ashensori,1200000,0,0,1200000
18986,2025,11-2025,001,76,1076001,Inspektoriati i Larte i Kontrollit dhe Deklarimit te Pasurive (3535),B1,01110,Planifikimi, Menaxhimi dhe Administrimi,231,3535,18AC407,Blerje Pajisje elektronike,1200000,0,0,1200000
18987,2025,11-2025,001,76,1076001,Inspektoriati i Larte i Kontrollit dhe Deklarimit te Pasurive (3535),B1,01110,Planifikimi, Menaxhimi dhe Administrimi,231,3535,21AB502,Blerje program financiar Financa 5,600000,0,0,600000
18988,2025,11-2025,001,76,1076001,Inspektoriati i Larte i Kontrollit dhe Deklarimit te Pasurive (3535),B1,01110,Planifikimi, Menaxhimi dhe Administrimi,231,3535,24AG302,Shtesë kati dhe rikonstruksion i godinës së ILDKPKI,109000000,0,0,109000000
18989,2025,11-2025,001,76,1076001,Inspektoriati i Larte i Kontrollit dhe Deklarimit te Pasurive (3535),B1,01110,Planifikimi, Menaxhimi dhe Administrimi,231,3535,24AG303,,1000000,0,0,1000000
18990,2025,11-2025,001,77,1077001,Autoriteti i konkurrences (3535),B1,04120,Mbikqyrja e Tregut dhe Garantimi i Konkurrences,231,3535,18AC501,Pajisje informatike dhe zyre,7872000,0,0,7872000
18991,2025,11-2025,001,77,1077001,Autoriteti i konkurrences (3535),B1,04120,Mbikqyrja e Tregut dhe Garantimi i Konkurrences,231,3535,18AC502,Mobilim zyrash,1000000,0,0,1000000
18992,2025,11-2025,001,77,1077001,Autoriteti i konkurrences (3535),B1,04120,Mbikqyrja e Tregut dhe Garantimi i Konkurrences,231,3535,18AC503,Pajisje fikese zjarri,60000,0,0,60000
18993,2025,11-2025,001,77,1077001,Autoriteti i konkurrences (3535),B1,04120,Mbikqyrja e Tregut dhe Garantimi i Konkurrences,231,3535,18AC504,Blerje mjete pune per mirefunksionimin e pajisjeve kompjuterike,120000,0,0,120000
18994,2025,11-2025,001,77,1077001,Autoriteti i konkurrences (3535),B1,04120,Mbikqyrja e Tregut dhe Garantimi i Konkurrences,230,3535,25AB001,Blerje licenca kompjuterike,948000,0,0,948000
18995,2025,11-2025,001,82,1082001,Keshilli Kombetar i Kontabilitetit (3535),B1,01110,Planifikimi, Menaxhimi dhe Administrimi,231,3535,M820001,Blerje pajisje,1000000,0,0,1000000
18996,2025,11-2025,001,87,1087001,Agjensia e Prokurimit Publik (3535),B1,01130,Sherbime te Pergj. Publike I,231,3535,18AM201,Pajisje te blera elektonike dhe zyre,1000000,0,0,1000000
18997,2025,11-2025,001,87,1087006,Agjencia Kombetare e Shoqerise se Informacionit (3535),B1,01140,Sherbime te Pergjithshme Publike IV,231,3535,18AK623,Përmirësimi i sistemit të menaxhimit të informacionit të kadastrës së vreshtit,50000000,0,0,50000000
18998,2025,11-2025,001,87,1087027,Autoriteti Kombëtar për Çertifikimin Elektronik dhe Sigurinë Kibernetike (3535),B1,01140,Sherbime te Pergjithshme Publike IV,231,3535,18AM402,Sistemi i Menaxhimit të Rrezikut Kibernetik,150000000,0,0,150000000
18999,2025,11-2025,001,87,1087027,Autoriteti Kombëtar për Çertifikimin Elektronik dhe Sigurinë Kibernetike (3535),B1,01140,Sherbime te Pergjithshme Publike IV,231,3535,18AM602,Platforma per raportimin e incidenteve per femijet dhe qytetaret,136000000,0,0,136000000
19000,2025,11-2025,001,87,1087027,Autoriteti Kombëtar për Çertifikimin Elektronik dhe Sigurinë Kibernetike (3535),B1,01140,Sherbime te Pergjithshme Publike IV,231,3535,18AN004,Laboratori për Sigurinë Kibernetike në Sistemet IoT, OT dhe IT,37088600,0,0,37088600
19001,2025,11-2025,001,87,1087013,Autoriteti Shteteror Gjeohapsinor (ASIG) (3535),B1,01140,Sherbime te Pergjithshme Publike IV,231,3535,18AN005,Blerje pajisjesh te teknologjise se informacionit,1200000,0,0,1200000
19002,2025,11-2025,001,87,1087013,Autoriteti Shteteror Gjeohapsinor (ASIG) (3535),B1,01140,Sherbime te Pergjithshme Publike IV,231,3535,18AN507,Blerje pajisjesh gjeodezike marresa GNSS,1200000,0,0,1200000
19003,2025,11-2025,001,87,1087013,Autoriteti Shteteror Gjeohapsinor (ASIG) (3535),B1,01140,Sherbime te Pergjithshme Publike IV,231,3535,18AN508,Përgatitja e Dokumentacionit Përgatitor për Projektet e planifikuara,5000000,0,0,5000000
19004,2025,11-2025,001,87,1087006,Agjencia Kombetare e Shoqerise se Informacionit (3535),B1,01140,Sherbime te Pergjithshme Publike IV,231,3535,18AR904,Sisteme sigurie KME,160000000,0,0,160000000
19005,2025,11-2025,001,87,1087006,Agjencia Kombetare e Shoqerise se Informacionit (3535),B1,01140,Sherbime te Pergjithshme Publike IV,231,3535,18AV603,Përmirësimi i Sistemit Informatik Financiar të Qeverisë (SIFQ),277327880,0,0,277327880
19006,2025,11-2025,001,87,1087006,Agjencia Kombetare e Shoqerise se Informacionit (3535),B1,01140,Sherbime te Pergjithshme Publike IV,231,3535,18AV604,Permiresimi i sistemit te pagesave E- Demshperblime,22672120,0,0,22672120
19007,2025,11-2025,001,87,1087006,Agjencia Kombetare e Shoqerise se Informacionit (3535),B1,01140,Sherbime te Pergjithshme Publike IV,231,3535,18BB802,Sisteme dixhitale per programet shendetesore,147164000,0,0,147164000
19008,2025,11-2025,001,87,1087006,Agjencia Kombetare e Shoqerise se Informacionit (3535),B1,01140,Sherbime te Pergjithshme Publike IV,231,3535,18BQ115,Sistem Menaxhimi per Proceset e Punes ISHTI,57850000,0,0,57850000
19009,2025,11-2025,001,87,1087013,Autoriteti Shteteror Gjeohapsinor (ASIG) (3535),B1,01140,Sherbime te Pergjithshme Publike IV,231,3535,18BV902,Prodhim i ortofotove nga fotografitë ajrore historike që ndodhen ne arkivën e IGJIU,17600000,0,0,17600000
19010,2025,11-2025,001,87,1087013,Autoriteti Shteteror Gjeohapsinor (ASIG) (3535),B1,01140,Sherbime te Pergjithshme Publike IV,231,3535,18BV903,Blerje dhe instalim pajisjesh për stacionet marografike të Shëngjinit dhe Orikumit,1200000,0,0,1200000
19011,2025,11-2025,001,87,1087006,Agjencia Kombetare e Shoqerise se Informacionit (3535),B1,01140,Sherbime te Pergjithshme Publike IV,231,3535,20AD417,Upgrade i sistemit te komunikimit te Policise se Shtetit - DATACOM,84551000,0,0,84551000
19012,2025,11-2025,001,87,1087006,Agjencia Kombetare e Shoqerise se Informacionit (3535),B1,01140,Sherbime te Pergjithshme Publike IV,231,3535,20AD429,Permiresimi I sistemeve te sigurise per Godinen e Kryeministrise,9058560,0,0,9058560
19013,2025,11-2025,001,87,1087006,Agjencia Kombetare e Shoqerise se Informacionit (3535),B1,01140,Sherbime te Pergjithshme Publike IV,231,3535,20AD431,Ngritja e sistemit te start up,45660000,0,0,45660000
19014,2025,11-2025,001,87,1087006,Agjencia Kombetare e Shoqerise se Informacionit (3535),B1,01140,Sherbime te Pergjithshme Publike IV,231,3535,20AD433,Permiresimi dhe ristrukturimi I platformes se bashkeqeverisjes,2064000,0,0,2064000
19015,2025,11-2025,001,87,1087013,Autoriteti Shteteror Gjeohapsinor (ASIG) (3535),B1,01140,Sherbime te Pergjithshme Publike IV,231,3535,20AD442,Ndërtimi I GIS-it Kombëtar,30000000,0,0,30000000
19016,2025,11-2025,001,87,1087006,Agjencia Kombetare e Shoqerise se Informacionit (3535),B1,01140,Sherbime te Pergjithshme Publike IV,231,3535,20AD446,Permiresimi i sistemit e- leje,2940000,0,0,2940000
19017,2025,11-2025,001,87,1087006,Agjencia Kombetare e Shoqerise se Informacionit (3535),B1,01140,Sherbime te Pergjithshme Publike IV,231,3535,20AD449,Permiresimin e sistemit dhe infrastruktures se çelsave publike (PKI),1794000,0,0,1794000
19018,2025,11-2025,001,87,1087006,Agjencia Kombetare e Shoqerise se Informacionit (3535),B1,01140,Sherbime te Pergjithshme Publike IV,231,3535,20AD450,Permiresimi I sistemit te menaxhimit te informacionit parauniversitar SMIP,174175560,0,0,174175560
19019,2025,11-2025,001,87,1087006,Agjencia Kombetare e Shoqerise se Informacionit (3535),B1,01140,Sherbime te Pergjithshme Publike IV,231,3535,20AD453,Sistemi I qenderzuar e-gjoba,240000000,0,0,240000000
19020,2025,11-2025,001,87,1087006,Agjencia Kombetare e Shoqerise se Informacionit (3535),B1,01140,Sherbime te Pergjithshme Publike IV,231,3535,20AD454,Permiresimi I Sistemit te Integruar Mjedisor,193800000,0,0,193800000
19021,2025,11-2025,001,87,1087006,Agjencia Kombetare e Shoqerise se Informacionit (3535),B1,01140,Sherbime te Pergjithshme Publike IV,231,3535,20AD455,Permiresimi I sitemit shqiptar te integruar te informacionit ne pyje ALFIS,168797148,0,0,168797148
19022,2025,11-2025,001,87,1087006,Agjencia Kombetare e Shoqerise se Informacionit (3535),B1,01140,Sherbime te Pergjithshme Publike IV,231,3535,20AD456,Ngritja e Sistemit Kombëtar për Regjistrin Elektronik të Titujve Akademikë, Gradave Shkencore dhe Revistave Shkencore që botohen në Republikën e Shqipërisë,85060000,0,0,85060000
19023,2025,11-2025,001,87,1087006,Agjencia Kombetare e Shoqerise se Informacionit (3535),B1,01140,Sherbime te Pergjithshme Publike IV,231,3535,20AD457,,53000000,0,0,53000000
19024,2025,11-2025,001,87,1087006,Agjencia Kombetare e Shoqerise se Informacionit (3535),B1,01140,Sherbime te Pergjithshme Publike IV,231,3535,22AD801,Përmirësimi I sistemit e - taxation, Software,167465844,0,0,167465844
19025,2025,11-2025,001,87,1087006,Agjencia Kombetare e Shoqerise se Informacionit (3535),B1,01140,Sherbime te Pergjithshme Publike IV,231,3535,23AC801,Implementimi i infrastrukturës së qendërzuar hardware,326778512,0,0,326778512
19026,2025,11-2025,001,87,1087006,Agjencia Kombetare e Shoqerise se Informacionit (3535),B1,01140,Sherbime te Pergjithshme Publike IV,231,3535,23AC802,Qendrat Rinore të Inovacionit,46000000,0,0,46000000
19027,2025,11-2025,001,87,1087006,Agjencia Kombetare e Shoqerise se Informacionit (3535),B1,01140,Sherbime te Pergjithshme Publike IV,231,3535,23AC803,Implementimi i Sistemit Menaxhimit të Dokumenteve Elektronike dhe arkivës elektronike 2.0 dhe site sekondar - Administrata pa letër, faza 2,138000000,0,0,138000000
19028,2025,11-2025,001,87,1087006,Agjencia Kombetare e Shoqerise se Informacionit (3535),B1,01140,Sherbime te Pergjithshme Publike IV,231,3535,23AC804,Implementimi i Sistemit të Qendërzuar për Dokumentet me Nënshkrim Elektronik 2.0, Modulit të Administratës Publike,2818000,0,0,2818000
19029,2025,11-2025,001,87,1087006,Agjencia Kombetare e Shoqerise se Informacionit (3535),B1,01140,Sherbime te Pergjithshme Publike IV,231,3535,23AC805,Përmirësimi i shërbimeve elektronike me teknologji mikroservisi,1329959412,0,0,1329959412
19030,2025,11-2025,001,87,1087006,Agjencia Kombetare e Shoqerise se Informacionit (3535),B1,01140,Sherbime te Pergjithshme Publike IV,231,3535,23AC806,Implementimi i Platformës Qeveritare të Ndërveprimit 2.0 dhe site sekondar,802675592,0,0,802675592
19031,2025,11-2025,001,87,1087006,Agjencia Kombetare e Shoqerise se Informacionit (3535),B1,01140,Sherbime te Pergjithshme Publike IV,231,3535,23AC807,Implementimi i e-Albania 2.0 dhe site sekondar dhe open data,763540000,0,0,763540000
19032,2025,11-2025,001,87,1087006,Agjencia Kombetare e Shoqerise se Informacionit (3535),B1,01140,Sherbime te Pergjithshme Publike IV,231,3535,23AD402,Ngritja e Smart Labs - rrjeti i laboratorëve TIK për sistemin arsimor parauniversitar (WBIF,CEB),110000000,0,0,110000000
19033,2025,11-2025,001,87,1087006,Agjencia Kombetare e Shoqerise se Informacionit (3535),B1,01140,Sherbime te Pergjithshme Publike IV,231,3535,24AG401,Përmirësimi i infrastrukturës hardware për sistemet doganore dhe rrjetet fizike,220000000,0,0,220000000
19034,2025,11-2025,001,87,1087006,Agjencia Kombetare e Shoqerise se Informacionit (3535),B1,01140,Sherbime te Pergjithshme Publike IV,231,3535,24AG501,Krijimi i web-it te ri te Agjencise Kombetare te Turizmit,3102372,0,0,3102372
19035,2025,11-2025,001,87,1087006,Agjencia Kombetare e Shoqerise se Informacionit (3535),B1,01140,Sherbime te Pergjithshme Publike IV,231,3535,24AG601,Shërbimi Konsullor Online,115000000,0,0,115000000
19036,2025,11-2025,001,87,1087006,Agjencia Kombetare e Shoqerise se Informacionit (3535),B1,01140,Sherbime te Pergjithshme Publike IV,231,3535,24AG602,E-Visa,128160000,0,0,128160000
19037,2025,11-2025,001,87,1087006,Agjencia Kombetare e Shoqerise se Informacionit (3535),B1,01140,Sherbime te Pergjithshme Publike IV,231,3535,24AI501,Biletimi Qendror ON Line per Muzete dhe Sitet e Trashegimise Kulturore,50000000,0,0,50000000
19038,2025,11-2025,001,87,1087006,Agjencia Kombetare e Shoqerise se Informacionit (3535),B1,01140,Sherbime te Pergjithshme Publike IV,231,3535,24AJ101,Modernizimi I sistemit te prokurimeve publike (GOVTECH/2),380000000,0,0,380000000
19039,2025,11-2025,001,87,1087006,Agjencia Kombetare e Shoqerise se Informacionit (3535),B1,01140,Sherbime te Pergjithshme Publike IV,231,3535,25AA401,Ndërtimi i Sistemit Informatik të Menaxhimit të Proceseve të Brendshme për Drejtorinë e Përgjithshme të Burgjeve, Institucioneve të vartësisë (IEVP) dhe infrastrukturës hostuese (Platforma Digitale),59000000,0,0,59000000
19040,2025,11-2025,001,87,1087006,Agjencia Kombetare e Shoqerise se Informacionit (3535),B1,01140,Sherbime te Pergjithshme Publike IV,231,3535,M140201,Sistemi ALBIS,151990000,0,0,151990000
19041,2025,11-2025,001,87,1087006,Agjencia Kombetare e Shoqerise se Informacionit (3535),B1,01140,Sherbime te Pergjithshme Publike IV,231,3535,M870013,Fond i ngrire,56313000,0,0,56313000
19042,2025,11-2025,001,87,1087006,Agjencia Kombetare e Shoqerise se Informacionit (3535),B1,01140,Sherbime te Pergjithshme Publike IV,231,3535,M870099,Blerje  pajisje elektronike,10000000,0,0,10000000
19043,2025,11-2025,001,87,1087027,Autoriteti Kombëtar për Çertifikimin Elektronik dhe Sigurinë Kibernetike (3535),B1,01140,Sherbime te Pergjithshme Publike IV,231,3535,M870099,Blerje  pajisje elektronike,911400,0,0,911400
19044,2025,11-2025,001,87,1087013,Autoriteti Shteteror Gjeohapsinor (ASIG) (3535),B1,01140,Sherbime te Pergjithshme Publike IV,231,3535,M870302,Ndërtimi i pjesshëm i Kornizes Referuese Gjeodezike,33800000,0,0,33800000
19045,2025,11-2025,001,87,1087004,Drejtoria e informacionit te Klasifikuar (3535),B1,01150,Sherbime te Pergjithshme Publike III,231,3535,18AN601,Pajisje të blera kompjuterike dhe zyre,3000000,0,0,3000000
19046,2025,11-2025,001,87,1087005,Komiteti i Minoriteteve (3535),B1,01150,Sherbime te Pergjithshme Publike III,231,3535,18AN601,Pajisje të blera kompjuterike dhe zyre,1000000,0,0,1000000
19047,2025,11-2025,001,87,1087019,Agjencia për Dialog dhe Bashkëqeverisje (ADB)(3535),B1,01150,Sherbime te Pergjithshme Publike III,231,3535,18AN601,Pajisje të blera kompjuterike dhe zyre,4000000,0,0,4000000
19048,2025,11-2025,001,87,1087026,Agjencia e Auditimit të Programeve të Asistencës (AAPAABE) (3535),B1,01150,Sherbime te Pergjithshme Publike III,231,3535,18AN601,Pajisje të blera kompjuterike dhe zyre,1000000,0,0,1000000
19049,2025,11-2025,001,87,1087041,Agjencia shtetërore e programimit strategjik dhe koordinimit të ndihmës (3535),B1,01150,Sherbime te Pergjithshme Publike III,230,3535,18AN902,Sherbim konsulence, studime parafizibiliteti, fstudime fizibiliteti, oponenca, shkrime projektesh etj,10000000,0,0,10000000
19050,2025,11-2025,001,87,1087042,Agjencia për Mbështetjen e VetëqeverisjesVendore (3535),B1,01150,Sherbime te Pergjithshme Publike III,231,3535,18AO201,Pajisje informatike te blera,3000000,0,0,3000000
19051,2025,11-2025,001,87,1087046,Kancelaria Urdhrave dhe Medaljeve (3535),B1,01150,Sherbime te Pergjithshme Publike III,231,3535,18AO201,Pajisje informatike te blera,1200000,0,0,1200000
19052,2025,11-2025,001,87,1087011,Inspektoriati Qendror (3535),B1,01150,Sherbime te Pergjithshme Publike III,231,3535,18AO601,Pajisje informatike te blera,3000000,0,0,3000000
19053,2025,11-2025,001,87,1087034,Agjencia Kombetare e Planifikimit te Territorit (3535),B1,01150,Sherbime te Pergjithshme Publike III,231,3535,18AO601,Pajisje informatike te blera,6500000,0,0,6500000
19054,2025,11-2025,001,87,1087041,Agjencia shtetërore e programimit strategjik dhe koordinimit të ndihmës (3535),B3,01150,Sherbime te Pergjithshme Publike III,231,3535,18BS404,Asistence Teknike INTERREG IPA III CBC Greqi - Shqiperi,5000000,0,0,5000000
19055,2025,11-2025,001,87,1087041,Agjencia shtetërore e programimit strategjik dhe koordinimit të ndihmës (3535),B3,01150,Sherbime te Pergjithshme Publike III,231,3535,18BS407,Asistencë teknike projekti strategjik Adrion/EUSAIR,3500000,0,0,3500000
19056,2025,11-2025,001,87,1087041,Agjencia shtetërore e programimit strategjik dhe koordinimit të ndihmës (3535),B3,01150,Sherbime te Pergjithshme Publike III,231,3535,18BS408,Asistencë teknike EURO  MED,7100000,0,0,7100000
19057,2025,11-2025,001,87,1087041,Agjencia shtetërore e programimit strategjik dhe koordinimit të ndihmës (3535),B3,01150,Sherbime te Pergjithshme Publike III,231,3535,18BS409,Asistencë teknike  INTERREG IPA CBC  Adriatiku Jugor,14250000,0,0,14250000
19058,2025,11-2025,001,87,1087041,Agjencia shtetërore e programimit strategjik dhe koordinimit të ndihmës (3535),B3,01150,Sherbime te Pergjithshme Publike III,231,3535,18BS410,Asistencë teknike  INTERREG ADRION,8700000,0,0,8700000
19059,2025,11-2025,001,87,1087041,Agjencia shtetërore e programimit strategjik dhe koordinimit të ndihmës (3535),B3,01150,Sherbime te Pergjithshme Publike III,231,3535,18BS411,Asistence Teknike "INTERREG URBACT ",4250000,0,0,4250000
19060,2025,11-2025,001,87,1087041,Agjencia shtetërore e programimit strategjik dhe koordinimit të ndihmës (3535),B3,01150,Sherbime te Pergjithshme Publike III,231,3535,18BS412,Asistence Teknike "INTERREG EUROPE ",500000,0,0,500000
19061,2025,11-2025,001,87,1087041,Agjencia shtetërore e programimit strategjik dhe koordinimit të ndihmës (3535),B3,01150,Sherbime te Pergjithshme Publike III,231,3535,18BS413,Kompetenca te nivelit te larte  qe I pergjigjen  tregut "Adiatiko Jonian te Aftesuar " Blu dhe te dixhitalizuar,2500000,0,0,2500000
19062,2025,11-2025,001,87,1087041,Agjencia shtetërore e programimit strategjik dhe koordinimit të ndihmës (3535),B3,01150,Sherbime te Pergjithshme Publike III,231,3535,18BS414,GOVERNED,1200000,0,0,1200000
19063,2025,11-2025,001,87,1087041,Agjencia shtetërore e programimit strategjik dhe koordinimit të ndihmës (3535),B3,01150,Sherbime te Pergjithshme Publike III,231,3535,18BS415,STEP,3000000,0,0,3000000
19064,2025,11-2025,001,87,1087046,Kancelaria Urdhrave dhe Medaljeve (3535),B1,01150,Sherbime te Pergjithshme Publike III,231,3535,M870009,Blerje pajisje orendi,1200000,0,0,1200000
19065,2025,11-2025,001,87,1087026,Agjencia e Auditimit të Programeve të Asistencës (AAPAABE) (3535),B1,01150,Sherbime te Pergjithshme Publike III,231,3535,M870013,Fond i ngrire,9000000,0,0,9000000
19066,2025,11-2025,001,87,1087036,Sekretariati Teknik i Keshillit Ekonomik Kombetar (3535),B1,01150,Sherbime te Pergjithshme Publike III,231,3535,M870013,Fond i ngrire,1000000,0,0,1000000
19067,2025,11-2025,001,87,1087011,Inspektoriati Qendror (3535),B1,01150,Sherbime te Pergjithshme Publike III,231,3535,M870015,Blerje pajisje,5000000,0,0,5000000
19068,2025,11-2025,001,87,1087034,Agjencia Kombetare e Planifikimit te Territorit (3535),B1,01150,Sherbime te Pergjithshme Publike III,231,3535,M870019,Pajisje Zyre,500000,0,0,500000
19069,2025,11-2025,001,87,1087040,Agjencia për Mediat dhe Informim (3535),B1,01150,Sherbime te Pergjithshme Publike III,231,3535,M870270,Blerje pajisje elektronike/informatike,1000000,0,0,1000000
19070,2025,11-2025,001,87,1087002,Drejtoria e Sherbimeve Qeveritare (3535),B1,01320,Sherbime te tjera te pergjithshme,231,3535,24AJ701,Restaurim Vila Qeveritare Dajt,154784000,0,0,154784000
19071,2025,11-2025,001,87,1087014,Shkolla Shqiptare e Administratës Publike (3535),B1,01330,Menaxhimi dhe Zhvillimi i Administrates Publike,231,3535,18AP202,Blerje software te specilizuar per vleresimin e testimeve dhe pajisje elektronike TIK per kete proces per ASPA,5000000,0,0,5000000
19072,2025,11-2025,001,87,1087015,Departamenti i Administrates Publike (3535),B1,01330,Menaxhimi dhe Zhvillimi i Administrates Publike,231,3535,18AP601,Pajisje zyre dhe kompjuterike te blera,8800000,0,0,8800000
19073,2025,11-2025,001,87,1087015,Departamenti i Administrates Publike (3535),B4,01330,Menaxhimi dhe Zhvillimi i Administrates Publike,231,3535,18AP802,Pagesë TVSH,1200000,0,0,1200000
19074,2025,11-2025,001,87,1087033,Sherbimi i Avokatures se Shtetit (3535),B1,03310,Buxheti Gjyqesor,231,3535,18AP901,Pajisje zyre te blera,1000000,0,0,1000000
19075,2025,11-2025,001,87,1087033,Sherbimi i Avokatures se Shtetit (3535),B1,03310,Buxheti Gjyqesor,231,3535,M870270,Blerje pajisje elektronike/informatike,1000000,0,0,1000000
19076,2025,11-2025,001,87,1087016,Agjencia e Menaxhimit të Burimeve Ujore(3535),B4,05640,Administrimi i Ujrave,231,3535,18AQ203,BE per Ujin,10000000,0,0,10000000
19077,2025,11-2025,001,87,1087029,Komiteti Shteteror i Kulteve,B1,08480,Mbeshtetje per Kultet Fetare,231,3535,M870340,Blerje pajisje TIK,1000000,0,0,1000000
19078,2025,11-2025,001,88,1088001,Mbeshtetje per Shoqerine Civile (3535),B1,01110,Planifikimi, Menaxhimi dhe Administrimi,231,3535,M880001,Blerje pajisje,1000000,0,0,1000000
19079,2025,11-2025,001,89,1089001,Komisioneri per Mbrojtjen e te Dhenave Personale (3535),B1,01110,Planifikimi, Menaxhimi dhe Administrimi,231,3535,18AD102,Blerje pajisje zyre &Kompjuterike/elektronike/vegla e instrumenta,5000000,0,0,5000000
19080,2025,11-2025,001,89,1089001,Komisioneri per Mbrojtjen e te Dhenave Personale (3535),B1,01110,Planifikimi, Menaxhimi dhe Administrimi,231,3535,25AC501,Dixhitalizimi I programeve te transparences,8000000,0,0,8000000
19081,2025,11-2025,001,90,1090001,Komisioni i Prokurimit Publik (3535),B1,01110,Planifikimi, Menaxhimi dhe Administrimi,231,3535,M900001,Blerje pajisje zyre dhe elektronike,2000000,0,0,2000000
19082,2025,11-2025,001,91,1091001,Komisioneri per Mbrojtjen nga Diskriminimi (3535),B1,01110,Planifikimi, Menaxhimi dhe Administrimi,231,3535,M910003,Pajisje te zyrave me mobilje,170000,0,0,170000
19083,2025,11-2025,001,91,1091001,Komisioneri per Mbrojtjen nga Diskriminimi (3535),B1,01110,Planifikimi, Menaxhimi dhe Administrimi,231,3535,M910004,Pajisje te zyrave me pajisje kompjuterike,830000,0,0,830000
19084,2025,11-2025,001,92,1092001,Instituti i Studimeve te Krimeve te Komunizmit (3535),B1,01110,Planifikimi, Menaxhimi dhe Administrimi,231,3535,M920008,Blerje orendi e pajisje zyre,600000,0,0,600000
19085,2025,11-2025,001,92,1092001,Instituti i Studimeve te Krimeve te Komunizmit (3535),B1,01110,Planifikimi, Menaxhimi dhe Administrimi,231,3535,M920009,Blerje pajisje kompjuterike,300000,0,0,300000
19086,2025,11-2025,001,92,1092001,Instituti i Studimeve te Krimeve te Komunizmit (3535),B1,01110,Planifikimi, Menaxhimi dhe Administrimi,231,3535,M920013,Krijim Fond Biblioteke,100000,0,0,100000
19087,2025,11-2025,001,95,1095001,Autoriteti per informim mbi dosjet e ish Sigurimit te Shtetit (3535),B1,01110,Planifikimi, Menaxhimi dhe Administrimi,231,3535,18BV402,Blerje pajisje kompjuterike,1200000,0,0,1200000
19088,2025,11-2025,001,95,1095001,Autoriteti per informim mbi dosjet e ish Sigurimit te Shtetit (3535),B1,01110,Planifikimi, Menaxhimi dhe Administrimi,231,3535,18BV408,Blerje mobilje zyrash,1000000,0,0,1000000
19089,2025,11-2025,001,95,1095001,Autoriteti per informim mbi dosjet e ish Sigurimit te Shtetit (3535),B1,01110,Planifikimi, Menaxhimi dhe Administrimi,231,3535,18BV409,Zhvillim dhe plotesim i mediatekes,3000000,0,0,3000000
19090,2025,11-2025,001,95,1095001,Autoriteti per informim mbi dosjet e ish Sigurimit te Shtetit (3535),B1,01110,Planifikimi, Menaxhimi dhe Administrimi,231,3535,18BV410,Blerje e instalim të pajisjeve të rrjetit, serverave, licensa për backup dhe për sigurinë kibernetike,4000000,0,0,4000000
19091,2025,11-2025,001,95,1095001,Autoriteti per informim mbi dosjet e ish Sigurimit te Shtetit (3535),B1,01110,Planifikimi, Menaxhimi dhe Administrimi,231,3535,18BV411,Rinovim/rimodelim dhe mirembajtje e faqes Web,800000,0,0,800000
19092,2025,11-2025,101,05,2101001,Bashkia Tirana (3535),B1,04240,Menaxhimi i infrastruktures se kullimit dhe ujitjes,231,3535,18AJ994,Rehabilitimi I kanalit vadites te fshatit Zall-Herr,21350000,0,0,21350000
19093,2025,11-2025,101,06,2101152,Sh.A. Ujesjelles-Kanalizime Tirane (3535),B1,06370,Furnizimi me Uje dhe Kanalizime,231,3535,19AF823,Shtesa e Impiantit të përpunimit të ujit të pijshëm, Boville 1800l/s faza e II me 1200 l/s,110000000,0,0,110000000
19094,2025,11-2025,101,06,2101152,Sh.A. Ujesjelles-Kanalizime Tirane (3535),B1,06370,Furnizimi me Uje dhe Kanalizime,231,3535,19AF824,Supervizion punimesh për objektin: Shtesa e Impiantit të përpunimit të ujit të pijshëm, Boville 1800l/s faza e II me 1200 l/s,3000000,0,0,3000000
19095,2025,11-2025,101,11,2101001,Bashkia Tirana (3535),B4,09120,Arsimi Baze (perfshire parashkollorin),231,3535,18BC708,TVSH per projektin "Pajisje mobilerie per objektet e rindertimit me UNDP",16558178,0,0,16558178
19096,2025,11-2025,101,11,2101001,Bashkia Tirana (3535),B1,09120,Arsimi Baze (perfshire parashkollorin),231,3535,18BC893,PPP Kontrata koncesionit Bashkia e Tiranes nr.9513, date 17310.2018 Permiresimi i infrastruktures arsimore, projektim,ndertim, mobilim, mirembajtje, mbukqyrje, dhe kolaudim i 5 objekteve arsimore ne Zonen Tirana 1,202636802,0,0,202636802
19097,2025,11-2025,101,11,2101001,Bashkia Tirana (3535),B1,09120,Arsimi Baze (perfshire parashkollorin),231,3535,22AC516,Bashkia Tirane-Permisimi i infrastruktures arsimore (Sipas kontrates Koncesionit nr.4907Rep; nr.1874Kol  per Zonen Tirana 4"),147363198,0,0,147363198
19098,2025,11-2025,101,11,2101001,Bashkia Tirana (3535),B1,09450,Arsimi Universitar,231,3535,18BD509,Studim ¿ projektim të konvikteve,68406930,0,0,68406930
19099,2025,11-2025,101,12,2101001,Bashkia Tirana (3535),B1,08230,Arti dhe Kultura,231,3535,18AE716,Godina e Teatrit Tirane,314685333,0,0,314685333
19100,2025,11-2025,101,17,2101001,Bashkia Tirana (3535),B1,10910,Emergjencat Civile,231,3535,18AZ901,Fatkeqesi natyrore te menaxhuara,64286450,0,0,64286450
19101,2025,11-2025,101,17,2101001,Bashkia Tirana (3535),B1,10910,Emergjencat Civile,231,3535,21AD502,,229901000,0,0,229901000
19102,2025,11-2025,102,11,2102001,Bashkia Berat (0202),B1,09230,Arsimi i mesem (i pergjithshem),231,0202,18BD066,Ndërtim i shkollës  "22 Tetori", Bashkia Berat,94902358,0,0,94902358
19103,2025,11-2025,102,11,2102001,Bashkia Berat (0202),B1,09230,Arsimi i mesem (i pergjithshem),231,0202,18BD085,Rikonstruksion shkolla e mesme e bashkuar Koço Brisku, Lapardha_Bashkia Berat,12767109,0,0,12767109
19104,2025,11-2025,102,17,2102001,Bashkia Berat (0202),B1,10910,Emergjencat Civile,231,0202,18AZ901,Fatkeqesi natyrore te menaxhuara,117030,0,0,117030
19105,2025,11-2025,102,17,2102001,Bashkia Berat (0202),B1,10910,Emergjencat Civile,231,0202,18AZ905,Parandalimi dhe menaxhimi i fatkeqesive natyrore,6720000,0,0,6720000
19106,2025,11-2025,102,87,2102001,Bashkia Berat (0202),B1,08610,Mbështetje për Rininë dhe Fëmijët,231,0202,22AE819,Rikonstruksioni i Qendrës Rinore Lapardha,6000028,0,0,6000028
19107,2025,11-2025,103,05,2103001,Bashkia Bulqize (0603),B1,04240,Menaxhimi i infrastruktures se kullimit dhe ujitjes,231,0603,18AJ991,Ndërtim kanali ujitës nga ZalliiI Bulqizës deri në Fushë Bulqizë Faza e II,16683196,0,0,16683196
19108,2025,11-2025,103,06,2103001,Bashkia Bulqize (0603),B1,06370,Furnizimi me Uje dhe Kanalizime,231,0603,19AF212,Ndertimi i rrjetit te furnizimit dhe rrjetit shperndares te ujesjellesit, Lagja Allmet dhe ndertimi i rrjetit te KUZ lagja e Vjeter e qytetit Bulqize, bashkia Bulqize,100000000,0,0,100000000
19109,2025,11-2025,103,06,2103001,Bashkia Bulqize (0603),B1,06370,Furnizimi me Uje dhe Kanalizime,231,0603,19AF213,Supervizion punimesh per objektin: Ndertimi i rrjetit te furnizimit dhe rrjetit shperndares te ujesjellesit, Lagja Allmet dhe ndertimi i rrjetit te KUZ lagja e Vjeter e qytetit Bulqize, bashkia Bulqize,1834850,0,0,1834850
19110,2025,11-2025,103,06,2103001,Bashkia Bulqize (0603),B1,06370,Furnizimi me Uje dhe Kanalizime,231,0603,19AF232,Ndërtim sistem kanalizimesh dhe Impiant Trajtimi të Ujrave të Ndotura në qytetin Bulqizë e Re,82552300,0,0,82552300
19111,2025,11-2025,103,06,2103001,Bashkia Bulqize (0603),B1,06370,Furnizimi me Uje dhe Kanalizime,231,0603,19AF233,Supervizion Punimesh per objektin:Ndërtim sistem kanalizimesh dhe Impiant Trajtimi të Ujrave të Ndotura në qytetin Bulqizë e Re,3000300,0,0,3000300
19112,2025,11-2025,103,17,2103001,Bashkia Bulqize (0603),B1,10910,Emergjencat Civile,231,0603,18AZ901,Fatkeqesi natyrore te menaxhuara,12468059,0,0,12468059
19113,2025,11-2025,104,05,2104001,Bashkia Delvine (3704),B1,04240,Menaxhimi i infrastruktures se kullimit dhe ujitjes,231,3704,18AJ988,Rehabilitimi i kanalit vaditës të Trushes Vergo-Delvinë 600 ha 14.4 km,15627598,0,0,15627598
19114,2025,11-2025,104,05,2104001,Bashkia Delvine (3704),B1,04240,Menaxhimi i infrastruktures se kullimit dhe ujitjes,231,3704,18AJ993,Rehabilitimi I kanalit vadites te Trushes Vergo-Delvine (pjesa e dyte),19339882,0,0,19339882
19115,2025,11-2025,104,11,2104001,Bashkia Delvine (3704),B1,09230,Arsimi i mesem (i pergjithshem),231,3704,18BD095,Rikonstruksion i gjimnazit Sulejman Delvina Bashkia Delvinë,27902886,0,0,27902886
19116,2025,11-2025,104,12,2104001,Bashkia Delvine (3704),B1,06190,Strehimi,231,3704,M100399,Permiresim i kushteve  te banimit per komunitetin Rom/Egjiptian,1469609,0,0,1469609
19117,2025,11-2025,104,17,2104001,Bashkia Delvine (3704),B1,10910,Emergjencat Civile,231,3704,18AZ901,Fatkeqesi natyrore te menaxhuara,8250403,0,0,8250403
19118,2025,11-2025,104,17,2104001,Bashkia Delvine (3704),B1,10910,Emergjencat Civile,231,3704,18AZ905,Parandalimi dhe menaxhimi i fatkeqesive natyrore,6720000,0,0,6720000
19119,2025,11-2025,105,05,2105001,Bashkia Devoll (1505),B1,04240,Menaxhimi i infrastruktures se kullimit dhe ujitjes,231,1505,18AJ958,Kanali ujites Poloskë - Inonisht,5795108,0,0,5795108
19120,2025,11-2025,105,11,2105001,Bashkia Devoll (1505),B1,09230,Arsimi i mesem (i pergjithshem),231,1505,18BC532,Rehabilitim i terreneve sportive dhe ambienteve të shkollës së mesme Fuat Babani, Bilisht Bashkia Devoll,5843543,0,0,5843543
19121,2025,11-2025,105,17,2105001,Bashkia Devoll (1505),B1,10910,Emergjencat Civile,231,1505,18AZ901,Fatkeqesi natyrore te menaxhuara,117459,0,0,117459
19122,2025,11-2025,105,17,2105001,Bashkia Devoll (1505),B1,10910,Emergjencat Civile,231,1505,18AZ905,Parandalimi dhe menaxhimi i fatkeqesive natyrore,5154565,0,0,5154565
19123,2025,11-2025,106,06,2106001,Bashkia Dibër (0606),B1,06370,Furnizimi me Uje dhe Kanalizime,231,0606,18BQ387,Ndertimi i linjes se furnizimit me uje te pijshem Gurra e Eperme -Luzni-Peshkopi,12400300,0,0,12400300
19124,2025,11-2025,106,06,2106001,Bashkia Dibër (0606),B1,06370,Furnizimi me Uje dhe Kanalizime,231,0606,18BQ388,Supervizion punimesh per objektin:Ndertimi i linjes se furnizimit me uje te pijshem Gurra e Eperme -Luzni-Peshkopi,1058170,0,0,1058170
19125,2025,11-2025,106,11,2106001,Bashkia Dibër (0606),B1,09120,Arsimi Baze (perfshire parashkollorin),231,0606,22AC530,Rikonstruksion i shkollës 9-vjeçare Nazmi Rushiti, Dovolan Bashkia Dibër,3656416,0,0,3656416
19126,2025,11-2025,106,12,2106001,Bashkia Dibër (0606),B1,06190,Strehimi,231,0606,M100399,Permiresim i kushteve  te banimit per komunitetin Rom/Egjiptian,18896307,0,0,18896307
19127,2025,11-2025,107,11,2107001,Bashkia Durres (0707),B4,09120,Arsimi Baze (perfshire parashkollorin),231,0707,18BC708,TVSH per projektin "Pajisje mobilerie per objektet e rindertimit me UNDP",16104958,0,0,16104958
19128,2025,11-2025,107,11,2107001,Bashkia Durres (0707),B1,09230,Arsimi i mesem (i pergjithshem),231,0707,M112626,Pajisje laboratorike,Fizike-Kimi-Bilogji,  arsimi i mesëm i përgjithshëm,1940640,0,0,1940640
19129,2025,11-2025,107,12,2107001,Bashkia Durres (0707),B1,08230,Arti dhe Kultura,231,0707,18AE717,Rikonstruksion i Teatrit Aleksander Moisiu,119892478,0,0,119892478
19130,2025,11-2025,107,17,2107001,Bashkia Durres (0707),B1,10910,Emergjencat Civile,231,0707,18AZ905,Parandalimi dhe menaxhimi i fatkeqesive natyrore,5600000,0,0,5600000
19131,2025,11-2025,108,17,2108001,Bashkia Shijak (0707),B1,10910,Emergjencat Civile,231,0707,21AD502,,5391047,0,0,5391047
19132,2025,11-2025,109,05,2109001,Bashkia Elbasan (0808),B1,04240,Menaxhimi i infrastruktures se kullimit dhe ujitjes,231,0808,18AJ977,Rehabilitimi i pellgut ujëmbledhës  perroit te Zaranikës dhe Rikonstruksion i diges dhe  shtratit te përroit të Zaranikës Faza e I-rë Rikinstruksioni i shtratit  KM-0 + 440 - KM -3+100,38000000,0,0,38000000
19133,2025,11-2025,109,11,2109001,Bashkia Elbasan (0808),B1,09230,Arsimi i mesem (i pergjithshem),231,0808,18BD064,Ndërtimi i shkollës "Jonuz Sali Çarçiu", Bashkia Elbasan,58441117,0,0,58441117
19134,2025,11-2025,109,11,2109001,Bashkia Elbasan (0808),B1,09230,Arsimi i mesem (i pergjithshem),231,0808,18BD088,Rikonstruksion dhe shtesë anësore 3-kat e shkollës 9-vjeçare Naim Frashëri Bashkia Elbasan,36438956,0,0,36438956
19135,2025,11-2025,109,11,2109001,Bashkia Elbasan (0808),B1,09230,Arsimi i mesem (i pergjithshem),231,0808,18BD089,Rikonstruksion i godinës ekzistuese dhe i murit rrethues, ndërtimi i shkallës së emergjencës në shkollën Dhaskal Todri Bashkia Elbasan,34989884,0,0,34989884
19136,2025,11-2025,109,11,2109001,Bashkia Elbasan (0808),B1,09230,Arsimi i mesem (i pergjithshem),231,0808,18BD090,Godina e re e kalcetos + Rikonstruksion I objektit ekzistues, shtesë anësore, shkallët e emergjencës dhe muri rrethues në shkollën Shushicë Bashkia Elbasan,20615958,0,0,20615958
19137,2025,11-2025,109,12,2109001,Bashkia Elbasan (0808),B1,08230,Arti dhe Kultura,231,0808,18AE720,Restaurimi i ambjenteve të brendshme të katit përdhe dhe bodrumit të shtëpisë muze "Aleksandër Xhuvani",3000000,0,0,3000000
19138,2025,11-2025,109,17,2109001,Bashkia Elbasan (0808),B1,10910,Emergjencat Civile,231,0808,18AZ905,Parandalimi dhe menaxhimi i fatkeqesive natyrore,6720000,0,0,6720000
19139,2025,11-2025,109,17,2109001,Bashkia Elbasan (0808),B1,10910,Emergjencat Civile,231,0808,21AD502,,298703,0,0,298703
19140,2025,11-2025,110,05,2110001,Bashkia Cerrik (0808),B1,04240,Menaxhimi i infrastruktures se kullimit dhe ujitjes,231,0808,18AJ956,Rikonstruksioni i kanaleve vaditëse Nj.A. Gostimë,34974452,0,0,34974452
19141,2025,11-2025,110,11,2110001,Bashkia Cerrik (0808),B1,09120,Arsimi Baze (perfshire parashkollorin),231,0808,22AC533,Rehabilitim i ambjenteve të brendshme e të jashtme të shkollës së bashkuar Mehmet Bajraktare, Shalez Bashkia Cërrik,19542578,0,0,19542578
19142,2025,11-2025,110,12,2110001,Bashkia Cerrik (0808),B1,06190,Strehimi,231,0808,M100399,Permiresim i kushteve  te banimit per komunitetin Rom/Egjiptian,6618696,0,0,6618696
19143,2025,11-2025,110,12,2110001,Bashkia Cerrik (0808),B1,09240,Arsimi i  mesem (profesional),231,0808,24AB504,Rikostruksion konvikti i Cerrikut,25000000,0,0,25000000
19144,2025,11-2025,110,17,2110001,Bashkia Cerrik (0808),B1,10910,Emergjencat Civile,231,0808,18AZ901,Fatkeqesi natyrore te menaxhuara,27393732,0,0,27393732
19145,2025,11-2025,111,05,2111001,Bashkia Fier (0909),B1,04240,Menaxhimi i infrastruktures se kullimit dhe ujitjes,231,0909,18AJ951,Rehabilitimi i kanalit ujitës Vjosë-Levan-Fier, Dega e Martinës (progresivi 11710 deri 13510) L=1800, Skema FRU 1,20000000,0,0,20000000
19146,2025,11-2025,111,06,2111001,Bashkia Fier (0909),B1,06180,Planifikimi Urban,231,0909,M062993,Shpronesime,16000000,0,0,16000000
19147,2025,11-2025,111,11,2111001,Bashkia Fier (0909),B1,09120,Arsimi Baze (perfshire parashkollorin),231,0909,22AC509,Rikonstruksion i shkolles 9-vjecare ''Naim Frasheri'',9874494,0,0,9874494
19148,2025,11-2025,111,11,2111001,Bashkia Fier (0909),B1,09120,Arsimi Baze (perfshire parashkollorin),231,0909,22AC535,Rikonstruksion i shkolles Mark Dashi Fier Bashkia Fier,5792233,0,0,5792233
19149,2025,11-2025,111,11,2111001,Bashkia Fier (0909),B1,09230,Arsimi i mesem (i pergjithshem),231,0909,18BD078,Rikonstruksion i shkollës  "Liri Gero", Bashkia Fier,15878004,0,0,15878004
19150,2025,11-2025,111,11,2111001,Bashkia Fier (0909),B1,09230,Arsimi i mesem (i pergjithshem),231,0909,18BD081,Rikonstruksion i shkollës mesme ¿Janaq Kilica¿, Bashkia Fier,12764366,0,0,12764366
19151,2025,11-2025,111,17,2111001,Bashkia Fier (0909),B1,10910,Emergjencat Civile,231,0909,18AZ901,Fatkeqesi natyrore te menaxhuara,7016566,0,0,7016566
19152,2025,11-2025,111,17,2111001,Bashkia Fier (0909),B1,10910,Emergjencat Civile,231,0909,18AZ905,Parandalimi dhe menaxhimi i fatkeqesive natyrore,5600000,0,0,5600000
19153,2025,11-2025,112,06,2112001,Bashkia Patos (0909),B1,06370,Furnizimi me Uje dhe Kanalizime,231,0909,M064166,Rikonstruksion magjistrali kryesor dhe rrjetit të brëndshëm të ujësjellësit  qytetit Patos Loti II,200000000,0,0,200000000
19154,2025,11-2025,112,06,2112001,Bashkia Patos (0909),B1,06370,Furnizimi me Uje dhe Kanalizime,231,0909,M064167,Supervizion punimesh per objektin:"Rikonstruksion magjistrali kryesor dhe rrjetit të brëndshëm të ujësjellësit  qytetit Patos Loti II,2099000,0,0,2099000
19155,2025,11-2025,112,11,2112001,Bashkia Patos (0909),B1,09120,Arsimi Baze (perfshire parashkollorin),231,0909,22AC501,Rikonstruksion i shkollës "Muhamet Shehu" dhe ndërtim i palestrës_Bashkia Patos,16055285,0,0,16055285
19156,2025,11-2025,112,11,2112001,Bashkia Patos (0909),B1,09230,Arsimi i mesem (i pergjithshem),231,0909,18BD093,Rikonstruksion i shkollës së mesme të bashkuar Sotir Çapo dhe ndërtimi i palestrës Bashkia Patos,32752887,0,0,32752887
19157,2025,11-2025,112,17,2112001,Bashkia Patos (0909),B1,10910,Emergjencat Civile,231,0909,18AZ901,Fatkeqesi natyrore te menaxhuara,17900686,0,0,17900686
19158,2025,11-2025,113,05,2113001,Bashkia Roskovec (0909),B1,04240,Menaxhimi i infrastruktures se kullimit dhe ujitjes,231,0909,18AJ978,Rritja e sigurise se diges dhe permiresimi i aftesise ujembledhese te rezervuarit te Kurjanit,45000000,0,0,45000000
19159,2025,11-2025,113,06,2113001,Bashkia Roskovec (0909),B1,06370,Furnizimi me Uje dhe Kanalizime,231,0909,20AD901,Permiresim i Furnizimit me uje te njesise administrative Strum (Rikonstruksion i Ujesjellesit te fshatit Suke 1, Suke 2, Strume dhe Velmish 2),54651861,0,0,54651861
19160,2025,11-2025,113,17,2113001,Bashkia Roskovec (0909),B1,10910,Emergjencat Civile,231,0909,18AZ901,Fatkeqesi natyrore te menaxhuara,17024472,0,0,17024472
19161,2025,11-2025,113,17,2113001,Bashkia Roskovec (0909),B1,10910,Emergjencat Civile,231,0909,18AZ905,Parandalimi dhe menaxhimi i fatkeqesive natyrore,4200000,0,0,4200000
19162,2025,11-2025,114,11,2114001,Bashkia Gramsh (0810),B1,09120,Arsimi Baze (perfshire parashkollorin),231,0810,22AC519,Rikonstruksion i shkollës 9-vjeçare "Rilindja", Bashkia Gramsh,65847769,0,0,65847769
19163,2025,11-2025,114,11,2114001,Bashkia Gramsh (0810),B1,09120,Arsimi Baze (perfshire parashkollorin),231,0810,22AC532,Ndertim palester sportive + Rikonstruksion i shkollës 9-vjeçare 35 vjetori i Çlirimit, Bashkia Gramsh,28729962,0,0,28729962
19164,2025,11-2025,114,12,2114001,Bashkia Gramsh (0810),B1,06190,Strehimi,231,0810,M100399,Permiresim i kushteve  te banimit per komunitetin Rom/Egjiptian,1682231,0,0,1682231
19165,2025,11-2025,114,17,2114001,Bashkia Gramsh (0810),B1,10910,Emergjencat Civile,231,0810,18AZ901,Fatkeqesi natyrore te menaxhuara,62088350,0,0,62088350
19166,2025,11-2025,115,06,2115001,Bashkia Gjirokaster (1111),B1,06370,Furnizimi me Uje dhe Kanalizime,231,1111,18BQ371,Ujesjellesi Lazarat,20634580,0,0,20634580
19167,2025,11-2025,115,06,2115001,Bashkia Gjirokaster (1111),B1,06370,Furnizimi me Uje dhe Kanalizime,231,1111,18BQ372,Supervizion punimesh per objektin:Ujesjellesi Lazarat,450000,0,0,450000
19168,2025,11-2025,115,11,2115001,Bashkia Gjirokaster (1111),B1,09120,Arsimi Baze (perfshire parashkollorin),231,1111,22AC537,Rikontruksion i godinës ekzistuese dhe shkallës së emergjencës dhe dhomës teknike në shkollën 9-vjeçare Urani Rumbo Bashkia Gjirokastër,14794672,0,0,14794672
19169,2025,11-2025,115,11,2115001,Bashkia Gjirokaster (1111),B1,09230,Arsimi i mesem (i pergjithshem),231,1111,18BD070,Rikonstruksion dhe përmirësim i eficensës energjitike shkolla e mesme "Muhamet Gjollesha", Bashkia Gjirokastër,17384999,0,0,17384999
19170,2025,11-2025,116,05,2116001,Bashkia Libohove (1111),B1,04240,Menaxhimi i infrastruktures se kullimit dhe ujitjes,231,1111,18AJ989,Riparime në veprat ujitëse, Fusha e Stojanit Ndërhyrje rikonstruksionin e kanalit egzistues dhe ndertim i kanaleve te reja per vaditje,15314848,0,0,15314848
19171,2025,11-2025,116,13,2116001,Bashkia Libohove (1111),B1,10430,Perkujdesi Social,231,1111,18BC011,Nderhyrje ne shtepine e te moshuarve Libohove,3520000,0,0,3520000
19172,2025,11-2025,117,06,2117001,Bashkia Has (1812),B1,06370,Furnizimi me Uje dhe Kanalizime,231,1812,18BQ381,Ndertimi i Ujesjellesit Rajonal per njesine administrative Golaj,Per fshtatrat Dobrune,Qarr i vogel, Golaj, Nikoliq dhe Vlahen,Bashkia Has,70272975,0,0,70272975
19173,2025,11-2025,117,06,2117001,Bashkia Has (1812),B1,06370,Furnizimi me Uje dhe Kanalizime,231,1812,18BQ382,Supervizion punimesh per objektin:Ndertimi i Ujesjellesit Rajonal per njesine administrative Golaj,Per fshtatrat Dobrune,Qarr i vogel, Golaj, Nikoliq dhe Vlahen,Bashkia Has,1403200,0,0,1403200
19174,2025,11-2025,117,11,2117001,Bashkia Has (1812),B1,09120,Arsimi Baze (perfshire parashkollorin),231,1812,22AC541,Rikonstruksion i shkollës 9-vjeçare Sejdi Dida, Krumë Bashkia Has,25697588,0,0,25697588
19175,2025,11-2025,117,11,2117001,Bashkia Has (1812),B1,09230,Arsimi i mesem (i pergjithshem),231,1812,18BD073,Rikonstruksion i gjimnazit "Skënderbeu", Bashkia Has,63862322,0,0,63862322
19176,2025,11-2025,117,17,2117001,Bashkia Has (1812),B1,10910,Emergjencat Civile,231,1812,18AZ901,Fatkeqesi natyrore te menaxhuara,1987864,0,0,1987864
19177,2025,11-2025,118,06,2118001,Bashkia Kavaja (3513),B1,06370,Furnizimi me Uje dhe Kanalizime,231,3513,19AF812,Furnizimi me uje per zonat bregdetare: Plazhi i Gjeneralit -Bardhor -Karpen -Synej, Bashkia Kavajë-Varinati I, LOTI I,36065420,0,0,36065420
19178,2025,11-2025,118,06,2118001,Bashkia Kavaja (3513),B1,06370,Furnizimi me Uje dhe Kanalizime,231,3513,19AF813,Supervizion punimesh për objektin: Furnizimi me uje per zonat bregdetare: Plazhi i Gjeneralit -Bardhor -Karpen -Synej, Bashkia Kavajë-Varinati I, LOTI I,682000,0,0,682000
19179,2025,11-2025,118,17,2118001,Bashkia Kavaja (3513),B1,10910,Emergjencat Civile,231,3513,18AZ905,Parandalimi dhe menaxhimi i fatkeqesive natyrore,1466624,0,0,1466624
19180,2025,11-2025,118,17,2118001,Bashkia Kavaja (3513),B1,10910,Emergjencat Civile,231,3513,21AD502,,9066068,0,0,9066068
19181,2025,11-2025,119,06,2119001,Bashkia Rogozhine (3513),B1,06370,Furnizimi me Uje dhe Kanalizime,231,3513,19AG604,Rikonstruksion i magjistralit kryesor dhe rrjetit të ujësjellësit te fshatrave Lekaj, Harizaj, Kryeluzaj, Zambisht, Okshtun dhe Mushnik të njësisë administrative Lekaj, Bashkia Rrogozhinë,59383720,0,0,59383720
19182,2025,11-2025,119,06,2119001,Bashkia Rogozhine (3513),B1,06370,Furnizimi me Uje dhe Kanalizime,231,3513,19AG605,Supervizion punimesh për objektin: Rikonstruksion i magjistralit kryesor dhe rrjetit të ujësjellësit te fshatrave Lekaj, Harizaj, Kryeluzaj, Zambisht, Okshtun dhe Mushnik të njësisë administrative Lekaj, Bashkia Rrogozhinë,521100,0,0,521100
19183,2025,11-2025,119,06,2119001,Bashkia Rogozhine (3513),B1,06370,Furnizimi me Uje dhe Kanalizime,231,3513,20AD801,Rikonstruksion i Ujesjellesit Gose, bashkia Rrogozhine,22406190,0,0,22406190
19184,2025,11-2025,119,06,2119001,Bashkia Rogozhine (3513),B1,06370,Furnizimi me Uje dhe Kanalizime,231,3513,20AD802,Supervizion punimesh per objektin: Rikonstruksion i Ujesjellesit Gose, bashkia Rrogozhine,1140000,0,0,1140000
19185,2025,11-2025,119,12,2119001,Bashkia Rogozhine (3513),B1,06190,Strehimi,231,3513,M100399,Permiresim i kushteve  te banimit per komunitetin Rom/Egjiptian,20819796,0,0,20819796
19186,2025,11-2025,119,17,2119001,Bashkia Rogozhine (3513),B1,10910,Emergjencat Civile,231,3513,18AZ904,Digat,26567785,0,0,26567785
19187,2025,11-2025,120,06,2120001,Bashkia Kolonjë (1514),B1,06370,Furnizimi me Uje dhe Kanalizime,231,1514,19AF902,Supervizion punimesh per objektin:Ndertim ujesjellesi per qytetin Ersekë dhe fshatrat, Faza e II-të nga Burimet e Kozelit,1859300,0,0,1859300
19188,2025,11-2025,120,06,2120001,Bashkia Kolonjë (1514),B1,06370,Furnizimi me Uje dhe Kanalizime,231,1514,19AG806,Supervizion punimesh per objektin: Rrjeti shpërndarës i furnizimit me ujë në 14 fshatrat e Kolonjës, Bashkia Kolonjë,2620900,0,0,2620900
19189,2025,11-2025,120,12,2120001,Bashkia Kolonjë (1514),B1,06190,Strehimi,231,1514,M100399,Permiresim i kushteve  te banimit per komunitetin Rom/Egjiptian,3033145,0,0,3033145
19190,2025,11-2025,120,17,2120001,Bashkia Kolonjë (1514),B1,10910,Emergjencat Civile,231,1514,18AZ901,Fatkeqesi natyrore te menaxhuara,929985,0,0,929985
19191,2025,11-2025,122,11,2122001,Bashkia Korce (1515),B1,09120,Arsimi Baze (perfshire parashkollorin),231,1515,22AC518,Rikonstruksion  shkolles 9-vjecare "Sevasti Qirjazi", Bashkia Korçë,17581043,0,0,17581043
19192,2025,11-2025,122,11,2122001,Bashkia Korce (1515),B1,09120,Arsimi Baze (perfshire parashkollorin),231,1515,22AC539,Rikonstruksion i shkollës 9-vjeçare Sotir Gurra dhe ndërtim palestre Bashkia Korçë,17810512,0,0,17810512
19193,2025,11-2025,122,17,2122001,Bashkia Korce (1515),B1,10910,Emergjencat Civile,231,1515,18AZ901,Fatkeqesi natyrore te menaxhuara,19659165,0,0,19659165
19194,2025,11-2025,122,17,2122001,Bashkia Korce (1515),B1,10910,Emergjencat Civile,231,1515,18AZ905,Parandalimi dhe menaxhimi i fatkeqesive natyrore,4760000,0,0,4760000
19195,2025,11-2025,123,17,2123001,Bashkia Kruje (0716),B1,10910,Emergjencat Civile,231,0716,18AZ905,Parandalimi dhe menaxhimi i fatkeqesive natyrore,6720000,0,0,6720000
19196,2025,11-2025,123,17,2123001,Bashkia Kruje (0716),B1,10910,Emergjencat Civile,231,0716,21AD502,,4000000,0,0,4000000
19197,2025,11-2025,124,11,2124001,Bashkia Kucove (0217),B1,09120,Arsimi Baze (perfshire parashkollorin),231,0217,22AC523,Rikonstruksioni i shkollës, krijimi i ambienteve sportive dhe ndërtimi i palestrës në shkollën 9-vjeçare "Gaqi Karakashi", Bashkia Kuçove,45025274,0,0,45025274
19198,2025,11-2025,124,11,2124001,Bashkia Kucove (0217),B1,09230,Arsimi i mesem (i pergjithshem),231,0217,18BD086,Rikonstruksion i ambienteve sportive dhe palester ne shkollen e mesme te bashkuar Aleksander Markacini Havalejas Bashkia Kuçovë,21309602,0,0,21309602
19199,2025,11-2025,124,17,2124001,Bashkia Kucove (0217),B1,10910,Emergjencat Civile,231,0217,18AZ901,Fatkeqesi natyrore te menaxhuara,50888915,0,0,50888915
19200,2025,11-2025,124,17,2124001,Bashkia Kucove (0217),B1,10910,Emergjencat Civile,231,0217,18AZ905,Parandalimi dhe menaxhimi i fatkeqesive natyrore,3894800,0,0,3894800
19201,2025,11-2025,125,05,2125001,Bashkia Kukes (1818),B1,04240,Menaxhimi i infrastruktures se kullimit dhe ujitjes,231,1818,18AJ990,Rikonstruksion i kanalit ujitës Shtiqen, Bashkia Kukës,12061518,0,0,12061518
19202,2025,11-2025,125,06,2125001,Bashkia Kukes (1818),B1,06370,Furnizimi me Uje dhe Kanalizime,231,1818,19AG803,Optimizimi i Furnizimit me ujë të qytetit Kukës, Bashkia Kukës,18569900,0,0,18569900
19203,2025,11-2025,125,06,2125001,Bashkia Kukes (1818),B1,06370,Furnizimi me Uje dhe Kanalizime,231,1818,19AG804,Supervizion punimesh për objektin: Optimizimi i Furnizimit me ujë të qytetit Kukës, Bashkia Kukës,213250,0,0,213250
19204,2025,11-2025,125,11,2125001,Bashkia Kukes (1818),B1,09120,Arsimi Baze (perfshire parashkollorin),231,1818,22AC524,Rikonstruksion i kopshtit nr. 3 lagja nr. 5, Bashkia Kukës,20000000,0,0,20000000
19205,2025,11-2025,125,11,2125001,Bashkia Kukes (1818),B1,09120,Arsimi Baze (perfshire parashkollorin),231,1818,M112551,Pajisje mobileri arsimi baze,4519084,0,0,4519084
19206,2025,11-2025,125,11,2125001,Bashkia Kukes (1818),B1,09230,Arsimi i mesem (i pergjithshem),231,1818,18BD068,Rehabilitim i shkollës "Avni Rustemi", Bashkia Kukës,57192995,0,0,57192995
19207,2025,11-2025,125,11,2125001,Bashkia Kukes (1818),B1,09230,Arsimi i mesem (i pergjithshem),231,1818,M112627,Pajisje mobilerie arsimi i mesëm i përgjithshem,2435516,0,0,2435516
19208,2025,11-2025,126,17,2126001,Bashkia Kurbin (2019),B1,10910,Emergjencat Civile,231,2019,18AZ901,Fatkeqesi natyrore te menaxhuara,91970376,0,0,91970376
19209,2025,11-2025,127,05,2127001,Bashkia Lezhe (2020),B1,04240,Menaxhimi i infrastruktures se kullimit dhe ujitjes,231,2020,18AJ959,Rikonstruksioni i kanalit ujitës dega kryesore Kotërr-Kakarriq, Bashkia Lezhë,29000000,0,0,29000000
19210,2025,11-2025,127,06,2127001,Bashkia Lezhe (2020),B1,06370,Furnizimi me Uje dhe Kanalizime,231,2020,18BQ369,Ndertimi i Ujesjellesit ne fshatrat Pllane, Zejmen,Markatomaj,Spiten,Tresh,Ne njesine administrative Shengjin,Bashkia Lezhe,49533600,0,0,49533600
19211,2025,11-2025,127,06,2127001,Bashkia Lezhe (2020),B1,06370,Furnizimi me Uje dhe Kanalizime,231,2020,18BQ370,Supervizion punimesh per objektin:Ndertimi i Ujesjellesit ne fshatrat Pllane, Zejmen,Markatomaj,Spiten, Tresh,Ne njesine administrative Shengjin,919810,0,0,919810
19212,2025,11-2025,127,06,2127001,Bashkia Lezhe (2020),B1,06370,Furnizimi me Uje dhe Kanalizime,231,2020,19AG303,Furnizimi me uje per zonat bregdetare te njesise administrative Shenkoll, Bashkia Lezhe,49894400,0,0,49894400
19213,2025,11-2025,127,06,2127001,Bashkia Lezhe (2020),B1,06370,Furnizimi me Uje dhe Kanalizime,231,2020,19AG304,Supervizion punimesh për objektin: Furnizimi me uje per zonat bregdetare te njesise administrative Shenkoll,Bashkia Lezhe,1610770,0,0,1610770
19214,2025,11-2025,127,06,2127001,Bashkia Lezhe (2020),B1,06370,Furnizimi me Uje dhe Kanalizime,231,2020,19AG305,Ndertimi i Ujesjellesit ne fshatrat Pllane, Zejmen, Markatomaj, Spiten, Tresh ne njesine administrative Shengjin,Bashkia Lezhe- Loti i II,4179900,0,0,4179900
19215,2025,11-2025,127,06,2127001,Bashkia Lezhe (2020),B1,06370,Furnizimi me Uje dhe Kanalizime,231,2020,19AG306,Supervizion punimesh për objektin: Ndertimi i Ujesjellesit ne fshatrat Pllane, Zejmen, Markatomaj, Spiten, Tresh ne administrative Shengjin, Bashkia Lezhe -Loti i II,826800,0,0,826800
19216,2025,11-2025,127,11,2127001,Bashkia Lezhe (2020),B4,09120,Arsimi Baze (perfshire parashkollorin),231,2020,18BC708,TVSH per projektin "Pajisje mobilerie per objektet e rindertimit me UNDP",2336864,0,0,2336864
19217,2025,11-2025,127,11,2127001,Bashkia Lezhe (2020),B1,09120,Arsimi Baze (perfshire parashkollorin),231,2020,22AC542,Rikonstruksion i shkollës 9-vjeçare Gjergj Fishta, Bashkia Lezhë,29043393,0,0,29043393
19218,2025,11-2025,127,17,2127001,Bashkia Lezhe (2020),B1,10910,Emergjencat Civile,230,2020,21AD502,,15000000,0,0,15000000
19219,2025,11-2025,128,05,2128001,Bashkia Librazhd (0821),B1,04240,Menaxhimi i infrastruktures se kullimit dhe ujitjes,231,0821,18AJ982,Rikonstruksion i kanalit vaditës të Allanit, Dorëz-Gizavesh-Librazhd Qendër,31685559,0,0,31685559
19220,2025,11-2025,128,11,2128001,Bashkia Librazhd (0821),B1,09230,Arsimi i mesem (i pergjithshem),231,0821,18BD069,Rikonstruksion dhe ndërtim i palestrës shkolla e Bashkuar " Shefqet Dosku", Bashkia Librazhd,46931473,0,0,46931473
19221,2025,11-2025,128,11,2128001,Bashkia Librazhd (0821),B1,09230,Arsimi i mesem (i pergjithshem),231,0821,18BD091,Rikonstruksion tërësor dhe rindërtim i palestrës së shkollës "Vilson Blloshmi Bashkia Librazhd,39325357,0,0,39325357
19222,2025,11-2025,128,12,2128001,Bashkia Librazhd (0821),B1,06190,Strehimi,231,0821,M100399,Permiresim i kushteve  te banimit per komunitetin Rom/Egjiptian,20580588,0,0,20580588
19223,2025,11-2025,128,17,2128001,Bashkia Librazhd (0821),B1,10910,Emergjencat Civile,231,0821,18AZ901,Fatkeqesi natyrore te menaxhuara,817841,0,0,817841
19224,2025,11-2025,128,17,2128001,Bashkia Librazhd (0821),B1,10910,Emergjencat Civile,231,0821,18AZ905,Parandalimi dhe menaxhimi i fatkeqesive natyrore,6720000,0,0,6720000
19225,2025,11-2025,129,05,2129010,Ndermarrja e Pasurive PNdermarrja e Pasurive Publike Lushnje (0922),B1,04240,Menaxhimi i infrastruktures se kullimit dhe ujitjes,231,0922,18AJ971,Rehabilitimi i kanalit ujitës U-3-25/1, U-3-25/2, U-3-24, Njësia Administrative Krutje,11361211,0,0,11361211
19226,2025,11-2025,129,11,2129001,Bashkia Lushnje (0922),B1,09230,Arsimi i mesem (i pergjithshem),231,0922,18BD074,Rikonstruksion i godinës dhe palestrës së shkollës së mesme "Jani Nushi", Bashkia Lushnjë,17231545,0,0,17231545
19227,2025,11-2025,129,11,2129001,Bashkia Lushnje (0922),B1,09230,Arsimi i mesem (i pergjithshem),231,0922,18BD092,Rindërtimi i shkollës së mesme të bashkuar Zyber Sharka, fshati Hysgjokaj Bashkia Lushnjë,13368743,0,0,13368743
19228,2025,11-2025,129,17,2129001,Bashkia Lushnje (0922),B1,10910,Emergjencat Civile,231,0922,18AZ904,Digat,17615788,0,0,17615788
19229,2025,11-2025,130,05,2130001,Bashkia Malësi e Madhe (3323),B1,04240,Menaxhimi i infrastruktures se kullimit dhe ujitjes,231,3323,18AJ964,Rehabilitimi kanalit vadites Egç-Kurte-Linaj-Lepurush,22000000,0,0,22000000
19230,2025,11-2025,130,11,2130001,Bashkia Malësi e Madhe (3323),B1,09230,Arsimi i mesem (i pergjithshem),231,3323,18BD080,Rikonstruksion i shkollës mesme bashkuar Gruemirë, Bashkia Malësi e Madhe,34136975,0,0,34136975
19231,2025,11-2025,130,17,2130001,Bashkia Malësi e Madhe (3323),B1,10910,Emergjencat Civile,231,3323,18AZ901,Fatkeqesi natyrore te menaxhuara,15544810,0,0,15544810
19232,2025,11-2025,130,17,2130001,Bashkia Malësi e Madhe (3323),B1,10910,Emergjencat Civile,231,3323,18AZ905,Parandalimi dhe menaxhimi i fatkeqesive natyrore,4480000,0,0,4480000
19233,2025,11-2025,130,87,2130001,Bashkia Malësi e Madhe (3323),B1,08610,Mbështetje për Rininë dhe Fëmijët,231,3323,22AE811,Kompleksi Rinor Syri I Sheganit,161926,0,0,161926
19234,2025,11-2025,131,06,2131001,Bashkia Mallakastër (0924),B1,06370,Furnizimi me Uje dhe Kanalizime,231,0924,18BQ449,Rikonstruksion i rrjetit shperndares të qytetit Ballsh,109309170,0,0,109309170
19235,2025,11-2025,131,06,2131001,Bashkia Mallakastër (0924),B1,06370,Furnizimi me Uje dhe Kanalizime,231,0924,18BQ450,Supervizion punimesh per objektin:"Rikonstruksion i rrjetit shperndares të qytetit Ballsh",425740,0,0,425740
19236,2025,11-2025,131,06,2131001,Bashkia Mallakastër (0924),B1,06370,Furnizimi me Uje dhe Kanalizime,231,0924,19AE005,Ndertim linje per transmetimin e rrjetit te jashtem te ujesjellesit Rajonal (Nga Burimi i Pocemit),60054100,0,0,60054100
19237,2025,11-2025,131,06,2131001,Bashkia Mallakastër (0924),B1,06370,Furnizimi me Uje dhe Kanalizime,231,0924,19AE006,Supervizion punimesh per objektin: Ndertimi linje per transmetimin e rrjetit te jashtem te ujesjellesit Rajonal (Nga Burimi i Pocemit),787600,0,0,787600
19238,2025,11-2025,131,11,2131001,Bashkia Mallakastër (0924),B1,09120,Arsimi Baze (perfshire parashkollorin),231,0924,22AC534,Rikonstruksion i shkollës 9-vjeçare Ismail Klosi, Ballsh Bashkia Mallakstër,24557539,0,0,24557539
19239,2025,11-2025,131,11,2131001,Bashkia Mallakastër (0924),B1,09230,Arsimi i mesem (i pergjithshem),231,0924,18BD067,Ndërtim i shkollës "Gjoke Doçi", Bashkia Mallakastër,50034855,0,0,50034855
19240,2025,11-2025,131,17,2131001,Bashkia Mallakastër (0924),B1,10910,Emergjencat Civile,231,0924,18AZ901,Fatkeqesi natyrore te menaxhuara,4723296,0,0,4723296
19241,2025,11-2025,131,17,2131001,Bashkia Mallakastër (0924),B1,10910,Emergjencat Civile,231,0924,18AZ905,Parandalimi dhe menaxhimi i fatkeqesive natyrore,10805303,0,0,10805303
19242,2025,11-2025,131,17,2131001,Bashkia Mallakastër (0924),B1,10910,Emergjencat Civile,231,0924,21AD502,,5196492,0,0,5196492
19243,2025,11-2025,132,06,2132001,Bashkia Mat (0625),B1,06370,Furnizimi me Uje dhe Kanalizime,231,0625,19AF206,Ndertim ujesjellesi per furnizimin me uje te qytetit Burrel te fshatrave te njesise administrative Derjan dhe Rukaj -Loti I,48180400,0,0,48180400
19244,2025,11-2025,132,06,2132001,Bashkia Mat (0625),B1,06370,Furnizimi me Uje dhe Kanalizime,231,0625,19AF207,Supervizion punimesh per objektin:Ndertim ujesjellesi per furnizimin me uje te qytetit Burrel te fshatrave te njesise administrative Derjan dhe Rukaj -Loti I,427450,0,0,427450
19245,2025,11-2025,132,06,2132001,Bashkia Mat (0625),B1,06370,Furnizimi me Uje dhe Kanalizime,231,0625,19AF218,Ndërtim ujësjellësi për funzimin me ujë te qytetit Burrel dhe të fshatrave të Njësisë Administrative Derjan dhe Rukaj- Loti II,18132650,0,0,18132650
19246,2025,11-2025,132,06,2132001,Bashkia Mat (0625),B1,06370,Furnizimi me Uje dhe Kanalizime,231,0625,19AF219,Supervizion punimesh për objektin: Ndërtim ujësjellësi për funzimin me ujë te qytetit Burrel dhe të fshatrave të Njësisë Administrative Derjan dhe Rukaj- Loti II,276960,0,0,276960
19247,2025,11-2025,132,11,2132001,Bashkia Mat (0625),B1,09120,Arsimi Baze (perfshire parashkollorin),231,0625,18BC894,Rikonstruksion Shkolla 9-vjecare "Mustafa Gjestila", Burrel_Bashkia Mat,2789953,0,0,2789953
19248,2025,11-2025,132,11,2132001,Bashkia Mat (0625),B1,09120,Arsimi Baze (perfshire parashkollorin),231,0625,22AC528,Rikonstruksion shkolla 9-vjeçare "Ali Metra", Komsi dhe sistemi i ngrohjes+ ndërtim palestre, Bashkia Mat,60618435,0,0,60618435
19249,2025,11-2025,132,11,2132001,Bashkia Mat (0625),B1,09230,Arsimi i mesem (i pergjithshem),231,0625,18BD045,Rikonstruksion Gjimnazi "28 Nëntori", Mat_Bashkia Mat,1795219,0,0,1795219
19250,2025,11-2025,132,11,2132001,Bashkia Mat (0625),B1,09230,Arsimi i mesem (i pergjithshem),231,0625,18BD060,Rikonstruksion i plote i shkolles se mesme ''Pjeter Budi''+ terrene sportive,1149379,0,0,1149379
19251,2025,11-2025,132,11,2132001,Bashkia Mat (0625),B1,09230,Arsimi i mesem (i pergjithshem),231,0625,18BD087,Ndertim ambjenti sportiv + Rikonstruksion i shkollës së mesme të bashkuar Abdyrrahman Përmeti , LisBashkia Mat,20102377,0,0,20102377
19252,2025,11-2025,132,12,2132001,Bashkia Mat (0625),B1,06190,Strehimi,231,0625,M100397,Rikonstruksion i godinave ne pronesi te Njesive te Qeverisjes Vendore per strehim social,12153720,0,0,12153720
19253,2025,11-2025,132,12,2132001,Bashkia Mat (0625),B1,06190,Strehimi,231,0625,M100399,Permiresim i kushteve  te banimit per komunitetin Rom/Egjiptian,10417300,0,0,10417300
19254,2025,11-2025,132,12,2132001,Bashkia Mat (0625),B1,08230,Arti dhe Kultura,231,0625,18AE722,Rivitalizimi i Sallës qëndrore të Pallatit të Kulturës Shefqet Doda, rikonstruksioni i Galerisë së Arteve Tahir Tahiraj dhe mobilimi i bibliotekës Pjetër Budi, Bashkia Mat,20072279,0,0,20072279
19255,2025,11-2025,132,17,2132001,Bashkia Mat (0625),B1,10910,Emergjencat Civile,231,0625,18AZ901,Fatkeqesi natyrore te menaxhuara,37191459,0,0,37191459
19256,2025,11-2025,132,17,2132001,Bashkia Mat (0625),B1,10910,Emergjencat Civile,231,0625,18AZ904,Digat,39969970,0,0,39969970
19257,2025,11-2025,132,17,2132001,Bashkia Mat (0625),B1,10910,Emergjencat Civile,231,0625,21AD502,,3509647,0,0,3509647
19258,2025,11-2025,133,17,2133001,Bashkia Mirditë (2026),B1,10910,Emergjencat Civile,231,2026,21AD502,,2830657,0,0,2830657
19259,2025,11-2025,134,11,2134001,Bashkia Peqin (0827),B1,09230,Arsimi i mesem (i pergjithshem),231,0827,18BD084,Rindërtim i shkollës Shezë, Bashkia Peqin,51282969,0,0,51282969
19260,2025,11-2025,134,17,2134001,Bashkia Peqin (0827),B1,10910,Emergjencat Civile,231,0827,18AZ901,Fatkeqesi natyrore te menaxhuara,7655519,0,0,7655519
19261,2025,11-2025,134,17,2134001,Bashkia Peqin (0827),B1,10910,Emergjencat Civile,231,0827,18AZ905,Parandalimi dhe menaxhimi i fatkeqesive natyrore,3920000,0,0,3920000
19262,2025,11-2025,135,05,2135001,Bashkia Permet (1128),B1,04240,Menaxhimi i infrastruktures se kullimit dhe ujitjes,231,1128,18AJ968,Kanali ujitës Bual, Përmet,23854565,0,0,23854565
19263,2025,11-2025,135,11,2135001,Bashkia Permet (1128),B1,09230,Arsimi i mesem (i pergjithshem),231,1128,18BD079,Rikonstruksion i shkollës "Meleq Gostnishti", Bashkia Përmet,60474290,0,0,60474290
19264,2025,11-2025,135,17,2135001,Bashkia Permet (1128),B1,10910,Emergjencat Civile,231,1128,18AZ904,Digat,28764388,0,0,28764388
19265,2025,11-2025,135,17,2135001,Bashkia Permet (1128),B1,10910,Emergjencat Civile,231,1128,18AZ905,Parandalimi dhe menaxhimi i fatkeqesive natyrore,6720000,0,0,6720000
19266,2025,11-2025,135,17,2135001,Bashkia Permet (1128),B1,10910,Emergjencat Civile,231,1128,21AD502,,1500000,0,0,1500000
19267,2025,11-2025,136,05,2136001,Bashkia Pogradec (1529),B1,04240,Menaxhimi i infrastruktures se kullimit dhe ujitjes,231,1529,18AJ984,Rehabilitim skema ujitese rezervuari Bregu i Lëndinave Çërrave,5358297,0,0,5358297
19268,2025,11-2025,136,05,2136001,Bashkia Pogradec (1529),B1,04240,Menaxhimi i infrastruktures se kullimit dhe ujitjes,231,1529,18AJ985,Rikonstruksion kanali ujitës rezervuari i Pusis-Gjollet Leshnicë,1267225,0,0,1267225
19269,2025,11-2025,136,06,2136001,Bashkia Pogradec (1529),B1,06370,Furnizimi me Uje dhe Kanalizime,231,1529,19AF917,Ndertim i ujesjellesit rajonal Cerrave & Dardhas-Burimet e Gurrasit,692332,0,0,692332
19270,2025,11-2025,136,06,2136001,Bashkia Pogradec (1529),B1,06370,Furnizimi me Uje dhe Kanalizime,231,1529,19AF919,Ujësjellësi i Mokrës Faza e II-të,78977100,0,0,78977100
19271,2025,11-2025,136,06,2136001,Bashkia Pogradec (1529),B1,06370,Furnizimi me Uje dhe Kanalizime,231,1529,19AF920,Supervizion punimesh për objektin: Ujësjellësi i Mokrës Faza e II-të,1000900,0,0,1000900
19272,2025,11-2025,136,11,2136001,Bashkia Pogradec (1529),B1,09120,Arsimi Baze (perfshire parashkollorin),231,1529,22AC540,Rehabilitim dhe ambjente shtesë kopshti Liri Çomo Bashkia Pogradec,5126726,0,0,5126726
19273,2025,11-2025,136,11,2136001,Bashkia Pogradec (1529),B1,09230,Arsimi i mesem (i pergjithshem),231,1529,18BD071,Rikonstruksion dhe shtesë objekti, për shkollën "Kajo Karafili", Gështenjas, Bashkia Pogradec,55324737,0,0,55324737
19274,2025,11-2025,136,17,2136001,Bashkia Pogradec (1529),B1,10910,Emergjencat Civile,231,1529,18AZ901,Fatkeqesi natyrore te menaxhuara,2008381,0,0,2008381
19275,2025,11-2025,136,17,2136001,Bashkia Pogradec (1529),B1,10910,Emergjencat Civile,231,1529,18AZ905,Parandalimi dhe menaxhimi i fatkeqesive natyrore,5600000,0,0,5600000
19276,2025,11-2025,137,06,2137001,Bashkia Puke (3330),B1,06370,Furnizimi me Uje dhe Kanalizime,231,3330,19AG007,Ujësjellësi i fshatit Gjegjan,Bashkia Pukë,3858000,0,0,3858000
19277,2025,11-2025,137,12,2137001,Bashkia Puke (3330),B1,08220,Trashegimia Kulturore,Muzete,Bibliotekat,231,3330,M120201,Fond i ngrire,5000000,0,0,5000000
19278,2025,11-2025,137,17,2137001,Bashkia Puke (3330),B1,10910,Emergjencat Civile,231,3330,18AZ905,Parandalimi dhe menaxhimi i fatkeqesive natyrore,2352000,0,0,2352000
19279,2025,11-2025,138,11,2138001,Bashkia Sarande (3731),B1,09120,Arsimi Baze (perfshire parashkollorin),231,3731,22AC549,Rikonstruksion i shkollës 9-vjeçare 9-Tetori+ hapësirë sportive Bashkia Sarandë,11301227,0,0,11301227
19280,2025,11-2025,138,11,2138001,Bashkia Sarande (3731),B1,09230,Arsimi i mesem (i pergjithshem),231,3731,18BD075,Rikonstruksioni i shkollës 9-vjeçare "5 Dëshmorët", Bashkia Sarandë,44771846,0,0,44771846
19281,2025,11-2025,138,17,2138001,Bashkia Sarande (3731),B1,10910,Emergjencat Civile,231,3731,18AZ905,Parandalimi dhe menaxhimi i fatkeqesive natyrore,10703406,0,0,10703406
19282,2025,11-2025,138,17,2138001,Bashkia Sarande (3731),B1,10910,Emergjencat Civile,231,3731,21AD502,,5833333,0,0,5833333
19283,2025,11-2025,139,11,2139001,Bashkia Skrapar (0232),B1,09230,Arsimi i mesem (i pergjithshem),231,0232,18BD056,Rikonstruksion i shkolles  ''Ramiz Aranitasi'' Corovode,2487064,0,0,2487064
19284,2025,11-2025,139,17,2139001,Bashkia Skrapar (0232),B1,10910,Emergjencat Civile,231,0232,18AZ901,Fatkeqesi natyrore te menaxhuara,18779921,0,0,18779921
19285,2025,11-2025,139,17,2139001,Bashkia Skrapar (0232),B1,10910,Emergjencat Civile,231,0232,18AZ905,Parandalimi dhe menaxhimi i fatkeqesive natyrore,10264979,0,0,10264979
19286,2025,11-2025,140,05,2140001,Bashkia Polican (0232),B1,04240,Menaxhimi i infrastruktures se kullimit dhe ujitjes,231,0232,18AJ986,Kanali ujites Mbrakull Stacioni nr.2-Varreza, Bashkia Polican,10000000,0,0,10000000
19287,2025,11-2025,140,11,2140001,Bashkia Polican (0232),B1,09120,Arsimi Baze (perfshire parashkollorin),231,0232,22AC504,Rikonstruksion i shkolles 9-vjecare ''70 Vjetori i Pavaresise'' dhe sistemim i jashtem i gjithe kompleksit arsimor,38493602,0,0,38493602
19288,2025,11-2025,140,13,2140001,Bashkia Polican (0232),B1,10430,Perkujdesi Social,231,0232,18BC012,Nderhyrje ne Qendrën Polivalente Polican,131291545,0,0,131291545
19289,2025,11-2025,140,17,2140001,Bashkia Polican (0232),B1,10910,Emergjencat Civile,231,0232,18AZ901,Fatkeqesi natyrore te menaxhuara,43928181,0,0,43928181
19290,2025,11-2025,141,05,2141001,Bashkia Shkoder (3333),B1,04240,Menaxhimi i infrastruktures se kullimit dhe ujitjes,231,3333,18AJ952,Kanali kryesor Mjedë KU-22  Beltojë, Trush,23000000,0,0,23000000
19291,2025,11-2025,141,05,2141001,Bashkia Shkoder (3333),B1,04240,Menaxhimi i infrastruktures se kullimit dhe ujitjes,231,3333,18AJ953,Vepra e marrjes Spathar  KU-10,16248170,0,0,16248170
19292,2025,11-2025,141,05,2141001,Bashkia Shkoder (3333),B1,04240,Menaxhimi i infrastruktures se kullimit dhe ujitjes,231,3333,18AJ979,KU -32-33 Berdice,22073730,0,0,22073730
19293,2025,11-2025,141,11,2141001,Bashkia Shkoder (3333),B1,09120,Arsimi Baze (perfshire parashkollorin),231,3333,18BC534,Ndërtimi i ambienteve sportive te shkollës Tring Smajli, Bashkia Shkodër,8006522,0,0,8006522
19294,2025,11-2025,141,11,2141001,Bashkia Shkoder (3333),B1,09120,Arsimi Baze (perfshire parashkollorin),231,3333,22AC545,Shkolla e hapur Ismail Qemali Bashkia Shkodër,34979139,0,0,34979139
19295,2025,11-2025,141,11,2141001,Bashkia Shkoder (3333),B1,09230,Arsimi i mesem (i pergjithshem),231,3333,18BC533,Ndërtimi i ambienteve sportive te gjimnazit 28 Nëntori, Bashkia Shkodër,2513187,0,0,2513187
19296,2025,11-2025,141,11,2141001,Bashkia Shkoder (3333),B1,09230,Arsimi i mesem (i pergjithshem),231,3333,18BD082,Rikonstruksion i shkollës  "Ndre Mjeda", Bashkia Shkodër,58442453,0,0,58442453
19297,2025,11-2025,141,11,2141001,Bashkia Shkoder (3333),B1,09230,Arsimi i mesem (i pergjithshem),231,3333,18BD083,Shkolla e hapur "Kolë Idromeno", Bashkia Shkodër,46476621,0,0,46476621
19298,2025,11-2025,141,12,2141001,Bashkia Shkoder (3333),B1,06190,Strehimi,231,3333,18AY404,Projekte për përmirësimin e infrastruktures, kryesisht ne zona informale që janë në proces legalizimi,21321723,0,0,21321723
19299,2025,11-2025,141,12,2141001,Bashkia Shkoder (3333),B1,08230,Arti dhe Kultura,231,3333,18AE604,Instalimi I sistemit te kondicionimit te Teatrit Migjeni,29990891,0,0,29990891
19300,2025,11-2025,141,17,2141001,Bashkia Shkoder (3333),B1,10910,Emergjencat Civile,231,3333,18AZ905,Parandalimi dhe menaxhimi i fatkeqesive natyrore,5234338,0,0,5234338
19301,2025,11-2025,142,06,2142001,Bashkia Tepelene (1134),B1,06370,Furnizimi me Uje dhe Kanalizime,231,1134,19AE112,Supervizion "Furnizim dhe vendosje matësash  uji në pallatet me kollonë të brendshme, qyteti Tepelenë",13800,0,0,13800
19302,2025,11-2025,142,17,2142001,Bashkia Tepelene (1134),B1,10910,Emergjencat Civile,231,1134,18AZ905,Parandalimi dhe menaxhimi i fatkeqesive natyrore,8568000,0,0,8568000
19303,2025,11-2025,143,05,2143001,Bashkia Memaliaj (1134),B1,04240,Menaxhimi i infrastruktures se kullimit dhe ujitjes,231,1134,18AJ983,Rehabilitimi i skemës ujitëse nga rezervuari i Krahës, Dega Krahës dhe Zhulaj,8000000,0,0,8000000
19304,2025,11-2025,143,06,2143001,Bashkia Memaliaj (1134),B1,06370,Furnizimi me Uje dhe Kanalizime,231,1134,19AG511,Supervizion punimesh për objektin: Ndërtimi i ujësjellesit rajonal për fshatrat Vasiar, Iliras, Qesarat, Anë Vjose, Toç, Lulëzim,Zhulaj Krahas dhe qyteti Memaliaj,1100000,0,0,1100000
19305,2025,11-2025,143,06,2143001,Bashkia Memaliaj (1134),B1,06370,Furnizimi me Uje dhe Kanalizime,231,1134,19AG512,Ndërtimi i ujësjellesit rajonal për fshatrat Vasiar, Iliras, Qesarat, Anë Vjose, Toç, Lulëzim,Zhulaj, Krahas  dhe qyteti Memaliaj,50000000,0,0,50000000
19306,2025,11-2025,143,11,2143001,Bashkia Memaliaj (1134),B1,09230,Arsimi i mesem (i pergjithshem),231,1134,18BD072,Rikonstruksion i gjimnazit "Sali Nivica",  dhe ambientet sportive, Bashkia Memaliajliaj,94706185,0,0,94706185
19307,2025,11-2025,143,12,2143001,Bashkia Memaliaj (1134),B1,06190,Strehimi,231,1134,M100399,Permiresim i kushteve  te banimit per komunitetin Rom/Egjiptian,31239612,0,0,31239612
19308,2025,11-2025,143,17,2143001,Bashkia Memaliaj (1134),B1,10910,Emergjencat Civile,231,1134,18AZ901,Fatkeqesi natyrore te menaxhuara,40122235,0,0,40122235
19309,2025,11-2025,143,17,2143001,Bashkia Memaliaj (1134),B1,10910,Emergjencat Civile,231,1134,18AZ905,Parandalimi dhe menaxhimi i fatkeqesive natyrore,4480000,0,0,4480000
19310,2025,11-2025,145,05,2145001,Bashkia Tropojë (1836),B1,04240,Menaxhimi i infrastruktures se kullimit dhe ujitjes,231,1836,18AJ972,Rikonstruksion i kanalit vadites Ura e (vigi) Vakes-Cernice,23188971,0,0,23188971
19311,2025,11-2025,145,05,2145001,Bashkia Tropojë (1836),B1,04240,Menaxhimi i infrastruktures se kullimit dhe ujitjes,231,1836,18AJ974,Rehabilitimi i ujëmbledhësit  Visoce,1777460,0,0,1777460
19312,2025,11-2025,145,05,2145001,Bashkia Tropojë (1836),B1,04240,Menaxhimi i infrastruktures se kullimit dhe ujitjes,231,1836,18AJ975,Rehabilitimi i ujëmbledhësit Vlad,3128237,0,0,3128237
19313,2025,11-2025,145,05,2145001,Bashkia Tropojë (1836),B1,04240,Menaxhimi i infrastruktures se kullimit dhe ujitjes,231,1836,18AJ976,Rehabilitimi i ujëmbledhësit Radogosh,914774,0,0,914774
19314,2025,11-2025,145,11,2145001,Bashkia Tropojë (1836),B1,09120,Arsimi Baze (perfshire parashkollorin),231,1836,22AC525,Rikonstruksion i shkolles 9 vjeçare  "Besëlidhja e Malësisë", Bashkia Tropojë,21483229,0,0,21483229
19315,2025,11-2025,145,17,2145001,Bashkia Tropojë (1836),B1,10910,Emergjencat Civile,231,1836,18AZ901,Fatkeqesi natyrore te menaxhuara,8358407,0,0,8358407
19316,2025,11-2025,145,17,2145001,Bashkia Tropojë (1836),B1,10910,Emergjencat Civile,231,1836,18AZ904,Digat,14567467,0,0,14567467
19317,2025,11-2025,146,05,2146001,Bashkia Vlore (3737),B1,04240,Menaxhimi i infrastruktures se kullimit dhe ujitjes,231,3737,18AJ960,Riparim saracinske dhe vepra arti të rezervuareve Bestrovë, Panaja dhe Bunavi,5314890,0,0,5314890
19318,2025,11-2025,146,05,2146001,Bashkia Vlore (3737),B1,04240,Menaxhimi i infrastruktures se kullimit dhe ujitjes,231,3737,18AJ961,Mirëmbajtje kanali ujitës Tragjas-Rradhimë dhe vepra arti,5126053,0,0,5126053
19319,2025,11-2025,146,05,2146001,Bashkia Vlore (3737),B1,04240,Menaxhimi i infrastruktures se kullimit dhe ujitjes,231,3737,18AJ962,Rehabilitimi i kanalit Kallafet dhe Babicë, Vlorë (skema ujitëse VL9 dega majtas dhe djathtas,10000000,0,0,10000000
19320,2025,11-2025,146,05,2146001,Bashkia Vlore (3737),B1,04240,Menaxhimi i infrastruktures se kullimit dhe ujitjes,231,3737,18AJ992,Rikonstruksioni i hidrovorit te Qytetit te Vlores,37199549,0,0,37199549
19321,2025,11-2025,146,06,2146001,Bashkia Vlore (3737),B1,06180,Planifikimi Urban,231,3737,M062993,Shpronesime,57425000,0,0,57425000
19322,2025,11-2025,146,06,2146001,Bashkia Vlore (3737),B1,06370,Furnizimi me Uje dhe Kanalizime,231,3737,18BQ616,Ujesjellesi -Zona e ujit te ftohte dhe lungomares Rrapi Uji I Ftohte - Shkolla e Marines,72543000,0,0,72543000
19323,2025,11-2025,146,06,2146001,Bashkia Vlore (3737),B1,06370,Furnizimi me Uje dhe Kanalizime,231,3737,18BQ617,Supervizion punimesh per objektin-Ujesjellesi -Zona e ujit te ftohte dhe lungomares Rrapi Uji I Ftohte - Shkolla e Marines,2000000,0,0,2000000
19324,2025,11-2025,146,06,2146001,Bashkia Vlore (3737),B1,06370,Furnizimi me Uje dhe Kanalizime,231,3737,19AE306,Supervizion punimesh per objektin:Ndertimi i ujesjellesit ne rrugen transballkanike Vlore,Bashkia  Vlore,1836160,0,0,1836160
19325,2025,11-2025,146,06,2146001,Bashkia Vlore (3737),B1,06370,Furnizimi me Uje dhe Kanalizime,231,3737,19AG706,Rikonstruksion i ujësjellësit në 15 fshatrat e njësisë Administrative Novoselë,400000000,0,0,400000000
19326,2025,11-2025,146,06,2146001,Bashkia Vlore (3737),B1,06370,Furnizimi me Uje dhe Kanalizime,231,3737,19AG707,Supervizion punimesh për objektin: Rikonstruksion i ujësjellësit në 15 fshatrat e njësisë Administrative  Novoselë,3000000,0,0,3000000
19327,2025,11-2025,146,11,2146001,Bashkia Vlore (3737),B1,09120,Arsimi Baze (perfshire parashkollorin),231,3737,22AC522,Rikonstruksion dhe shtesë anësore e shkollës 9-vjeçare "Lef Sallata", Bashkia Vlorë,85197440,0,0,85197440
19328,2025,11-2025,146,17,2146001,Bashkia Vlore (3737),B1,10910,Emergjencat Civile,231,3737,18AZ905,Parandalimi dhe menaxhimi i fatkeqesive natyrore,15306283,0,0,15306283
19329,2025,11-2025,146,17,2146001,Bashkia Vlore (3737),B1,10910,Emergjencat Civile,231,3737,21AD502,,15000000,0,0,15000000
19330,2025,11-2025,147,05,2147001,Bashkia Divjake (0922),B1,04240,Menaxhimi i infrastruktures se kullimit dhe ujitjes,231,0922,18AJ969,Mbrojtje lumore në lumin Shkumbin,5117597,0,0,5117597
19331,2025,11-2025,147,05,2147001,Bashkia Divjake (0922),B1,04240,Menaxhimi i infrastruktures se kullimit dhe ujitjes,231,0922,18AJ970,Prita nivelngritëse në kanalin kullues kryesor,1286602,0,0,1286602
19332,2025,11-2025,147,06,2147001,Bashkia Divjake (0922),B1,06370,Furnizimi me Uje dhe Kanalizime,231,0922,19AF814,Furnizimi me ujë për zonat bregdetare të bashkise divjake dhe njësisë administrative Rremas, Loti I - njësia administrative Rremas,53207000,0,0,53207000
19333,2025,11-2025,147,11,2147001,Bashkia Divjake (0922),B1,09120,Arsimi Baze (perfshire parashkollorin),231,0922,22AC520,Ndërtim i shkollës 9-vjeçare "Ismail Veizi", Bashkia Divjakë,63182119,0,0,63182119
19334,2025,11-2025,147,11,2147001,Bashkia Divjake (0922),B1,09230,Arsimi i mesem (i pergjithshem),231,0922,18BD057,Rikonstruksion i objekteve egzistuese, shtese anesore dhe ndertim palestre ne shkollen e mesme te Bashkuar, Remas,59939118,0,0,59939118
19335,2025,11-2025,152,17,2152001,Bashkia Belsh (0808),B1,10910,Emergjencat Civile,231,0808,18AZ904,Digat,25625546,0,0,25625546
19336,2025,11-2025,152,17,2152001,Bashkia Belsh (0808),B1,10910,Emergjencat Civile,231,0808,18AZ905,Parandalimi dhe menaxhimi i fatkeqesive natyrore,5040000,0,0,5040000
19337,2025,11-2025,153,05,2153001,Bashkia Prenjas (0821),B1,04240,Menaxhimi i infrastruktures se kullimit dhe ujitjes,231,0821,18AJ987,Rikonstruksioni i kanalit Lingajces, faza e dytë Rrajcë, bashkia Prrenjas,578233,0,0,578233
19338,2025,11-2025,153,11,2153001,Bashkia Prenjas (0821),B1,09230,Arsimi i mesem (i pergjithshem),231,0821,18BD065,Ndërtimi i shkollës së mesme "Sali Halili" 3 kat, Rrajcë Fushë, Bashkia Prrenjas,52600006,0,0,52600006
19339,2025,11-2025,153,17,2153001,Bashkia Prenjas (0821),B1,10910,Emergjencat Civile,231,0821,18AZ905,Parandalimi dhe menaxhimi i fatkeqesive natyrore,6253530,0,0,6253530
19340,2025,11-2025,153,17,2153001,Bashkia Prenjas (0821),B1,10910,Emergjencat Civile,231,0821,21AD502,,4000000,0,0,4000000
19341,2025,11-2025,154,11,2154001,Bashkia Kelcyre (1128),B1,09230,Arsimi i mesem (i pergjithshem),231,1128,18BC530,Rikonstruksion i shkollës së mesme të bashkuar Lumo Pavari dhe Ndërtim Palestre Bashkia Këlcyrë,22869483,0,0,22869483
19342,2025,11-2025,154,17,2154001,Bashkia Kelcyre (1128),B1,10910,Emergjencat Civile,231,1128,18AZ904,Digat,11896682,0,0,11896682
19343,2025,11-2025,155,11,2155001,Bashkia Fushe-Arrez (3330),B1,09120,Arsimi Baze (perfshire parashkollorin),231,3330,22AC517,Rikonstruksion i kopshtit të fëmijëve Fushë-Arrëz, Bashkia Fushë-Arrëz,10240057,0,0,10240057
19344,2025,11-2025,155,17,2155001,Bashkia Fushe-Arrez (3330),B1,10910,Emergjencat Civile,231,3330,18AZ901,Fatkeqesi natyrore te menaxhuara,6691871,0,0,6691871
19345,2025,11-2025,155,17,2155001,Bashkia Fushe-Arrez (3330),B1,10910,Emergjencat Civile,231,3330,18AZ905,Parandalimi dhe menaxhimi i fatkeqesive natyrore,3584000,0,0,3584000
19346,2025,11-2025,156,05,2156001,Bashkia Konispol (3731),B1,04240,Menaxhimi i infrastruktures se kullimit dhe ujitjes,231,3731,18AJ967,Rehabilitimi i kanalit ujitës të Manastirit,3914757,0,0,3914757
19347,2025,11-2025,156,05,2156001,Bashkia Konispol (3731),B1,04240,Menaxhimi i infrastruktures se kullimit dhe ujitjes,231,3731,18AJ973,Ndertimi i linjës së çelikut për vaditjen e tokave të Markatit,13000000,0,0,13000000
19348,2025,11-2025,156,11,2156001,Bashkia Konispol (3731),B1,09120,Arsimi Baze (perfshire parashkollorin),231,3731,22AC548,Sistem i ngrohjes, rritje e eficëncës energjitike dhe terrene sportive në shkollën Bido Sejko Bashkia Konispol,9993682,0,0,9993682
19349,2025,11-2025,156,17,2156001,Bashkia Konispol (3731),B1,10910,Emergjencat Civile,231,3731,18AZ901,Fatkeqesi natyrore te menaxhuara,20145741,0,0,20145741
19350,2025,11-2025,156,17,2156001,Bashkia Konispol (3731),B1,10910,Emergjencat Civile,231,3731,18AZ905,Parandalimi dhe menaxhimi i fatkeqesive natyrore,3692245,0,0,3692245
19351,2025,11-2025,157,11,2157001,Bashkia Vau Dejes (3333),B1,09120,Arsimi Baze (perfshire parashkollorin),231,3333,22AC543,Rikonstruksion i shkollës 9-vjeçare dhe e mesme +shtesë 2 kat, Bushat Bashkia Vau i Dejës,24802189,0,0,24802189
19352,2025,11-2025,157,12,2157001,Bashkia Vau Dejes (3333),B1,06190,Strehimi,231,3333,M100399,Permiresim i kushteve  te banimit per komunitetin Rom/Egjiptian,4897397,0,0,4897397
19353,2025,11-2025,157,17,2157001,Bashkia Vau Dejes (3333),B1,10910,Emergjencat Civile,231,3333,18AZ905,Parandalimi dhe menaxhimi i fatkeqesive natyrore,5320000,0,0,5320000
19354,2025,11-2025,157,26,2157001,Bashkia Vau Dejes (3333),B1,06220,Menaxhimi i Mbetjeve Urbane,231,3333,18BE201,Ndertim vendedepozitimi per mbetjet urbane,53401184,0,0,53401184
19355,2025,11-2025,157,26,2157001,Bashkia Vau Dejes (3333),B1,06220,Menaxhimi i Mbetjeve Urbane,231,3333,M063995,Ndertimi i vendepozitimit Bushat (faza II),3870553,0,0,3870553
19356,2025,11-2025,159,11,2159001,Bashkia Selenice (3737),B1,09120,Arsimi Baze (perfshire parashkollorin),231,3737,18BC536,Ndërtim i terreneve sportive në shkollat Armen, Vllahinë dhe Sevaster ndertim palestre shkolla Vllahine Bashkia Selenicë,13375981,0,0,13375981
19357,2025,11-2025,159,11,2159001,Bashkia Selenice (3737),B1,09230,Arsimi i mesem (i pergjithshem),231,3737,18BD076,Rikonstruksion i shkollës  "Dëshmorët e Peshkëpisë", Bashkia Selenicë,21191791,0,0,21191791
19358,2025,11-2025,159,12,2159001,Bashkia Selenice (3737),B1,06190,Strehimi,231,3737,M100399,Permiresim i kushteve  te banimit per komunitetin Rom/Egjiptian,21968571,0,0,21968571
19359,2025,11-2025,159,17,2159001,Bashkia Selenice (3737),B1,10910,Emergjencat Civile,231,3737,18AZ901,Fatkeqesi natyrore te menaxhuara,37268335,0,0,37268335
19360,2025,11-2025,159,17,2159001,Bashkia Selenice (3737),B1,10910,Emergjencat Civile,231,3737,18AZ905,Parandalimi dhe menaxhimi i fatkeqesive natyrore,17640000,0,0,17640000
19361,2025,11-2025,160,05,2160001,Bashkia Himare (3737),B1,04240,Menaxhimi i infrastruktures se kullimit dhe ujitjes,231,3737,18AJ980,Rehabilitimi i kanalit ujitës i tokave bujqësore Sasaj-Lukovë-Shën Vasil,25000000,0,0,25000000
19362,2025,11-2025,160,05,2160001,Bashkia Himare (3737),B1,04240,Menaxhimi i infrastruktures se kullimit dhe ujitjes,231,3737,18AJ981,Rehabilitimi  I kanalit ujitës të tokave bujqësore të fshatit Kuç,15000000,0,0,15000000
19363,2025,11-2025,160,06,2160001,Bashkia Himare (3737),B1,06370,Furnizimi me Uje dhe Kanalizime,231,3737,19AE310,Supervizion punimesh për objektin: Ujësjellësi i fshatit Tërbaç, Himarë(vazhdim)- Loti II,474100,0,0,474100
19364,2025,11-2025,160,06,2160001,Bashkia Himare (3737),B1,06370,Furnizimi me Uje dhe Kanalizime,231,3737,19AE318,Supervizion punimesh per objektin: Ndertimi i ujesjellesit Vranisht,1589800,0,0,1589800
19365,2025,11-2025,160,06,2160001,Bashkia Himare (3737),B1,06370,Furnizimi me Uje dhe Kanalizime,231,3737,19AG725,Rikostruksion i ujesjellesit te Piqerasit,12884200,0,0,12884200
19366,2025,11-2025,160,06,2160001,Bashkia Himare (3737),B1,06370,Furnizimi me Uje dhe Kanalizime,231,3737,19AG726,Supervizion punimesh per objektin: Rikostruksion i ujesjellesit te Piqerasit,1092550,0,0,1092550
19367,2025,11-2025,160,11,2160001,Bashkia Himare (3737),B1,09120,Arsimi Baze (perfshire parashkollorin),231,3737,22AC550,Rikonstruksion i shkollës 9-vjeçare Pano Nikolla Meniko ,Bashkia Himarë,9104211,0,0,9104211
19368,2025,11-2025,160,17,2160001,Bashkia Himare (3737),B1,10910,Emergjencat Civile,231,3737,18AZ905,Parandalimi dhe menaxhimi i fatkeqesive natyrore,10080000,0,0,10080000
19369,2025,11-2025,160,17,2160001,Bashkia Himare (3737),B1,10910,Emergjencat Civile,231,3737,21AD502,,10000000,0,0,10000000
19370,2025,11-2025,165,06,2165003,Ujësjellës Kanalizime Vora -Shoqëri Anonime  (3535),B1,06370,Furnizimi me Uje dhe Kanalizime,231,3535,20AD807,Rikonstruksion depo dhe ndertimi i ujesjellesit te fshatit Berxull, Bashkia Vorë,67190820,0,0,67190820
19371,2025,11-2025,165,06,2165003,Ujësjellës Kanalizime Vora -Shoqëri Anonime  (3535),B1,06370,Furnizimi me Uje dhe Kanalizime,231,3535,20AD808,Supervizion punimesh për objektin:Rikonstruksion depo dhe ndertimi i ujesjellesit te fshatit Berxull, Bashkia Vorë,1013000,0,0,1013000
19372,2025,11-2025,165,17,2165001,Bashkia Vore (3535),B1,10910,Emergjencat Civile,231,3535,18AZ905,Parandalimi dhe menaxhimi i fatkeqesive natyrore,1055239,0,0,1055239
19373,2025,11-2025,166,06,2166003,Sh.A. Ujesjelles-Kanalizime Kamez (3535),B1,06370,Furnizimi me Uje dhe Kanalizime,231,3535,20AD809,Rrjeti shperndares I furnizimit me uje dhe te KUZ te zones se Fruti Kultures, Valias I Vjetër ,Bashkia Kamëz,178530000,0,0,178530000
19374,2025,11-2025,166,06,2166003,Sh.A. Ujesjelles-Kanalizime Kamez (3535),B1,06370,Furnizimi me Uje dhe Kanalizime,231,3535,20AD810,Supervizion punimesh për objektin:Rrjeti shperndares I furnizimit me uje dhe te KUZ te zones se Fruti Kultures, Valias I Vjetër ,Bashkia Kamëz,1648000,0,0,1648000
19375,2025,11-2025,166,06,2166003,Sh.A. Ujesjelles-Kanalizime Kamez (3535),B1,06370,Furnizimi me Uje dhe Kanalizime,231,3535,20AD811,Rikonstruksion I rrjetit te linjes se furnizimit te ujesjellesit  nga Impianti I Bovilles -Depo Maloku , Bashkia Kamez,45859900,0,0,45859900
19376,2025,11-2025,166,06,2166003,Sh.A. Ujesjelles-Kanalizime Kamez (3535),B1,06370,Furnizimi me Uje dhe Kanalizime,231,3535,20AD812,Supervizion punimesh për objektin:Rikonstruksion I rrjetit te linjes se furnizimit te ujesjellesit  nga Impianti I Bovilles -Depo Maloku , Bashkia Kamez,1487300,0,0,1487300
19377,2025,11-2025,166,11,2166001,Bashkia Kamez (3535),B1,08140,Zhvillimi i Sportit,231,3535,18BC535,Ndertimi i terreneve sportive prane shkolles 100 vjetori Bashkia Kamez,2817807,0,0,2817807
19378,2025,11-2025,166,11,2166001,Bashkia Kamez (3535),B1,09120,Arsimi Baze (perfshire parashkollorin),231,3535,22AC547,Rikonstruksion shkolla Dom Nikoll Kacorri Babrru Koder Bashkia Kamez,5698187,0,0,5698187
19379,2025,11-2025,166,12,2166001,Bashkia Kamez (3535),B1,06190,Strehimi,231,3535,M100399,Permiresim i kushteve  te banimit per komunitetin Rom/Egjiptian,11515871,0,0,11515871
19380,2025,11-2025,166,12,2166001,Bashkia Kamez (3535),B1,08230,Arti dhe Kultura,231,3535,18AE719,Rikonstruksioni  Palllatit te Kultures "Artan Cuku" (Hidroizolimi i tarraces dhe riparimi i fasades),24824352,0,0,24824352
19381,2025,11-2025,166,17,2166001,Bashkia Kamez (3535),B1,10910,Emergjencat Civile,231,3535,18AZ905,Parandalimi dhe menaxhimi i fatkeqesive natyrore,5600000,0,0,5600000
19382,2025,11-2025,166,17,2166001,Bashkia Kamez (3535),B1,10910,Emergjencat Civile,231,3535,21AD502,,35546236,0,0,35546236
19383,2025,11-2025,167,05,2167001,Bashkia Dimal (0202),B1,04240,Menaxhimi i infrastruktures se kullimit dhe ujitjes,231,0202,18AJ965,Ndërtim kanalesh vaditës fshati Goriçan,18597097,0,0,18597097
19384,2025,11-2025,167,06,2167001,Bashkia Dimal (0202),B1,06370,Furnizimi me Uje dhe Kanalizime,231,0202,19AG402,Supervizion punimesh per objektin:Rrjeti jashtëm dhe brendshëm,njësia administrative Cukalat,Bashkia Ura Vajgurore,1590100,0,0,1590100
19385,2025,11-2025,167,11,2167001,Bashkia Dimal (0202),B1,09120,Arsimi Baze (perfshire parashkollorin),231,0202,22AC529,Rikonstruksion i shkollës 9-vjeçare 5 Maji dhe ndërtimi I Palestres +ambienteve sportive Bashkia Dimal,14896228,0,0,14896228
19386,2025,11-2025,167,17,2167001,Bashkia Dimal (0202),B1,10910,Emergjencat Civile,231,0202,18AZ901,Fatkeqesi natyrore te menaxhuara,12066926,0,0,12066926
19387,2025,11-2025,167,17,2167001,Bashkia Dimal (0202),B1,10910,Emergjencat Civile,231,0202,18AZ905,Parandalimi dhe menaxhimi i fatkeqesive natyrore,6720000,0,0,6720000
19388,2025,11-2025,167,17,2167001,Bashkia Dimal (0202),B1,10910,Emergjencat Civile,231,0202,21AD502,,4934817,0,0,4934817
19389,2025,11-2025,168,05,2168001,Bashkia Maliq (1515),B1,04240,Menaxhimi i infrastruktures se kullimit dhe ujitjes,231,1515,18AJ955,Rehabilitimi i kanaleve ujitës nga rezervuari Petrush deri në Sovjan,16860314,0,0,16860314
19390,2025,11-2025,168,06,2168001,Bashkia Maliq (1515),B1,06370,Furnizimi me Uje dhe Kanalizime,231,1515,19AF903,Ndertimi i ujesjellesit Macurisht-Plase,Bashkia Maliq,51763090,0,0,51763090
19391,2025,11-2025,168,06,2168001,Bashkia Maliq (1515),B1,06370,Furnizimi me Uje dhe Kanalizime,231,1515,19AF904,Supervizion punimesh per objektin: Ndertimi i ujesjellesit Macurisht-Plase,Bashkia Maliq,2246740,0,0,2246740
19392,2025,11-2025,168,17,2168001,Bashkia Maliq (1515),B1,10910,Emergjencat Civile,231,1515,18AZ901,Fatkeqesi natyrore te menaxhuara,30060806,0,0,30060806
19393,2025,11-2025,168,17,2168001,Bashkia Maliq (1515),B1,10910,Emergjencat Civile,231,1515,18AZ905,Parandalimi dhe menaxhimi i fatkeqesive natyrore,5600000,0,0,5600000
19394,2025,11-2025,326,05,2326001,Bashkia Finiq (3704),B1,04240,Menaxhimi i infrastruktures se kullimit dhe ujitjes,231,3704,18AJ954,Rehabilitimi  kanalit Thoma Filipeu, Loti 1,40000000,0,0,40000000
19395,2025,11-2025,326,11,2326001,Bashkia Finiq (3704),B1,09120,Arsimi Baze (perfshire parashkollorin),231,3704,22AC521,Rehabilitimi dhe zgjerimi i kapaciteteve të shkollës 9-vjeçare Bashkia Finiq,62233947,0,0,62233947
19396,2025,11-2025,326,17,2326001,Bashkia Finiq (3704),B1,10910,Emergjencat Civile,231,3704,18AZ901,Fatkeqesi natyrore te menaxhuara,6895757,0,0,6895757
19397,2025,11-2025,326,17,2326001,Bashkia Finiq (3704),B1,10910,Emergjencat Civile,231,3704,18AZ905,Parandalimi dhe menaxhimi i fatkeqesive natyrore,3920000,0,0,3920000
19398,2025,11-2025,452,11,2452001,Bashkia Dropull (1111),B1,09120,Arsimi Baze (perfshire parashkollorin),231,1111,22AC538,Ndertim palester + Rikonstruksion i shkollës së bashkuar Dervician Bashkia Dropull,24538665,0,0,24538665
19399,2025,11-2025,452,12,2452001,Bashkia Dropull (1111),B1,06190,Strehimi,231,1111,M100399,Permiresim i kushteve  te banimit per komunitetin Rom/Egjiptian,33354,0,0,33354
19400,2025,11-2025,452,17,2452001,Bashkia Dropull (1111),B1,10910,Emergjencat Civile,231,1111,18AZ904,Digat,33773760,0,0,33773760
19401,2025,11-2025,499,12,2499001,Bashkia Pustec (1515),B1,06190,Strehimi,231,1515,M100399,Permiresim i kushteve  te banimit per komunitetin Rom/Egjiptian,2309580,0,0,2309580
19402,2025,11-2025,499,17,2499001,Bashkia Pustec (1515),B1,10910,Emergjencat Civile,231,1515,18AZ905,Parandalimi dhe menaxhimi i fatkeqesive natyrore,5488000,0,0,5488000
19403,2025,11-2025,654,05,2654001,Bashkia Klos (0625),B1,04240,Menaxhimi i infrastruktures se kullimit dhe ujitjes,231,0625,18AJ966,Ndërtim kanali ujitës Fullqet, Klos,18000000,0,0,18000000
19404,2025,11-2025,654,06,2654001,Bashkia Klos (0625),B1,06370,Furnizimi me Uje dhe Kanalizime,231,0625,19AF224,Sistemi I kanaleve te ujerave te zeza KUZ dhe Ujerave te bardha KUB, ne rruget Riza Begçela dhe Murat Basha,Bashkia Klos,2461100,0,0,2461100
19405,2025,11-2025,654,06,2654001,Bashkia Klos (0625),B1,06370,Furnizimi me Uje dhe Kanalizime,231,0625,19AF225,Supervizion "Sistemi i kanaleve te ujerave te zeza KUZ dhe Ujerave te bardha KUB, ne rruget Riza Beg Cela dhe Murat Basha,Bashkia Klos",416300,0,0,416300
19406,2025,11-2025,654,11,2654001,Bashkia Klos (0625),B1,09120,Arsimi Baze (perfshire parashkollorin),231,0625,22AC527,Rikonstruksion i shkollës 9-vjeçare "Gurrë e Madhe", Gurrë, Bashkia Klos,15568799,0,0,15568799
19407,2025,11-2025,654,17,2654001,Bashkia Klos (0625),B1,10910,Emergjencat Civile,231,0625,18AZ901,Fatkeqesi natyrore te menaxhuara,21674910,0,0,21674910
