EmriTdo,NumriFatures,PershkrimiFatures,KodiLm,MinistriaLinjes,KodiInstitucionit,EmriInstitucionit,EcAccount,EcAccountDescription,Furnitori,Shuma,DataRegjistrimit,DataEkzekutimit
 Tirane,100021010012025,2101001 Bashkia Tirane Stud projekt fz4 rehabilit rr bllokut qe kufiz nga rr Elez Isufi kufiri NJA Pskuq Lumi Tr Kstriot Kntr vzhd 525/47 24.7.24 skn ush223/25 Pv 16.10.24 Fat81/24 18.12.24 Dit det6837,0,Unspecified,2101001,Bashkia Tirana (3535),2302100,Shpenz. per rritjen e AQ - studime ose kerkime,TOWER,319200.00,4/9/2025 12:00:00 AM,4/14/2025 12:00:00 AM
 Berat,10010110022025,1011002 Zyra arsimore Berat  pagese  energji elektrike  bashkelidhur ft nr4385809 dt 05.04.2025 mars 2025,11,Ministria e Arsimit Sportit dhe Rinise,1011002,Zyra Vendore Arsimore, Berat (0202),6022001,Elektricitet,FURNIZUESI I SHERBIMIT UNIVERSAL,4804.00,4/11/2025 12:00:00 AM,4/14/2025 12:00:00 AM
 Tirane,10010170892025,1017089% reparti 6630 2025 ,shp per sig ndertese shkres 287/1 dt 30.1.25 ft 112 dt 12.3.2025,17,Ministria e Mbrojtjes,1017089,Reparti Ushtarak Nr.4401 Tirane (3535),6029004,Shpenzime per sigurimin e ndertesave dhe te tjera kosto sigurimi te ngjashme,Operatori i Blerjeve të Përqëndruara,787047.00,4/11/2025 12:00:00 AM,4/14/2025 12:00:00 AM
 Shkoder,10010290372025, 1029037, Gjykata e Shkalles se Pare te Juridiksionit te Pergjithshem Shkoder, shpenzime honorare psikologu, verttetim pa dt 07.04.2025 2 cope, fature 32/2025 dt 07.04.2025,29,Keshilli i Larte Gjyqesor,1029037,Gjykata e Shkallës së Parë e Juridiksionit të Përgjithshëm Shkodër (3333),6029005,Shpenzime per honorare,Arlinda Ymeri,6000.00,4/11/2025 12:00:00 AM,4/14/2025 12:00:00 AM
 Tirane,100121010012025,2101001 Bashkia Tirane Shtese vendimi gjyq O.Qendro Vnd gjyk adm shkll 599dt15.02.16Vnd gjyk adm apel 495dt08.02.18UK vzhd 4600/4dt24.04.19Scan uk tek ush 1453dt09.05.22,0,Unspecified,2101001,Bashkia Tirana (3535),6027400,Shpenzime per ekzekutim te vendimeve gjyqesore per largim nga puna,T.M.A,243372.00,4/9/2025 12:00:00 AM,4/14/2025 12:00:00 AM
 Shkoder,10020330012025,2033001 Keshilli i Qarkut, Blerje mjet trans, up nr 1 dt. 31.01.25, bul i njoft te kon nr 8 dt. 17.02.25, bul i njoft fit nr 13 dt. 17.03.25,kon nr 120/3 dt. 17.03.25, fat nr 102/2025 dt. 26.03.25, fh nr 6 dt. 26.03.25, pv dt. 26.03.25,0,Unspecified,2033001,Qarku Shkoder (3333),2315120,Shpenz. per rritjen e AQT - makina,KOSTANDIN GROUP,5529000.00,4/11/2025 12:00:00 AM,4/14/2025 12:00:00 AM
 Tirane,100221010012025,2101001 Bashkia Tirane Shtese VGJ Jetmira Poda Per 1.1.25-1.4.25 Mbajt tat burim Udhz 1 4.6.14 VGJ Shkll Pare Tr vzhd 1854 dt18.4.16 VGJ Apel Tr vzhd 1416 dt8.5.19 UK 25289/7 dt11.10.19 Scan UK tek USH 930 dt 2.4.2022,0,Unspecified,2101001,Bashkia Tirana (3535),6027400,Shpenzime per ekzekutim te vendimeve gjyqesore per largim nga puna,SHEFIK SUPARAKU,111843.00,4/9/2025 12:00:00 AM,4/14/2025 12:00:00 AM
 Tirane,100321010012025,2101001 Bashkia Tirane Shtese VGJ kreditor Erion Erebara Per 1.1.25-1.4.25 Mbajt tat burim Udhz 1 4.6.14 VGJ Shkll Pare Tr vzhd 2235 dt9.5.16 VGJ Apel Tr vzhd 4467 dt11.12.18 UK 15872/5 dt10.6.19 Scan USH 1859/2022,0,Unspecified,2101001,Bashkia Tirana (3535),6027400,Shpenzime per ekzekutim te vendimeve gjyqesore per largim nga puna,ENUAR MERKO,460989.00,4/9/2025 12:00:00 AM,4/14/2025 12:00:00 AM
 Tirane,100621010012025,2101001 Bashkia Tirane Shtese Vendim Gjyqesor Mirsi Koci Periudha 1.1.25-1.4.25 Mbajt tat burim Udhz 1 dt4.6.14 VGJ Shkll Pare Tr vzhd 3021 dt 14.6.16 VGJ Apel Tr vzhd 4168 dt 4.12.18 UK 4104/3 dt19.12.19 Scan UK tek USH 1043 dt 5.4.22,0,Unspecified,2101001,Bashkia Tirana (3535),6027400,Shpenzime per ekzekutim te vendimeve gjyqesore per largim nga puna,Zyre e Permbarimit Privat "3L",273462.00,4/9/2025 12:00:00 AM,4/14/2025 12:00:00 AM
 Tirane,100721010012025,2101001 Bashkia Tirane Shtese Vendim Gjyqesor Griselda Shima Periudha 1.1.25-1.4.25 Mbajt tat burim Udhz 1 dt4.6.14 VGJ Shkll Pare Tr vzhd 2689 dt 30.5.16 VGJ Apel Tr vzhd 3501 dt 5.10.18 UK 13632/1 dt 4.4.19 Scan UK tek USH 1045 dt 5.4.22,0,Unspecified,2101001,Bashkia Tirana (3535),6027400,Shpenzime per ekzekutim te vendimeve gjyqesore per largim nga puna,DORIAN SKENDI,117300.00,4/9/2025 12:00:00 AM,4/14/2025 12:00:00 AM
 Tirane,100821010012025,2101001 Bashkia Tirane Shtese vend gjyqes kredit Ermira Balla 1.1.25-1.4.25 tat mb burim VGJA vzhd shk 1 Tr 4671 dt 11.10.16 VGJAA vzhd 4531 13.12.18 UK31213/4 23.10.19 Scn ukk tek ush 1425 6.5.22,0,Unspecified,2101001,Bashkia Tirana (3535),6027400,Shpenzime per ekzekutim te vendimeve gjyqesore per largim nga puna,GAZMOR GURI,192244.00,4/9/2025 12:00:00 AM,4/14/2025 12:00:00 AM
 Tirane,100921010012025,2101001 Bashkia Tirane Shtese vend gjyqes kred Ivana Brahja periudh 1.1.25-1.4.25 mb tat ne burim VGJA vzhd shk1 tr 3188 21.6.2016 VGJAA vzhd Tr nr 1315 24.4.19 UK30838/3 23.9.19 scn uk tek ush 969 4.4.2022,0,Unspecified,2101001,Bashkia Tirana (3535),6027400,Shpenzime per ekzekutim te vendimeve gjyqesore per largim nga puna,KODRA BAILIFF SERVICE,206422.00,4/9/2025 12:00:00 AM,4/14/2025 12:00:00 AM
 Tirane,101021010012025,2101001 Bashkia Tirane Shtese vnd gjyq kred Hurma Dulellari Vnd gjyk adm shkll 2979dt13.06.16Vnd gjyk adm apelit 86-2018-2995dt13.07.18UK42292/1dt19.12.18scan ush 3674/2022,0,Unspecified,2101001,Bashkia Tirana (3535),6027400,Shpenzime per ekzekutim te vendimeve gjyqesore per largim nga puna,BASHA & I,199104.00,4/9/2025 12:00:00 AM,4/14/2025 12:00:00 AM
 Berat,10110110022025,1011002 Zyra arsimore Berat  fature telefoni fiks bashkelidhur ft nr 416915 dt 04.04.2025 mars 2025,11,Ministria e Arsimit Sportit dhe Rinise,1011002,Zyra Vendore Arsimore, Berat (0202),6022003,Sherbime telefonike,ONE ALBANIA,3000.00,4/11/2025 12:00:00 AM,4/14/2025 12:00:00 AM
 Vlore,10110160222025,1016022 DREJTORIA VENDORE E POLICISE VLORE SHERBIM KATERINGU KONT NR 221 DT 28.01.2025 fat 107 dt 01.04.2025,16,Ministria e Brendshme,1016022,Drejtoria Vendore e Policise Vlore (3737),6021004,Furnizime dhe sherbime me ushqim per mencat,SORI-AL,88318.00,4/11/2025 12:00:00 AM,4/14/2025 12:00:00 AM
 Tirane,10110170892025,1017089% reparti 6630 2025 ,bileta up 18.3.2025 ft of 18.3.25 ft 688 dt 19.3.2025,17,Ministria e Mbrojtjes,1017089,Reparti Ushtarak Nr.4401 Tirane (3535),6024200,Udhetim jashte shtetit,2 FELEQI,48990.00,4/11/2025 12:00:00 AM,4/14/2025 12:00:00 AM
 Tirane,101221010012025,2101001 Bashkia Tirane Shtese vend gjyqes kredit Besmira Petriti 1.1.25-1.4.25 mb tat ne burim Udh1 4.6.14 VJGA shk1 vzhd 4804 18.10.16 VGJAA Tr vzhd 3785 25.10.18 UK vzhd 7006/3 26.2.19 Scn uk tek ush 994 2.4.22,0,Unspecified,2101001,Bashkia Tirana (3535),6027400,Shpenzime per ekzekutim te vendimeve gjyqesore per largim nga puna,Besnik Dokushi,269331.00,4/9/2025 12:00:00 AM,4/14/2025 12:00:00 AM
 Tirane,101321010012025,2101001 Bashkia Tirane Shtese vend gjyqes kredit Genti Spahiu tat ne burim 1.1.25-1.4.25 Udh1 4.6.14 VGJA shk 1 Tr vzhd 720 19.2.16, VGJAA Tr vzhd 2092 dt 23.5.18 UK vzhd 2117/3 6.2.19 Uk skn tek ush993 4.4.22 Scn ush 3966/23 5.9.23,0,Unspecified,2101001,Bashkia Tirana (3535),6027400,Shpenzime per ekzekutim te vendimeve gjyqesore per largim nga puna,KODRA BAILIFF SERVICE,344556.00,4/9/2025 12:00:00 AM,4/14/2025 12:00:00 AM
 Tirane,101421010012025,2101001 Bashkia Tirane Lik per te liruar Arjeta Dakoti UK284dt31.01.25 LP per te liruar Janar 2025,0,Unspecified,2101001,Bashkia Tirana (3535),6060005,Pensione per moshe madhore,BANKA CREDINS,1944000.00,4/9/2025 12:00:00 AM,4/14/2025 12:00:00 AM
 Tirane,101521010012025,2101001 Bashkia Tirane Lik per te liruar Erind Shkreli UK307dt31.01.25LP per te liruar 2025,0,Unspecified,2101001,Bashkia Tirana (3535),6060005,Pensione per moshe madhore,RAIFFEISEN BANK SH.A,1281473.00,4/9/2025 12:00:00 AM,4/14/2025 12:00:00 AM
 Tirane,101621010012025,2101001 Bashkia Tirane Lik per te liruar Julian Zanaj UK217dt30.01.25LP per te liruar 2025,0,Unspecified,2101001,Bashkia Tirana (3535),6060005,Pensione per moshe madhore,RAIFFEISEN BANK SH.A,1492558.00,4/9/2025 12:00:00 AM,4/14/2025 12:00:00 AM
 Tirane,101821010012025,2101001 Bashkia Tirane Sit 1 rehabil infrast rr NJA5 13 Farke ngrt grnc UP2000 18.7.24 Njf fit 27990/5 8.10.24 Kntr27990/7 14.10.24 Sit10.3.25 Fat 14/25 2.4.25,0,Unspecified,2101001,Bashkia Tirana (3535),2313100,Shpenz. per rritjen e AQT - konstruksione te rrugeve,KTHELLA,33237692.00,4/9/2025 12:00:00 AM,4/14/2025 12:00:00 AM
 Elbasan,10221090082025,2109008 Drejt.Pergj. e Arsimit Parauniversitar Riparim lyrje Ob. Mesimore. UP nr 3558 dt 22.07.2024. NjF nr 3558/7 dt 13.09.2024,Kontrate nr.3858/8 dt 24.09.2024,Fature nr.2 dt 6.03.2025,Situacion perfund.Akt Kolaudim,Akt MD perkohshem,0,Unspecified,2109008,Drejtoria e Përgjithshme e Arsimit Parauniversitar Elbasan (0808),4662104,Garanci te vitit vazhdim per sipermarje punimesh (2011 - Te Hyra),BLERIMI   SH.P.K,685583.00,4/11/2025 12:00:00 AM,4/14/2025 12:00:00 AM
 Tirane,102221010012025,2101001 Bashkia Tirane Sherbim dekori Dita e bajramit te madh Urdh ne vzhd 77 dt 14.01.25 Sit dt 30.03.25 PV mrrj ndrz dt 30.03.25PV sqarues dt 01.04.25Fat 21/2025 dt 01.04.2025,0,Unspecified,2101001,Bashkia Tirana (3535),6029099,Shpenzime per te tjera materiale dhe sherbime operative,NDERMARJA E Q.E.K. DHE DEKORIT,880560.00,4/10/2025 12:00:00 AM,4/14/2025 12:00:00 AM
 Tirane,102321010012025,2101001 Bashkia Tirane Sherbim dekor Dita e Sulltan Nevuzit udher vzhd 77 dt 14.1.25 Sit 22.3.25 Proc verb marr drz 30.3.25 Proc verb sqarues 25.3.25 Fature 18/2025 dt 25.3.2025,0,Unspecified,2101001,Bashkia Tirana (3535),6029099,Shpenzime per te tjera materiale dhe sherbime operative,NDERMARJA E Q.E.K. DHE DEKORIT,579120.00,4/10/2025 12:00:00 AM,4/14/2025 12:00:00 AM
 Tirane,102421010012025,2101001 Bashkia Tirane Sherbim dekori Shpallja e Tiranes kryeqytet Urdh vzhd 77dt14.01.25PV mrrj drz 01dt11.02.25 PV mrrj drz 02 dt 11.02.25PV sqarues dt 14.02.25Fat 6/2025dt14.02.25,0,Unspecified,2101001,Bashkia Tirana (3535),6029099,Shpenzime per te tjera materiale dhe sherbime operative,NDERMARJA E Q.E.K. DHE DEKORIT,8490720.00,4/10/2025 12:00:00 AM,4/14/2025 12:00:00 AM
 Tirane,102621010012025,2101001 Bashkia Tirane Komision ndihme financiare termeti Mars 2025 Permbldh Mars 2025 Fat 630401/2025 dt 02.04.25,0,Unspecified,2101001,Bashkia Tirana (3535),6022004,Posta dhe sherbimi korrier,POSTA SHQIPTARE SH.A,76250.00,4/10/2025 12:00:00 AM,4/14/2025 12:00:00 AM
 Tirane,102721010012025,2101001 Bashkia Tirane Komision bonus bebe Mars 2025 Kont vzhd 28806/1 dt 25.07.24 LP Mars 2025 Fat 630399/2025 dt 0204.2025,0,Unspecified,2101001,Bashkia Tirana (3535),6022004,Posta dhe sherbimi korrier,POSTA SHQIPTARE SH.A,2750.00,4/10/2025 12:00:00 AM,4/14/2025 12:00:00 AM
 Tirane,10310110472025,1011047 Akad Arteve - lik posta mars 2025, ft nr 630535 dt 3.4.2025,11,Ministria e Arsimit Sportit dhe Rinise,1011047,Akademia e Arteve (3535),6022004,Posta dhe sherbimi korrier,POSTA SHQIPTARE SH.A,2935.00,4/11/2025 12:00:00 AM,4/14/2025 12:00:00 AM
 Shkoder,10320330012025,2033001 Keshilli i Qarkut Shkoder,paga + sig shoq punonjesit e qendres Madonnina del Grapa, shkresa nr 5245/7 dt. 30.12.2024 dhe shkresa nr 201/1 dt. 31.01.2025, marreveshje bashkepunimi nr 738/1 dt. 06.01.2025, urdher nr 64 dt. 10.04.2025,13,Ministria e Shendetesise dhe Mbrojtjes Sociale,2033001,Qarku Shkoder (3333),6061099,Te tjera transferta tek individet,OPERA DIVINA PROV. MADONNINA D. GRAPA,449396.00,4/11/2025 12:00:00 AM,4/14/2025 12:00:00 AM
 Tirane,103521010012025,2101001 Bashkia Tirane Shtese vnd gjyq kred E.Brecani Vnd gjyk shkll vzhd 2610dt25.05.16Vnd gjyk apel tr vzhd 1993dt11.05.17UK23914/3dt22.09.22Scan  ush 3698/2022,0,Unspecified,2101001,Bashkia Tirana (3535),6027400,Shpenzime per ekzekutim te vendimeve gjyqesore per largim nga puna,Besnik Dokushi,133620.00,4/10/2025 12:00:00 AM,4/14/2025 12:00:00 AM
 Tirane,103721010012025,2101001 Bashkia Tirane Shtese vnd gjyq kred E.Spahiu Vnd gjyk shkll vzhd 1268dt16.03.16Vnd gjyk apel tr vzhd 2719dt29.06.18UK2739dt19Scan uk tek ush 987dt02.04.22,0,Unspecified,2101001,Bashkia Tirana (3535),6027400,Shpenzime per ekzekutim te vendimeve gjyqesore per largim nga puna,Besnik Dokushi,101209.00,4/10/2025 12:00:00 AM,4/14/2025 12:00:00 AM
 Elbasan,10410130592025,1013059 Spitali Psikiatrik,Sigurim TPL per makinen,Urdher nr.313+Fature nr.263/2025 dt.10.04.2025,13,Ministria e Shendetesise dhe Mbrojtjes Sociale,1013059,Spitali Psikiatrik Elbasan (0808),6023300,Shpenzimet e siguracionit te mjeteve te transportit,SIGAL UNIQA Group AUSTRIA,29225.00,4/11/2025 12:00:00 AM,4/14/2025 12:00:00 AM
 Shkoder,10420330012025,2033001 Keshilli i Qarkut Shkoder,paga + sig shoq punonjesit e qendres ditore, shkresa nr 5245/7 dt. 30.12.2024 dhe shkresa nr 201/1 dt. 31.01.2025, marreveshje bashkepunimi nr 738/3 dt. 06.01.2025, urdher nr 65 dt. 10.04.2025,13,Ministria e Shendetesise dhe Mbrojtjes Sociale,2033001,Qarku Shkoder (3333),6061099,Te tjera transferta tek individet,OPERA DIVINA PROV. MADONNINA D. GRAPA,542920.00,4/11/2025 12:00:00 AM,4/14/2025 12:00:00 AM
 Vlore,10421460172025,mirembajtje paisje komunalja 2146017 fat 2 dt 16.01.2025 up 89 dt 31.12.2024,0,Unspecified,2146017,Nd-ja Komunale Banesa (3737),6022099,Sherbime te tjera,MUÇO MUÇAJ,83300.00,4/11/2025 12:00:00 AM,4/14/2025 12:00:00 AM
 Shkoder,10520330012025,2033001 Keshilli i Qarkut Shkoder, shpenzime uji mars 2025, fatura nr 177374 dt 08.04.2025,0,Unspecified,2033001,Qarku Shkoder (3333),6022002,Uje,SHOQERIA RAJONALE UJESJELLES KANALIZIME QARKU SHKODER SHA,18360.00,4/11/2025 12:00:00 AM,4/14/2025 12:00:00 AM
 Vlore,1052146172025,Roje private kontarte nr 220 dt 07.02.25 Ndermarrja e sherbimeve publike 2146017 fat 834 dt 31.03.2025,0,Unspecified,2146017,Nd-ja Komunale Banesa (3737),6022008,Sherbime te sigurimit dhe ruajtjes,Illyrian Guard,525242.00,4/11/2025 12:00:00 AM,4/14/2025 12:00:00 AM
 Vlore,1062146172025,telefon komunalja 2146017 fat 1814 dt 31.03.2025,0,Unspecified,2146017,Nd-ja Komunale Banesa (3737),6022003,Sherbime telefonike,NISATEL,7333.00,4/11/2025 12:00:00 AM,4/14/2025 12:00:00 AM
 Gjirokaster,10710290192025,1029019 Gjykata e Rethit Gjirokaster. Mirembajtie paisje zyre, Fatur 110 dt 27.02.2025, Procesverbal emergjence 61 dt 27.02.2025.,29,Keshilli i Larte Gjyqesor,1029019,Gjykata e rrethit Gjirokaster (1111),6025800,Shpenzime per mirembajtjen e paisjeve te zyrave,BESNIK SKENDULI,200.00,4/11/2025 12:00:00 AM,4/14/2025 12:00:00 AM
 Gjirokaster,10810290192025,1029019 Gjykata e Rethit Gjirokaster. Mirembajtie paisje zyre, Fatur 184 dt 09.04.2025, Procesverbal emergjence 133 dt 09.04.2025.,29,Keshilli i Larte Gjyqesor,1029019,Gjykata e rrethit Gjirokaster (1111),6025800,Shpenzime per mirembajtjen e paisjeve te zyrave,BESNIK SKENDULI,2500.00,4/11/2025 12:00:00 AM,4/14/2025 12:00:00 AM
 Berat,10821020052025,2102005 dr. ekonomike arsimit berat pagese urdher prok 03 dt 28.02.2024  njoftim fitues 272 23.04.2024 kontrat 272/4 dt 04.06.2024 mreveshja kuader 272/1 dt 29.04.2024 fatur 116/2025 dt 15.01.2025 permb hyrjeve dhjetor 2024 ushqime,0,Unspecified,2102005,Qendra Ekonomike Arsimit (0202),6021004,Furnizime dhe sherbime me ushqim per mencat,4 S,1620570.00,4/10/2025 12:00:00 AM,4/14/2025 12:00:00 AM
 Elbasan,10821090082025,2109008 Drejt.Pergj. e Arsimit Parauniversitar,Mbikeqyrje Riparim lyrje Ob. Mesimore. UP nr 3558 dt 22.07.2024. NjF nr 3934/15 dt 20.09.2024,Kontrate nr.3934/17 dt 24.09.2024,Fature nr.12/2025 dt 18.03.2025,0,Unspecified,2109008,Drejtoria e Përgjithshme e Arsimit Parauniversitar Elbasan (0808),6022099,Sherbime te tjera,2D&P HSA Studio,79056.00,4/11/2025 12:00:00 AM,4/14/2025 12:00:00 AM
 Gjirokaster,10821160012025,2116001 Bashkia Libohove Gj  posta dhe sherbime te tjera fat nr 62/2025,65/2025 dt 06.02.2025,0,Unspecified,2116001,Bashkia Libohove (1111),6022004,Posta dhe sherbimi korrier,POSTA SHQIPTARE SH.A,20707.60,4/11/2025 12:00:00 AM,4/14/2025 12:00:00 AM
 Elbasan,10821520012025,2152001 Bashkia Belsh, Vendim gjykate, Urdher titullari nr.212 dt 09.04.2025, vendim gjykate nr.1302 dt 15.07.2024, Urdher sekuestro nr.588/2 dt 16.12.2024, fat nr.45/20285 dt 09.04.2025,0,Unspecified,2152001,Bashkia Belsh (0808),6027400,Shpenzime per ekzekutim te vendimeve gjyqesore per largim nga puna,ZYRE E PERMBARIMIT PRIVAT QEVA,632138.00,4/11/2025 12:00:00 AM,4/14/2025 12:00:00 AM
 Tirane,10910121132025,1012113 Adm Qend ISHP,lik  honorare,kontr nr 320/1 dt 15.2.2024,listepagese mars ,tatim burim,12,Ministria e Ekonomise, Kultures dhe Inovacionit,1012113,Admin Qendrore e ISHP (3535),6029005,Shpenzime per honorare,BANKA CREDINS,93500.00,4/11/2025 12:00:00 AM,4/14/2025 12:00:00 AM
 Gjirokaster,10910290192025,1029019 Gjykata e Rethit Gjirokaster. Energji, Fatur 250403091812 dt 31.03.2025.,29,Keshilli i Larte Gjyqesor,1029019,Gjykata e rrethit Gjirokaster (1111),6022001,Elektricitet,FURNIZUESI I SHERBIMIT UNIVERSAL,117314.00,4/11/2025 12:00:00 AM,4/14/2025 12:00:00 AM
 Tirane,11010130482025,1013048 ISHP 2025 likujdim ujesjelles kanalizime ft nr 78376/2025 dt 01.04.2025,13,Ministria e Shendetesise dhe Mbrojtjes Sociale,1013048,Instituti shendetit publik Tirane (3535),6022002,Uje,UJËSJELLËS KANALIZIME TIRANË,67152.00,4/11/2025 12:00:00 AM,4/14/2025 12:00:00 AM
 Tirane,11010170892025,1017089% reparti 6630 2025 ,lik ft bl mat te buta,marrveshje kuader nr 51/6 dt 07.02.2025,up nr 51 dt 10.01.2025, kontr nr 10 dt 17.03.2025, ft nr 10/2025 dt 21.03.2025, fh dt 21.03.2025, pv md dt 21.03.2025,17,Ministria e Mbrojtjes,1017089,Reparti Ushtarak Nr.4401 Tirane (3535),2318700,Shpenz. per rritjen e AQT - te tjera paisje zyre,Blerina Sadiku	,5173000.00,4/11/2025 12:00:00 AM,4/14/2025 12:00:00 AM
 Gjirokaster,11010290192025,1029019 Gjykata e Rethit Gjirokaster. Energji, Fatur 250327093440, 250328097634, 250327093434 dt 26.03.2025.,29,Keshilli i Larte Gjyqesor,1029019,Gjykata e rrethit Gjirokaster (1111),6022001,Elektricitet,FURNIZUESI I SHERBIMIT UNIVERSAL,15022.00,4/11/2025 12:00:00 AM,4/14/2025 12:00:00 AM
 Gjirokaster,11021160012025,2116001 Bashkia Libohove Gj karburant fat nr 107/2025 dt 22.03.2025 fh nr 18 dt 22.03.2025 kontr nr 976 dt 07.05.2024,0,Unspecified,2116001,Bashkia Libohove (1111),6023100,Karburant dhe vaj,ANEL & CO,35332.00,4/11/2025 12:00:00 AM,4/14/2025 12:00:00 AM
 Gjirokaster,11121160012025,2116001 Bashkia Libohove Gj karburant fat nr 136/2025 dt 01.04.2025 fh nr 20 dt 01.04.2025 kontr nr 976 dt 07.05.2024,0,Unspecified,2116001,Bashkia Libohove (1111),6023100,Karburant dhe vaj,ANEL & CO,13711.00,4/11/2025 12:00:00 AM,4/14/2025 12:00:00 AM
 Lushnje,11210111052025,1011105 ZVAP Lushnje per sa lik shpenz. energji elektrike, kontr.nr.E110944, fat.fisk.nr.4298334 dt.03.04.2025,11,Ministria e Arsimit Sportit dhe Rinise,1011105,Zyra Vendore Arsimore, Lushnje (0922),6022001,Elektricitet,FURNIZUESI I SHERBIMIT UNIVERSAL,11350.00,4/11/2025 12:00:00 AM,4/14/2025 12:00:00 AM
 Gjirokaster,11221160012025,2116001 Bashkia Libohove Gj karburant per MZSH  fat nr 108/2025 dt 22.03.2025 fh nr 19 dt 22.03.2025 kontr nr 1147/9 dt 29.07.2024,0,Unspecified,2116001,Bashkia Libohove (1111),6023100,Karburant dhe vaj,ANEL & CO,17824.00,4/11/2025 12:00:00 AM,4/14/2025 12:00:00 AM
 Lushnje,11310111052025,1011105 ZVAP Lushnje per sa lik shpenz. energji elektrike, kontr.nr.E104810, fat.fisk.nr.4652928 dt.10.04.2025,11,Ministria e Arsimit Sportit dhe Rinise,1011105,Zyra Vendore Arsimore, Lushnje (0922),6022001,Elektricitet,FURNIZUESI I SHERBIMIT UNIVERSAL,340.00,4/11/2025 12:00:00 AM,4/14/2025 12:00:00 AM
 Korçe,11310112602025,1011260 ZYRA VENDORE ARSIMORE MALIQ TRANSPORT MESUES SHKURT-MARS 2025 SIPAS LISTEPAGESES,URDH.NR.48 DT.09.04.2025,11,Ministria e Arsimit Sportit dhe Rinise,1011260,Zyra Vendore Arsimore, Maliq (1515),6023900,Shpenzime te tjera transporti,RAIFFEISEN BANK SH.A,2243060.00,4/11/2025 12:00:00 AM,4/14/2025 12:00:00 AM
 Tirane,11310121132025,1012113 Adm Qend ISHP,lik rimburs telefon,urdher nr 78 dt 03.04.2025,fat dt 4.3.2025,listepagese,12,Ministria e Ekonomise, Kultures dhe Inovacionit,1012113,Admin Qendrore e ISHP (3535),6061005,Kompensime speciale te tjera,RAIFFEISEN BANK SH.A,3000.00,4/11/2025 12:00:00 AM,4/14/2025 12:00:00 AM
 Korçe,11410112602025,1011260 ZYRA VENDORE ARSIMORE MALIQ TRANSPORT MESUES SHKURT-MARS 2025 SIPAS LISTEPAGESES,URDH.NR.48 DT.09.04.2025,11,Ministria e Arsimit Sportit dhe Rinise,1011260,Zyra Vendore Arsimore, Maliq (1515),6023900,Shpenzime te tjera transporti,BANKA AMERIKANE E INVESTIMEVE SHA	,69540.00,4/11/2025 12:00:00 AM,4/14/2025 12:00:00 AM
 Tirane,11410121132025,1012113 Adm Qend ISHP,lik uje Vlore ,fat nr 261776 dt 05.04.2025,12,Ministria e Ekonomise, Kultures dhe Inovacionit,1012113,Admin Qendrore e ISHP (3535),6022002,Uje,Shoqëria Rajonale Ujësjellës Kanalizime Vlorë,480.00,4/11/2025 12:00:00 AM,4/14/2025 12:00:00 AM
 Korçe,11510112602025,1011260 ZYRA VENDORE ARSIMORE MALIQ TRANSPORT MESUES SHKURT-MARS 2025 SIPAS LISTEPAGESES,URDH.NR.48 DT.09.04.2025,11,Ministria e Arsimit Sportit dhe Rinise,1011260,Zyra Vendore Arsimore, Maliq (1515),6023900,Shpenzime te tjera transporti,BANKA KOMBETARE TREGTARE,945850.00,4/11/2025 12:00:00 AM,4/14/2025 12:00:00 AM
 Tirane,11510121132025,1012113 Adm Qend ISHP,lik telefon,fat nr 436631 dt 4.4.2025,12,Ministria e Ekonomise, Kultures dhe Inovacionit,1012113,Admin Qendrore e ISHP (3535),6022003,Sherbime telefonike,ONE ALBANIA,4667.00,4/11/2025 12:00:00 AM,4/14/2025 12:00:00 AM
 Gramsh,11510130692025,1013069 Fat nr.250403097450 date 31.03.2025,kont nr.G143107,13,Ministria e Shendetesise dhe Mbrojtjes Sociale,1013069,Sp. Gramsh (0810),6022001,Elektricitet,FURNIZUESI I SHERBIMIT UNIVERSAL,579909.00,4/11/2025 12:00:00 AM,4/14/2025 12:00:00 AM
 Gjirokaster,11524520012025,2452001 Bashkia Dropull. Karburant, Kont.422, Permbledhese faturash mars prill 2025.,0,Unspecified,2452001,Bashkia Dropull (1111),6023100,Karburant dhe vaj,ANEL & CO,524400.00,4/11/2025 12:00:00 AM,4/14/2025 12:00:00 AM
 Tirane,11610010012025,1001001 Presidenca 2025, lik ft bl dhurata, up nr 603/5 dt 11.03.2025, pv vl dt 11.03.2025, ft nr 4/2025 dt 11.03.2025, fh dt 11.03.2025, pv md dt 11.03.2025,1,Presidenca,1001001,Presidenca (3535),6021099,Te tjera materiale dhe sherbime speciale,Gert Budurushi,8000.00,4/10/2025 12:00:00 AM,4/14/2025 12:00:00 AM
 Korçe,11610112602025,1011260 ZYRA VENDORE ARSIMORE MALIQ TRANSPORT MESUES SHKURT-MARS 2025 SIPAS LISTEPAGESES,URDH.NR.48 DT.09.04.2025,11,Ministria e Arsimit Sportit dhe Rinise,1011260,Zyra Vendore Arsimore, Maliq (1515),6023900,Shpenzime te tjera transporti,INTESA SANPAOLO BANK ALBANIA,83140.00,4/11/2025 12:00:00 AM,4/14/2025 12:00:00 AM
 Gramsh,11610130692025,1013069 Fat nr.2501,2502 date 08.04.2025 kont nr.120265,120266,13,Ministria e Shendetesise dhe Mbrojtjes Sociale,1013069,Sp. Gramsh (0810),6022002,Uje,SHOQERIA RAJONALE UJESJELLES KANALIZIME  ELBASAN SH.A,172279.00,4/11/2025 12:00:00 AM,4/14/2025 12:00:00 AM
 Korçe,11710112602025,1011260 ZYRA VENDORE ARSIMORE MALIQ TRANSPORT MESUES SHKURT-MARS 2025 SIPAS LISTEPAGESES,URDH.NR.48 DT.09.04.2025,11,Ministria e Arsimit Sportit dhe Rinise,1011260,Zyra Vendore Arsimore, Maliq (1515),6023900,Shpenzime te tjera transporti,BANKA E TIRANES,223130.00,4/11/2025 12:00:00 AM,4/14/2025 12:00:00 AM
 Gramsh,11710130692025,1013069 Oksigjen fat nr.2355 dt 07.04.2025,flet hyrje nr.33 dt 07.04.2025,kont nr.261/1 dt 01.04.2025,13,Ministria e Shendetesise dhe Mbrojtjes Sociale,1013069,Sp. Gramsh (0810),6021003,Ilaçe dhe materiale mjeksore,Messer Albagaz,88473.00,4/11/2025 12:00:00 AM,4/14/2025 12:00:00 AM
 Shkoder,11710280272025,1028027, Prokuroria prane Gjykates se Shkalles se Pare te Juridiksionit te Pergjithshem Shkoder, shpenzime avokati,fat nr 34/2025, u pag 1487/2023 dt 06.03.2024,28,Prokuroria e Pergjithshme,1028027,Prokuroria e rrethit Shkoder (3333),6029005,Shpenzime per honorare,Vladimir Vladaj,2000.00,4/11/2025 12:00:00 AM,4/14/2025 12:00:00 AM
 Korçe,11810112602025,1011260 ZYRA VENDORE ARSIMORE MALIQ TRANSPORT MESUES SHKURT-MARS 2025 SIPAS LISTEPAGESES,URDH.NR.48 DT.09.04.2025,11,Ministria e Arsimit Sportit dhe Rinise,1011260,Zyra Vendore Arsimore, Maliq (1515),6023900,Shpenzime te tjera transporti,Banka OTP Albania,134330.00,4/11/2025 12:00:00 AM,4/14/2025 12:00:00 AM
 Tirane,11810130542025,1013054 QKTRF - kthim detyrimi, vendim nr 1486 dt 12.03.2019, urdher nr 1579 dt 19.09.2019, njoftim nr 213/1 dt 07.10.2019, urdher nr 213/2 dt 30.10.2019, debitore Dorina Mehmeti,13,Ministria e Shendetesise dhe Mbrojtjes Sociale,1013054,Qëndra Kombëtare Terapeutike dhe Rehabilituese për Fëmijët (3535),6001001,Paga neto për punonjesit e miratuar në organikë,Najada Beqaraj,17400.00,4/11/2025 12:00:00 AM,4/14/2025 12:00:00 AM
 Berat,11810160232025,1016023 Drejtoria Vendore e Policise Berat, udhetime te brendshme bashkelidhur  vkm nr 329 dt 20.04.2016 listepagesa mars 2025,16,Ministria e Brendshme,1016023,Drejtoria Vendore e Policise Berat (0202),6024100,Udhetim i brendshem,RAIFFEISEN BANK SH.A,356000.00,4/11/2025 12:00:00 AM,4/14/2025 12:00:00 AM
 Shkoder,11810280272025,1028027, Prokuroria prane Gjykates se Shkalles se Pare te Juridiksionit te Pergjithshem Shkoder, shpenzime avokati,fat nr 32/2025, u pag 1244/2022 dt 18.12.2023,28,Prokuroria e Pergjithshme,1028027,Prokuroria e rrethit Shkoder (3333),6029005,Shpenzime per honorare,Vladimir Vladaj,2000.00,4/11/2025 12:00:00 AM,4/14/2025 12:00:00 AM
 Korçe,11910110152025,1011015 ZYRA VENDORE ARSIMORE KORCE PUSTEC, SHERBIME POSTARE MARS 2025, FATURA NR.196/2025 DT 04.04.2025, NR.285/2025 DT 09.04.2025,11,Ministria e Arsimit Sportit dhe Rinise,1011015,Zyra Vendore Arsimore, Korçë-Pustec (1515),6022004,Posta dhe sherbimi korrier,POSTA SHQIPTARE SH.A,3397.00,4/11/2025 12:00:00 AM,4/14/2025 12:00:00 AM
 Korçe,11910112602025,1011260 ZYRA VENDORE ARSIMORE MALIQ TRANSPORT MESUES SHKURT-MARS 2025 SIPAS LISTEPAGESES,URDH.NR.48 DT.09.04.2025,11,Ministria e Arsimit Sportit dhe Rinise,1011260,Zyra Vendore Arsimore, Maliq (1515),6023900,Shpenzime te tjera transporti,BANKA CREDINS,45860.00,4/11/2025 12:00:00 AM,4/14/2025 12:00:00 AM
 Tirane,11910121132025,1012113 Adm Qend ISHP,lik internet,urdh prok nr 27 dt 20.1.2025,ftese oferte 20.1.2025,kontrate nr 125/6 dt 27.1.2025,lik fat nr 223061 dt 0334446.dt 03.04.2025,12,Ministria e Ekonomise, Kultures dhe Inovacionit,1012113,Admin Qendrore e ISHP (3535),6022099,Sherbime te tjera,ONE ALBANIA,58000.00,4/11/2025 12:00:00 AM,4/14/2025 12:00:00 AM
 Kukes,11910130202025,1013020 Spitali Kukes Oksigjen kont n 5 dt 22.01.2024 ft 1870 dt 20.03.2025 fh n 05 dt 20.03.2025,13,Ministria e Shendetesise dhe Mbrojtjes Sociale,1013020,Spitali Kukes (1818),6021003,Ilaçe dhe materiale mjeksore,GTS-GAZRA TEKNIKE SHQIPTARE,44160.00,4/10/2025 12:00:00 AM,4/14/2025 12:00:00 AM
 Berat,11910160232025,1016023 Drejtoria Vendore e Policise Berat, udhetime te brendshme bashkelidhur listepagesa mars 2025 sipas vkm 329 dt 20.04.2016,16,Ministria e Brendshme,1016023,Drejtoria Vendore e Policise Berat (0202),6024100,Udhetim i brendshem,BANKA KOMBETARE TREGTARE,87500.00,4/11/2025 12:00:00 AM,4/14/2025 12:00:00 AM
 Shkoder,11910280272025,1028027, Prokuroria prane Gjykates se Shkalles se Pare te Juridiksionit te Pergjithshem Shkoder, shpenzime avokati,fat nr 35/2025, u pag 512/2024 dt 06.03.2024,28,Prokuroria e Pergjithshme,1028027,Prokuroria e rrethit Shkoder (3333),6029005,Shpenzime per honorare,Vladimir Vladaj,3000.00,4/11/2025 12:00:00 AM,4/14/2025 12:00:00 AM
 Korçe,12010112602025,1011260 ZYRA VENDORE ARSIMORE MALIQ TRANSPORT MESUES SHKURT-MARS 2025 SIPAS LISTEPAGESES,URDH.NR.48 DT.09.04.2025,11,Ministria e Arsimit Sportit dhe Rinise,1011260,Zyra Vendore Arsimore, Maliq (1515),6023900,Shpenzime te tjera transporti,UNION BANK SHA,9120.00,4/11/2025 12:00:00 AM,4/14/2025 12:00:00 AM
 Tirane,12010121132025,1012113 Adm Qend ISHP,lik posta Korçe,lik fat nr 237 dt 4.4.2025,12,Ministria e Ekonomise, Kultures dhe Inovacionit,1012113,Admin Qendrore e ISHP (3535),6022004,Posta dhe sherbimi korrier,POSTA SHQIPTARE SH.A,4310.00,4/11/2025 12:00:00 AM,4/14/2025 12:00:00 AM
 Kukes,12010130202025,1013020 Spitali Kukes Oksigjen kont n 5 dt 22.01.2024 ft n 2126 dt 02.04.2025 fh n 06 dt 01.04.2025,13,Ministria e Shendetesise dhe Mbrojtjes Sociale,1013020,Spitali Kukes (1818),6021003,Ilaçe dhe materiale mjeksore,GTS-GAZRA TEKNIKE SHQIPTARE,60720.00,4/10/2025 12:00:00 AM,4/14/2025 12:00:00 AM
 Berat,12010160232025,1016023 Drejtoria Vendore e Policise Berat, udhetime te brendshme bashkelidhur listepagesa sipas vkm nr 329 dt 20.04.2016,16,Ministria e Brendshme,1016023,Drejtoria Vendore e Policise Berat (0202),6024100,Udhetim i brendshem,INTESA SANPAOLO BANK ALBANIA,87500.00,4/11/2025 12:00:00 AM,4/14/2025 12:00:00 AM
 Tirane,1210112102025,1011210 Fed Gjimnastik - pag akomod ekipi kampion europian, udhez nr 4 dt 25.2.2022, ft nr AZJCWL dt 24.2.2025, urdh lik nr 731 dt 9.4.2025, transf (672EUR*101.7),11,Ministria e Arsimit Sportit dhe Rinise,1011210,Federata Shqipetare e Gjimnastikes (3535),6044006,Transferta per klubet dhe asociacionet e sportit,RAIFFEISEN BANK SH.A,75242.00,4/11/2025 12:00:00 AM,4/14/2025 12:00:00 AM
 Korçe,12110112602025,1011260 ZYRA VENDORE ARSIMORE MALIQ TRANSPORT NXENES SHKURT-MARS 2025 SIPAS LISTEPAGESES,URDH.NR.48 DT.09.04.2025,11,Ministria e Arsimit Sportit dhe Rinise,1011260,Zyra Vendore Arsimore, Maliq (1515),6023900,Shpenzime te tjera transporti,BANKA KOMBETARE TREGTARE,307500.00,4/11/2025 12:00:00 AM,4/14/2025 12:00:00 AM
 Tirane,12110121132025,1012113 Adm Qend ISHP,lik posta Vlore,lik fat nr 345 dt 53.04.2025,12,Ministria e Ekonomise, Kultures dhe Inovacionit,1012113,Admin Qendrore e ISHP (3535),6022004,Posta dhe sherbimi korrier,POSTA SHQIPTARE SH.A,3010.00,4/11/2025 12:00:00 AM,4/14/2025 12:00:00 AM
 Kukes,12110130202025,1013020 Spitali Kukes asgjesim mbetje rrezikshme kont n.2 dt 29.012025  ft nr 789 dt 03.04.2025 shtjoca 1 e dorezimit bashkengjitur,13,Ministria e Shendetesise dhe Mbrojtjes Sociale,1013020,Spitali Kukes (1818),6021099,Te tjera materiale dhe sherbime speciale,V.A.L.E RECYCLING,513168.00,4/10/2025 12:00:00 AM,4/14/2025 12:00:00 AM
 Tirane,12110161102025,1016110 AMP, shp riparin automj. kontrate ne vazhim nr 2866/1 dt 18.7.2024, ft 316 dt 04.04.2025, PV dt 04.04.2025,16,Ministria e Brendshme,1016110,Agjencia e Mbikëqyrjes Policore (AMP) (3535),6025600,Shpenzime per mirembajtjen e mjeteve te transportit,ALSTEZO(J63208420N),6960.00,4/11/2025 12:00:00 AM,4/14/2025 12:00:00 AM
 Tirane,121650032025,2165003 Ujesjell Kanaliz Vore,lik rikonstr depo, ndert Ujesj Berxulle ,urdh proknr 370/3 dt 8.10.2024,njof fit nr 438/6 dt 23.12.2024,kontr nr 438/9 dt 7.1.2025,situac nr 1 dt 26.3.2025,fat nr 53 dt 26.3.2025,proc verb dorez perkoh.dt7.4.25,6,Ministria e Infrastruktures dhe Energjise,2165003,Ujësjellës Kanalizime Vora -Shoqëri Anonime  (3535),2313400,Shpenz. per rritjen e AQT - konstruksione te veprave ujore,KRONOS KONSTRUKSION,31284994.00,4/9/2025 12:00:00 AM,4/14/2025 12:00:00 AM
 Kukes,122.10130202025,1013020 Spitali Kukes uje pijshem ft n56093-55886 dt 07.04.2025 Mars 2025,13,Ministria e Shendetesise dhe Mbrojtjes Sociale,1013020,Spitali Kukes (1818),6022002,Uje,SHOQERIA RAJONALE UJESJELLES KANALIZIME KUKES SHA,408240.00,4/10/2025 12:00:00 AM,4/14/2025 12:00:00 AM
 Korçe,12210112602025,1011260 ZYRA VENDORE ARSIMORE MALIQ TRANSPORT NXENES SHKURT-MARS 2025 SIPAS LISTEPAGESES,URDH.NR.48 DT.09.04.2025,11,Ministria e Arsimit Sportit dhe Rinise,1011260,Zyra Vendore Arsimore, Maliq (1515),6023900,Shpenzime te tjera transporti,RAIFFEISEN BANK SH.A,610500.00,4/11/2025 12:00:00 AM,4/14/2025 12:00:00 AM
 Tirane,12210121132025,1012113 Adm Qend ISHP,lik posta Tirane,lik fat nr 630452 dt 3.04.2025,12,Ministria e Ekonomise, Kultures dhe Inovacionit,1012113,Admin Qendrore e ISHP (3535),6022004,Posta dhe sherbimi korrier,POSTA SHQIPTARE SH.A,6045.00,4/11/2025 12:00:00 AM,4/14/2025 12:00:00 AM
 Shkoder,12210280272025,1028027, Prokuroria prane Gjykates se Shkalles se Pare te Juridiksionit te Pergjithshem Shkoder, shpenzime eksperti,fat nr 8/2025 dt 07.04.2025, u pag 1816/2024,dt 10.02.2025, 969/2024 dt 03.03.25dt 03.03.25, 108/2025 dt 25.03.25,28,Prokuroria e Pergjithshme,1028027,Prokuroria e rrethit Shkoder (3333),6029005,Shpenzime per honorare,ALFRED HASANAJ,84000.00,4/11/2025 12:00:00 AM,4/14/2025 12:00:00 AM
 Korçe,12310112602025,1011260 ZYRA VENDORE ARSIMORE MALIQ TRANSPORT NXENES SHKURT-MARS 2025 SIPAS LISTEPAGESES,URDH.NR.48 DT.09.04.2025,11,Ministria e Arsimit Sportit dhe Rinise,1011260,Zyra Vendore Arsimore, Maliq (1515),6023900,Shpenzime te tjera transporti,BANKA E TIRANES,79050.00,4/11/2025 12:00:00 AM,4/14/2025 12:00:00 AM
 Tirane,12310121132025,1012113 Adm Qend ISHP,lik posta Tirane,lik fat nr 630411 dt 3.04.2025,12,Ministria e Ekonomise, Kultures dhe Inovacionit,1012113,Admin Qendrore e ISHP (3535),6022004,Posta dhe sherbimi korrier,POSTA SHQIPTARE SH.A,7320.00,4/11/2025 12:00:00 AM,4/14/2025 12:00:00 AM
 Kukes,12310130202025,1013020 Spitali Kukes sherbim postar ft n.104 dt 03 04.2025 Mars 2025,13,Ministria e Shendetesise dhe Mbrojtjes Sociale,1013020,Spitali Kukes (1818),6022004,Posta dhe sherbimi korrier,POSTA SHQIPTARE SH.A,1695.00,4/10/2025 12:00:00 AM,4/14/2025 12:00:00 AM
 Berat,12310160232025,1016023 Policia Berat materiale per pastrim bashkelidhur up nr 15 dt 17.03.2025 ft nr 20 dt 25.03.2025 fh nr 15 dt 25.03.2025 pv nr 01 02 dt 25.03.2025,16,Ministria e Brendshme,1016023,Drejtoria Vendore e Policise Berat (0202),6020200,Materiale per pastrim, dezinfektim, ngrohje dhe ndriçim,PL 97 GROUP,89880.00,4/11/2025 12:00:00 AM,4/14/2025 12:00:00 AM
 Korçe,12410112602025,1011260 ZYRA VENDORE ARSIMORE MALIQ TRANSPORT NXENES SHKURT-MARS 2025 SIPAS LISTEPAGESES,URDH.NR.48 DT.09.04.2025,11,Ministria e Arsimit Sportit dhe Rinise,1011260,Zyra Vendore Arsimore, Maliq (1515),6023900,Shpenzime te tjera transporti,Banka OTP Albania,96900.00,4/11/2025 12:00:00 AM,4/14/2025 12:00:00 AM
 Tirane,12410121132025,1012113 Adm Qend ISHP,lik posta Mat,lik fat nr 111 dt 3.04.2025,12,Ministria e Ekonomise, Kultures dhe Inovacionit,1012113,Admin Qendrore e ISHP (3535),6022004,Posta dhe sherbimi korrier,POSTA SHQIPTARE SH.A,2265.00,4/11/2025 12:00:00 AM,4/14/2025 12:00:00 AM
 Kukes,12410130202025,1013020 Spitali Kukes Roje civile Kont n 25 dt 21.01.2025 ft n.1076 dt.01.04.2025 periudha 01-2025,13,Ministria e Shendetesise dhe Mbrojtjes Sociale,1013020,Spitali Kukes (1818),6022008,Sherbime te sigurimit dhe ruajtjes,Illyrian Guard,249566.00,4/10/2025 12:00:00 AM,4/14/2025 12:00:00 AM
 Berat,12410160232025,1016023 Policia Berat shpenzime siguracione mjetesh bashkelidhur up nr 17 dt 26.03.2025 permbledhese faturash dt 28.03.2025 pv 01 dt 28.03.2025,16,Ministria e Brendshme,1016023,Drejtoria Vendore e Policise Berat (0202),6023300,Shpenzimet e siguracionit te mjeteve te transportit,SIGAL UNIQA Group AUSTRIA,251600.00,4/11/2025 12:00:00 AM,4/14/2025 12:00:00 AM
 Korçe,12510112602025,1011260 ZYRA VENDORE ARSIMORE MALIQ TRANSPORT NXENES SHKURT-MARS 2025 SIPAS LISTEPAGESES,URDH.NR.48 DT.09.04.2025,11,Ministria e Arsimit Sportit dhe Rinise,1011260,Zyra Vendore Arsimore, Maliq (1515),6023900,Shpenzime te tjera transporti,BANKA AMERIKANE E INVESTIMEVE SHA	,17100.00,4/11/2025 12:00:00 AM,4/14/2025 12:00:00 AM
 Tirane,12510121132025,1012113 Adm Qend ISHP,lik posta Sarande,lik fat nr 209 dt 2.4.2025,12,Ministria e Ekonomise, Kultures dhe Inovacionit,1012113,Admin Qendrore e ISHP (3535),6022004,Posta dhe sherbimi korrier,POSTA SHQIPTARE SH.A,80.00,4/11/2025 12:00:00 AM,4/14/2025 12:00:00 AM
 Kukes,12510130202025,1013020 Spitali Kukes Roje civile Kont n 25 dt 21.01.2025 ft n.767 dt.28.03.2025 periudha 02-2025,13,Ministria e Shendetesise dhe Mbrojtjes Sociale,1013020,Spitali Kukes (1818),6022008,Sherbime te sigurimit dhe ruajtjes,Illyrian Guard,703322.00,4/10/2025 12:00:00 AM,4/14/2025 12:00:00 AM
 Berat,12510160232025,1016023 Policia Berat shpenzime siguracione mjetesh bashgkelidhur up nr 16 dyt 26.03.2025 permbldhese faturash dt 27.03.2025 pv nr 01 dt 28.03.2025,16,Ministria e Brendshme,1016023,Drejtoria Vendore e Policise Berat (0202),6023300,Shpenzimet e siguracionit te mjeteve te transportit,SIGAL UNIQA Group AUSTRIA,93547.00,4/11/2025 12:00:00 AM,4/14/2025 12:00:00 AM
 Korçe,12610112602025,1011260 ZYRA VENDORE ARSIMORE MALIQ TRANSPORT NXENES SHKURT-MARS 2025 SIPAS LISTEPAGESES,URDH.NR.48 DT.09.04.2025,11,Ministria e Arsimit Sportit dhe Rinise,1011260,Zyra Vendore Arsimore, Maliq (1515),6023900,Shpenzime te tjera transporti,INTESA SANPAOLO BANK ALBANIA,159600.00,4/11/2025 12:00:00 AM,4/14/2025 12:00:00 AM
 Tirane,12610121132025,1012113 Adm Qend ISHP,lik posta Berat,lik fat nr 4164 dt 02.04.2025,12,Ministria e Ekonomise, Kultures dhe Inovacionit,1012113,Admin Qendrore e ISHP (3535),6022004,Posta dhe sherbimi korrier,POSTA SHQIPTARE SH.A,2010.00,4/11/2025 12:00:00 AM,4/14/2025 12:00:00 AM
 Kukes,12610130202025,1013020 Spitali Kukes Roje civile Kont n 25 dt 21.01.2025 ft n.820 dt.31.03.2025 periudha 03-2025,13,Ministria e Shendetesise dhe Mbrojtjes Sociale,1013020,Spitali Kukes (1818),6022008,Sherbime te sigurimit dhe ruajtjes,Illyrian Guard,703322.00,4/10/2025 12:00:00 AM,4/14/2025 12:00:00 AM
 Berat,12610160232025,1016023 Drejtoria Vendore e Policise Berat,posta bashkelidhur ft nr 160 dt 02.04.2025 mars 2025,16,Ministria e Brendshme,1016023,Drejtoria Vendore e Policise Berat (0202),6022004,Posta dhe sherbimi korrier,POSTA SHQIPTARE SH.A,29315.00,4/11/2025 12:00:00 AM,4/14/2025 12:00:00 AM
 Korçe,12710112602025,1011260 ZYRA VENDORE ARSIMORE MALIQ TRANSPORT NXENES SHKURT-MARS 2025 SIPAS LISTEPAGESES,URDH.NR.48 DT.09.04.2025,11,Ministria e Arsimit Sportit dhe Rinise,1011260,Zyra Vendore Arsimore, Maliq (1515),6023900,Shpenzime te tjera transporti,UNION BANK SHA,111450.00,4/11/2025 12:00:00 AM,4/14/2025 12:00:00 AM
 Tirane,12710121132025,1012113 Adm Qend ISHP,lik posta Shkoder,lik fat nr 4601 dt 02.04.2025,12,Ministria e Ekonomise, Kultures dhe Inovacionit,1012113,Admin Qendrore e ISHP (3535),6022004,Posta dhe sherbimi korrier,POSTA SHQIPTARE SH.A,1120.00,4/11/2025 12:00:00 AM,4/14/2025 12:00:00 AM
 Kukes,12710130202025,1013020 Spitali Kukes Mirembajtje skaneri kont n.16 dt 21.01.2025 ft n.412 dt 25.03.2025 periudha mars 2025,13,Ministria e Shendetesise dhe Mbrojtjes Sociale,1013020,Spitali Kukes (1818),6025500,Shpenzime per mirembajtjen e aparateve, paisjeve teknike dhe veglave te punes,BNT ELECTRONIC`S,319903.00,4/10/2025 12:00:00 AM,4/14/2025 12:00:00 AM
 Berat,12710160232025,1016023 Drejtoria Vendore e Policise Berat,posta bashkelidhur ft nr47 dt28.03.2025 mars 2025,16,Ministria e Brendshme,1016023,Drejtoria Vendore e Policise Berat (0202),6022004,Posta dhe sherbimi korrier,POSTA SHQIPTARE SH.A,4455.00,4/11/2025 12:00:00 AM,4/14/2025 12:00:00 AM
 Kuçove,12721240092025,2124009 liste pagese kompesim largesi rruge mars 2025 qendra ekon arsimit,0,Unspecified,2124009,Qendra Ekonomike Arsimit (0217),6001001,Paga neto për punonjesit e miratuar në organikë,RAIFFEISEN BANK SH.A,40255.00,4/10/2025 12:00:00 AM,4/14/2025 12:00:00 AM
 Gjirokaster,12724520012025,2452001 Bashkia Dropull. Celular, Fatur 1698554 dt 02.04.2025.,0,Unspecified,2452001,Bashkia Dropull (1111),6022003,Sherbime telefonike,VODAFONE ALBANIA,13194.00,4/11/2025 12:00:00 AM,4/14/2025 12:00:00 AM
 Korçe,12810112602025,1011260 ZYRA VENDORE ARSIMORE MALIQ TRANSPORT NXENES SHKURT-MARS 2025 SIPAS LISTEPAGESES,URDH.NR.48 DT.09.04.2025,11,Ministria e Arsimit Sportit dhe Rinise,1011260,Zyra Vendore Arsimore, Maliq (1515),6023900,Shpenzime te tjera transporti,Banka e Parë e Investimeve-Albania/ First Investment Bank- Albania,49950.00,4/11/2025 12:00:00 AM,4/14/2025 12:00:00 AM
 Tirane,12810121132025,1012113 Adm Qend ISHP,lik posta Gjirokaster,lik fat nr 801 dt 1.4.2025,12,Ministria e Ekonomise, Kultures dhe Inovacionit,1012113,Admin Qendrore e ISHP (3535),6022004,Posta dhe sherbimi korrier,POSTA SHQIPTARE SH.A,470.00,4/11/2025 12:00:00 AM,4/14/2025 12:00:00 AM
 Kukes,12810130202025,1013020 Spitali Kukes karburant sipas kont n.26 dt 10.02.2025 ft n 41562 dt 25.03.2025 fh n.2 dt 25.03.2025,13,Ministria e Shendetesise dhe Mbrojtjes Sociale,1013020,Spitali Kukes (1818),6023100,Karburant dhe vaj,KASTRATI ENERGY,840660.00,4/10/2025 12:00:00 AM,4/14/2025 12:00:00 AM
 Berat,12810160232025,1016023 Drejtoria Vendore e Policise Berat,posta bashkelidhur ft nr 62 DT 01.04.2025 MARS 2025,16,Ministria e Brendshme,1016023,Drejtoria Vendore e Policise Berat (0202),6022004,Posta dhe sherbimi korrier,POSTA SHQIPTARE SH.A,9320.00,4/11/2025 12:00:00 AM,4/14/2025 12:00:00 AM
 Kuçove,12821240092025,2124009 liste pagese kompesim largesi rruge mars 2025 qendra ekon arsimit,0,Unspecified,2124009,Qendra Ekonomike Arsimit (0217),6001001,Paga neto për punonjesit e miratuar në organikë,BANKA KOMBETARE TREGTARE,5400.00,4/10/2025 12:00:00 AM,4/14/2025 12:00:00 AM
 Korçe,12910112602025,1011260 ZYRA VENDORE ARSIMORE MALIQ TRANSPORT NXENES SHKURT-MARS 2025 SIPAS LISTEPAGESES,URDH.NR.48 DT.09.04.2025,11,Ministria e Arsimit Sportit dhe Rinise,1011260,Zyra Vendore Arsimore, Maliq (1515),6023900,Shpenzime te tjera transporti,BANKA CREDINS,28050.00,4/11/2025 12:00:00 AM,4/14/2025 12:00:00 AM
 Kukes,12910130202025,1013020 Spitali Kukes Blerja Mishi Kont n 1 dt 08.01.2025 ft n.705 dt 28.03.2025 fh n.11 dt 28.03.2025,13,Ministria e Shendetesise dhe Mbrojtjes Sociale,1013020,Spitali Kukes (1818),6021004,Furnizime dhe sherbime me ushqim per mencat,ARGENT DACI	,69600.00,4/10/2025 12:00:00 AM,4/14/2025 12:00:00 AM
 Kukes,13010130202025,1013020 Spitali Kukes Blerja Bylmet Kont nr 07 dt 17.01.2025 ft n.1001 dt 28.03.2025  fh n 12 dt 28.03.2025,13,Ministria e Shendetesise dhe Mbrojtjes Sociale,1013020,Spitali Kukes (1818),6021004,Furnizime dhe sherbime me ushqim per mencat,4 S,109740.00,4/10/2025 12:00:00 AM,4/14/2025 12:00:00 AM
 Kukes,13110130202025,1013020 Spitali Kukes Blerja Perimesh Kont nr 04/1 dt 16.01.2025 ft n.395 dt 29.03.2025  fh n 13 dt 29.03.2025,13,Ministria e Shendetesise dhe Mbrojtjes Sociale,1013020,Spitali Kukes (1818),6021004,Furnizime dhe sherbime me ushqim per mencat,NELSA,24708.00,4/10/2025 12:00:00 AM,4/14/2025 12:00:00 AM
 Tirane,13110130882025, 1013088 SUOGJ Koco Gliozheni  sherbime laboratorike kont vazhdim nr 1924/2dt 10.04.2019  ft nr 22/2025  dt 05.03.2025 .2025 akt kol dt 05.03.2025,13,Ministria e Shendetesise dhe Mbrojtjes Sociale,1013088,Maternitet Nr.2T. (3535),6021009,Materiale dhe pajisje labratorik e te sherbimit publik,LABORATORY NETWORKS,2400228.00,4/11/2025 12:00:00 AM,4/14/2025 12:00:00 AM
 Kukes,13210130202025,1013020 Spitali Kukes Blerja Buke Kont nr 05 dt 17.01.2025 ft n.1067 dt 03.04.2025  fh n 14 dt 03.04.2025,13,Ministria e Shendetesise dhe Mbrojtjes Sociale,1013020,Spitali Kukes (1818),6021004,Furnizime dhe sherbime me ushqim per mencat,4 S,24000.00,4/10/2025 12:00:00 AM,4/14/2025 12:00:00 AM
 Mat,13210130782025,Spitali Mat (1013078) Lik. Blerje bulmet dhe veze.Urdh.Prok.Nr.320 Dt.21.05.2024.Marv.Kuad.Nr.320/34 Prot.Dt.20.08.2024.Kontr.Nr.7 Dt.05.02.2025.Fat.Nr.389/2025 Dt.28.03.2025.Fl.Hyrje dhe Proc.verb.mare dorez.Nr.6 Dt.28.03.2025.,13,Ministria e Shendetesise dhe Mbrojtjes Sociale,1013078,Sp. Mat (0625),6021004,Furnizime dhe sherbime me ushqim per mencat,NELSA,54096.00,4/11/2025 12:00:00 AM,4/14/2025 12:00:00 AM
 Tirane,13210160042025,1016004 Garda e Republikes,  shp dieta, urdher 293 dt 10.4.25, vkm nr 997 dt 10.12.2010, listepag,16,Ministria e Brendshme,1016004,Garda e Republike Tirane (3535),6024100,Udhetim i brendshem,BANKA CREDINS,151664.00,4/11/2025 12:00:00 AM,4/14/2025 12:00:00 AM
 Sarande,13310130842025,Lik pages tarife  proced prokurimi per riparim defekti i sistemit te kondic dhe mirembajtje sistemit chiller, fat nr 154 dat 09.04.2025,vendimi nr 245 dat 17.04.2024,urdheri nr 49 dat 09.04.2025 per Spitalin Sr 2025,13,Ministria e Shendetesise dhe Mbrojtjes Sociale,1013084,Sp. Sarande (3731),6021012,Shpenzime për pagesë tarife për Operatorin e Blerjeve të Përqendruara SH.A,Operatori i Blerjeve të Përqëndruara,42655.00,4/10/2025 12:00:00 AM,4/14/2025 12:00:00 AM
 Tirane,13310160042025,1016004 Garda e Republikes,  shp dieta, urdher 293 dt 10.4.25, vkm nr 997 dt 10.12.2010, listepag,16,Ministria e Brendshme,1016004,Garda e Republike Tirane (3535),6024100,Udhetim i brendshem,RAIFFEISEN BANK SH.A,519292.00,4/11/2025 12:00:00 AM,4/14/2025 12:00:00 AM
 Permet,13321540012025,BASHKIA KELCYRE FAT NR 36320 DT 03.03.2025,0,Unspecified,2154001,Bashkia Kelcyre (1128),6022002,Uje,SHOQËRIA RAJONALE UJËSJELLËS KANALIZIME GJIROKASTËR SH.A,180360.00,4/11/2025 12:00:00 AM,4/14/2025 12:00:00 AM
 Tirane,13410110482025,1011048 Universiteti i Sporteve 2025,shpz materiale kancelarie, up nr 8 dt 17.03.2025, pv nr 840/7 dt 18.03.2025, fh nr 7 dt 18.03.2025, fat nr 42 dt 18.03.2025,11,Ministria e Arsimit Sportit dhe Rinise,1011048,Akademia e Fiskultures (3535),6020500,Blerje dokumentacioni,TRIPTIK,63000.00,4/10/2025 12:00:00 AM,4/14/2025 12:00:00 AM
 Shkoder,13410111292025,1011129,Universiteti Luigj Gurakuqi Shkoder, rimbursim tarife doktorature Gentiana Nicaj, urdher 1192 dt 21.3.25, permbl 1192/1 dt 21.3.25, skedar 1192/2 dt 21.3.25, vendim BA 74 dt 10.3.25, mandat dt 18.11.24, verteim 3494 dt 21.11.24,11,Ministria e Arsimit Sportit dhe Rinise,1011129,Unversitet "L.Gurakuqi", Shkoder (3333),6029007,Shpenzime per pjesmarrje ne konferenca,RAIFFEISEN BANK SH.A,266667.00,4/11/2025 12:00:00 AM,4/14/2025 12:00:00 AM
 Tirane,13410160042025,1016004 Garda e Republikes,  shp dieta, urdher 293 dt 10.4.25, vkm nr 997 dt 10.12.2010, listepag,16,Ministria e Brendshme,1016004,Garda e Republike Tirane (3535),6024100,Udhetim i brendshem,BANKA KOMBETARE TREGTARE,367387.00,4/11/2025 12:00:00 AM,4/14/2025 12:00:00 AM
 M.Madhe,13421300012025,Bashkia M.Madhe lik.fat nr. 86 dt.24.12.2024, sit pjes 4 dt.05.03.2025 kont dt.25.09.2024,5,Ministria e Bujqesise dhe Zhvillimit Rural,2130001,Bashkia Malësi e Madhe (3323),2313400,Shpenz. per rritjen e AQT - konstruksione te veprave ujore,SMO VATAKSI,7483840.00,4/11/2025 12:00:00 AM,4/14/2025 12:00:00 AM
 Durres,13510110072025,1011007/ ZVA DURRES/ TRANSPORT MESUES VKM 1191.3.2023 URDHER 746 DT 11.4.2025 SIPAS LISTE PAGESES,11,Ministria e Arsimit Sportit dhe Rinise,1011007,Zyra Vendore Arsimore, Durrës (0707),6023900,Shpenzime te tjera transporti,BANKA KOMBETARE TREGTARE,1476578.00,4/11/2025 12:00:00 AM,4/14/2025 12:00:00 AM
 Durres,13610110072025,1011007/ ZVA DURRES/ TRANSPORT MESUES VKM 1191.3.2023 URDHER 746 DT 11.4.2025 SIPAS LISTE PAGESES,11,Ministria e Arsimit Sportit dhe Rinise,1011007,Zyra Vendore Arsimore, Durrës (0707),6023900,Shpenzime te tjera transporti,BANKA KOMBETARE TREGTARE,293173.00,4/11/2025 12:00:00 AM,4/14/2025 12:00:00 AM
 Durres,13710110072025,1011007/ ZVA DURRES/ TRANSPORT MESUES VKM 1191.3.2023 URDHER 746 DT 11.4.2025 SIPAS LISTE PAGESES,11,Ministria e Arsimit Sportit dhe Rinise,1011007,Zyra Vendore Arsimore, Durrës (0707),6023900,Shpenzime te tjera transporti,RAIFFEISEN BANK SH.A,2163282.00,4/11/2025 12:00:00 AM,4/14/2025 12:00:00 AM
 Durres,13810110072025,1011007/ ZVA DURRES/ TRANSPORT MESUES VKM 1191.3.2023 URDHER 746 DT 11.4.2025 SIPAS LISTE PAGESES,11,Ministria e Arsimit Sportit dhe Rinise,1011007,Zyra Vendore Arsimore, Durrës (0707),6023900,Shpenzime te tjera transporti,RAIFFEISEN BANK SH.A,204409.00,4/11/2025 12:00:00 AM,4/14/2025 12:00:00 AM
 Tirane,138888210100392025,Drejt Pergjith Tatim, lik TVSH, sipas formatit miratimit nr 1388882 dt 17.2.2025,10,Ministria e Financave dhe Ekonomise,1010039,Aparati Drejt.Pergj.Tatimeve (3535),7030100,TVSH mbi mallrat dhe sherbimet brenda vendit,White Roads Hotel,191362977.00,4/11/2025 12:00:00 AM,4/14/2025 12:00:00 AM
 Durres,13910110072025,1011007/ ZVA DURRES/ TRANSPORT MESUES VKM 1191.3.2023 URDHER 746 DT 11.4.2025 SIPAS LISTE PAGESES,11,Ministria e Arsimit Sportit dhe Rinise,1011007,Zyra Vendore Arsimore, Durrës (0707),6023900,Shpenzime te tjera transporti,BANKA CREDINS,25659.00,4/11/2025 12:00:00 AM,4/14/2025 12:00:00 AM
 Sarande,13910130842025,Lik shpenz dializ,list pages dat 31.03.2025,vertetim dat 01.04.2025 per Spitalin Sr 2025,13,Ministria e Shendetesise dhe Mbrojtjes Sociale,1013084,Sp. Sarande (3731),6021099,Te tjera materiale dhe sherbime speciale,BANKA KOMBETARE TREGTARE,133400.00,4/11/2025 12:00:00 AM,4/14/2025 12:00:00 AM
 Durres,14010110072025,1011007/ ZVA DURRES/ TRANSPORT MESUES VKM 1191.3.2023 URDHER 746 DT 11.4.2025 SIPAS LISTE PAGESES,11,Ministria e Arsimit Sportit dhe Rinise,1011007,Zyra Vendore Arsimore, Durrës (0707),6023900,Shpenzime te tjera transporti,Banka OTP Albania,3972.00,4/11/2025 12:00:00 AM,4/14/2025 12:00:00 AM
 Sarande,14010130842025,LIk fat nr 5326 dat 25.03.2025 per Spitalin Sr 2025,13,Ministria e Shendetesise dhe Mbrojtjes Sociale,1013084,Sp. Sarande (3731),6023900,Shpenzime te tjera transporti,DREJT. PERGJ. E SHERB. TRANS. RRUG.,3200.00,4/11/2025 12:00:00 AM,4/14/2025 12:00:00 AM
 Permet,1410140342025,ZYRA PERMBARIMORE VENDORE PERMET FAT NR 376919/2025 DT 31.03.2025,14,Ministria e Drejtesise,1014034,Zyra Përmbarimore Vendore Përmet (1128),6022003,Sherbime telefonike,ONE ALBANIA,5000.00,4/11/2025 12:00:00 AM,4/14/2025 12:00:00 AM
 Durres,14110110072025,1011007/ ZVA DURRES/ TRANSPORT MESUES VKM 1191.3.2023 URDHER 746 DT 11.4.2025 SIPAS LISTE PAGESES,11,Ministria e Arsimit Sportit dhe Rinise,1011007,Zyra Vendore Arsimore, Durrës (0707),6023900,Shpenzime te tjera transporti,BANKA E TIRANES,13505.00,4/11/2025 12:00:00 AM,4/14/2025 12:00:00 AM
 Tirane,14410050012025,MBZHR,602,Abonim shtypi per muajin shkurt 2025,shkresa nr 8166 dt 17.12.2024,kontrate nr 27 prot nr 928 dt 30.01.2025,Urdher nr 121 dt 06.02.2025,PV marrje ne dorezim dt 20.03.2025,fature 116 dt 20.03.2025,5,Ministria e Bujqesise dhe Zhvillimit Rural,1005001,Aparati Ministrise se Bujqesise dhe Zhvillimit Rural (3535),6022010,Sherbime te printimit dhe publikimit,POSTA SHQIPTARE SH.A,16340.00,4/8/2025 12:00:00 AM,4/14/2025 12:00:00 AM
 Tirane,14510050012025,MBZHR,231,TVSH,Zhvillimi i qendrushem i zonave rurale,Urdher nr 264 dt20.03.2025,Kerkese prot nr 2237 dt 18.03.2025,Permbledhese faturash (Prill-Tetor 2024,5,Ministria e Bujqesise dhe Zhvillimit Rural,1005001,Aparati Ministrise se Bujqesise dhe Zhvillimit Rural (3535),2310500,Shpenz. per rritjen e te tjera AQT,G  I  Z,2663147.00,4/8/2025 12:00:00 AM,4/14/2025 12:00:00 AM
 Tirane,14610130882025, 1013088 SUOGJ Koco Gliozheni,Medikamente,Kontr nr 908/1 dt 26.03.2025,FT OF nr 308 dt 17.03.2025,FAT nr 1744/2025 dt 03.04.2025,FH nr 80 dt 03.04.2025,Akt kol dt 03.04.2025,13,Ministria e Shendetesise dhe Mbrojtjes Sociale,1013088,Maternitet Nr.2T. (3535),6021003,Ilaçe dhe materiale mjeksore,INCOMED,558750.00,4/10/2025 12:00:00 AM,4/14/2025 12:00:00 AM
 Tirane,14710050012025,MBZHR,602,Aut 1420/2 dt 20.02.2025,UP 155 dt 20.02.2025,Ftes of 1420/5 dt 20.02.2025,Njoft fit dt 21.02.2025,Fat 118 dt 28.02.2025,5,Ministria e Bujqesise dhe Zhvillimit Rural,1005001,Aparati Ministrise se Bujqesise dhe Zhvillimit Rural (3535),6024200,Udhetim jashte shtetit,EXPLORER TRAVEL & TOURS,169000.00,4/8/2025 12:00:00 AM,4/14/2025 12:00:00 AM
 Tirane,14810050012025,MBZHR,602,Bileta me jashte vendit, Aut 1520/2 dt 24.2.25, Urdher prok 177 dt 24.2.25, Ftes per oferte 1520/5 dt 24.2.25, Njoftim fit 25.2.25, Fatur 114 dt 25.2.25.,5,Ministria e Bujqesise dhe Zhvillimit Rural,1005001,Aparati Ministrise se Bujqesise dhe Zhvillimit Rural (3535),6024200,Udhetim jashte shtetit,EXPLORER TRAVEL & TOURS,87900.00,4/8/2025 12:00:00 AM,4/14/2025 12:00:00 AM
 Tirane,14910050012025,MBZHR,230,Studim projektim,DUK Lezhe,UP 668 d 3.9.24,U 5623 d 22.8.24,Njof f 5623/15 d 6.12.24,K. 5623/18 d 13.12.24,prok 14475 d 12.12.24,PV 645/2 dt 7.3.25,Proj 645 dt 21.1.25,U.1116 d 23.12.24, Fat 14 d 7.3.25,5,Ministria e Bujqesise dhe Zhvillimit Rural,1005001,Aparati Ministrise se Bujqesise dhe Zhvillimit Rural (3535),2302100,Shpenz. per rritjen e AQ - studime ose kerkime,ANGERBA,2102492.00,4/8/2025 12:00:00 AM,4/14/2025 12:00:00 AM
 Tirane,15010050012025,MBZHR,602, Tarife permbarimore, shkres 241 dt 18.3.25, prot nr 2306 d 20.03.25, Kontrat sherbimi 19.1.2023, Udhez i perbashkt 385/7 d 28.6.2017, fature Nr 53 dt 18.3.25, per A.Klimi,5,Ministria e Bujqesise dhe Zhvillimit Rural,1005001,Aparati Ministrise se Bujqesise dhe Zhvillimit Rural (3535),6029003,Shpenzime gjyqesore,DORIAN SKENDI,24000.00,4/8/2025 12:00:00 AM,4/14/2025 12:00:00 AM
 Gjirokaster,1510140212025,1014021 Zyra Permbarimore Gjirokaster. Energji, Fatur 4820317 dt 10.04.2025.,14,Ministria e Drejtesise,1014021,Zyra Përmbarimore Vendore Gjirokastër (1111),6022001,Elektricitet,FURNIZUESI I SHERBIMIT UNIVERSAL,340.00,4/11/2025 12:00:00 AM,4/14/2025 12:00:00 AM
 Tirane,15110050012025,MBZHR,606, Paguar rimbursim telefoni, Vendim 673 d 2.9.20, Shkr 1345 d 19.2.24, Fat 7041156746 d 26.2.25, 1021102580 d 1.4.25 fat 654615 d 5.2.25, fat 1021101966 d 5.3.25 fat 1816165 d 6.4.25, fat 525854 d 29.1.25 fat 1614290 d 27.3.25,5,Ministria e Bujqesise dhe Zhvillimit Rural,1005001,Aparati Ministrise se Bujqesise dhe Zhvillimit Rural (3535),6061099,Te tjera transferta tek individet,BANKA KOMBETARE TREGTARE,24852.00,4/10/2025 12:00:00 AM,4/14/2025 12:00:00 AM
 Tirane,15110051172025,602 AZHBR Shpenz ruajtje godines kontrate ne vazhdim nr 3601/2 dt 08.11.2024 fsh nr.1069/2025 dt 31.03.2025 PVM nr 695/2 dt 07.04.2025,5,Ministria e Bujqesise dhe Zhvillimit Rural,1005117,Agjencia per Zhvillimin Bujqesor dhe Rural (AZHBR) (3535),6022008,Sherbime te sigurimit dhe ruajtjes,Illyrian Guard,525242.59,4/8/2025 12:00:00 AM,4/14/2025 12:00:00 AM
 Gjirokaster,15110121202025,1012120 Drejtori rajonale AKPA Gj kompesim papaunesie per persona te siguruar liste pagese,12,Ministria e Ekonomise, Kultures dhe Inovacionit,1012120,Drejtori Rajonale AKPA Gjirokaster (1111),6061002,Kompensim papunesie per personat e siguruar,BANKA CREDINS,874397.00,4/11/2025 12:00:00 AM,4/14/2025 12:00:00 AM
 Tirane,15210050012025,MBZHR,606,Paguar rimbursim telefoni, Vendim 673 d 2.9.2020, shkr 1345 dt 19.2.24,Fat 4943344 d 10.12.24, fat 393507 d 18.1.25, Fat 859680 d 19.2.25 fat 1021101939 d 4.3.25, fat 7091104286 d 24.2.25, fat 1021102481 d 28.3.25 list 8.4.25,5,Ministria e Bujqesise dhe Zhvillimit Rural,1005001,Aparati Ministrise se Bujqesise dhe Zhvillimit Rural (3535),6061099,Te tjera transferta tek individet,INTESA SANPAOLO BANK ALBANIA,13600.00,4/10/2025 12:00:00 AM,4/14/2025 12:00:00 AM
 Tirane,15210051172025,602 AZHBR Shpenzime per qeramarrje automjetesh KO. nr 522/14 dt 31.12.2024 ne vazhdim pvm  Nr. 718/2 dt. 07.04.2025 ftsh nr. 1211/2025 dt. 28.03.2025,5,Ministria e Bujqesise dhe Zhvillimit Rural,1005117,Agjencia per Zhvillimin Bujqesor dhe Rural (AZHBR) (3535),6026400,Shpenzime per qiramarrje mjetesh transporti,A.S.G.,712800.00,4/8/2025 12:00:00 AM,4/14/2025 12:00:00 AM
 Gjirokaster,15210121202025,1012120 Drejtori rajonale AKPA Gj kompesim papaunesie per persona te siguruar liste pagese,12,Ministria e Ekonomise, Kultures dhe Inovacionit,1012120,Drejtori Rajonale AKPA Gjirokaster (1111),6061002,Kompensim papunesie per personat e siguruar,RAIFFEISEN BANK SH.A,1378558.00,4/11/2025 12:00:00 AM,4/14/2025 12:00:00 AM
 Tirane,15310050012025,MBZHR,606,Paguar rimbursim telefoni, vendim 673 d 2.9.20, shkr 1345 d 19.2.24, Fat 7021148855 d 26.2.25, fat 1081104845 d 26.2.25 fat 628484 d 19.2.25, fat 1341955 d 11.3.25 fat 606838 d 18.2.25 fat 1348576 d 19.3.25, list 8.4.25,5,Ministria e Bujqesise dhe Zhvillimit Rural,1005001,Aparati Ministrise se Bujqesise dhe Zhvillimit Rural (3535),6061099,Te tjera transferta tek individet,BANKA CREDINS,12059.00,4/10/2025 12:00:00 AM,4/14/2025 12:00:00 AM
 Tirane,15310051172025,602 AZHBR Shpenzime uje Agropika Kukes muaji Mars 2025, klienti 10625-1 fat. nr. 54031 dt. 07.04.2025,5,Ministria e Bujqesise dhe Zhvillimit Rural,1005117,Agjencia per Zhvillimin Bujqesor dhe Rural (AZHBR) (3535),6022002,Uje,SHOQERIA RAJONALE UJESJELLES KANALIZIME KUKES SHA,7320.00,4/8/2025 12:00:00 AM,4/14/2025 12:00:00 AM
 Gjirokaster,15310121202025,1012120 Drejtori rajonale AKPA Gj kompesim papaunesie per persona te siguruar liste pagese,12,Ministria e Ekonomise, Kultures dhe Inovacionit,1012120,Drejtori Rajonale AKPA Gjirokaster (1111),6061002,Kompensim papunesie per personat e siguruar,Banka OTP Albania,150000.00,4/11/2025 12:00:00 AM,4/14/2025 12:00:00 AM
 Tirane,15410050012025,MBZHR,606,Paguar rimbursim telefoni vendim 673 d 2.9.20, shkr 1345 d 19.2.24, nr faturash 767333 d 2.2.25, 1563642 d 2.3.25, 5163228 d 6.1.25, 285978 d 30.1.25, 4782457 d 5.11.24, 4192223 d 5.11.24, 50000016285907 d 1.8.24, listp 8.4.2025,5,Ministria e Bujqesise dhe Zhvillimit Rural,1005001,Aparati Ministrise se Bujqesise dhe Zhvillimit Rural (3535),6061099,Te tjera transferta tek individet,RAIFFEISEN BANK SH.A,19750.00,4/10/2025 12:00:00 AM,4/14/2025 12:00:00 AM
 Tirane,15410051172025,602 AZHBR Shpenzime per sherbimin kadastral, Urdher nr 213 dt 09.04.2025, kerkese nr 4200 fature nr 4193 dt 08.04.2025,5,Ministria e Bujqesise dhe Zhvillimit Rural,1005117,Agjencia per Zhvillimin Bujqesor dhe Rural (AZHBR) (3535),6022099,Sherbime te tjera,DREJTORIA VENDORE ASHK-se LUSHNJE,2000.00,4/10/2025 12:00:00 AM,4/14/2025 12:00:00 AM
 Shkoder,15410111292025,1011129,Universiteti Luigj Gurakuqi Shkoder, shpenzime udhetimi e dieta Work & Study, relacion 497/2 dt 11.3.25, urdher 1426 dt 8.4.25, permbl 1426/1 dt 8.4.25, skedar 1426/6 dt 8.4.25,11,Ministria e Arsimit Sportit dhe Rinise,1011129,Unversitet "L.Gurakuqi", Shkoder (3333),6024100,Udhetim i brendshem,BANKA CREDINS,11000.00,4/11/2025 12:00:00 AM,4/14/2025 12:00:00 AM
 Tirane,15510050012025,MBZHR,600, Shperblim leje e zakonshme, shkresa 2446 d 27.3.25, 6 dite pune (M.DEDA), listepagesa 8.4.2025,5,Ministria e Bujqesise dhe Zhvillimit Rural,1005001,Aparati Ministrise se Bujqesise dhe Zhvillimit Rural (3535),6003900,Te tjera shperblime per personelin,BANKA CREDINS,26863.00,4/10/2025 12:00:00 AM,4/14/2025 12:00:00 AM
 Shkoder,15510111292025,1011129,Universiteti Luigj Gurakuqi Shkoder, sherbimi postar mars 2025, fat nr 4660/2025 dt 2.4.2025,11,Ministria e Arsimit Sportit dhe Rinise,1011129,Unversitet "L.Gurakuqi", Shkoder (3333),6022004,Posta dhe sherbimi korrier,POSTA SHQIPTARE SH.A,2715.00,4/11/2025 12:00:00 AM,4/14/2025 12:00:00 AM
 Gjirokaster,15510121202025,1012120 Drejtori rajonale AKPA Gj  liste pagese subvencion per te nxitur punesimin VKM 535,12,Ministria e Ekonomise, Kultures dhe Inovacionit,1012120,Drejtori Rajonale AKPA Gjirokaster (1111),6031100,Subvencion per te nxitur punesimin (Paga),Banka OTP Albania,243990.00,4/11/2025 12:00:00 AM,4/14/2025 12:00:00 AM
 Sarande,15521380012025,LIK PROJEKT SARANDA FUTBOLL TRANSHI ,LIK DIFERENC FAT NR 1 DT 11.02.2025, AKT MARREVESHJE 7 DT 07.02.2025, KERKESE NPER FINANCIM NR 8 DT 10.02.2025 NGA BASHKIA SARANDE 2025,0,Unspecified,2138001,Bashkia Sarande (3731),6022099,Sherbime te tjera,O J F SHOQATA E FUTBOLLIT BUTRINTI,3600000.00,4/9/2025 12:00:00 AM,4/14/2025 12:00:00 AM
 Tirane,15610050012025,MBZHR,600, Shperblim leje e zakonshme, urdher 267 d 21.3.25, 19 dite pune (G.BIDOSHI), Listepagesa 8.4.25,5,Ministria e Bujqesise dhe Zhvillimit Rural,1005001,Aparati Ministrise se Bujqesise dhe Zhvillimit Rural (3535),6003900,Te tjera shperblime per personelin,BANKA KOMBETARE TREGTARE,79120.00,4/10/2025 12:00:00 AM,4/14/2025 12:00:00 AM
 Tirane,15610051172025,602 AZHBR Shpenzime energji elektrike Mars 2025  AZHBR, tabele permbledhese faturash date 10.04.2025,5,Ministria e Bujqesise dhe Zhvillimit Rural,1005117,Agjencia per Zhvillimin Bujqesor dhe Rural (AZHBR) (3535),6022001,Elektricitet,FURNIZUESI I SHERBIMIT UNIVERSAL,468000.00,4/10/2025 12:00:00 AM,4/14/2025 12:00:00 AM
 Shkoder,15610111292025,1011129,Universiteti Luigj Gurakuqi Shkoder, shpenzime vodafone mars 2025 telefoni,VKM nr 673 dt. 02.09.2020, marr 4513 dt 29.11.2016, nr pajt 1017291, urdh 730 dt 2.3.2018, fat 1698629/2025 dt 2.4.2025,11,Ministria e Arsimit Sportit dhe Rinise,1011129,Unversitet "L.Gurakuqi", Shkoder (3333),6022003,Sherbime telefonike,VODAFONE ALBANIA,21800.00,4/11/2025 12:00:00 AM,4/14/2025 12:00:00 AM
 Gjirokaster,15610121202025,1012120 Drejtori rajonale AKPA Gj  subvencion per te nxitur punesimin VKM 17,12,Ministria e Ekonomise, Kultures dhe Inovacionit,1012120,Drejtori Rajonale AKPA Gjirokaster (1111),6031200,Subvencion per te nxitur punesimin (Sigurime Shoqerore&Shendetesore),Albano Jarazi,2429.00,4/11/2025 12:00:00 AM,4/14/2025 12:00:00 AM
 Tirane,15610130882025, 1013088 SUOGJ Koco Gliozheni,Bl materiale mjekimi,Kontr nr vazhd nr 185/8 dt 04.04.2025,FAT nr 311/2025 dt 01.04.2025,FH nr 18 dt 01.04.2025,Akt MD dt 01.04.2025,13,Ministria e Shendetesise dhe Mbrojtjes Sociale,1013088,Maternitet Nr.2T. (3535),6025600,Shpenzime per mirembajtjen e mjeteve te transportit,BIOMETRIC ALBANIA,2166768.00,4/10/2025 12:00:00 AM,4/14/2025 12:00:00 AM
 Tirane,15710050012025,MBZHR,600, Shperblim leje e zakonshme, urdher 230 d 6.3.25, shkres 2445 d 27.3.25, 3 dite pune A.NUHIJA, 14 dite pune D.NINA, Listepagesa 8.4.25,5,Ministria e Bujqesise dhe Zhvillimit Rural,1005001,Aparati Ministrise se Bujqesise dhe Zhvillimit Rural (3535),6003900,Te tjera shperblime per personelin,RAIFFEISEN BANK SH.A,56055.00,4/10/2025 12:00:00 AM,4/14/2025 12:00:00 AM
 Tirane,15710051172025,602 AZHBR Shpenzime udhetimi dieta brenda vendit, permb urdher sherbimeve Mars-Prill 2025 listpagese 10.04.2025,5,Ministria e Bujqesise dhe Zhvillimit Rural,1005117,Agjencia per Zhvillimin Bujqesor dhe Rural (AZHBR) (3535),6024100,Udhetim i brendshem,BANKA CREDINS,286000.00,4/10/2025 12:00:00 AM,4/14/2025 12:00:00 AM
 Shkoder,15710111292025,1011129 Sherbim roje civile, kon nr 4306/1 dt. 27.12.2024, fat nr 801/2025 dt 31.03.25, pv dt 31.03.25,11,Ministria e Arsimit Sportit dhe Rinise,1011129,Unversitet "L.Gurakuqi", Shkoder (3333),6022008,Sherbime te sigurimit dhe ruajtjes,Illyrian Guard,2497846.00,4/11/2025 12:00:00 AM,4/14/2025 12:00:00 AM
 Gjirokaster,15710121202025,1012120 Drejtori rajonale AKPA Gj  energji tp kontr A002697 dt 02.04.2025 fat nr 4098843,12,Ministria e Ekonomise, Kultures dhe Inovacionit,1012120,Drejtori Rajonale AKPA Gjirokaster (1111),6022001,Elektricitet,FURNIZUESI I SHERBIMIT UNIVERSAL,4938.40,4/11/2025 12:00:00 AM,4/14/2025 12:00:00 AM
 Tirane,15810050012025,MBZHR,602, Dieta brenda vendit, Autorizim nr 1449/1 d 19.2.25, Autoriz nr 1493/1 d 21.2.25, Aut nr 1041/9 d 23.2.25, autr nr 756/6 d 27.2.25, autr nr 1740/1 dt 28.2.25, autr nr 1675/1 dt 4.3.25, autr nr 1820/3 dt 19.3.25, listepagesa dt 8.4,5,Ministria e Bujqesise dhe Zhvillimit Rural,1005001,Aparati Ministrise se Bujqesise dhe Zhvillimit Rural (3535),6024100,Udhetim i brendshem,BANKA CREDINS,386500.00,4/10/2025 12:00:00 AM,4/14/2025 12:00:00 AM
 Tirane,15810051172025,602 AZHBR Shpenzime udhetimi dieta brenda vendit, permb urdher sherbimeve Mars-Prill 2025 listpagese 10.04.2025,5,Ministria e Bujqesise dhe Zhvillimit Rural,1005117,Agjencia per Zhvillimin Bujqesor dhe Rural (AZHBR) (3535),6024100,Udhetim i brendshem,BANKA E TIRANES,11000.00,4/10/2025 12:00:00 AM,4/14/2025 12:00:00 AM
 Gjirokaster,15810121202025,1012120 Drejtori rajonale AKPA Gj  posta gj fat nr 792 dt 01.04.2025,12,Ministria e Ekonomise, Kultures dhe Inovacionit,1012120,Drejtori Rajonale AKPA Gjirokaster (1111),6022004,Posta dhe sherbimi korrier,POSTA SHQIPTARE SH.A,2020.00,4/11/2025 12:00:00 AM,4/14/2025 12:00:00 AM
 Tirane,15810290012025,1029001 K.L.GJ. 2025 - udhetim jashte shteti, VKM nr 870 dt 14.12.2011, urdher nr 56 dt 26.3.2025, urdher 61 dt 11.04.2025, fat nr 10308/T dt 09.04.2025, kursi 1 euro=101 Leke,29,Keshilli i Larte Gjyqesor,1029001,Keshilli i Larte Gjyqesor (3535),6022007,Sherbimet bankare,RAIFFEISEN BANK SH.A,152339.00,4/11/2025 12:00:00 AM,4/14/2025 12:00:00 AM
 Tirane,15910050012025,MBZHR,602, Dieta brenda vendit autorizim 1041/3 d 6.2.25, autorizim 1041/4 d 9.2.25, autorizim 1821/2 dt 10.3.25, autorizim nr 1966/6 d 13.3.25, autorizim nr 2042/2 dt17.3.25, aut nr 1821/5 d 28.3.25, aut nr 2463/2 dt 1.4.25, list 8.4.2025,5,Ministria e Bujqesise dhe Zhvillimit Rural,1005001,Aparati Ministrise se Bujqesise dhe Zhvillimit Rural (3535),6024100,Udhetim i brendshem,RAIFFEISEN BANK SH.A,197240.00,4/10/2025 12:00:00 AM,4/14/2025 12:00:00 AM
 Tirane,15910051172025,602 AZHBR Shpenzime udhetimi dieta brenda vendit, permb urdher sherbimeve Mars-Prill 2025 listpagese 10.04.2025,5,Ministria e Bujqesise dhe Zhvillimit Rural,1005117,Agjencia per Zhvillimin Bujqesor dhe Rural (AZHBR) (3535),6024100,Udhetim i brendshem,RAIFFEISEN BANK SH.A,55000.00,4/10/2025 12:00:00 AM,4/14/2025 12:00:00 AM
 Delvine,15921040012025,lik djet MARS BASHKIA DELVINE 2025,0,Unspecified,2104001,Bashkia Delvine (3704),6024100,Udhetim i brendshem,RAIFFEISEN BANK SH.A,22000.00,4/11/2025 12:00:00 AM,4/14/2025 12:00:00 AM
 Tirane,16010050012025,MBZHR,602, Dieta brenda vendit, Autorizim nr 1493/1 dt 21.2.25, autorizim nr 1675/1 dt 4.3.25, autorizim nr 1820/3  dt 17.3.25, autorizim nr 1966/4 dt 7.3.25, autorizim nr 2241/2 dt 1.4.25, listepagesa dt 8.4.2025,5,Ministria e Bujqesise dhe Zhvillimit Rural,1005001,Aparati Ministrise se Bujqesise dhe Zhvillimit Rural (3535),6024100,Udhetim i brendshem,BANKA KOMBETARE TREGTARE,210500.00,4/10/2025 12:00:00 AM,4/14/2025 12:00:00 AM
 Tirane,16010051172025,602 AZHBR Shpenzime udhetimi dieta brenda vendit, permb urdher sherbimeve Mars-Prill 2025 listpagese 10.04.2025,5,Ministria e Bujqesise dhe Zhvillimit Rural,1005117,Agjencia per Zhvillimin Bujqesor dhe Rural (AZHBR) (3535),6024100,Udhetim i brendshem,BANKA KOMBETARE TREGTARE,11500.00,4/10/2025 12:00:00 AM,4/14/2025 12:00:00 AM
 Delvine,16021040012025,djeta Bashkia Delvine 2025,0,Unspecified,2104001,Bashkia Delvine (3704),6024100,Udhetim i brendshem,BANKA KOMBETARE TREGTARE,12220.00,4/11/2025 12:00:00 AM,4/14/2025 12:00:00 AM
 Korçe,16021220062025,2122006-NSHP KORCE, UJE MARS 2025, KOD.KL. 750912,751553,751698,751770,751777,751956,752270,752271,752296,FAT. NR.12035798,12076663,12026109,12021852,12021858,12023442,1206757,12026758,12021883 DT 31.03.2025,0,Unspecified,2122006,Nd-ja Pastrim Gjelbrimit (1515),6022002,Uje,Shoqeria Rajonale Ujesjelles Kanalizime Korce,11761.00,4/11/2025 12:00:00 AM,4/14/2025 12:00:00 AM
 Sarande,16021380012025,Lik karburantin fat nr 326,327 dat 03.04.2025,flet hyrje nr 6 dat 03.04.2025,sipas kontrates  nr 4 dat 12.07.2024,urdher prokur nr 6 dat 30.05.2024,njoftim fitues dat 03.07.2024 per bashkin Sr 2025,0,Unspecified,2138001,Bashkia Sarande (3731),6023100,Karburant dhe vaj,A&T,579285.00,4/11/2025 12:00:00 AM,4/14/2025 12:00:00 AM
 Tirane,1610112142025,1011214 Fed Mundj - lik bileta avion, UP nr 1 dt 10.3.2025,pv dt 11.3.2025, ft  nr 314 dt 28.3.2025,11,Ministria e Arsimit Sportit dhe Rinise,1011214,Federata Shqipetare e Mundjes (3535),6044006,Transferta per klubet dhe asociacionet e sportit,Cosmos Tours,62000.00,4/10/2025 12:00:00 AM,4/14/2025 12:00:00 AM
 Tirane,1610112192025,1011219 Fed Shahut - sherb internet, udhez nr 4 dt 25.2.2022, ft nr 1147199 dt 1.4.2025, nr 1172878 dt 2.4.2025, urdh lik dt 7.4.2025,11,Ministria e Arsimit Sportit dhe Rinise,1011219,Federata e Shahut (3535),6044006,Transferta per klubet dhe asociacionet e sportit,DIGICom,14400.00,4/9/2025 12:00:00 AM,4/14/2025 12:00:00 AM
 Tirane,16110050012025,MBZHR,602, Dieta brenda vendit, autorizim nr 1042/1 d 4.2.25, autorizim nr 1042/2 d 4.2.25, autorizim nrn 1042/3 d 4.2.25, autorizim nr 1042/7 d 4.2.25, autorizim nr 1708/1 d 26.2.25, listepagesa d 8.4.25,5,Ministria e Bujqesise dhe Zhvillimit Rural,1005001,Aparati Ministrise se Bujqesise dhe Zhvillimit Rural (3535),6024100,Udhetim i brendshem,BANKA E TIRANES,93500.00,4/10/2025 12:00:00 AM,4/14/2025 12:00:00 AM
 Tirane,16110051172025,602 AZHBR Shpenzime udhetimi dieta brenda vendit, permb urdher sherbimeve Mars-Prill 2025 listpagese 10.04.2025,5,Ministria e Bujqesise dhe Zhvillimit Rural,1005117,Agjencia per Zhvillimin Bujqesor dhe Rural (AZHBR) (3535),6024100,Udhetim i brendshem,Banka OTP Albania,11000.00,4/10/2025 12:00:00 AM,4/14/2025 12:00:00 AM
 Korçe,16121220062025,2122006-NSHP KORCE, UJE MARS 2025, KOD.KL. 752987,752808,752391,750429,750033,750568,751476,753115,753111,FAT. NR.12023481,12021892,12022815,12041900,12040679,12035726,12023747,12069279,12068643/2025 DT 31.03.2025,0,Unspecified,2122006,Nd-ja Pastrim Gjelbrimit (1515),6022002,Uje,Shoqeria Rajonale Ujesjelles Kanalizime Korce,8680.00,4/11/2025 12:00:00 AM,4/14/2025 12:00:00 AM
 Tirane,16210050012025,MBZHR,602, Dieta brenda vendit, autorizim nr 1041/2 d 4.2.25, autorizim nr 1041/4 d 9.2.25, autorizim nr 1041/8 d 19.2.25, autorizim nr 1664/1 dt 25.2.25, autorizim nr 1041/10 dt 27.2.25, listepagesa date 8.4.2025,5,Ministria e Bujqesise dhe Zhvillimit Rural,1005001,Aparati Ministrise se Bujqesise dhe Zhvillimit Rural (3535),6024100,Udhetim i brendshem,INTESA SANPAOLO BANK ALBANIA,28500.00,4/10/2025 12:00:00 AM,4/14/2025 12:00:00 AM
 Gjirokaster,16210121202025,1012120 Drejtori rajonale AKPA Gj  liste pagese subvencion per te nxitur punesimin VKM 535,12,Ministria e Ekonomise, Kultures dhe Inovacionit,1012120,Drejtori Rajonale AKPA Gjirokaster (1111),6031100,Subvencion per te nxitur punesimin (Paga),RAIFFEISEN BANK SH.A,320769.00,4/11/2025 12:00:00 AM,4/14/2025 12:00:00 AM
 Korçe,16221220062025,2122006-NSHP KO, UJE MARS 2025, KOD.KL. 751636,751710,752617,752645,750426,750427,752878,752802,752305,FAT. NR.12025472,12076666,12025160,12025175,12041898,12041899,12022514,12026777,12022153/2025 DT 31.03.2025,0,Unspecified,2122006,Nd-ja Pastrim Gjelbrimit (1515),6022002,Uje,Shoqeria Rajonale Ujesjelles Kanalizime Korce,42636.00,4/11/2025 12:00:00 AM,4/14/2025 12:00:00 AM
 Tirane,16310050012025,MBZHR,602, Dieta brenda vendit, Autorizim nr 1041/1 d 4.2.25, autorizim nr 1401/7 dt 18.2.25, autorizim nr 1821/3 d 19.3.25 listepagesa date 08.04.2025,5,Ministria e Bujqesise dhe Zhvillimit Rural,1005001,Aparati Ministrise se Bujqesise dhe Zhvillimit Rural (3535),6024100,Udhetim i brendshem,Banka OTP Albania,24000.00,4/10/2025 12:00:00 AM,4/14/2025 12:00:00 AM
 Gjirokaster,16310121202025,1012120 Drejtori rajonale AKPA Gj  subvencion per te nxitur punesimin VKM 17,12,Ministria e Ekonomise, Kultures dhe Inovacionit,1012120,Drejtori Rajonale AKPA Gjirokaster (1111),6031200,Subvencion per te nxitur punesimin (Sigurime Shoqerore&Shendetesore),Mariglen Ligu,6680.00,4/11/2025 12:00:00 AM,4/14/2025 12:00:00 AM
 Durres,16310290152025,1029015/ GJYKATA E SHKALLES SE PARE DURRES/ KANCELARI FAT 4429 DT 21.03.2025,29,Keshilli i Larte Gjyqesor,1029015,Gjykata e Shkallës së Parë e Juridiksionit të Përgjithshëm Durrës (0707),6020100,Kancelari,InfoSoft Office,896400.00,4/11/2025 12:00:00 AM,4/14/2025 12:00:00 AM
 Tirane,16410110012025,MAS ekzekutim vendimi gjyqsor(kredit Hekor Kamberaj),Shkresa permb.nr 2160/9 dt. 10/03/25,Sekuestro konservat(Thesari) nr 237/1 dt 24/01/25, Vendimi apelit 1224(86-2024-1325),dt 07/06/24,Gjyk Lart.Nr  00-2024-4449  date 12/11/24,11,Ministria e Arsimit Sportit dhe Rinise,1011001,Aparati i Ministrise se Arsimit, Sportit dhe Rinise (3535),6027300,Shpenzime kompensimi per shpronesim ne te kaluaren,Florian Shehu (M41812006M),5000000.00,4/9/2025 12:00:00 AM,4/14/2025 12:00:00 AM
 Gjirokaster,16410121202025,1012120 Drejtori rajonale AKPA Gj  subvencion per te nxitur punesimin VKM 17,12,Ministria e Ekonomise, Kultures dhe Inovacionit,1012120,Drejtori Rajonale AKPA Gjirokaster (1111),6031200,Subvencion per te nxitur punesimin (Sigurime Shoqerore&Shendetesore),Suzana Cuke,6680.00,4/11/2025 12:00:00 AM,4/14/2025 12:00:00 AM
 Gjirokaster,16510121202025,1012120 Drejtori rajonale AKPA Gj  subvencion per te nxitur punesimin VKM 17,12,Ministria e Ekonomise, Kultures dhe Inovacionit,1012120,Drejtori Rajonale AKPA Gjirokaster (1111),6031200,Subvencion per te nxitur punesimin (Sigurime Shoqerore&Shendetesore),Dritan Mullaraj,6680.00,4/11/2025 12:00:00 AM,4/14/2025 12:00:00 AM
 Devoll,16721050012025,BASHKIA DEVOLL PAGESE PER SERVISE DHE PJESE KEMBIMI KONTRATA NR 12 14.05.2024 NJOFT FITS DT 06.09.2022 FAT NR 1174 DT 26.06.2024 URDHER NR 300 DT 09.04.2025 FH NR 61 DT 26.06.2024 AKT MARRJE DT 26.06.2024,0,Unspecified,2105001,Bashkia Devoll (1505),6023200,Pjese kembimi, goma dhe bateri,TENDENCE 3A,390690.00,4/11/2025 12:00:00 AM,4/14/2025 12:00:00 AM
 Devoll,16821050012025,BASHKIA DEVOLL PAGESE PER SERVISE DHE PJESE KEMBIMI FH NR 67 DT 11.07.2024 FH NR 77 DT 25.07.2024 FH NR 80 DT 29.07.2024 KONTRATE NR 12 DT 14.05.2024 FAT NR 1220 DT 11.07.2024 FAT NR 1329 DT 25.07.2024 FAT NR 1370 DT 29.07.2024,0,Unspecified,2105001,Bashkia Devoll (1505),6023200,Pjese kembimi, goma dhe bateri,TENDENCE 3A,1050460.00,4/11/2025 12:00:00 AM,4/14/2025 12:00:00 AM
 Devoll,17021050012025,BASHKIA DEVOLL PAGESE PER NDIHME EKONOMIKE 6% MUAJI SHKURT 2025 VKB NR 22 DT 28.03.2025,13,Ministria e Shendetesise dhe Mbrojtjes Sociale,2105001,Bashkia Devoll (1505),6061003,Ndihme ekonomike,Banka OTP Albania,12870.00,4/11/2025 12:00:00 AM,4/14/2025 12:00:00 AM
 Delvine,17121040012025,lik dif fat 1897 Bashkia Delvine 2025,0,Unspecified,2104001,Bashkia Delvine (3704),6023100,Karburant dhe vaj,KASTRATI ENERGY,240622.00,4/11/2025 12:00:00 AM,4/14/2025 12:00:00 AM
 Devoll,17121050012025,BASHKIA DEVOLL PAGESE PER NDIHME EKONOMIKE 6% MUAJI SHKURT 2025 VKB NR 22 DT 28.03.2025,13,Ministria e Shendetesise dhe Mbrojtjes Sociale,2105001,Bashkia Devoll (1505),6061003,Ndihme ekonomike,POSTA SHQIPTARE SH.A,404863.00,4/11/2025 12:00:00 AM,4/14/2025 12:00:00 AM
 Elbasan,17121100012025,2110001 Bashkia Cerrik - Paguar ndihme ekonomike, Urdher titullari nr 70 dt 10.04.2025. Vendim nr 3 dt 1.04.2025, Permbledhese bashklidhur, Mars 2025,13,Ministria e Shendetesise dhe Mbrojtjes Sociale,2110001,Bashkia Cerrik (0808),6061003,Ndihme ekonomike,RAIFFEISEN BANK SH.A,579794.00,4/11/2025 12:00:00 AM,4/14/2025 12:00:00 AM
 Delvine,17221040012025,LIK FAT 1506282/2025 BASHKIA DELVINE 2025,0,Unspecified,2104001,Bashkia Delvine (3704),6022003,Sherbime telefonike,ONE ALBANIA,17059.00,4/11/2025 12:00:00 AM,4/14/2025 12:00:00 AM
 Devoll,17221050012025,BASHKIA DEVOLL PAGESE PER NDIHME EKONOMIKE 6% MUAJI SHKURT 2025 VKB NR 22 DT 28.03.2025,13,Ministria e Shendetesise dhe Mbrojtjes Sociale,2105001,Bashkia Devoll (1505),6061003,Ndihme ekonomike,BANKA E TIRANES,22349.00,4/11/2025 12:00:00 AM,4/14/2025 12:00:00 AM
 Elbasan,17221100012025,2110001 Bashkia Cerrik - Paguar ndihme ekonomike, Urdher titullari nr 70 dt 10.04.2025. Vendim nr 3 dt 1.04.2025, Permbledhese bashklidhur, Mars 2025,13,Ministria e Shendetesise dhe Mbrojtjes Sociale,2110001,Bashkia Cerrik (0808),6061003,Ndihme ekonomike,POSTA SHQIPTARE SH.A,4147967.00,4/11/2025 12:00:00 AM,4/14/2025 12:00:00 AM
 Devoll,17321050012025,BASHKIA DEVOLL PAGESE PER NDIHME EKONOMIKE 6% MUAJI SHKURT 2025 VKB NR 22 DT 28.03.2025,0,Unspecified,2105001,Bashkia Devoll (1505),6061003,Ndihme ekonomike,POSTA SHQIPTARE SH.A,64733.00,4/11/2025 12:00:00 AM,4/14/2025 12:00:00 AM
 Berat,17321670012025,2167001 Bashkia Dimal, paguar keshilltaret mars 2025,VKM nr.66, dt.27.12.2024, konfirmim prefektur nr.902/2-105, dt.09-13.01.2025, listepagesa bashkelidhur,0,Unspecified,2167001,Bashkia Dimal (0202),6029006,Shpenzime kompesimi per anetaret e parlamentit dhe zyrtare te tjera te zgjedhur,RAIFFEISEN BANK SH.A,639625.00,4/11/2025 12:00:00 AM,4/14/2025 12:00:00 AM
 Tirane,17410560012025,1056001 FSHZH 2025, Lik.fat Nderhyrje fuqizim potencial turistik GOA2024/P 245 PO dt.13.11.2024 fat.23/2025 dt.20.03.2025 sit.1 dt.25.02.2025-20.03.2025,56,Fondi i Zhvillimit Shqipetar,1056001,Fondi i Zhvillimit Shqiptar (3535),2313100,Shpenz. per rritjen e AQT - konstruksione te rrugeve,ERGI,18128086.00,4/9/2025 12:00:00 AM,4/14/2025 12:00:00 AM
 Delvine,17421040012025,LIK FAT 405466/2025 BASHKIA DELVINE 2025,0,Unspecified,2104001,Bashkia Delvine (3704),6022003,Sherbime telefonike,ONE ALBANIA,2000.00,4/11/2025 12:00:00 AM,4/14/2025 12:00:00 AM
 Devoll,17421050012025,BASHKIA DEVOLL PAGESE PER NDIHME EKONOMIKE 6% MUAJI SHKURT 2025 VKB NR 22 DT 28.03.2025,0,Unspecified,2105001,Bashkia Devoll (1505),6061003,Ndihme ekonomike,BANKA KOMBETARE TREGTARE,6753.00,4/11/2025 12:00:00 AM,4/14/2025 12:00:00 AM
 Berat,17421670012025,2167001 Bashkia Dimal, paguar keshilltaret mars 2025,VKM nr.66, dt.27.12.2024, konfirmim prefektur nr.902/2-105, dt.09-13.01.2025, listepagesa bashkelidhur,0,Unspecified,2167001,Bashkia Dimal (0202),6029006,Shpenzime kompesimi per anetaret e parlamentit dhe zyrtare te tjera te zgjedhur,Banka OTP Albania,55250.00,4/11/2025 12:00:00 AM,4/14/2025 12:00:00 AM
 Durres,17510121172025,1012117 / ZYRA E PUNES DURRES / NXITJE PUNESIMI PAGA+SIG VKM 17 DT 15.01.2020  PRAKTIKE PROFESIONALE PER PERIUDHEN 01-31.03.2025,12,Ministria e Ekonomise, Kultures dhe Inovacionit,1012117,Drejtori Rajonale AKPA Durres (0707),6031100,Subvencion per te nxitur punesimin (Paga),Idlir Tivari,20120.00,4/11/2025 12:00:00 AM,4/14/2025 12:00:00 AM
 Pogradec,17520251013082,1013082 Spitali Pogradec likujdon ushqime, kontrata 119 dt 16.12.2024, fature 166, fh 10+pvmd te mallit dt 27.3.2025,13,Ministria e Shendetesise dhe Mbrojtjes Sociale,1013082,Sp. Pogradec (1529),6021004,Furnizime dhe sherbime me ushqim per mencat,GERTI-1987,156420.00,4/11/2025 12:00:00 AM,4/14/2025 12:00:00 AM
 Devoll,17521050012025,BASHKIA DEVOLL PAGESE PER MATERIALE PASTRIMI FAT NR 21 DT 16.10.2024 URDHER NR 307 DT 10.04.2025 AKT MARRJE NR 3094/16 DT 16.10.2024 FH NR 107 DT 16.10.2024,0,Unspecified,2105001,Bashkia Devoll (1505),6022099,Sherbime te tjera,Valentina Bogdani,772800.00,4/11/2025 12:00:00 AM,4/14/2025 12:00:00 AM
 Berat,17521670012025,2167001 Bashkia Dimal, paguar keshilltaret mars 2025,VKM nr.66, dt.27.12.2024, konfirmim prefektur nr.902/2-105, dt.09-13.01.2025, listepagesa bashkelidhur,0,Unspecified,2167001,Bashkia Dimal (0202),6029006,Shpenzime kompesimi per anetaret e parlamentit dhe zyrtare te tjera te zgjedhur,BANKA KOMBETARE TREGTARE,8925.00,4/11/2025 12:00:00 AM,4/14/2025 12:00:00 AM
 Fier,17610160272025,Drejtoria Vendore e Policise Fier 1016027 shpz mirembajtje mjete transporti up.13.12.2023 marreveshje kuader  kontr fat.272,273 pvmd,16,Ministria e Brendshme,1016027,Drejtoria Vendore e Policise Fier (0909),6025600,Shpenzime per mirembajtjen e mjeteve te transportit,S I L A,333120.00,4/11/2025 12:00:00 AM,4/14/2025 12:00:00 AM
 Pogradec,17620251013082,1013082 Spitali Pogradec likujdon ushqime, kontrata 109 dt 12.12.2024, fature 17, fh 13+pvmd te mallit dt 1.4.2025,13,Ministria e Shendetesise dhe Mbrojtjes Sociale,1013082,Sp. Pogradec (1529),6021004,Furnizime dhe sherbime me ushqim per mencat,M.C.CATERING,18048.00,4/11/2025 12:00:00 AM,4/14/2025 12:00:00 AM
 Devoll,17621050012025,BASHKIA DEVOLL PAGESE PER EKZEKUTIM VENDIM GJYKATE SEKUESTRO EKZEKUTIVE MBI PAGEN URDHER NR 27/1 DT 16.09.2024 KASTRIOT KURMAKU,0,Unspecified,2105001,Bashkia Devoll (1505),6001001,Paga neto për punonjesit e miratuar në organikë,KASTRIOT KURMAKU,14000.00,4/11/2025 12:00:00 AM,4/14/2025 12:00:00 AM
 Fier,17710160272025,Drejtoria Vendore e Policise Fier 1016027 shpz mirembajtje mjete transporti up.13.12.2023 marreveshje kuader  kontr fat.276,277 pvmd,16,Ministria e Brendshme,1016027,Drejtoria Vendore e Policise Fier (0909),6025600,Shpenzime per mirembajtjen e mjeteve te transportit,S I L A,54000.00,4/11/2025 12:00:00 AM,4/14/2025 12:00:00 AM
 Pogradec,17720251013082,1013082 Spitali Pogradec likujdon ushqime, kontrata 86 dt 31.12.2020, fature 121, fh 12+pvmd te mallit dt 31.3.2025,13,Ministria e Shendetesise dhe Mbrojtjes Sociale,1013082,Sp. Pogradec (1529),6021004,Furnizime dhe sherbime me ushqim per mencat," G E A ",74160.00,4/11/2025 12:00:00 AM,4/14/2025 12:00:00 AM
 Fier,17810160272025,Drejtoria Vendore e Policise Fier 1016027 shpz mirembajtje mjete transporti up.13.12.2023 marreveshje kuader  kontr fat.283 pvmd,16,Ministria e Brendshme,1016027,Drejtoria Vendore e Policise Fier (0909),6025600,Shpenzime per mirembajtjen e mjeteve te transportit,S I L A,41160.00,4/11/2025 12:00:00 AM,4/14/2025 12:00:00 AM
 Lezhe,17810160312025,DREJT VEND POLICISE LEZHE PAG sipas listepageses ndihme financiare PRENG MARK PJETRI, URDHER NR 1458 DT 03.03.2025,SIPAS LISTEPAGESES NR PERFITUESVE 1,16,Ministria e Brendshme,1016031,Drejtoria Vendore e Policise Lezhe (2020),6061099,Te tjera transferta tek individet,RAIFFEISEN BANK SH.A,50000.00,4/11/2025 12:00:00 AM,4/14/2025 12:00:00 AM
 Pogradec,17820251013082,1013082 Spitali Pogradec likujdon ushqime, kontrata 125dt 20.12.2024, fature 257, fh 11+pvmd te mallit dt 31.3.2025,13,Ministria e Shendetesise dhe Mbrojtjes Sociale,1013082,Sp. Pogradec (1529),6021004,Furnizime dhe sherbime me ushqim per mencat,K A D R A,48960.00,4/11/2025 12:00:00 AM,4/14/2025 12:00:00 AM
 Devoll,17821050012025,BASHKIA DEVOLL PAGESE PER KARBURANT KONTRATE NR 2 DT 16.02.2024 FAT NR 10998 DT 26.11.2024 AKT MARRJE DT 26.11.2024 URDHER NR 306 DT 10.04.2025 FH NR 132 DT 26.11.2024,0,Unspecified,2105001,Bashkia Devoll (1505),6023100,Karburant dhe vaj,O L S I,1145172.00,4/11/2025 12:00:00 AM,4/14/2025 12:00:00 AM
 Pogradec,17920251013082,1013082 Spitali Pogradec likujdon ushqime, kontrata 108 dt 12.12.2024, fature 682, fh 9/1+pvmd te mallit dt 27.3.2025,13,Ministria e Shendetesise dhe Mbrojtjes Sociale,1013082,Sp. Pogradec (1529),6021004,Furnizime dhe sherbime me ushqim per mencat,ARGENT DACI	,37920.00,4/11/2025 12:00:00 AM,4/14/2025 12:00:00 AM
 Tirane,18010141002025,1014100 Drejt pergj sherb prv 2025, lik posta, ft nr 329 dt 3.4.2025,14,Ministria e Drejtesise,1014100,Drejtoria e Mbikqyrjes se Sherbimit te Proves (3535),6022004,Posta dhe sherbimi korrier,POSTA SHQIPTARE SH.A,8355.00,4/11/2025 12:00:00 AM,4/14/2025 12:00:00 AM
 Tirane,18010170012025,1017001,Ministria e Mbrojtjes,shpenzime per pritje percjellje, prog sp 3028/1 27.12.2024,up 309 30.12.2024,fat 388 141/2024 30.12.2024,17,Ministria e Mbrojtjes,1017001,Aparati i Ministrise se Mbrojtjes (3535),6029001,Shpenzime per pritje e percjellje,LEFTER BIZHGA,30000.00,4/7/2025 12:00:00 AM,4/14/2025 12:00:00 AM
 Tirane,18010560012025,1056001 FSHZH 2025, Lik.fat Mbeshtetje per realizimin projekt.mater.ndertim IVR2024/M 286 dt.02.12.2024 fat.978/2025 980/2025 dt.01.03.2025 pv. nr 10-11 dt.27.02.2025-28.02.2025,56,Fondi i Zhvillimit Shqipetar,1056001,Fondi i Zhvillimit Shqiptar (3535),2313100,Shpenz. per rritjen e AQT - konstruksione te rrugeve,Z D R A V A,8434740.00,4/9/2025 12:00:00 AM,4/14/2025 12:00:00 AM
 Pogradec,18020251013082,1013082 Spitali Pogradec likujdon ushqime, kontrata 100 dt 05.12.2024, fature 398, fh 10/1+pvmd te mallit dt 31.3.2025,13,Ministria e Shendetesise dhe Mbrojtjes Sociale,1013082,Sp. Pogradec (1529),6021004,Furnizime dhe sherbime me ushqim per mencat,NELSA,98988.00,4/11/2025 12:00:00 AM,4/14/2025 12:00:00 AM
 Skrapar,18021390012025,2139001 Shpenzim per dieta dhe udhetime Up nr 187 dt 10.04.2025 Listepagese bordero permbledhese shpenzimesh Bashkia Skrapar,0,Unspecified,2139001,Bashkia Skrapar (0232),6024100,Udhetim i brendshem,BANKA KOMBETARE TREGTARE,20500.00,4/10/2025 12:00:00 AM,4/14/2025 12:00:00 AM
 Elbasan,1810140182025,1014018 Zyra Permbarimore Elbasan - Paguar shpenzime telefoni, Fature nr 434628 dt 04.04.2025,14,Ministria e Drejtesise,1014018,Zyra Përmbarimore Vendore Elbasan (0808),6022003,Sherbime telefonike,ONE ALBANIA,1654.00,4/11/2025 12:00:00 AM,4/14/2025 12:00:00 AM
 Tirane,18110141002025,1014100 Drejt pergj sherb prv 2025, lik posta, ft nr 793 dt 1.4.2025,14,Ministria e Drejtesise,1014100,Drejtoria e Mbikqyrjes se Sherbimit te Proves (3535),6022004,Posta dhe sherbimi korrier,POSTA SHQIPTARE SH.A,2820.00,4/11/2025 12:00:00 AM,4/14/2025 12:00:00 AM
 Pogradec,18120251013082,1013082 Spitali Pogradec likujdon siguracion TPL, urdher prokurimi 5 dt 25.32025, ftesa per oferte + NJF nga app dt 1.4.2025, fature 2987+pvmd te siguracioneve dt 2.4.25.,13,Ministria e Shendetesise dhe Mbrojtjes Sociale,1013082,Sp. Pogradec (1529),6023300,Shpenzimet e siguracionit te mjeteve te transportit,SIGAL UNIQA Group AUSTRIA,28156.00,4/11/2025 12:00:00 AM,4/14/2025 12:00:00 AM
 Devoll,18121050012025,BASHKIA DEVOLL PAGESE PER TRANSFERTE PER KLUBIN SPORTIV KERKESE NR 3 DT 11.04.2025 URDHERN R 311 DT 11.04.2025 VENSDIM NR 69 DT 27.12.2024 KONFIRMIM NR 20 DT 16.01.2025,0,Unspecified,2105001,Bashkia Devoll (1505),6044006,Transferta per klubet dhe asociacionet e sportit,Shoqata " Klubi i Futbollit Devoll",3000000.00,4/11/2025 12:00:00 AM,4/14/2025 12:00:00 AM
 Mat,18121320012025,Bashk. Mat (2132001) Lik.Sherbim video promoc.projekti 'RINOVART-Qender rinore multif.rekre.,inovac.dhe art.Miratim Tit.Nr.4094/1 Pr.Dt.24.10.2024.Situac.sherb.Dt.30.04.2024.Fat.Tat.Nr.95/2024 Dt.30.12.2024.Proc.verb.kry sherb.Dt.30.12.2024,0,Unspecified,2132001,Bashkia Mat (0625),6022099,Sherbime te tjera,MICROTECH COMPUTER SYSTEMS,37500.00,4/11/2025 12:00:00 AM,4/14/2025 12:00:00 AM
 Tirane,18210141002025,1014100 Drejt pergj sherb prv 2025, lik posta, ft nr 124 dt 3.4.2025,14,Ministria e Drejtesise,1014100,Drejtoria e Mbikqyrjes se Sherbimit te Proves (3535),6022004,Posta dhe sherbimi korrier,POSTA SHQIPTARE SH.A,5460.00,4/11/2025 12:00:00 AM,4/14/2025 12:00:00 AM
 Mat,18221320012025,Bashk. Mat (2132001) Lik.Ceremoni inagurimi projekti 'RINOVART-Qender rinore multif.rekre.,inovac.dhe art.Miratim Tit.Nr.4095/1 Pr.Dt.24.10.2024.Situac.sherb.Dt.28.01.2025.Fat.Tat.Nr.1/2025 Dt.31.01.2025.Proc.verb.kry sherb.Dt.31.01.2025.,0,Unspecified,2132001,Bashkia Mat (0625),6022099,Sherbime te tjera,EA ENGINEERING,45000.00,4/11/2025 12:00:00 AM,4/14/2025 12:00:00 AM
 Tirane,18310141002025,1014100 Drejt pergj sherb prv 2025, lik posta, ft nr 221 dt 4.4.2025,14,Ministria e Drejtesise,1014100,Drejtoria e Mbikqyrjes se Sherbimit te Proves (3535),6022004,Posta dhe sherbimi korrier,POSTA SHQIPTARE SH.A,5155.00,4/11/2025 12:00:00 AM,4/14/2025 12:00:00 AM
 Tirane,18310220012025,1022001 Akademia Shk,lik rimb telefon,kontrate nr 1028 dt 19.7.2024,fat nr 1808398 dt 1.4.2025,22,Akademia e Shkencave,1022001,Aparati i Akademise (3535),6022003,Sherbime telefonike,ONE ALBANIA,19890.00,4/11/2025 12:00:00 AM,4/14/2025 12:00:00 AM
 Tirane,18310290072025,1029007 Gjyk e Apelit Tirane 2025 -shtypshkrime,UP nr 3590/2 dt 17.02.2025,pv tip kontr nr 3590/3 dt 17.02.2025,ft of nr 3590/4 dt 17.02.2025,nj fit nr 3590/5 dt 20.02.2025,pv  3590/6 dt 11.03.2025,fat nr 17 dt 11.3.2025,fh nr 5 dt 11.3.25,29,Keshilli i Larte Gjyqesor,1029007,Gjykata e Apelit Tirane (3535),6020500,Blerje dokumentacioni,F.L.E.SH.,516000.00,4/11/2025 12:00:00 AM,4/14/2025 12:00:00 AM
 Mat,18321320012025,Bashk. Mat (2132001) Lik. Pagese bonus qiraje per strehim social periudha Janar-Mars 2025.VKB Nr.13 Dt.07.02.2025.Konf.pref.Nr.111/1 Prot.Dt.11.02.2025.Bordero pagese Nr.1 Dt.08.04.2025.Liste - Pagese Nr.i Perf. 20.,12,Ministria e Ekonomise, Kultures dhe Inovacionit,2132001,Bashkia Mat (0625),6060099,Te tjera transferta tek individet,RAIFFEISEN BANK SH.A,606048.00,4/11/2025 12:00:00 AM,4/14/2025 12:00:00 AM
 Tirane,18410141002025,1014100 Drejt pergj sherb prv 2025, lik posta, ft nr 459 dt 3.4.2025,14,Ministria e Drejtesise,1014100,Drejtoria e Mbikqyrjes se Sherbimit te Proves (3535),6022004,Posta dhe sherbimi korrier,POSTA SHQIPTARE SH.A,12915.00,4/11/2025 12:00:00 AM,4/14/2025 12:00:00 AM
 Tirane,18410220012025,1022001 Akademia Shk,lik dieta,Autorizim nr 275 dt 18.2.2025,urdher sherb dt 19.2.2025,listepagese,22,Akademia e Shkencave,1022001,Aparati i Akademise (3535),6024100,Udhetim i brendshem,BANKA KOMBETARE TREGTARE,2500.00,4/11/2025 12:00:00 AM,4/14/2025 12:00:00 AM
 Mat,18421320012025,Bashk. Mat (2132001) Lik. Pagese bonus qiraje per strehim social periudha Janar-Mars 2025.VKB Nr.13 Dt.07.02.2025.Konf.pref.Nr.111/1 Prot.Dt.11.02.2025.Bordero pagese Nr.1 Dt.08.04.2025.Liste - Pagese Nr.i Perf. 5.,12,Ministria e Ekonomise, Kultures dhe Inovacionit,2132001,Bashkia Mat (0625),6060099,Te tjera transferta tek individet,Banka OTP Albania,134100.00,4/11/2025 12:00:00 AM,4/14/2025 12:00:00 AM
 Tirane,18510141002025,1014100 Drejt pergj sherb prv 2025, lik posta, ft nr 46 dt 1.4.2025,14,Ministria e Drejtesise,1014100,Drejtoria e Mbikqyrjes se Sherbimit te Proves (3535),6022004,Posta dhe sherbimi korrier,POSTA SHQIPTARE SH.A,1650.00,4/11/2025 12:00:00 AM,4/14/2025 12:00:00 AM
 Tirane,18510290072025,1029007 Gjyk e Apelit Tirane 2025 - energji elektrike Mars 2025, fat nr 2503300053202 dt 29.03.2025, kontr nr A037333,29,Keshilli i Larte Gjyqesor,1029007,Gjykata e Apelit Tirane (3535),6022001,Elektricitet,FURNIZUESI I SHERBIMIT UNIVERSAL,43780.00,4/11/2025 12:00:00 AM,4/14/2025 12:00:00 AM
 Mat,18521320012025,Bashk. Mat (2132001) Lik. Pagese bonus qiraje per strehim social periudha Janar-Mars 2025.VKB Nr.13 Dt.07.02.2025.Konf.pref.Nr.111/1 Prot.Dt.11.02.2025.Bordero pagese Nr.1 Dt.08.04.2025.Liste - Pagese Nr.i Perf. 7.,12,Ministria e Ekonomise, Kultures dhe Inovacionit,2132001,Bashkia Mat (0625),6060099,Te tjera transferta tek individet,BANKA CREDINS,243900.00,4/11/2025 12:00:00 AM,4/14/2025 12:00:00 AM
 Tirane,18610141002025,1014100 Drejt pergj sherb prv 2025, lik posta, ft nr 2055 dt 7.4.2025,14,Ministria e Drejtesise,1014100,Drejtoria e Mbikqyrjes se Sherbimit te Proves (3535),6022004,Posta dhe sherbimi korrier,POSTA SHQIPTARE SH.A,80.00,4/11/2025 12:00:00 AM,4/14/2025 12:00:00 AM
 Tirane,18610220012025,1022001 Akademia Shk,lik dieta,Autorizim nr 379 dt 06.03.2025,listepagese dt 8.4.2025,22,Akademia e Shkencave,1022001,Aparati i Akademise (3535),6024100,Udhetim i brendshem,RAIFFEISEN BANK SH.A,16000.00,4/11/2025 12:00:00 AM,4/14/2025 12:00:00 AM
 Tirane,18610290072025,1029007 Gjyk e Apelit Tirane 2025 - energji elektrike Mars 2025, fat nr 250409141352 dt 31.03.2025, kontr nr A171942,29,Keshilli i Larte Gjyqesor,1029007,Gjykata e Apelit Tirane (3535),6022001,Elektricitet,FURNIZUESI I SHERBIMIT UNIVERSAL,340.00,4/11/2025 12:00:00 AM,4/14/2025 12:00:00 AM
 Mat,18621320012025,Bashk. Mat (2132001) Lik.Mirmbajtje Softweri te Z1N.Urdh.Prok.Nr.334 Dt.24.05.2024.Ftese ofert Nr.2074/1 Dt.24.05.2024.Njoft.fit.app.Kontr.Nr.2074/6 Dt.04.06.2024.Situac.Dt.04.02-04.03.2025.Fat.28/2025 Dt.07.03.2025.Proc.verb.Dt.04.03.2025.,0,Unspecified,2132001,Bashkia Mat (0625),6025800,Shpenzime per mirembajtjen e paisjeve te zyrave,Smart Processes,40800.00,4/11/2025 12:00:00 AM,4/14/2025 12:00:00 AM
 Tirane,18710141002025,1014100 Drejt pergj sherb prv 2025, lik posta, ft nr 101 dt 3.4.2025,14,Ministria e Drejtesise,1014100,Drejtoria e Mbikqyrjes se Sherbimit te Proves (3535),6022004,Posta dhe sherbimi korrier,POSTA SHQIPTARE SH.A,1080.00,4/11/2025 12:00:00 AM,4/14/2025 12:00:00 AM
 Tirane,18710161302025,1016130 IKMT, Dieta,Urdher nr 85-185 dt 20.01.2025 - 17.03.2025, listepagese,16,Ministria e Brendshme,1016130,Inspektoriati Kombetar i Mbrojtjes se Territorit (IKMT) (3535),6024100,Udhetim i brendshem,BANKA AMERIKANE E INVESTIMEVE SHA	,231000.00,4/10/2025 12:00:00 AM,4/14/2025 12:00:00 AM
 Tirane,18710220012025,1022001 Akademia Shk,lik dieta,Autorizim nr 467/2 dt 17.03.2025,listepagese dt 8.4.2025,22,Akademia e Shkencave,1022001,Aparati i Akademise (3535),6024100,Udhetim i brendshem,RAIFFEISEN BANK SH.A,1000.00,4/11/2025 12:00:00 AM,4/14/2025 12:00:00 AM
 Tirane,18710290072025,1029007 Gjyk e Apelit Tirane 2025 - energji elektrike Mars 2025, fat nr 250331017762 dt 29.03.2025, kontr nr A210852,29,Keshilli i Larte Gjyqesor,1029007,Gjykata e Apelit Tirane (3535),6022001,Elektricitet,FURNIZUESI I SHERBIMIT UNIVERSAL,36892.00,4/11/2025 12:00:00 AM,4/14/2025 12:00:00 AM
 Korçe,18721680012025,2168001 BASHKIA MALIQ, RIKONSTRUKSION OBJEKTE NDERTIMORE, U.P NR.97 DT 31.10.2024, PVERBAL DT 06,11.12.2024, KONTRATE NR.1463 DT 06.03.2025, FAT.NR.13/2025 DT 01.04.2025 SITUACION, PROCES VERBALE,RAP PERMBL DT 12.02.2025,0,Unspecified,2168001,Bashkia Maliq (1515),2312101,Shpenz. per rritjen e AQT - ndertesa administrative,AVDULI,5067665.00,4/11/2025 12:00:00 AM,4/14/2025 12:00:00 AM
 Tirane,18810141002025,1014100 Drejt pergj sherb prv 2025, lik posta, ft nr 205 dt 2.4.2025,14,Ministria e Drejtesise,1014100,Drejtoria e Mbikqyrjes se Sherbimit te Proves (3535),6022004,Posta dhe sherbimi korrier,POSTA SHQIPTARE SH.A,4485.00,4/11/2025 12:00:00 AM,4/14/2025 12:00:00 AM
 Tirane,18810161302025,1016130 IKMT, Dieta,Urdher nr 85-185 dt 20.01.2025 - 17.03.2025, listepagese,16,Ministria e Brendshme,1016130,Inspektoriati Kombetar i Mbrojtjes se Territorit (IKMT) (3535),6024100,Udhetim i brendshem,BANKA CREDINS,544500.00,4/10/2025 12:00:00 AM,4/14/2025 12:00:00 AM
 Tirane,18810290072025,1029007 Gjyk e Apelit Tirane 2025 - energji elektrike Mars 2025, fat nr 250331014603 dt 29.03.2025, kontr nr A057244,29,Keshilli i Larte Gjyqesor,1029007,Gjykata e Apelit Tirane (3535),6022001,Elektricitet,FURNIZUESI I SHERBIMIT UNIVERSAL,7979.00,4/11/2025 12:00:00 AM,4/14/2025 12:00:00 AM
 Mat,18821320012025,Bashk. Mat (2132001) Lik. Perf.Situac.Nr.4 progr.Dt.01.04-26.08.2023 'Rikonstr.Rruga Lis'.Urdh.Prok.Nr.842 Dt.21.12.2022.Kontr.Nr.957 Dt.01.03.2023.Dif.Fat.Nr.240/2023 Dt.29.08.2023.Akt-Kol.Dt.07.12.2023.Certif.dorez.perk.Dt.02.08.2024.,0,Unspecified,2132001,Bashkia Mat (0625),2313100,Shpenz. per rritjen e AQT - konstruksione te rrugeve,LIQENI VII  SH.A,1900000.00,4/11/2025 12:00:00 AM,4/14/2025 12:00:00 AM
 Korçe,18821680012025,2168001 BASHKIA MALIQ  NDIHMA FINANCIARE PER DJEGJE BANESE URDHER TITULLARI NR 656 DT 26.12.2024 VKB NR.124 DT 23.12.2024,MIRATIM PREFEKTURE NR 1261/1 DT 24.12.2024 SIPAS  LISTPAGESAVE,17,Ministria e Mbrojtjes,2168001,Bashkia Maliq (1515),6040009,Te tjera transferime korrente,POSTA SHQIPTARE SH.A,1030753.00,4/11/2025 12:00:00 AM,4/14/2025 12:00:00 AM
 Tirane,18910060542025,1006054 ARRSH "Sup pun Zgjerimi rruges se Ksamilit" Sh 2229 dt 13.03.25, Kont 2495/9 dt 06.08.24 Dif Sit 1 per deri Dhjetor 2024 Fat nr 114/2024 dt 24.12.24 Fatura me e madhe se vlera e parashikuar ne AN nr 5 dt 19.12.2024,6,Ministria e Infrastruktures dhe Energjise,1006054,Autoriteti Rrugor Shqiptar (3535),2313100,Shpenz. per rritjen e AQT - konstruksione te rrugeve,A & E ENGINEERING SH.P.K,529261.00,4/8/2025 12:00:00 AM,4/14/2025 12:00:00 AM
 Tirane,18910161302025,1016130 IKMT, Dieta,Urdher nr 85-185 dt 20.01.2025 - 17.03.2025, listepagese,16,Ministria e Brendshme,1016130,Inspektoriati Kombetar i Mbrojtjes se Territorit (IKMT) (3535),6024100,Udhetim i brendshem,BANKA KOMBETARE TREGTARE,390500.00,4/10/2025 12:00:00 AM,4/14/2025 12:00:00 AM
 Tirane,18910290072025,1029007 Gjyk e Apelit Tirane 2025 - energji elektrike Mars 2025, fat nr 250331033663 dt 29.03.2025, kontr nr A051364,29,Keshilli i Larte Gjyqesor,1029007,Gjykata e Apelit Tirane (3535),6022001,Elektricitet,FURNIZUESI I SHERBIMIT UNIVERSAL,180028.00,4/11/2025 12:00:00 AM,4/14/2025 12:00:00 AM
 Tirane,19010060542025,1006054 ARRSH "Sup pun Zgjerimi i rr Elbasan-Q.Thane (Faza V)" Sh 2226 dt 13.03.25, Kont 2491/6 dt 18.07.24 Dif Sit 1 per Korrik-Dhjetor 2024 Fat nr 105/2024 dt 24.12.24 Fatura me e madhe se vlera e parashikuar ne AN nr 5 dt 19.12.2024,6,Ministria e Infrastruktures dhe Energjise,1006054,Autoriteti Rrugor Shqiptar (3535),2313100,Shpenz. per rritjen e AQT - konstruksione te rrugeve,ERALD-G,2235408.00,4/8/2025 12:00:00 AM,4/14/2025 12:00:00 AM
 Tirane,19010141002025,1014100 Drejt pergj sherb prv 2025, lik posta, ft nr 96 dt 4.4.2025,14,Ministria e Drejtesise,1014100,Drejtoria e Mbikqyrjes se Sherbimit te Proves (3535),6022004,Posta dhe sherbimi korrier,POSTA SHQIPTARE SH.A,4005.00,4/11/2025 12:00:00 AM,4/14/2025 12:00:00 AM
 Tirane,19010161302025,1016130 IKMT, Dieta,Urdher nr 85-185 dt 20.01.2025 - 17.03.2025, listepagese,16,Ministria e Brendshme,1016130,Inspektoriati Kombetar i Mbrojtjes se Territorit (IKMT) (3535),6024100,Udhetim i brendshem,Banka OTP Albania,22000.00,4/10/2025 12:00:00 AM,4/14/2025 12:00:00 AM
 Tirane,19010290072025,1029007 Gjyk e Apelit Tirane 2025 - dieta per komandime, urdher sherbime dt 18.03.2025, 25.03.2025, 26.03.2025, listepagesa,29,Keshilli i Larte Gjyqesor,1029007,Gjykata e Apelit Tirane (3535),6024100,Udhetim i brendshem,BANKA CREDINS,3000.00,4/11/2025 12:00:00 AM,4/14/2025 12:00:00 AM
 Fier,1910140232025,Zyra Vendore Permbarimore Fier 1014019 posta Mars 2025 fat.440/2025,14,Ministria e Drejtesise,1014019,Zyra Përmbarimore Vendore Fier (0909),6022004,Posta dhe sherbimi korrier,POSTA SHQIPTARE SH.A,34985.00,4/11/2025 12:00:00 AM,4/14/2025 12:00:00 AM
 Tirane,19110141002025,1014100 Drejt pergj sherb prv 2025, lik posta, ft nr 108 dt 2.4.2025,14,Ministria e Drejtesise,1014100,Drejtoria e Mbikqyrjes se Sherbimit te Proves (3535),6022004,Posta dhe sherbimi korrier,POSTA SHQIPTARE SH.A,2390.00,4/11/2025 12:00:00 AM,4/14/2025 12:00:00 AM
 Tirane,19110161302025,1016130 IKMT, Dieta,Urdher nr 85-185 dt 20.01.2025 - 17.03.2025, listepagese,16,Ministria e Brendshme,1016130,Inspektoriati Kombetar i Mbrojtjes se Territorit (IKMT) (3535),6024100,Udhetim i brendshem,RAIFFEISEN BANK SH.A,1507000.00,4/10/2025 12:00:00 AM,4/14/2025 12:00:00 AM
 Tirane,19110290072025,1029007 Gjyk e Apelit Tirane 2025 - garanci pasurore, kerkese nr 7097/1, 6484/1 dt 01.04.2025, urdher ekz nr 563 dt 18.03.2025, urdher nr 138 dt 25.02.2025,29,Keshilli i Larte Gjyqesor,1029007,Gjykata e Apelit Tirane (3535),4662116,Garanci pasurore e te denuarve, te vitit ne vazhdim,Te Dala,Anisa Xhebexhiu,300000.00,4/11/2025 12:00:00 AM,4/14/2025 12:00:00 AM
 Tirane,19210060542025,1006054 ARRSH "Sup pun Perf punimeve Ura e Kranese-Ura e Gajdarit" Sh 174/1 dt 13.03.25,Dif Sit 3 per deri Nentor 24,Kon.7651/11 dt 09.12.21 Fat nr 275/24 dt 23.12.24 Fatura me e madhe se vlera e parashikuar ne AN nr 5 dt 19.12.2024,6,Ministria e Infrastruktures dhe Energjise,1006054,Autoriteti Rrugor Shqiptar (3535),2313100,Shpenz. per rritjen e AQT - konstruksione te rrugeve,INVICTUS,9000.00,4/9/2025 12:00:00 AM,4/14/2025 12:00:00 AM
 Lezhe,19210121232025,ZYRA E PUNES LEZHE PAG pagesepapunesie zp kurbin sipas listepageses mars 2025, nr perfituesve 62,12,Ministria e Ekonomise, Kultures dhe Inovacionit,1012123,Drejtori Rajonale AKPA Lezhe (2020),6061002,Kompensim papunesie per personat e siguruar,BANKA E TIRANES,1592180.00,4/11/2025 12:00:00 AM,4/14/2025 12:00:00 AM
 Tirane,19210141002025,1014100 Drejt pergj sherb prv 2025, lik posta, ft nr 193 dt 3.4.2025,14,Ministria e Drejtesise,1014100,Drejtoria e Mbikqyrjes se Sherbimit te Proves (3535),6022004,Posta dhe sherbimi korrier,POSTA SHQIPTARE SH.A,7680.00,4/11/2025 12:00:00 AM,4/14/2025 12:00:00 AM
 Lezhe,19210160312025,DREJT VEND POLICISE LEZHE PAG sipas listepageses ndihme financiare policeve te rene ne detyre , dritan kol mjeshtri, urdher 455 prot nr 2356 dt 18.03.2025,16,Ministria e Brendshme,1016031,Drejtoria Vendore e Policise Lezhe (2020),6061099,Te tjera transferta tek individet,RAIFFEISEN BANK SH.A,87145.00,4/11/2025 12:00:00 AM,4/14/2025 12:00:00 AM
 Tirane,19210161302025,1016130 IKMT, Dieta,Urdher nr 85-185 dt 20.01.2025 - 17.03.2025, listepagese,16,Ministria e Brendshme,1016130,Inspektoriati Kombetar i Mbrojtjes se Territorit (IKMT) (3535),6024100,Udhetim i brendshem,BANKA E TIRANES,22000.00,4/10/2025 12:00:00 AM,4/14/2025 12:00:00 AM
 Tirane,19210290072025,1029007 Gjyk e Apelit Tirane 2025 - shpenz perkthime, fat nr 14/2025 dt 07.04.2025, vertetim dt 08.02.2025,29,Keshilli i Larte Gjyqesor,1029007,Gjykata e Apelit Tirane (3535),6029005,Shpenzime per honorare,SAFARI ALB,59420.00,4/11/2025 12:00:00 AM,4/14/2025 12:00:00 AM
 Tirane,19310060542025,1006054 ARRSH Tarifa e sherbimit kadastral Shkresa Nr.3002 dt  07.04.2025 Nr Kerkeses 396 dt 02.04.2025 fat 394 dt 02.04.2025 Sherbim Kadastral-Aplikim ne portalin e-Albania 	,6,Ministria e Infrastruktures dhe Energjise,1006054,Autoriteti Rrugor Shqiptar (3535),6022010,Sherbime te printimit dhe publikimit,DREJTORIA VENDORE E ASHK-SË DIBËR,9500.00,4/9/2025 12:00:00 AM,4/14/2025 12:00:00 AM
 Tirane,19310290072025,1029007 Gjyk e Apelit Tirane 2025 - shpenz perkthime, fat nr 11/2025 dt 07.04.2025, vertetim dt 05.02.2025,29,Keshilli i Larte Gjyqesor,1029007,Gjykata e Apelit Tirane (3535),6029005,Shpenzime per honorare,KUJTIM QERSHORI,16650.00,4/11/2025 12:00:00 AM,4/14/2025 12:00:00 AM
 Bulqize,19321030012025/1,BASHKIA  BULQIZE (2103001) likujdim 5% garanci punimesh i objektit '' SA i rruges se fshatit Bllace'' Akt kolaudimi dt.20.11.2023. CPMD dt.03.02.2025, PVMD dt.03.02.2025,0,Unspecified,2103001,Bashkia Bulqize (0603),4662114,Garanci te vitit vazhdim per sipermarje punimesh,Te Dala,L.T.E CONSTRUCTION	,1718960.00,4/11/2025 12:00:00 AM,4/14/2025 12:00:00 AM
 Tirane,19410060542025,1006054 ARRSH Tarifa e sherbimit kadastral Shkresa Nr.3001 dt 07.04.2025 Nr. Kerkeses 8910 dt 02.04.2025 fat 12 dt 02.04.2025, Sherbim Kadastral-Aplikim ne portalin e-Albania 	,6,Ministria e Infrastruktures dhe Energjise,1006054,Autoriteti Rrugor Shqiptar (3535),6022010,Sherbime te printimit dhe publikimit,DREJTORIA VENDORE E ASHK-së ELBASAN,5000.00,4/9/2025 12:00:00 AM,4/14/2025 12:00:00 AM
 Tirane,19410161302025,1016130 IKMT, taksa vjetore auto. ft permbledhese dt 10.04.2025,16,Ministria e Brendshme,1016130,Inspektoriati Kombetar i Mbrojtjes se Territorit (IKMT) (3535),6023900,Shpenzime te tjera transporti,DREJT. PERGJ. E SHERB. TRANS. RRUG.,72950.00,4/11/2025 12:00:00 AM,4/14/2025 12:00:00 AM
 Tirane,19410290072025,1029007 Gjyk e Apelit Tirane 2025 - shpenz perkthime, fat nr 13/2025 dt 07.04.2025, vertetim dt 03.02.2025,29,Keshilli i Larte Gjyqesor,1029007,Gjykata e Apelit Tirane (3535),6029005,Shpenzime per honorare,Fatmira Mulaj,14720.00,4/11/2025 12:00:00 AM,4/14/2025 12:00:00 AM
 Bulqize,19421030012025,BASHKIA  BULQIZE (2103001) likujdim akt marreveshje per kryerjen e akt ekspertizes se objektit  dt.13.02.2025, fat.nr.204/2025 dt.12.03.2025, shkrese nr.144/4 dt.13.03.2025.,0,Unspecified,2103001,Bashkia Bulqize (0603),6029099,Shpenzime per te tjera materiale dhe sherbime operative,INSTITUTI I NDERTIMIT  ( I N ),100000.00,4/11/2025 12:00:00 AM,4/14/2025 12:00:00 AM
 Tirane,19510060542025,1006054 ARRSH Sup pun Permiresimi i Sinjalistikes L 3 Sh 2367 dt 17.3.25 Kon 4981/7 dt 26.08.24 dif sit 1 per 18.10.24-18.11.24 fat 124/2024 dt 07.12.24 Fatura me e madhe se vlera e parashikuar ne AN nr 5 dt 19.12.2024,6,Ministria e Infrastruktures dhe Energjise,1006054,Autoriteti Rrugor Shqiptar (3535),2313100,Shpenz. per rritjen e AQT - konstruksione te rrugeve,NOVATECH STUDIO,785004.00,4/9/2025 12:00:00 AM,4/14/2025 12:00:00 AM
 Tirane,19510290072025,1029007 Gjyk e Apelit Tirane 2025 - shpenz perkthime, fat nr 21/2025 dt 08.04.2025, vertetim dt 28.03.2025, 07.04.2025,29,Keshilli i Larte Gjyqesor,1029007,Gjykata e Apelit Tirane (3535),6029005,Shpenzime per honorare,MIKELA GJAPI,15180.00,4/11/2025 12:00:00 AM,4/14/2025 12:00:00 AM
 Bulqize,19521030012025,BASHKIA  BULQIZE (2103001) likujdim oponence teknike projekt zbatimi  marreveshje nr.1522  dt.28.03.2025, fat. nr.261/2025 dt.03.04.2025.,0,Unspecified,2103001,Bashkia Bulqize (0603),6029099,Shpenzime per te tjera materiale dhe sherbime operative,INSTITUTI I NDERTIMIT  ( I N ),197409.00,4/11/2025 12:00:00 AM,4/14/2025 12:00:00 AM
 Tirane,19521650012025,2165001 Bashkia Vore,lik vend gjyqi per kamat vonesat e faturave ,urdher Kryet nr 23 dt 8.4.2025,Vendim leshim urdher ekzekutimi nr 762-31134-03232-80-2020 dt 29.7.2020,akt ekspertimi nr 402 dt 29.10.2024,0,Unspecified,2165001,Bashkia Vore (3535),6027901,Penalitete(interesa) per vonesen e ekzekutimit te vendimeve te GJEDNJ,BE  -  IS   SH.P.K,15000000.00,4/8/2025 12:00:00 AM,4/14/2025 12:00:00 AM
 Tirane,19610060542025,1006054 ARRSH "Lot 1: Kontrata A "Mirembajtje me performance e akseve kryesore te Rajonit Verior" Shkresa nr. 2313/1 dt 27.03.2025, kontrata nr.3826/2 date 09.06.2024 Sit nr 9 periudha Shkurt 2025, fat 768/2025 dt 07.03.2025,6,Ministria e Infrastruktures dhe Energjise,1006054,Autoriteti Rrugor Shqiptar (3535),6025300,Shpenzime per mirembajtjen e objekteve ndertimore,GECI,12385512.00,4/9/2025 12:00:00 AM,4/14/2025 12:00:00 AM
 Tirane,19710060542025,1006054 ARRSH Supervizion Mirembajtje Tuneli I Krrabes (2023-2027) Shkresa nr.2036/1 dt 20.03.2025, Kontrata nr.46/1 date 01.02.2024 Sit nr.13 periudha Shkurt 2025, Fat.11/2025 dt 05.03.2025	,6,Ministria e Infrastruktures dhe Energjise,1006054,Autoriteti Rrugor Shqiptar (3535),6025400,Shpenz.per miremb.e rrugeve, veprave ujore, rrjeteve hidraulike, elektrike, telefonike, ngrohje etj,C.E.C GROUP,324720.00,4/9/2025 12:00:00 AM,4/14/2025 12:00:00 AM
 Bulqize,19721030012025,BASHKIA  BULQIZE (2103001) likujdim aktivitete per sektorin e turizmit (festa e 7-8 marsit), up nr.468 dt.05.02.2025, fature nr 4/2025 dt.18.03.2025.umd nr.468/4 dt.18.02.2025, pvmd. dt.18.03.2025.,0,Unspecified,2103001,Bashkia Bulqize (0603),6021099,Te tjera materiale dhe sherbime speciale,Marjeta Osmani,84000.00,4/11/2025 12:00:00 AM,4/14/2025 12:00:00 AM
 Tirane,19810060542025,1006054 ARRSH "Loti 7 "Mirembajtje me performance e segmentit rrugor K/Podgorie-K/Liqenas, 19.6 km" Shkresa nr. 2143/1 date 20.03.2025, Kontrata nr. 9118/2 dt 16.12.2024, Sit nr.3 periudha Shkurt 2025 , fat nr 8/2025 dt 03.03.2025	,6,Ministria e Infrastruktures dhe Energjise,1006054,Autoriteti Rrugor Shqiptar (3535),6025300,Shpenzime per mirembajtjen e objekteve ndertimore,VASHTEMIA,973217.00,4/9/2025 12:00:00 AM,4/14/2025 12:00:00 AM
 Tirane,19810290072025,1029007 Gjyk e Apelit Tirane 2025 - shpenz pagese psikologu, fat nr 14 dt 07.04.2025, vertetim dt 24.03.2025,29,Keshilli i Larte Gjyqesor,1029007,Gjykata e Apelit Tirane (3535),6029005,Shpenzime per honorare,LINDITA HOXHA(M02215016O),1820.00,4/11/2025 12:00:00 AM,4/14/2025 12:00:00 AM
 Tirane,19910060542025,1006054 ARRSH Mirembajtje emergjente e rruges Kthesa e Lapidarit-Rreshen 25.8 km" Shkresa nr. 2687/1 date 17.03.2025, Kontrata nr. 5087/9 date 21.10.2024, Sit nr.3 periudha 21.12.2024-21.01.2025, fat nr.6/2025 dt 23.01.2025	,6,Ministria e Infrastruktures dhe Energjise,1006054,Autoriteti Rrugor Shqiptar (3535),6025300,Shpenzime per mirembajtjen e objekteve ndertimore,SHEHU,300000.00,4/9/2025 12:00:00 AM,4/14/2025 12:00:00 AM
 Tirane,19910180012025,1018001 SH.I.SH 2025 -Shp miremb. sis monitorimi, U P dt 10.03.2025, ft of dt 10.03.2025, nj ft dt 13.03.2025, ft 947/2025 dt 28.03.2025, fh nr 17 dt 28.03.2025, fh nr 01 dt 28.03.2025, pv md dt 28.03.2025,18,Sherbimi Informativ Kombtar,1018001,Aparati Qendror i SHIKUT (3535),6025500,Shpenzime per mirembajtjen e aparateve, paisjeve teknike dhe veglave te punes,ETRONIC,586800.00,4/11/2025 12:00:00 AM,4/14/2025 12:00:00 AM
 Tirane,20010060542025,1006054 ARRSH "Loti 2: Supervizion Mirembajtje me performance te rrugeve Rajoni Qendror" Shk 2038/1 dt 21.03.25 Kont 351/2 dt 31.01.25 UP 46 dt 17.03.21 Marrv Kuad 96/23 dt 29.07.21 NJF 109 dt 12.07.21 Sit 1 Shkurt 2025 ft 13/25 dt 05.03.25,6,Ministria e Infrastruktures dhe Energjise,1006054,Autoriteti Rrugor Shqiptar (3535),6025400,Shpenz.per miremb.e rrugeve, veprave ujore, rrjeteve hidraulike, elektrike, telefonike, ngrohje etj,C.E.C GROUP,1438800.00,4/10/2025 12:00:00 AM,4/14/2025 12:00:00 AM
 Fier,2010112552025,1011255 Drejtoria Rajonale Arsimore Fier, 5% Garanci Punimesh, Urdher Zhbllokimi nr.29 dt.2.04.2025 Sit.Perfundimtar dt.15.12.2022 Akt-kolaudimi dt.15.12.2022, fatura nr.22/2022 dt.17.12.2022, Çerti. perfundi e marrj ne dorzim dt.11.12.2025,11,Ministria e Arsimit Sportit dhe Rinise,1011255,Drejtoria Rajonale Arsimore, Fier (0909),4662314,Garanci te viteve te meparshme per sipermarje punimesh,Te Dala,J O G I,117273.00,4/11/2025 12:00:00 AM,4/14/2025 12:00:00 AM
 Fier,2010140232025,Zyra Vendore Permbarimore Fier 1014019 posta Mars 2025 fat.425/2025,14,Ministria e Drejtesise,1014019,Zyra Përmbarimore Vendore Fier (0909),6022004,Posta dhe sherbimi korrier,POSTA SHQIPTARE SH.A,24815.00,4/11/2025 12:00:00 AM,4/14/2025 12:00:00 AM
 Tirane,20110060542025,1006054 ARRSH "Supervizion mirembajtje me performance te rrugeve per Rajonin Jugor" Shk 2008/1 dt 17.03.25 Kont 648 dt 23.01.25 UP 214 dt 22.07.24 Marrv 5439/6 dt 15.11.24 NJF 69 dt 14.10.24 Sit 1 23.01.25-31.01.25 fat 10/2025 dt 05.03.25,6,Ministria e Infrastruktures dhe Energjise,1006054,Autoriteti Rrugor Shqiptar (3535),6025400,Shpenz.per miremb.e rrugeve, veprave ujore, rrjeteve hidraulike, elektrike, telefonike, ngrohje etj,A & E ENGINEERING SH.P.K,191483.00,4/10/2025 12:00:00 AM,4/14/2025 12:00:00 AM
 Tirane,20110180012025,1018001 SH.I.SH 2025 -Shp furnizime me ushqim, Kontrate ne vazhdim nr 47/10 dt 10.03.2025, ft  nr 393/2025 dt 29.03.2025, fh nr 9 dt 29.03.2025, pv md dt 29.03.2025,18,Sherbimi Informativ Kombtar,1018001,Aparati Qendror i SHIKUT (3535),6021004,Furnizime dhe sherbime me ushqim per mencat,NELSA,5584.00,4/11/2025 12:00:00 AM,4/14/2025 12:00:00 AM
 Berat,20121020012025,2102001 bashkia berat  pagese  vend 67 dt 0.03.2023 gjykates adm vlore, vendosje sekuestro 3/1 dt 30.03.2023 shkresa percjellese ekzekutim menj. 3/13 dt 30.05.203  urdher per pagese 10.04.2025 vendim gjyqes per shokie isufaj dhe refat cobo,0,Unspecified,2102001,Bashkia Berat (0202),6029003,Shpenzime gjyqesore,Zyra e Permbarimit Privat Besa,11432443.00,4/11/2025 12:00:00 AM,4/14/2025 12:00:00 AM
 Tirane,2012165002025,2165001 Bashkia Vore,lik DS3,fam prek nga termeti,urdher nr 20 dt 10.4.2025,VKB nr 42 dt 10.06.20,Konfirm prefekt nr 894/1 dt 12.06.2020,listepagese,0,Unspecified,2165001,Bashkia Vore (3535),6060099,Te tjera transferta tek individet,POSTA SHQIPTARE SH.A,3500000.00,4/10/2025 12:00:00 AM,4/14/2025 12:00:00 AM
 Tirane,20210060542025,1006054 ARRSH "Zgjerimi I rr Elbasan- Q.Thane (Faza VII)" Sh 2234 dt 13.03.25, Kon 2295/8 dt 18.07.24, Dif Sit 3 periudha Nentor-Dhjetor 24 Fat 3215/2024 dt 26.12.24 Fatura me e madhe se vlera e parashikuar ne AN nr 5 dt 19.12.2024,6,Ministria e Infrastruktures dhe Energjise,1006054,Autoriteti Rrugor Shqiptar (3535),2313100,Shpenz. per rritjen e AQT - konstruksione te rrugeve,A. N. K.,95744128.00,4/10/2025 12:00:00 AM,4/14/2025 12:00:00 AM
 Tirane,20210180012025,1018001 SH.I.SH 2025 -Shp furnizime me ushqim, Kontrate ne vazhdim nr 47/10 dt 10.03.2025, ft  nr 394/2025 dt 29.03.2025, fh nr 10 dt 29.03.2025, pv md dt 29.03.2025,18,Sherbimi Informativ Kombtar,1018001,Aparati Qendror i SHIKUT (3535),6021004,Furnizime dhe sherbime me ushqim per mencat,NELSA,475.00,4/11/2025 12:00:00 AM,4/14/2025 12:00:00 AM
 Berat,20221020012025,2102001 bashkia berat  pagese vend.gjykat apel tirane 387 dt 24.04.2024 urdher sekuestro 941/2 dt 20.11.2024  fatura 39 dt 11.11.2024 urdher per pagese 10.04.2025  shp gjyqesore per flutura lireza,0,Unspecified,2102001,Bashkia Berat (0202),6029003,Shpenzime gjyqesore,HYSEN QOJLE,1365209.00,4/11/2025 12:00:00 AM,4/14/2025 12:00:00 AM
 Tirane,20310180012025,1018001 SH.I.SH 2025 -Shp furnizime me ushqim, Kontrate ne vazhdim nr 47/10 dt 10.03.2025, ft  nr 418/2025 dt 02.04.2025, fh nr 11 dt 02.04.2025, pv md dt 02.04.2025,18,Sherbimi Informativ Kombtar,1018001,Aparati Qendror i SHIKUT (3535),6021004,Furnizime dhe sherbime me ushqim per mencat,NELSA,27348.00,4/11/2025 12:00:00 AM,4/14/2025 12:00:00 AM
 Berat,20321020012025,2102001 bashkia berat  pagese vend.gjykat apel tirane 54 dt 23.01.2025 urdher sekuestro 982/2 dt 25.02.2025  fatura 13 dt 13.03.2025 urdher per pagese 10.04.2025  shp gjyqesore per edmond tapia,0,Unspecified,2102001,Bashkia Berat (0202),6029003,Shpenzime gjyqesore,HYSEN QOJLE,909863.00,4/11/2025 12:00:00 AM,4/14/2025 12:00:00 AM
 Tirane,20410560012025,1056001 FSHZH 2025, Lik.fat Nderh.ndertimi i urave dhe nyje lidh. GOA2024/SH/IVR 173 PO dt.11.09.2024 fat.11/2025 dt.28.03.2025 sit.2 dt.16.12.2024-28.03.2025,56,Fondi i Zhvillimit Shqipetar,1056001,Fondi i Zhvillimit Shqiptar (3535),2313100,Shpenz. per rritjen e AQT - konstruksione te rrugeve,EUROKOS HOLDING SH P K DEGA NE SHQIPERI,32625652.00,4/9/2025 12:00:00 AM,4/14/2025 12:00:00 AM
 Berat,20421020012025,2102001 bashkia berat  pagese vendim 805 bdt 24.12.2024 gjykata berat urdher sekuestro 207/1 dt 19.02.2025 fatura 33 dt 10.04.2025 urdher per pagese 10.04.2025 shpenzime gjyqesore agron sheqeri,0,Unspecified,2102001,Bashkia Berat (0202),6029003,Shpenzime gjyqesore,Zyra e Permbarimit Privat Enforcement Group,400856.00,4/11/2025 12:00:00 AM,4/14/2025 12:00:00 AM
 Tirane,20510100772025,101010077-Dr.Pergj.Dog, shp miremb automj kontr ne vazhd. nr 2328 dt 7.2.2025 autor 5289 5290 5291  dt 13.3.20254 ft 93/2025 94/2025  ft 97/2025 dt 19/20.3.2025 pv md dt 15,17 dhe 18.3.2025,10,Ministria e Financave dhe Ekonomise,1010077,Aparati Drejt.Pergj.Doganave (3535),6025600,Shpenzime per mirembajtjen e mjeteve te transportit,VILNIK  MOTORS,231240.00,4/10/2025 12:00:00 AM,4/14/2025 12:00:00 AM
 Berat,20521020012025,2102001 bashkia berat  pagese vend.gjykat apel tirane 755 dt 02.05.2024 urdher sekuestro974/2 dt 25.02.2025  fatura 13 dt 14.03.2025 urdher per pagese 10.04.2025  shp gjyqesore per kujtim gorica,0,Unspecified,2102001,Bashkia Berat (0202),6029003,Shpenzime gjyqesore,HYSEN QOJLE,506000.00,4/11/2025 12:00:00 AM,4/14/2025 12:00:00 AM
 Berat,20621020012025,2102001 bashkia berat  pagese  vendim 3536 dt 10.10.2024  gjykata shkalles I tirane  vendosje sekuestor 983.2 dt 25.02.2025  urdher per pagese  10.04.2025  shp gjyqesore per luman  spathara,0,Unspecified,2102001,Bashkia Berat (0202),6029003,Shpenzime gjyqesore,HYSEN QOJLE,5385629.00,4/11/2025 12:00:00 AM,4/14/2025 12:00:00 AM
 Berat,20721020012025,2102001 bashkia berat  pagese leje e zakonshme e pakryer  urdher 232 dt 21.03.2025  listepagesa,0,Unspecified,2102001,Bashkia Berat (0202),6001001,Paga neto për punonjesit e miratuar në organikë,BANKA KOMBETARE TREGTARE,212500.00,4/11/2025 12:00:00 AM,4/14/2025 12:00:00 AM
 Berat,20821020012025,2102001 bashkia berat  pagese  shperblimi i ish kryetarit te bashkise berat urdher  232 dt 21.03.2025 urdher per pagese 10.04.2025 listepagesa,0,Unspecified,2102001,Bashkia Berat (0202),6061099,Te tjera transferta tek individet,BANKA KOMBETARE TREGTARE,425000.00,4/11/2025 12:00:00 AM,4/14/2025 12:00:00 AM
 Tirane,20910120012025,1012001 MEKI,rimbursim telefoni G.Xhelilaj,I.Lala,A.Ocelli,listepagese dt 01.04.2025,shkrese nr.10488 dt 22.08.2024,detajim pagesash telefonie,vkm nr 855 dt 04.11.2020,12,Ministria e Ekonomise, Kultures dhe Inovacionit,1012001,Aparati i Ministrise se Ekonomise, Kultures dhe Inovacionit (3535),6061005,Kompensime speciale te tjera,RAIFFEISEN BANK SH.A,8895.00,4/8/2025 12:00:00 AM,4/14/2025 12:00:00 AM
 Tirane,21010120012025,1012001MEKI,rimbursim telefoni O.Manjani,A.Veterniku,B.Rama,listepagese dt 1.4.2025,shkrese nr 10488 dt 22.08.2024,detajim pagesash telefonie,vkm nr 855 dt 4.11.2020,12,Ministria e Ekonomise, Kultures dhe Inovacionit,1012001,Aparati i Ministrise se Ekonomise, Kultures dhe Inovacionit (3535),6061005,Kompensime speciale te tjera,INTESA SANPAOLO BANK ALBANIA,10999.00,4/3/2025 12:00:00 AM,4/14/2025 12:00:00 AM
 Kavaje,21021190012025,BASHKIA RROGOZHINE PAGESA ZYHDI ZEQIRI FOND RINDERTIMI LISTA E PERFITUESVE  VKB NR 56 DT 24.09.2021  KONFIRMIM PREFEKTURE NR  1542/1 DT 06.10.2021,0,Unspecified,2119001,Bashkia Rogozhine (3513),6060099,Te tjera transferta tek individet,RAIFFEISEN BANK SH.A,2054854.00,4/11/2025 12:00:00 AM,4/14/2025 12:00:00 AM
 Tirane,2110112162025,1011216 Fed Qitjes - pag sherb noter, udhez nr 4 dt 25.2.2022, vend nr 4 dt 3.3.2025, ft nr 590 dt 28.3.2025, urdh lik nr 13 dt 3.4.2025,11,Ministria e Arsimit Sportit dhe Rinise,1011216,Federata Shqipetare e qitjes (3535),6044006,Transferta per klubet dhe asociacionet e sportit,MIMOZA SADUSHI,2600.00,4/10/2025 12:00:00 AM,4/14/2025 12:00:00 AM
 Fier,2110112552025,1011255 Drejtoria Rajonale Arsimore Fier, Posta Mars/2025, fatura nr.490/2025 dt.03.04.2025,11,Ministria e Arsimit Sportit dhe Rinise,1011255,Drejtoria Rajonale Arsimore, Fier (0909),6022004,Posta dhe sherbimi korrier,POSTA SHQIPTARE SH.A,5875.00,4/11/2025 12:00:00 AM,4/14/2025 12:00:00 AM
 Tirane,21110120012025,1012001 MEKI,rimbursim telefoni A.Dyrmishi,listepagese dt 01.04.2025,shkrese nr 10488 dt 22.08.2024,detajim pagesash telefonie,vkm nr 855 dt 04.11.2020,12,Ministria e Ekonomise, Kultures dhe Inovacionit,1012001,Aparati i Ministrise se Ekonomise, Kultures dhe Inovacionit (3535),6061005,Kompensime speciale te tjera,UNION BANK SHA,1600.00,4/3/2025 12:00:00 AM,4/14/2025 12:00:00 AM
 Kavaje,21121190012025,BASHKIA RROGOZHINE PAGESE PER NDESHJET E EKIPEVE SPORTIVE  NE SHKOLLA, KERKESE E KOMITETIT OLIMPIK KOMBETAR SHQIPTAR FATURE NR 6,10,11,12,13,14,15,16 DT 28.02.2025,0,Unspecified,2119001,Bashkia Rogozhine (3513),6023900,Shpenzime te tjera transporti,ERENER - TRANS,246850.00,4/11/2025 12:00:00 AM,4/14/2025 12:00:00 AM
 Tirane,21210120012025,1012001 MEKI,rimbursim telefoni B.Taushani,M.Halilaj,S.Ismaili.listepagese dt 01.04.2025,shkrese nr 10488 dt 22.08.2024,detajim pagesash telefonie,vkm nr.855 dt 04.11.2020,12,Ministria e Ekonomise, Kultures dhe Inovacionit,1012001,Aparati i Ministrise se Ekonomise, Kultures dhe Inovacionit (3535),6061005,Kompensime speciale te tjera,BANKA CREDINS,7680.00,4/8/2025 12:00:00 AM,4/14/2025 12:00:00 AM
 Vlore,2121460322025,3737 NMM 2146032 POSTA MARS 2025 FAT 350 DT 03.04.2025,0,Unspecified,2146032,Ndermarja Publike Bashkiake per Menaxhimin e Mbetjeve Urbane (3737),6022004,Posta dhe sherbimi korrier,POSTA SHQIPTARE SH.A,500.00,4/11/2025 12:00:00 AM,4/14/2025 12:00:00 AM
 Kavaje,21221190012025,BASHKIA RROGOZHINE PAGESE PER NDESHJET E EKIPEVE SPORTIVE  NE SHKOLLA, KERKESE E KOMITETIT OLIMPIK KOMBETAR SHQIPTAR FATURE NR ,16,17,18,19,20 DT 01.04.2025,0,Unspecified,2119001,Bashkia Rogozhine (3513),6023900,Shpenzime te tjera transporti,ERENER - TRANS,204300.00,4/11/2025 12:00:00 AM,4/14/2025 12:00:00 AM
 Skrapar,21221400012025,2140001 Shpenzim per ndihmen ekonomike nga fondet e Bashkis Up nr 204 dt 27.03.2025 VKB nr 19 dt 18.02.2025 Relacion PV Listepagesa Bashkia Polican,0,Unspecified,2140001,Bashkia Polican (0232),6061003,Ndihme ekonomike,UNION BANK SHA,15840.00,4/11/2025 12:00:00 AM,4/14/2025 12:00:00 AM
 Tirane,21310120012025,1012001 MEKI,rimbursim telefoni I.Malile,listepagese dt 01.04.2025,shkrese nr 10488 dt 22.08.2024,detajim pagesash telefonie,vkm nr 855 dt 04.11.2020,12,Ministria e Ekonomise, Kultures dhe Inovacionit,1012001,Aparati i Ministrise se Ekonomise, Kultures dhe Inovacionit (3535),6061005,Kompensime speciale te tjera,Banka OTP Albania,2000.00,4/3/2025 12:00:00 AM,4/14/2025 12:00:00 AM
 Tirane,21410120012025,1012001 MEKI,rimbursim telefoni R.Kokonozi,A.Brahimaj,listepagese,shkrese nr. 10488 dt 22.08.2024,detajim pagesash telefonie,vkm nr. 855 dt 04.11.2020,12,Ministria e Ekonomise, Kultures dhe Inovacionit,1012001,Aparati i Ministrise se Ekonomise, Kultures dhe Inovacionit (3535),6061005,Kompensime speciale te tjera,BANKA KOMBETARE TREGTARE,5900.00,4/3/2025 12:00:00 AM,4/14/2025 12:00:00 AM
 Tirane,21510100772025,101010077-Dr.Pergj.Dog, bl gazesh up  25.7.20254 njf 13.8.2024 ft 1954/2025 dt 25.3.2025  pv 25.3.2025 fh 12 dt 25.3.2025,10,Ministria e Financave dhe Ekonomise,1010077,Aparati Drejt.Pergj.Doganave (3535),6021009,Materiale dhe pajisje labratorik e te sherbimit publik,GTS-GAZRA TEKNIKE SHQIPTARE,108000.00,4/10/2025 12:00:00 AM,4/14/2025 12:00:00 AM
 Tirane,21510120012025,1012001 MEKI,rimbursim telefoni A.Gega,listepagese dt 01.04.2025,shkrese nr. 10488 dt 22.08.2024,detajim pagesash telefonie,vkm nr 855 dt 04.11.2020,12,Ministria e Ekonomise, Kultures dhe Inovacionit,1012001,Aparati i Ministrise se Ekonomise, Kultures dhe Inovacionit (3535),6061005,Kompensime speciale te tjera,PRO CREDIT BANK,4000.00,4/3/2025 12:00:00 AM,4/14/2025 12:00:00 AM
 Tirane,21610100772025,101010077-Dr.Pergj.Dog, lik qera sip ndertese amendim kontr.19/4 dt 31.12.2024 ft 201/2025 dt 1.4.2025,10,Ministria e Financave dhe Ekonomise,1010077,Aparati Drejt.Pergj.Doganave (3535),6026101,Shpenzime per qiramarrje ambientesh zyre te institucioneve,PAJTONI GROUP,2184440.00,4/10/2025 12:00:00 AM,4/14/2025 12:00:00 AM
 Tirane,21610170012025,1017001,Ministria e Mbrojtjes,udhetim jashte shteti, ushshp 20,09.01.2025,up.1,10.01.2025,fo 10.01.2025,pv.1 10.01.2025,njfit.10.01.2025,fat.388,48/2025,11.01.2025,17,Ministria e Mbrojtjes,1017001,Aparati i Ministrise se Mbrojtjes (3535),6024200,Udhetim jashte shtetit,KELVIN TRAVEL,90500.00,4/8/2025 12:00:00 AM,4/14/2025 12:00:00 AM
 Kruje,21621230012025,2025-Bashkia Kruje Ndihma ekonomike vdrd.nr 3/2025 dt 25.03.2025 list pag Mars  2025 dt 08.03.2025(NJA NIKEL),13,Ministria e Shendetesise dhe Mbrojtjes Sociale,2123001,Bashkia Kruje (0716),6061003,Ndihme ekonomike,POSTA SHQIPTARE SH.A,531729.00,4/9/2025 12:00:00 AM,4/14/2025 12:00:00 AM
 Tirane,21710170012025,1017001,Ministria e Mbrojtjes,udhetim jashte shteti , usp 2489,18.12.2024,up.3 14.01.2025,fo.14.01.2025,pv.1 14.01.2025,njfit 14.01.2025,fat 388,4/2025 14.01.2025,17,Ministria e Mbrojtjes,1017001,Aparati i Ministrise se Mbrojtjes (3535),6024200,Udhetim jashte shtetit,SPIRIT TRAVEL & TOURS,73819.00,4/8/2025 12:00:00 AM,4/14/2025 12:00:00 AM
 Kruje,21721230012025,2025-Bashkia Kruje Ndihma ekonomike vdrd.nr 3/2025 dt 25.03.2025 list pag Mars  2025 dt 08.03.2025(nja.BUBQ),13,Ministria e Shendetesise dhe Mbrojtjes Sociale,2123001,Bashkia Kruje (0716),6061003,Ndihme ekonomike,POSTA SHQIPTARE SH.A,105920.00,4/9/2025 12:00:00 AM,4/14/2025 12:00:00 AM
 Tirane,21810170012025,1017001,Ministria e Mbrojtjes, udhetim jashte shteti,ushshp.35 14.01.2025,up.4, 15.01.2025,FO.15.01.2025,pv.1,15.01.2025,nfit.15.01.2025,fat.388,35/2025,15.01.2025,17,Ministria e Mbrojtjes,1017001,Aparati i Ministrise se Mbrojtjes (3535),6024200,Udhetim jashte shtetit,ITT - IDEAL TRAVEL & TOURS,26200.00,4/8/2025 12:00:00 AM,4/14/2025 12:00:00 AM
 Tirane,21910170012025,1017001,Ministria e Mbrojtjes,udhetim jashte shteti, ushshp.72 28.01.2025,up.13,29.01.2025,fo 29.01.2025,pv1,29.01.2025,njifit.29.01.2025,fat.388,26/2025,29.01.2025,17,Ministria e Mbrojtjes,1017001,Aparati i Ministrise se Mbrojtjes (3535),6024200,Udhetim jashte shtetit,KELVIN TRAVEL,20400.00,4/8/2025 12:00:00 AM,4/14/2025 12:00:00 AM
 Kruje,21921230012025,2025-Bashkia Kruje Sistemim asfaltim i rruges se varrezave Nikel Nja Nikel Kruje kontrate nr 2478 dt 17.03.2023 form i njoftimit te fituesit dt 03.03.2023 fat.nr.11 dt.12.06.2023 sit pjesor nr.2,0,Unspecified,2123001,Bashkia Kruje (0716),2313100,Shpenz. per rritjen e AQT - konstruksione te rrugeve,MURATI,2291354.00,4/11/2025 12:00:00 AM,4/14/2025 12:00:00 AM
 Tirane,22010170012025,1017001,Ministria e Mbrojtjes,udhetim jashte shteti, ushshp,48,23.01.2025,ushshp.48/1 03.02.2025,up.17,03.02.2025,fo 03.02.2025,pv.1 03.02.2025,njfit.03.02.2025,fat.388,54/2025,03.02.2025,17,Ministria e Mbrojtjes,1017001,Aparati i Ministrise se Mbrojtjes (3535),6024200,Udhetim jashte shtetit,KELVIN TRAVEL,25200.00,4/8/2025 12:00:00 AM,4/14/2025 12:00:00 AM
 Tirane,2210112462025,1011246 FSHSU - pag sherb printim, udhez nr 4 dt 25.2.2022, ft nr 1595 dt 1.11.2024,  urdh lik dt 8.4.2025, relacion dt 3.4.2025,11,Ministria e Arsimit Sportit dhe Rinise,1011246,Federata e Sportit Universitar,6044006,Transferta per klubet dhe asociacionet e sportit,Media Graph Group,70000.00,4/10/2025 12:00:00 AM,4/14/2025 12:00:00 AM
 Fier,2210112552025,1011255 Drejtoria Rajonale Arsimore Fier, Udhetim i brendshem shkurt-mars/2025 sipas listepagesave., fatura nr.490/2025 dt.03.04.2025,11,Ministria e Arsimit Sportit dhe Rinise,1011255,Drejtoria Rajonale Arsimore, Fier (0909),6024100,Udhetim i brendshem,BANKA CREDINS,50890.00,4/11/2025 12:00:00 AM,4/14/2025 12:00:00 AM
 Tirane,22110170012025,1017001,Ministria e Mbrojtjes,udhetim jashte shteti, ushshp 107,06.02.2025,up.22,07.02.2025,fo.07.02.2025,pv.1,07.02.2025,njfit.07.02.2025,fat.388,84/2025,07.02.2025,17,Ministria e Mbrojtjes,1017001,Aparati i Ministrise se Mbrojtjes (3535),6024200,Udhetim jashte shtetit,KELVIN TRAVEL,22600.00,4/8/2025 12:00:00 AM,4/14/2025 12:00:00 AM
 Tirane,22110170092025, 1017009% reparti 1001 2025 bileta,Urdh Prok  7.3.25 ft of 7.3.2025 ft 207 dt 7.3.25,17,Ministria e Mbrojtjes,1017009,Reparti Ushtarak Nr.1001 Tirane (3535),6024200,Udhetim jashte shtetit,AMADEUS TRAWELL AND TOURS,247000.00,4/11/2025 12:00:00 AM,4/14/2025 12:00:00 AM
 Kruje,22121230012025,2025-Bashkia Kruje Sistemim asfaltim i rruges se varrezave Nikel Nja Nikel Kruje kontrate nr 2478 dt 17.03.2023 form i njoftimit te fituesit dt 03.03.2023 fat.nr.12 dt.16.06.2023 sit perfundimtar,0,Unspecified,2123001,Bashkia Kruje (0716),2313100,Shpenz. per rritjen e AQT - konstruksione te rrugeve,MURATI,3575268.00,4/11/2025 12:00:00 AM,4/14/2025 12:00:00 AM
 Tirane,22210170012025,1017001,Ministria e Mbrojtjes,udhetim jashte shteti,usp.216,06.02.2025,up.23,07.02.2025,fo.07.02.2025,pv1,07.02.2025,njfit.07.02.2025,fat.388 25/2025,10.02.2025,17,Ministria e Mbrojtjes,1017001,Aparati i Ministrise se Mbrojtjes (3535),6024200,Udhetim jashte shtetit,DORINA KARAISKAJ,86280.00,4/8/2025 12:00:00 AM,4/14/2025 12:00:00 AM
 Tirane,22210170092025, 1017009% reparti 1001 2025 bileta,Urdh Prok  21.3.25 ft of 21.3.25 ft 256 dt 25.3.2025,17,Ministria e Mbrojtjes,1017009,Reparti Ushtarak Nr.1001 Tirane (3535),6024200,Udhetim jashte shtetit,AMADEUS TRAWELL AND TOURS,60250.00,4/11/2025 12:00:00 AM,4/14/2025 12:00:00 AM
 Vlore,2221460322025,3737 NMM 2146032 RUAJTJE FIZIKE 1-18 MARS 2025 KONTRATE 228/2 DT 19.12.2024 FAT 747 DT 19.03.2025 SITUAC MARS 2025,0,Unspecified,2146032,Ndermarja Publike Bashkiake per Menaxhimin e Mbetjeve Urbane (3737),6022008,Sherbime te sigurimit dhe ruajtjes,Illyrian Guard,609961.00,4/11/2025 12:00:00 AM,4/14/2025 12:00:00 AM
 Tirane,22310170012025,1017001,Ministria e Mbrojtjes,udhetim jashte shteti,uzvm.251,11.02.2025,up.25,11.02.2025,fo.11.02.2025,pv1,11.02.2025,njfit,11.02.2025,fat.388,117/2025,1.02.2025,17,Ministria e Mbrojtjes,1017001,Aparati i Ministrise se Mbrojtjes (3535),6024200,Udhetim jashte shtetit,KELVIN TRAVEL,62400.00,4/8/2025 12:00:00 AM,4/14/2025 12:00:00 AM
 Tirane,22410100772025,101010077-Dr.Pergj.Dog, ndales ne page  urdher 20204/1 dt 22.11.2022 bord  31.3.2025 E Kabashi,10,Ministria e Financave dhe Ekonomise,1010077,Aparati Drejt.Pergj.Doganave (3535),6001001,Paga neto për punonjesit e miratuar në organikë,T.M.A,43517.00,4/10/2025 12:00:00 AM,4/14/2025 12:00:00 AM
 Tirane,22410170012025,1017001,Ministria e Mbrojtjes,udhetim jashte shteti,ushshp.135,11.02.2025,up.26,12.02.2025,njfit 12.02.2025,fat.388,551/2025,12.02.2025,17,Ministria e Mbrojtjes,1017001,Aparati i Ministrise se Mbrojtjes (3535),6024200,Udhetim jashte shtetit,DORINA KARAISKAJ,40960.00,4/8/2025 12:00:00 AM,4/14/2025 12:00:00 AM
 Tirane,22510100772025,101010077-Dr.Pergj.Dog, ndales ne page  urdher 3258/1 dt 26.2.2025 bord  31.3.2025  P Prifti,10,Ministria e Financave dhe Ekonomise,1010077,Aparati Drejt.Pergj.Doganave (3535),6001001,Paga neto për punonjesit e miratuar në organikë,Altin Vako,43328.00,4/10/2025 12:00:00 AM,4/14/2025 12:00:00 AM
 Fier,22510121192025,Drejtoria Rajonale AKPA Fier 1012119 nxitje punesimi Mars 2025 listepagesa,12,Ministria e Ekonomise, Kultures dhe Inovacionit,1012119,Drejtori Rajonale AKPA Fier (0909),6031100,Subvencion per te nxitur punesimin (Paga),RAIFFEISEN BANK SH.A,278049.00,4/11/2025 12:00:00 AM,4/14/2025 12:00:00 AM
 Tirane,22510170012025,1017001,Ministria e Mbrojtjes,udhetim jashte shteti, usp.212,05.02.2025,ushshp.115,10.02.2025up.27,13.02.2025,fo.13.02.2025,pv.1,13.02.2025,njfit.13.02.2025,fat.388,132/2025,13.02.2025,17,Ministria e Mbrojtjes,1017001,Aparati i Ministrise se Mbrojtjes (3535),6024200,Udhetim jashte shtetit,KELVIN TRAVEL,82000.00,4/8/2025 12:00:00 AM,4/14/2025 12:00:00 AM
 Tirane,22610170012025,1017001,Ministria e Mbrojtjes,shpenzime pritje percjellje , prog.sp 221/1,24.01.2025,up.11,24.01.2025,pv.24.01.2025,fat5/2025,24.01.2025,,17,Ministria e Mbrojtjes,1017001,Aparati i Ministrise se Mbrojtjes (3535),6029001,Shpenzime per pritje e percjellje,LEFTER BIZHGA,30000.00,4/8/2025 12:00:00 AM,4/14/2025 12:00:00 AM
 Tirane,22710170012025,1017001,Ministria e Mbrojtjes,shpenzime per pritje percjellje, prog.sp.399/1,20.01.2025,fat.388,3/2025,21.01.2025,17,Ministria e Mbrojtjes,1017001,Aparati i Ministrise se Mbrojtjes (3535),6029001,Shpenzime per pritje e percjellje,OVERVIEW,63000.00,4/8/2025 12:00:00 AM,4/14/2025 12:00:00 AM
 Tirane,22710170092025, 1017009% reparti 1001 2025 bileta,Urdh Prok 12.3.25 ft of 12.3.25 ft 222 dt 12.3.2025,17,Ministria e Mbrojtjes,1017009,Reparti Ushtarak Nr.1001 Tirane (3535),6024200,Udhetim jashte shtetit,AMADEUS TRAWELL AND TOURS,36000.00,4/11/2025 12:00:00 AM,4/14/2025 12:00:00 AM
 Kruje,22721230012025,2025-Bashkia Kruje Blerje gaz i lengshem per kopshtet dhe cerdhet e Bashkise Kruje kontrate nr 2419 dt 19.04.2024 fat.nr 6/2025 dt.28.02.2025 fh nr.12 dt.28.02.2025 klasifiki.m perfundimtar,0,Unspecified,2123001,Bashkia Kruje (0716),6022099,Sherbime te tjera,ALI VESELI,27216.00,4/11/2025 12:00:00 AM,4/14/2025 12:00:00 AM
 Tirane,22810170012025,1017001,Ministria e Mbrojtjes,shpenzime per pritje percjellje, prog.sp 76/2,28.01.2025,fat.388.6/2025,04.02.2025,17,Ministria e Mbrojtjes,1017001,Aparati i Ministrise se Mbrojtjes (3535),6029001,Shpenzime per pritje e percjellje,OVERVIEW,52500.00,4/8/2025 12:00:00 AM,4/14/2025 12:00:00 AM
 Tirane,22810170092025, 1017009% reparti 1001 2025 bileta,Urdh Prok 21.3.25 ft 21.3.2025 ft 217 dt 26.3.25,17,Ministria e Mbrojtjes,1017009,Reparti Ushtarak Nr.1001 Tirane (3535),6024200,Udhetim jashte shtetit,EXPLORER TRAVEL & TOURS,59500.00,4/11/2025 12:00:00 AM,4/14/2025 12:00:00 AM
 Pogradec,22821360012025,2136001,Bashkia Pogradec likujdon qera mars 2025,VKB nr.108I.Isallari dt.26.09.2024,VKB nr.28 D.KUmria dt.27.03.2025,Urdher kryetari nr.221 dt.07.04.2025,LP nr.115 dt.10.04.2025,0,Unspecified,2136001,Bashkia Pogradec (1529),6061099,Te tjera transferta tek individet,BANKA E TIRANES,13613.00,4/11/2025 12:00:00 AM,4/14/2025 12:00:00 AM
 Fier,22910121192025,Drejtoria Rajonale AKPA Fier 1012119 nxitje punesimi Mars 2025 listepagesa,12,Ministria e Ekonomise, Kultures dhe Inovacionit,1012119,Drejtori Rajonale AKPA Fier (0909),6031100,Subvencion per te nxitur punesimin (Paga),RAIFFEISEN BANK SH.A,159984.00,4/11/2025 12:00:00 AM,4/14/2025 12:00:00 AM
 Tirane,22910170012025,1017001,Ministria e Mbrojtjes,shpenzime per pritje percjellje, prog.sp 247/1,14.01.2025,FAT.380,2063/2025,22.01.2025,17,Ministria e Mbrojtjes,1017001,Aparati i Ministrise se Mbrojtjes (3535),6029001,Shpenzime per pritje e percjellje,CEREN  ISMET SHEHU,315000.00,4/8/2025 12:00:00 AM,4/14/2025 12:00:00 AM
 Gjirokaster,22921150012025,2115001, Bashkia Gjirokaster . Rikonstruksion i rruges fshati Zhulat Gjirokasdter,fat nr 81 dt 28.05.2024,certifikate marrje ne dorezim dtv 01.03.2024,akt kolaudim dt 20.12.2023,kontrate nr 1363dt 13.02.2023,0,Unspecified,2115001,Bashkia Gjirokaster (1111),2313100,Shpenz. per rritjen e AQT - konstruksione te rrugeve,EUROBETON,5657526.64,4/11/2025 12:00:00 AM,4/14/2025 12:00:00 AM
 Pogradec,22921360012025,2136001,Bashkia Pogradec likujdon sherbim postar nentor 2024,fature nr.447 dt.05.12.2024,0,Unspecified,2136001,Bashkia Pogradec (1529),6022004,Posta dhe sherbimi korrier,POSTA SHQIPTARE SH.A,40035.00,4/11/2025 12:00:00 AM,4/14/2025 12:00:00 AM
 Lezhe,23 10100602025,DREJT RAJON TATIMORE LEZHE PAG RIMBURSIM TATI FITITIMI DERDHUR NE 2024,SIPAS VEND 52/24 TE GJYK KUSHT, SHKRESA DPT 3127 DT 21.02.2025,SHKR DREJT KONTR TATIMOR NR 305/7 DT 07.04.2025,KERKESE E SUBJEKTIT 28.03.2025,10,Ministria e Financave dhe Ekonomise,1010060,Drejtoria Rajonale Tatimore Lezhe (2020),7002300,Tatimi mbi të ardhurat personale të biznesit (për detyrim principal),Tom Lekaj,6719.00,4/11/2025 12:00:00 AM,4/14/2025 12:00:00 AM
 Tirane,23010170012025,1017001,Ministria e Mbrojtjes,MATERIALE MIREMBAJTJE KAZERMASH, KERKESE, 284,.30.01.2025,PROG.SP 220/2.03.02.2025,UP16.30.01.2025,FO.31.01.2025,NJFIT.31.01.2025,FAT.9/2025,07.02.2025,PV.PRITJE MALLI 07.02.2025,FH.4,07.02.2025,17,Ministria e Mbrojtjes,1017001,Aparati i Ministrise se Mbrojtjes (3535),6021005,Pajisje, materiale dhe sherbime ushtarake,NAIM HYSI,17999.98,4/8/2025 12:00:00 AM,4/14/2025 12:00:00 AM
 Tirane,23010170092025, 1017009% reparti 1001 2025  tel ft 1139192 dt 1.3.2025,17,Ministria e Mbrojtjes,1017009,Reparti Ushtarak Nr.1001 Tirane (3535),6022003,Sherbime telefonike,ONE ALBANIA,18630.00,4/11/2025 12:00:00 AM,4/14/2025 12:00:00 AM
 Pogradec,23021360012025,2136001,Bashkia Pogradec likujdon sherbim postar dhjetor 2024,fature nr.13 dt.06.01.2025,0,Unspecified,2136001,Bashkia Pogradec (1529),6022004,Posta dhe sherbimi korrier,POSTA SHQIPTARE SH.A,33430.00,4/11/2025 12:00:00 AM,4/14/2025 12:00:00 AM
 Tepelene,23021420012025,FT NR 1026/06.11.2024 DETYRIM URDP NR 20/13.01.2025  BASHKI TEPELEN,0,Unspecified,2142001,Bashkia Tepelene (1134),6021004,Furnizime dhe sherbime me ushqim per mencat,SADIK XHELILI,170654.00,4/11/2025 12:00:00 AM,4/14/2025 12:00:00 AM
 Bulqize,2310100032025,Thesari Bulqize (1010003) likujdim energji elektrike per kontraten nr.B023047 fatura nr.352951 dt.01.04.2025 mars 2025.,10,Ministria e Financave dhe Ekonomise,1010003,Dega e Thesarit Bulqize (0603),6022001,Elektricitet,FURNIZUESI I SHERBIMIT UNIVERSAL,7828.00,4/11/2025 12:00:00 AM,4/14/2025 12:00:00 AM
 Fier,2310112552025,1011255 Drejtoria Rajonale Arsimore Fier, Udhetim i brendshem janar/2025 sipas listepagesave., fatura nr.490/2025 dt.03.04.2025,11,Ministria e Arsimit Sportit dhe Rinise,1011255,Drejtoria Rajonale Arsimore, Fier (0909),6024100,Udhetim i brendshem,RAIFFEISEN BANK SH.A,141700.00,4/11/2025 12:00:00 AM,4/14/2025 12:00:00 AM
 Durres,2310140172025,1014017/ZYRA VENDORE PERMBARIMORE DURRES /SHPENZIME POSTE FATURE NR 260 DT 4.4.2025,14,Ministria e Drejtesise,1014017,Zyra Përmbarimore Vendore Durrës (0707),6022004,Posta dhe sherbimi korrier,POSTA SHQIPTARE SH.A,79630.00,4/11/2025 12:00:00 AM,4/14/2025 12:00:00 AM
 Korçe,23110130192025,1013019 DR.E SHERBIMIT SPITALOR KORCE SHERBIMI I ROJEVE PRIVATE  KONTRATE NR.223 DT.31.01.2025, FAT.NR.882/2025 DT 31.03.2025,VKM NR 177 DT.04.04.2020 UB 46102,13,Ministria e Shendetesise dhe Mbrojtjes Sociale,1013019,Spitali Korce (1515),6022008,Sherbime te sigurimit dhe ruajtjes,Illyrian Guard,2351618.00,4/11/2025 12:00:00 AM,4/14/2025 12:00:00 AM
 Tirane,23110170012025,1017001,Ministria e Mbrojtjes,shpenzime per pjesmerrje ne konferenca, kerkese 284,30.01.2025,prog sp,220/2,03.02.2025,up.16,30.01.2025,fo 31.01.2025,pv.1,31.01.2025,njfit 31.01.2025,fat.9/2025,07.02.2025,pv.pritje malli 07.02.2025,fh4 7.2.2,17,Ministria e Mbrojtjes,1017001,Aparati i Ministrise se Mbrojtjes (3535),6029007,Shpenzime per pjesmarrje ne konferenca,F.L.E.SH.,97200.00,4/8/2025 12:00:00 AM,4/14/2025 12:00:00 AM
 Tirane,23110170092025, 1017009% reparti 1001 2025  tel ft 1350717 dt 1.3.2025,17,Ministria e Mbrojtjes,1017009,Reparti Ushtarak Nr.1001 Tirane (3535),6022003,Sherbime telefonike,ONE ALBANIA,7800.00,4/11/2025 12:00:00 AM,4/14/2025 12:00:00 AM
 Pogradec,23121360012025,2136001,Bashkia Pogradec likujdon sherbim postar shtator 2024,fature nr.347 dt.02.10.2024,0,Unspecified,2136001,Bashkia Pogradec (1529),6022004,Posta dhe sherbimi korrier,POSTA SHQIPTARE SH.A,25720.00,4/11/2025 12:00:00 AM,4/14/2025 12:00:00 AM
 Tepelene,23121420012025,FT NR 950/17.10.2024 DETYRIM URDP NR 19/13.01.2025  BASHKI TEPELEN,0,Unspecified,2142001,Bashkia Tepelene (1134),6021004,Furnizime dhe sherbime me ushqim per mencat,SADIK XHELILI,134818.00,4/11/2025 12:00:00 AM,4/14/2025 12:00:00 AM
 Tirane,23210170012025,1017001,Ministria e Mbrojtjes,shpenzime per ekzekutim te vend.gjyqesore ,largim nga puna, vendim nr ,50665(80-2016-5086),31.10.2016,shkrese 760,05.02.2025,fat.380,37/2025,03.02.2025,17,Ministria e Mbrojtjes,1017001,Aparati i Ministrise se Mbrojtjes (3535),6027400,Shpenzime per ekzekutim te vendimeve gjyqesore per largim nga puna,Euglent Osmanaj,330000.00,4/8/2025 12:00:00 AM,4/14/2025 12:00:00 AM
 Tirane,23210170092025, 1017009% reparti 1001 2025  tel ft 1335632 dt 1.3.2025,17,Ministria e Mbrojtjes,1017009,Reparti Ushtarak Nr.1001 Tirane (3535),6022003,Sherbime telefonike,ONE ALBANIA,44410.00,4/11/2025 12:00:00 AM,4/14/2025 12:00:00 AM
 Vlore,2321460322025,3737 NMM 2146032 RUAJTJE FIZIKE 19-31 MARS 2025 KONTRATE 96 DT 19.03.2025 FAT 1089 DT 04.04.2025 SITUAC MARS 2025,0,Unspecified,2146032,Ndermarja Publike Bashkiake per Menaxhimin e Mbetjeve Urbane (3737),6022008,Sherbime te sigurimit dhe ruajtjes,Illyrian Guard,440526.00,4/11/2025 12:00:00 AM,4/14/2025 12:00:00 AM
 Pogradec,23221360012025,2136001,Bashkia Pogradec likujdon qera toke nentor 2024,VKB nr.64 dt.22.06.2022,konf prefekture nr.631/1 dt.06.07.2022,kontrate nr.488/7 dt.06.09.2022,PVMD dt.01.12.2024,LP nr.116 dt.10.04.2025,0,Unspecified,2136001,Bashkia Pogradec (1529),6026100,Shpenzime per qiramarrje ambjentesh,RAIFFEISEN BANK SH.A,66300.00,4/11/2025 12:00:00 AM,4/14/2025 12:00:00 AM
 Tirane,23310170012025,1017001,Ministria e Mbrojtjes,rimbursim pagesa tel,sipas vkm 673,02.09.2020,umm 92,27.01.2021,paguar cash n.laknori,fat.797/2025 7.4.25,fat 949/2025,7.4.25,fat 128 7.4.25,17,Ministria e Mbrojtjes,1017001,Aparati i Ministrise se Mbrojtjes (3535),6061005,Kompensime speciale te tjera,BANKA CREDINS,15287.00,4/9/2025 12:00:00 AM,4/14/2025 12:00:00 AM
 Pogradec,23321360012025,2136001,Bashkia Pogradec likujdon qera toke dhjetor 2024,VKB nr.64 dt.22.06.2022,konf prefekture nr.631/1 dt.06.07.2022,kontrate nr.488/7 dt.06.09.2022,PVMD dt.31.12.2024,LP nr.117 dt.10.04.2025,0,Unspecified,2136001,Bashkia Pogradec (1529),6026100,Shpenzime per qiramarrje ambjentesh,RAIFFEISEN BANK SH.A,66300.00,4/11/2025 12:00:00 AM,4/14/2025 12:00:00 AM
 Korçe,23410130192025,1013019 DR.SPITALORE KORCE SHPENZIME UDHETIMI,DIETA MUAJI SHKURT 2025 SIPAS LISTEPAGESE,13,Ministria e Shendetesise dhe Mbrojtjes Sociale,1013019,Spitali Korce (1515),6024100,Udhetim i brendshem,RAIFFEISEN BANK SH.A,138240.00,4/11/2025 12:00:00 AM,4/14/2025 12:00:00 AM
 Tirane,23410170012025,1017001,Ministria e Mbrojtjes, LISTPAGESA ,PRILL 2025, paga kalimtare,umm 2453,11.12.2024, ligji 8097 i ndyrshuar,17,Ministria e Mbrojtjes,1017001,Aparati i Ministrise se Mbrojtjes (3535),6001001,Paga neto për punonjesit e miratuar në organikë,BANKA CREDINS,117156.00,4/9/2025 12:00:00 AM,4/14/2025 12:00:00 AM
 Durres,23421070082025,2107008/QENDRA EKONOMIKE E ARSIMIT / BLERJE VESHJE FAT 22,0,Unspecified,2107008,Qendra Ekonomike e Arsimit (0707),6020100,Kancelari,XH - N - SH GROUP,514560.00,4/11/2025 12:00:00 AM,4/14/2025 12:00:00 AM
 Korçe,23510130192025,1013019 DR.SPITALORE KORCE SHPENZIME UDHETIMI,DIETA MUAJI SHKURT 2025 SIPAS LISTEPAGESE,13,Ministria e Shendetesise dhe Mbrojtjes Sociale,1013019,Spitali Korce (1515),6024100,Udhetim i brendshem,BANKA KOMBETARE TREGTARE,13900.00,4/11/2025 12:00:00 AM,4/14/2025 12:00:00 AM
 Durres,23521070082025,2107008/QENDRA EKONOMIKE E ARSIMIT / BLERJE BULMET KONT NR.3614/46 DT.21.08.2024 FAT.NR 891,0,Unspecified,2107008,Qendra Ekonomike e Arsimit (0707),6021004,Furnizime dhe sherbime me ushqim per mencat,4 S,534603.00,4/11/2025 12:00:00 AM,4/14/2025 12:00:00 AM
 Korçe,23610130192025,1013019 DR.SPITALORE KORCE SHPENZIME UDHETIMI,DIETA MUAJI SHKURT 2025 SIPAS LISTEPAGESE,13,Ministria e Shendetesise dhe Mbrojtjes Sociale,1013019,Spitali Korce (1515),6024100,Udhetim i brendshem,BANKA E TIRANES,24980.00,4/11/2025 12:00:00 AM,4/14/2025 12:00:00 AM
 Durres,23621070082025,2107008/QENDRA EKONOMIKE E ARSIMIT /ENERGJI LIK FAT 1987 KONT C055844,0,Unspecified,2107008,Qendra Ekonomike e Arsimit (0707),6022001,Elektricitet,FURNIZUESI I SHERBIMIT UNIVERSAL,340.00,4/11/2025 12:00:00 AM,4/14/2025 12:00:00 AM
 Tirane,23710120012025,1012001 MEKI,bileta avioni N.Boka,Tirane Gjeneve Tirane,fature 692/2025 dt 20.3.2025,urdher 356 dt 20.3.2025,ftese oferte 4240/4 dt 20.3.2025,njoftim fituesi dt 20.3.25,autorizim 4240/1 dt 20.3.25,bileta elektronike,shkres 4240/6 dt 21.3.25,12,Ministria e Ekonomise, Kultures dhe Inovacionit,1012001,Aparati i Ministrise se Ekonomise, Kultures dhe Inovacionit (3535),6024201,Shpenzime per udhetime jashte shtetit,2 FELEQI,41990.00,4/8/2025 12:00:00 AM,4/14/2025 12:00:00 AM
 Durres,23721070082025,2107008/QENDRA EKONOMIKE E ARSIMIT /ENERGJI LIK FAT 4058 KONT DUOA020384019092,0,Unspecified,2107008,Qendra Ekonomike e Arsimit (0707),6022001,Elektricitet,FURNIZUESI I SHERBIMIT UNIVERSAL,52506.00,4/11/2025 12:00:00 AM,4/14/2025 12:00:00 AM
 Tirane,23810120012025,1012001 MEKI,bileta avioni S.Duma,Tirane Gjeneve Tirane,fature 710/2025 dt 28.3.2025,urdher 386 dt 28.3.2025,ftese oferte 4527/4 dt 28.3.2025,njoftim fituesi dt 28.3.25,autorizim 4527/1 dt 28.3.25,bileta elektronike,shkres 4527/6 dt 3.4.25,12,Ministria e Ekonomise, Kultures dhe Inovacionit,1012001,Aparati i Ministrise se Ekonomise, Kultures dhe Inovacionit (3535),6024201,Shpenzime per udhetime jashte shtetit,2 FELEQI,52890.00,4/8/2025 12:00:00 AM,4/14/2025 12:00:00 AM
 Durres,23821070082025,2107008/QENDRA EKONOMIKE E ARSIMIT /UJE FAT.NR 2503-1201464,0,Unspecified,2107008,Qendra Ekonomike e Arsimit (0707),6022002,Uje,SHOQERIA RAJONALE UJESJELLES KANALIZIME DURRES SH A,960.00,4/11/2025 12:00:00 AM,4/14/2025 12:00:00 AM
 Tirane,23910120012025,1012001 MEKI,qera ambienti Piramida,sherbim mirembajtje,fature 279/2025 dt 4.4.2025,kontrate nr 11829/4 dt 14.11.2024,memo 11829/1 dt 8.10.2024,memo 11829/3 dt 6.11.2024,shkrese 9028 dt 11.7.24,shkres 10445 dt 21.8.24,shkres 11829 dt26.9.24,12,Ministria e Ekonomise, Kultures dhe Inovacionit,1012001,Aparati i Ministrise se Ekonomise, Kultures dhe Inovacionit (3535),6025300,Shpenzime per mirembajtjen e objekteve ndertimore,QENDRA '' PIRAMIDA '',480370.00,4/8/2025 12:00:00 AM,4/14/2025 12:00:00 AM
 Durres,23921070082025,2107008/QENDRA EKONOMIKE E ARSIMIT /UJE FAT.NR 2503-8022599  KONT NR.8022599,0,Unspecified,2107008,Qendra Ekonomike e Arsimit (0707),6022002,Uje,SHOQERIA RAJONALE UJESJELLES KANALIZIME DURRES SH A,1668.00,4/11/2025 12:00:00 AM,4/14/2025 12:00:00 AM
 Bulqize,2410100032025,Thesari Bulqize (1010003) likujdim shpenzime telefoni per abonentin nr.310001836065 mars 2025. fat nr.411342/2025. date 04.04.2025.,10,Ministria e Financave dhe Ekonomise,1010003,Dega e Thesarit Bulqize (0603),6022003,Sherbime telefonike,ONE ALBANIA,1920.00,4/11/2025 12:00:00 AM,4/14/2025 12:00:00 AM
 Tirane,2410112232025,1011223 KOKSH - pag posta mars 2025, ft nr 630547 dt 3.4.2025,11,Ministria e Arsimit Sportit dhe Rinise,1011223,K.O.K Shqiptar (3535),6044006,Transferta per klubet dhe asociacionet e sportit,POSTA SHQIPTARE SH.A,330.00,4/11/2025 12:00:00 AM,4/14/2025 12:00:00 AM
 Durres,2410140172025,1014017/ZYRA VENDORE PERMBARIMORE DURRES /SHPENZIME TELEFONI FATURE NR 429835810 DT 31.3.2025,14,Ministria e Drejtesise,1014017,Zyra Përmbarimore Vendore Durrës (0707),6022003,Sherbime telefonike,ONE ALBANIA,3000.00,4/11/2025 12:00:00 AM,4/14/2025 12:00:00 AM
 Tirane,24110120012025,1012001 MEKI,qera ambienteve per sistemimin punonjesve te MEKI per periudhen 12.02.2025-12.03.2025.listepages dt 7.4.25,kontrat 3138/12 dt 12.7.24,memo 3138/10 dt 4.7.24,pv  3138/9 dt 3.7.24,urdher 134 dt 18.3.24,ligj 162/2020,ligj 44/2015,12,Ministria e Ekonomise, Kultures dhe Inovacionit,1012001,Aparati i Ministrise se Ekonomise, Kultures dhe Inovacionit (3535),6026101,Shpenzime per qiramarrje ambientesh zyre te institucioneve,RAIFFEISEN BANK SH.A,3266550.00,4/9/2025 12:00:00 AM,4/14/2025 12:00:00 AM
 Tirane,24210120012025,1012001 MEKI,energji elektrike Mars 2025,nr kontrate P027933,nr fature 250402014545 dt 29.03.2025,kodi i klientit AL0027933,nr i matesit 41318896,12,Ministria e Ekonomise, Kultures dhe Inovacionit,1012001,Aparati i Ministrise se Ekonomise, Kultures dhe Inovacionit (3535),6022001,Elektricitet,FURNIZUESI I SHERBIMIT UNIVERSAL,88670.00,4/8/2025 12:00:00 AM,4/14/2025 12:00:00 AM
 Tirane,24310120012025,1012001 MEKI,energji elektrike Mars 2025,nr kontrate P638604,nr fatures 250402014526 dt 29.03.2025,kodi i klientit TR2P020059638604,nr matesit 251826073,12,Ministria e Ekonomise, Kultures dhe Inovacionit,1012001,Aparati i Ministrise se Ekonomise, Kultures dhe Inovacionit (3535),6022001,Elektricitet,FURNIZUESI I SHERBIMIT UNIVERSAL,340.00,4/8/2025 12:00:00 AM,4/14/2025 12:00:00 AM
 Tirane,24510120012025,1012001MEKI,pagat e punonjesve DPZAM,Mars 2025,permbledh borderoje 08.04.2025,listepag 08.04.2025,nr fakt 1 strukture,12,Ministria e Ekonomise, Kultures dhe Inovacionit,1012001,Aparati i Ministrise se Ekonomise, Kultures dhe Inovacionit (3535),6001001,Paga neto për punonjesit e miratuar në organikë,BANKA KOMBETARE TREGTARE,147691.00,4/9/2025 12:00:00 AM,4/14/2025 12:00:00 AM
 Tirane,24610120012025,1012001 MEKI,pagat e punonjesve  DPZAM Mars 2025,permbledh borderoje 08.04.2025,listepag 08.04.2025,nr fakt 1 strukture,12,Ministria e Ekonomise, Kultures dhe Inovacionit,1012001,Aparati i Ministrise se Ekonomise, Kultures dhe Inovacionit (3535),6001001,Paga neto për punonjesit e miratuar në organikë,Banka OTP Albania,49473.00,4/9/2025 12:00:00 AM,4/14/2025 12:00:00 AM
 Tirane,24610260012025,1026001 MTM parafinancim pr Clod Fest. Urdher 19 dt 14.01.2025, udhezim 2 dt 28.05.2024, kontrate 2556 dt 02.04.2025, fature 13 dt 04.04.2025,26,Ministria e Turizmit dhe Mjedisit,1026001,Aparati i Ministrise se Turizmit dhe Mjedisit (3535),6040009,Te tjera transferime korrente,SHOQATA "KREO",9000000.00,4/9/2025 12:00:00 AM,4/14/2025 12:00:00 AM
 Tirane,24710120012025,1012001 MEKI,perkthim zyrtar i proj marreveshjes midis Keshillit Ministrave RSH dhe Qeverise Rep Kazakistanit,fat 15/2025 dt7.3.25,urdh254 dt25.2.25,ftes of 3150/3 dt25.2.25,njoft fitues dt3.3.25,pv dt 5.3.25,urdh299 dt5.3.25,dok perkthyer,12,Ministria e Ekonomise, Kultures dhe Inovacionit,1012001,Aparati i Ministrise se Ekonomise, Kultures dhe Inovacionit (3535),6021099,Te tjera materiale dhe sherbime speciale,Rezarta Gjyla,49400.00,4/9/2025 12:00:00 AM,4/14/2025 12:00:00 AM
 Tirane,24810120012025,1012001 MEKI,sherbim ruajtjes dhe sigurise fizike te objektit MEKI per periudhen 01.12.2024-31.12.2024,fature 4013/2024 dt 31.12.2024,amendim kontrate 3330/5 dt 26.9.2024,proces verbal dt 31.12.2024,grafik sherbimesh,vkm 177 dt 4.4.2019,12,Ministria e Ekonomise, Kultures dhe Inovacionit,1012001,Aparati i Ministrise se Ekonomise, Kultures dhe Inovacionit (3535),6022008,Sherbime te sigurimit dhe ruajtjes,Illyrian Guard,703320.00,4/10/2025 12:00:00 AM,4/14/2025 12:00:00 AM
 Tirane,25010260012025,1026001 MTM rimburrsim TVSH SA Creativity. urdher 132 dt 04.04.2025, memo 950 dt 04.02.2025, memo 2628 dt 04.04.2025, kontrate 4062/4 dt 05.08.2024, fature 19 dt 27.01.2025,26,Ministria e Turizmit dhe Mjedisit,1026001,Aparati i Ministrise se Turizmit dhe Mjedisit (3535),2310500,Shpenz. per rritjen e te tjera AQT,PIK,272495.00,4/9/2025 12:00:00 AM,4/14/2025 12:00:00 AM
 Bulqize,2510100032025,Thesari Bulqize (1010003) likujdim sherbime postare mars 2025,fat nr.48/2025 dt.04.04.2025.,10,Ministria e Financave dhe Ekonomise,1010003,Dega e Thesarit Bulqize (0603),6022004,Posta dhe sherbimi korrier,POSTA SHQIPTARE SH.A,560.00,4/11/2025 12:00:00 AM,4/14/2025 12:00:00 AM
 Tirane,2510112232025,1011223 KOKSH - pag antaresim 2025, urdh nr 155 dt 10.4.2025, invoic nr 01/2025 dt 8.1.2025, transf(520EUR*98.92),11,Ministria e Arsimit Sportit dhe Rinise,1011223,K.O.K Shqiptar (3535),6044006,Transferta per klubet dhe asociacionet e sportit,RAIFFEISEN BANK SH.A,58338.00,4/11/2025 12:00:00 AM,4/14/2025 12:00:00 AM
 Tirane,2510140432025,1014043 Zyra e permbTirane 2025, lik dieta brenda vendit, urdher nr 31,32 dt 12.3.2025 urdher nr 34 dt 18.3.2025 urdher nr 34 dt 18.3.2025 urdher nr 37 dt 21.3.2025 listepagese,14,Ministria e Drejtesise,1014043,Zyra e Permbarimit Tirane (3535),6024100,Udhetim i brendshem,RAIFFEISEN BANK SH.A,7000.00,4/11/2025 12:00:00 AM,4/14/2025 12:00:00 AM
 Tirane,25110260012025,1026001 MTM rimburrsim TVSH SA Creativity. urdher 133 dt 04.04.2025, memo 950 dt 04.02.2025, memo 2628 dt 04.04.2025, kontrate 4719/10 dt 30.08.2024, fature 1 dt 07.01.2025,26,Ministria e Turizmit dhe Mjedisit,1026001,Aparati i Ministrise se Turizmit dhe Mjedisit (3535),2310500,Shpenz. per rritjen e te tjera AQT,2H-Construction,1894875.00,4/9/2025 12:00:00 AM,4/14/2025 12:00:00 AM
 Tirane,25110900012025,1090001 KPP 2025 - Shp dieta jashte vendit,Urdh nr 210 dt 27.03.2025,Urdh sherb jashte vendit nr 821/7,nr 821/8 , nr 821/9 dt 09.04.2025,Autorzim nr 946 dt 10.04.2025,Kursi i kembimit 1 euro=101.7 ALL,90,Komisioni i Prokurimit Publik,1090001,Komisioni i Prokurimit Publik (3535),6022007,Sherbimet bankare,RAIFFEISEN BANK SH.A,165830.00,4/11/2025 12:00:00 AM,4/14/2025 12:00:00 AM
 Lushnje,25221470012025,2147001 Bashkia Divjake, Sa lik. blerje binderi per asfaltimin e rrugeve urbane te bashkise, fat.nr.530-532 dt.19.10.2023, FH nr.336-338 dt.19.10.2023, PV marrje dorezim dt.19.10.2023, Kontr.nr.772/16 dt.26.04.2023,0,Unspecified,2147001,Bashkia Divjake (0922),2313100,Shpenz. per rritjen e AQT - konstruksione te rrugeve,BI-SERVIS,575271.37,4/11/2025 12:00:00 AM,4/14/2025 12:00:00 AM
 Tirane,25310260012025,1026001 MTM qeramarrje automjeti. Kontr ne vazhdim nr 739/3 dt 31.01.2025, urdh prok 35 dt 28.01.2025,ftese oferte 739/1 dt 28.01.2025,njoft fiteusi 29.01.2025, fat 4946 dt 02.04.2025, kerk lik 2626 dt 04.04.2025,26,Ministria e Turizmit dhe Mjedisit,1026001,Aparati i Ministrise se Turizmit dhe Mjedisit (3535),6023900,Shpenzime te tjera transporti,AUTO STAR ALBANIA,99992.00,4/9/2025 12:00:00 AM,4/14/2025 12:00:00 AM
 Tirane,25410260012025,1026001 MTM roje Mars 2025, Kontrate ne vazhdim 323 dt 13.01.2025, fature 986 dt 31.03.2025, PV konfirmimi 01.04.2025, memo 2625 dt 04.04.2025,26,Ministria e Turizmit dhe Mjedisit,1026001,Aparati i Ministrise se Turizmit dhe Mjedisit (3535),6022008,Sherbime te sigurimit dhe ruajtjes,Illyrian Guard,668254.00,4/9/2025 12:00:00 AM,4/14/2025 12:00:00 AM
 Lushnje,25621470012025,2147001 Bashkia Divjake per sa lik blerje binderi per asfaltimin e rrugeve urbane, fat.nr.97-98 dt.04.12.2024, FH nr.266-267 dt.04.12.2024, PV marrje dorezim dt.04.12.2024, Kontr.nr.2858/19 dt.18.7.2024,0,Unspecified,2147001,Bashkia Divjake (0922),2313100,Shpenz. per rritjen e AQT - konstruksione te rrugeve,BI-SERVIS,566580.00,4/11/2025 12:00:00 AM,4/14/2025 12:00:00 AM
 Lushnje,25721470012025,2147001 Bashkia Divjake per sa lik blerje binderi per asfaltimin e rrugeve urbane, fat.nr.99-100 dt.04.12.2024, FH nr.268-269 dt.04.12.2024, PV marrje dorezim dt.04.12.2024, Kontr.nr.2858/19 dt.18.7.2024,0,Unspecified,2147001,Bashkia Divjake (0922),2313100,Shpenz. per rritjen e AQT - konstruksione te rrugeve,BI-SERVIS,566580.00,4/11/2025 12:00:00 AM,4/14/2025 12:00:00 AM
 Lushnje,25821470012025,2147001 Bashkia Divjake per sa lik blerje binderi per asfaltimin e rrugeve urbane, fat.nr.101-102 dt.04.12.2024, FH nr.270-271 dt.04.12.2024, PV marrje dorezim dt.04.12.2024, Kontr.nr.2858/19 dt.18.7.2024,0,Unspecified,2147001,Bashkia Divjake (0922),2313100,Shpenz. per rritjen e AQT - konstruksione te rrugeve,BI-SERVIS,566580.00,4/11/2025 12:00:00 AM,4/14/2025 12:00:00 AM
 Lushnje,25921470012025,2147001 Bashkia Divjake per sa lik pagesat keshilltare dhe kryetare fshatrash sipas listepageses Mars 2025,0,Unspecified,2147001,Bashkia Divjake (0922),6029006,Shpenzime kompesimi per anetaret e parlamentit dhe zyrtare te tjera te zgjedhur,RAIFFEISEN BANK SH.A,797640.00,4/11/2025 12:00:00 AM,4/14/2025 12:00:00 AM
 Lushnje,26021470012025,2147001 Bashkia Divjake per sa lik pagesat keshilltare dhe kryetare fshatrash sipas listepageses Mars 2025,0,Unspecified,2147001,Bashkia Divjake (0922),6029006,Shpenzime kompesimi per anetaret e parlamentit dhe zyrtare te tjera te zgjedhur,UNION BANK SHA,267835.00,4/11/2025 12:00:00 AM,4/14/2025 12:00:00 AM
 Bulqize,2610100032025,Thesari Bulqize (1010003) likujdim shpenzime uje i pijshem mars 2025,fat nr.94221 dt.01.04.2025.,10,Ministria e Financave dhe Ekonomise,1010003,Dega e Thesarit Bulqize (0603),6022002,Uje,Shoqeria Rajonale Ujesjelles Kanalizime Diber Sha,782.00,4/11/2025 12:00:00 AM,4/14/2025 12:00:00 AM
 Tirane,2610111652025,1011165-Fak Mjekesise Vetrinare 2025-Bursa studentesh ne nevoje,VBA 46 dt 16.12.24,VBA 5 dt 11.2.25,VBA 14 dt 6.3.2025,listpagese,11,Ministria e Arsimit Sportit dhe Rinise,1011165,Universiteti Bujqesor - Fakulteti i Mjekesise Veterinare (3535),6061021,Bursa,RAIFFEISEN BANK SH.A,624999.00,4/11/2025 12:00:00 AM,4/14/2025 12:00:00 AM
 Tirane,2610112232025,1011223 KOKSH - pag antaresim EOA 2025, urdh nr 156 dt 10.4.2025, invoic nr 2/2025 dt 12.2.2025, transf(500EUR*98.92),11,Ministria e Arsimit Sportit dhe Rinise,1011223,K.O.K Shqiptar (3535),6044006,Transferta per klubet dhe asociacionet e sportit,RAIFFEISEN BANK SH.A,56360.00,4/11/2025 12:00:00 AM,4/14/2025 12:00:00 AM
 Lushnje,26121470012025,2147001 Bashkia Divjake per sa lik pagesat keshilltare dhe kryetare fshatrash sipas listepageses Mars 2025,0,Unspecified,2147001,Bashkia Divjake (0922),6029006,Shpenzime kompesimi per anetaret e parlamentit dhe zyrtare te tjera te zgjedhur,Banka OTP Albania,41055.00,4/11/2025 12:00:00 AM,4/14/2025 12:00:00 AM
 Lushnje,26221470012025,2147001 Bashkia Divjake per sa lik pagesat keshilltare dhe kryetare fshatrash sipas listepageses Mars 2025,0,Unspecified,2147001,Bashkia Divjake (0922),6029006,Shpenzime kompesimi per anetaret e parlamentit dhe zyrtare te tjera te zgjedhur,POSTA SHQIPTARE SH.A,19550.00,4/11/2025 12:00:00 AM,4/14/2025 12:00:00 AM
 Lushnje,26321470012025,2147001 Bashkia Divjake per sa lik sherbim interneti per bashkine dhe njesite adm., fat.nr.95 dt.21.06.2024, nr.138 dt.21.08.2024, situacion sherbimi nr.1 dt.221.06.2024, nr.3 dt.21.08.2024, Kontr.nr.3731/6 dt.21.05.2024,0,Unspecified,2147001,Bashkia Divjake (0922),6022003,Sherbime telefonike,ENIAN GJEKA,63600.00,4/11/2025 12:00:00 AM,4/14/2025 12:00:00 AM
 Lushnje,26421470012025,2147001 Bashkia Divjake per sa lik sherbim interneti per bashkine dhe njesite adm., fat.nr.190 dt.21.11.2024, situacion sherbimi nr.6 dt.21.11.2024, Kontr.nr.3731/6 dt.21.05.2024,0,Unspecified,2147001,Bashkia Divjake (0922),6022003,Sherbime telefonike,ENIAN GJEKA,31800.00,4/11/2025 12:00:00 AM,4/14/2025 12:00:00 AM
 Lushnje,26521470012025,2147001 Bashkia Divjake per sa lik Ndertim ambulance ne fshatin Kamenice (Tip A-2),fat.nr.60 dt.04.04.2025,sit.perfundimtar,akt kolaudimi dt.26.12.2024,akt dorezimi dt.27.12.2024,akt dhurimi dt.31.12.24,Akt marreveshje nr.5376 dt.09.07.2024,0,Unspecified,2147001,Bashkia Divjake (0922),2312105,Shpenz. per rritjen e AQT - ndertesa shendetesore,SHOQ. GJYSEMH. E KUQ. TE EMIR.ARABE,376348.00,4/11/2025 12:00:00 AM,4/14/2025 12:00:00 AM
 Lushnje,26621470012025,2147001 Bashkia Divjake per sa lik Ndertim ambulance ne fshatin Remas (Tip A-2),fat.nr.61 dt.04.04.2025,sit.perfundimtar,akt kolaudimi dt.04.12.2024,akt dorezimi dt.06.12.2024,akt dhurimi dt.31.12.24,Akt marreveshje nr.7664 dt.16.10.2024,0,Unspecified,2147001,Bashkia Divjake (0922),2312105,Shpenz. per rritjen e AQT - ndertesa shendetesore,SHOQ. GJYSEMH. E KUQ. TE EMIR.ARABE,376348.00,4/11/2025 12:00:00 AM,4/14/2025 12:00:00 AM
 Shkoder,26910121242025,1012124,Drejtoria Rajonale AKPA Shkoder, sig shoq,VKM 17 dt 15.01.2020 , konf nr 127/1 dt 29.01.2025, ud 3 dt 11.3.25, marr 285/2 dt 12.6.24, pv 276 dt 4.4.25, listpag 276/1 dt 4.4.25,12,Ministria e Ekonomise, Kultures dhe Inovacionit,1012124,Drejtori Rajonale AKPA Shkoder (3333),6031200,Subvencion per te nxitur punesimin (Sigurime Shoqerore&Shendetesore),"ÇULIQI - SHKODER",6680.00,4/11/2025 12:00:00 AM,4/14/2025 12:00:00 AM
 Shkoder,27010121242025,1012124,Drejtoria Rajonale AKPA Shkoder,paga+ sig shoq,VKM 17 dt 15.01.2020 , konf nr 127/1 dt 29.01.2025, ud 3 dt 11.3.25, marr 367/2 dt 17.7.24, pv 277 dt 4.4.25, listpag 277/1 dt 4.4.25,12,Ministria e Ekonomise, Kultures dhe Inovacionit,1012124,Drejtori Rajonale AKPA Shkoder (3333),6031100,Subvencion per te nxitur punesimin (Paga),Estela Nika,28498.00,4/11/2025 12:00:00 AM,4/14/2025 12:00:00 AM
 Tirane,2710111652025,1011165-Fak Mjekesise Vetrinare 2025-Bursa studentesh me mesatare 9-10 Shkurt 2025,VBA 49 dt 16.12.24,listpagese,11,Ministria e Arsimit Sportit dhe Rinise,1011165,Universiteti Bujqesor - Fakulteti i Mjekesise Veterinare (3535),6061021,Bursa,RAIFFEISEN BANK SH.A,250000.00,4/11/2025 12:00:00 AM,4/14/2025 12:00:00 AM
 Bulqize,2710130252025,NJ.V.K.SH Bulqize (1013025) likujdim energji elektrike mars 2025 per abonentin nr.B28102, fatura nr.4630957 dt.10.04.2025.,13,Ministria e Shendetesise dhe Mbrojtjes Sociale,1013025,Njësia Vendore e Kujdesit Shëndetësor Bulqizë (0603),6022001,Elektricitet,FURNIZUESI I SHERBIMIT UNIVERSAL,72592.00,4/11/2025 12:00:00 AM,4/14/2025 12:00:00 AM
 Berat,2710500032025,1050003 Statistika Berat, paguar dieta sipas email dhe autorizime, listepageses bashkelidhur,50,Instituti Statistikes,1050003,Dega e Instat rrethi Berat (0202),6024100,Udhetim i brendshem,BANKA KOMBETARE TREGTARE,6770.00,4/11/2025 12:00:00 AM,4/14/2025 12:00:00 AM
 Shkoder,27110121242025,1012124,Drejtoria Rajonale AKPA Shkoder, sig shoq,VKM 17 dt 15.01.2020 , konf nr 127 dt 29.01.2025, ud 3 dt 11.3.25, marr 428/2 dt 16.8.24, pv 278 dt 4.4.25, listpag 278/1 dt 4.4.25,12,Ministria e Ekonomise, Kultures dhe Inovacionit,1012124,Drejtori Rajonale AKPA Shkoder (3333),6031200,Subvencion per te nxitur punesimin (Sigurime Shoqerore&Shendetesore),Enea Sala,6680.00,4/11/2025 12:00:00 AM,4/14/2025 12:00:00 AM
 Shkoder,27310121242025,1012124,Drejtoria Rajonale AKPA Shkoder,sig shoq,VKM 17 dt 15.01.2020 , konf nr 127 dt 29.01.2025, ud 3 dt 11.3.25, marr 340/2 dt 9.7.24, pv 280 dt 4.4.25, listpag 280/1 dt 4.4.25,12,Ministria e Ekonomise, Kultures dhe Inovacionit,1012124,Drejtori Rajonale AKPA Shkoder (3333),6031200,Subvencion per te nxitur punesimin (Sigurime Shoqerore&Shendetesore),EJ & BI,13360.00,4/11/2025 12:00:00 AM,4/14/2025 12:00:00 AM
 Shkoder,27410121242025,1012124,Drejtoria Rajonale AKPA Shkoder,paga+ sig shoq,VKM 17 dt 15.01.2020 , konf nr 127, 127/1 dt 29.01.2025, ud 3 dt 11.3.25, marr 326/2 dt 28.6.24, pv 281, 282 dt 4.4.25, listepag 2282/1 dt 4.4.25,12,Ministria e Ekonomise, Kultures dhe Inovacionit,1012124,Drejtori Rajonale AKPA Shkoder (3333),6031100,Subvencion per te nxitur punesimin (Paga),Xhulian Paloka,16997.00,4/11/2025 12:00:00 AM,4/14/2025 12:00:00 AM
 Vlore,27410121252025,1012125 ZYRA E PUNE VLORE PAGA PUNA NE KOMUNITET QEND.KULT.SHKURT 2025 VKM 535 2025 VLORA ME BORDERO,12,Ministria e Ekonomise, Kultures dhe Inovacionit,1012125,Drejtori Rajonale AKPA Vlorë (3737),6031100,Subvencion per te nxitur punesimin (Paga),BANKA CREDINS,295551.00,4/11/2025 12:00:00 AM,4/14/2025 12:00:00 AM
 Vlore,27510111362025,3737 UNVERSITETI ISMAIL QEMALI 1011136  RETURN BUSINESS CLUB KOMISON 50 EURO KURSI KEMB 99.45 BANK OF GREECE BIC;BNGRGRAA IBAN GR9201000130000007100157260 KERKES KTHM FONDI 1039 DT 2.4.2025 ACCOUNT NAME MINISTRY OF FINANCE GENERAL AC OFIC,11,Ministria e Arsimit Sportit dhe Rinise,1011136,Universiteti "I.Qemali", Vlore (3737),6021099,Te tjera materiale dhe sherbime speciale,BANKA KOMBETARE TREGTARE,1017216.00,4/11/2025 12:00:00 AM,4/14/2025 12:00:00 AM
 Shkoder,27510121242025,1012124 Drejtoria Rajonale AKPA Shkoder, sig shoq, VKM 17 dt15.01.20, konf nr 127 dt29.01.25, urdh nr 3 dt 11.03.25, marr 636/2 dt 08.11.24, pv 282 dt 04.04.25, listpag 282/1 dt 04.04.25,12,Ministria e Ekonomise, Kultures dhe Inovacionit,1012124,Drejtori Rajonale AKPA Shkoder (3333),6031200,Subvencion per te nxitur punesimin (Sigurime Shoqerore&Shendetesore),UJE PUKA,6680.00,4/11/2025 12:00:00 AM,4/14/2025 12:00:00 AM
 Vlore,27610111362025,3737 UNVERSITETI ISMAIL QEMALI 1011136 return PHAREM from university bank of greece bic BNGRGRAA iban GR 9201000130000007100157260 kursi 99.45,11,Ministria e Arsimit Sportit dhe Rinise,1011136,Universiteti "I.Qemali", Vlore (3737),6021099,Te tjera materiale dhe sherbime speciale,BANKA KOMBETARE TREGTARE,1691532.00,4/11/2025 12:00:00 AM,4/14/2025 12:00:00 AM
 Shkoder,27610121242025,1012124,Drejtoria Rajonale AKPA Shkoder, sig shoq,VKM 17 dt 15.01.2020 , konf nr 127 dt 29.01.2025, ud 3 dt 11.3.25, marr 682/2 dt 27.11.24, pv 283 dt 4.4.25, listpag 283/1 dt 4.4.25,12,Ministria e Ekonomise, Kultures dhe Inovacionit,1012124,Drejtori Rajonale AKPA Shkoder (3333),6031200,Subvencion per te nxitur punesimin (Sigurime Shoqerore&Shendetesore),"DODAJ 8+" SH.P.K,6680.00,4/11/2025 12:00:00 AM,4/14/2025 12:00:00 AM
 Vlore,27710121252025,1012125 ZYRA E PUNES VLORE  PAGA PUNA NE KOMUNITET BASHKIA SELENICE SHKURT 2025 VKM 535 ME BORDERO,12,Ministria e Ekonomise, Kultures dhe Inovacionit,1012125,Drejtori Rajonale AKPA Vlorë (3737),6031100,Subvencion per te nxitur punesimin (Paga),BANKA CREDINS,400836.00,4/11/2025 12:00:00 AM,4/14/2025 12:00:00 AM
 Vlore,27810121252025,1012125 ZYRA E PUNES VLORE PAGESE PAPUNESIE DELVINA MARS 2025,ME BORDERO,12,Ministria e Ekonomise, Kultures dhe Inovacionit,1012125,Drejtori Rajonale AKPA Vlorë (3737),6061002,Kompensim papunesie per personat e siguruar,BANKA KOMBETARE TREGTARE,83000.00,4/11/2025 12:00:00 AM,4/14/2025 12:00:00 AM
 Vlore,27910121252025,1012125 ZYRA E PUNES VLORE PAGES PAPUNESIE MARS 2025 DELVINA  ME BORDERO,12,Ministria e Ekonomise, Kultures dhe Inovacionit,1012125,Drejtori Rajonale AKPA Vlorë (3737),6061002,Kompensim papunesie per personat e siguruar,RAIFFEISEN BANK SH.A,56000.00,4/11/2025 12:00:00 AM,4/14/2025 12:00:00 AM
 Vlore,28010121252025,1012125 ZYRA E PUNES VLORE PAGES PAPUNESIE MARS 2025,ME BORDERO,12,Ministria e Ekonomise, Kultures dhe Inovacionit,1012125,Drejtori Rajonale AKPA Vlorë (3737),6061002,Kompensim papunesie per personat e siguruar,BANKA CREDINS,20060.00,4/11/2025 12:00:00 AM,4/14/2025 12:00:00 AM
 Tropoje,2810100362025,Dega Thesarit Tropoje energji kontrate T100353 date 28.03.2025,10,Ministria e Financave dhe Ekonomise,1010036,Dega e Thesarit Tropoje (1836),6022001,Elektricitet,FURNIZUESI I SHERBIMIT UNIVERSAL,9222.00,4/11/2025 12:00:00 AM,4/14/2025 12:00:00 AM
 Tirane,2810111652025,1011165-Fak Mjekesise Vetrinare 2025-Bursa studenteshShkurt 2025 student ne mbeshtetje financaire dege prioritareVKM 39 dt 23.1.2019,listpagese,11,Ministria e Arsimit Sportit dhe Rinise,1011165,Universiteti Bujqesor - Fakulteti i Mjekesise Veterinare (3535),6061021,Bursa,RAIFFEISEN BANK SH.A,10000.00,4/11/2025 12:00:00 AM,4/14/2025 12:00:00 AM
 Fier,2810121442025,Shk.Prof."Petro Sota" 1012144 internet Mars 2025 kontr. fat.290,12,Ministria e Ekonomise, Kultures dhe Inovacionit,1012144,Shk.Prof. "Petro Sota" Fier (0909),6022010,Sherbime te printimit dhe publikimit,Tele.co.Albania,10000.00,4/11/2025 12:00:00 AM,4/14/2025 12:00:00 AM
 Shkoder,2810131172025,1013117 Shp postare fat nr 4555/2025 dt 03.03.205 mungese firme te drej,13,Ministria e Shendetesise dhe Mbrojtjes Sociale,1013117,ISHSH Rajonal Shkoder (3333),6022004,Posta dhe sherbimi korrier,POSTA SHQIPTARE SH.A,1090.00,4/11/2025 12:00:00 AM,4/14/2025 12:00:00 AM
 Shkoder,28110121242025,1012124,Drejtoria Rajonale AKPA Shkoder, paga+ sig shoq,VKM 17 dt 15.01.2020 , konf nr 127/1 dt 29.01.2025, ud 3 dt 11.3.25, marr 310/1 dt 28.6.24, pv 289 dt 4.4.25, listepag  289/1 dt 04.04.2025,12,Ministria e Ekonomise, Kultures dhe Inovacionit,1012124,Drejtori Rajonale AKPA Shkoder (3333),6031100,Subvencion per te nxitur punesimin (Paga),Andi Gurashi,8498.00,4/11/2025 12:00:00 AM,4/14/2025 12:00:00 AM
 Vlore,28110121252025,1012125 ZYRA E PUNES VLORE PAGES PAPUNESIE MARS  2025 ME BORDERO,12,Ministria e Ekonomise, Kultures dhe Inovacionit,1012125,Drejtori Rajonale AKPA Vlorë (3737),6061002,Kompensim papunesie per personat e siguruar,BANKA AMERIKANE E INVESTIMEVE SHA	,20000.00,4/11/2025 12:00:00 AM,4/14/2025 12:00:00 AM
 Librazhd,28121280012025,BASHKIA LIBRAZHD,LIK.FAT.NR.50/2025 DT.02.04.2025 SHERBIM POSTAR MUAJI MARS 2025,0,Unspecified,2128001,Bashkia Librazhd (0821),6022004,Posta dhe sherbimi korrier,POSTA SHQIPTARE SH.A,162632.00,4/11/2025 12:00:00 AM,4/14/2025 12:00:00 AM
 Vlore,28210121252025,1012125 ZYRA E PUNES VLORE PAGES PAPUNESIE MARS 2025 ME BORDERO,12,Ministria e Ekonomise, Kultures dhe Inovacionit,1012125,Drejtori Rajonale AKPA Vlorë (3737),6061002,Kompensim papunesie per personat e siguruar,UNION BANK SHA,78000.00,4/11/2025 12:00:00 AM,4/14/2025 12:00:00 AM
 Berat,28210130642025,1013064 Spitali Berat   debitor  sipas urdherit nr 2724,13,Ministria e Shendetesise dhe Mbrojtjes Sociale,1013064,Qëndra Spitalore Rajonale Berat (0202),6001001,Paga neto për punonjesit e miratuar në organikë,ZYBER SHEHU,20000.00,4/11/2025 12:00:00 AM,4/14/2025 12:00:00 AM
 Librazhd,28221280012025,BASHKIA LIBRAZHD,LIK.FAT.NR.126/2025 DT. 29.03.2025 BLERJE BUKE CERDHE KOPSHTE SIPAS KON. NR.757 DT.06/02/2025,0,Unspecified,2128001,Bashkia Librazhd (0821),6021004,Furnizime dhe sherbime me ushqim per mencat,ASTRIT DOSKU,34885.00,4/11/2025 12:00:00 AM,4/14/2025 12:00:00 AM
 Shkoder,28310121242025,1012124,Drejtoria Rajonale AKPA Shkoder, sherbim pastrimi zyrave, kont 93/6 dt 22.1.25, fat 36/2025 dt 1.4.25, pv 93/10 dt 1.4.25, sit 93/11 dt 1.4.25,12,Ministria e Ekonomise, Kultures dhe Inovacionit,1012124,Drejtori Rajonale AKPA Shkoder (3333),6022009,Sherbime te pastrimit dhe gjelberimit,NewAge Distribution,56016.00,4/11/2025 12:00:00 AM,4/14/2025 12:00:00 AM
 Vlore,28310121252025,1012125 ZYRA E PUNES VLORE PAGESE PAPUNESIE MARS 2025,12,Ministria e Ekonomise, Kultures dhe Inovacionit,1012125,Drejtori Rajonale AKPA Vlorë (3737),6061002,Kompensim papunesie per personat e siguruar,BANKA E TIRANES,41000.00,4/11/2025 12:00:00 AM,4/14/2025 12:00:00 AM
 Berat,28310130642025,1013064 Spitali Berat   debitor  sipas urdherit nr 1101 dt 08.04.2022 shkresa ner 969 dt 28.03.202 vendimi nr 340 dt 26.03.2012,13,Ministria e Shendetesise dhe Mbrojtjes Sociale,1013064,Qëndra Spitalore Rajonale Berat (0202),6001001,Paga neto për punonjesit e miratuar në organikë,AA BAILIFF,20000.00,4/11/2025 12:00:00 AM,4/14/2025 12:00:00 AM
 Shkoder,28410121242025,1012124,Drejtoria Rajonale AKPA Shkoder, paga Bashkia Shkoder, vkm 535 dt 5.7.20, 241 dt 17.4.24, konf 97/1 dt 14.1.25, marr 481/4 dt 30.9.24, marr 481/5 dt 23.10.24, ud 4 dt 10.4.25, bord 291 dt 9.4.25, listpag 291/1 dt 9.4.25,12,Ministria e Ekonomise, Kultures dhe Inovacionit,1012124,Drejtori Rajonale AKPA Shkoder (3333),6031100,Subvencion per te nxitur punesimin (Paga),BANKA CREDINS,180000.00,4/11/2025 12:00:00 AM,4/14/2025 12:00:00 AM
 Vlore,28410121252025,1012125 ZYRA E PUNES VLORE PAGES PAPUNESIE MARS 2025 ME BORDERO,12,Ministria e Ekonomise, Kultures dhe Inovacionit,1012125,Drejtori Rajonale AKPA Vlorë (3737),6061002,Kompensim papunesie per personat e siguruar,Banka OTP Albania,80000.00,4/11/2025 12:00:00 AM,4/14/2025 12:00:00 AM
 Tirane,28410500012025,1050001 INSTAT ,lik anketa mars,urdher nr 504/1 dt 27.2.2025,VKM nr 422 dt 26.6.2024,listepagese,1.4.2025,50,Instituti Statistikes,1050001,Aparati Qendror INSTAT (3535),6022099,Sherbime te tjera,BANKA E TIRANES,19511.00,4/2/2025 12:00:00 AM,4/14/2025 12:00:00 AM
 Berat,28510130642025,1013064 Spitali Berat  mirembajtje automjetesh  ft nr 266 dt 19.03.2025 pv nr 1591 dt 17.03.2025 certifikat garancie ,situacion  per automjetet s ipas kontrats nr 177 dt 10.01.2025,13,Ministria e Shendetesise dhe Mbrojtjes Sociale,1013064,Qëndra Spitalore Rajonale Berat (0202),6025600,Shpenzime per mirembajtjen e mjeteve te transportit,ALSTEZO(J63208420N),179640.00,4/11/2025 12:00:00 AM,4/14/2025 12:00:00 AM
 Vlore,2851121252025,1012125 ZYRA E PUNES VLORE PAGES PAPUNESIE MARS 2025 ME BORDERO,12,Ministria e Ekonomise, Kultures dhe Inovacionit,1012125,Drejtori Rajonale AKPA Vlorë (3737),6061002,Kompensim papunesie per personat e siguruar,INTESA SANPAOLO BANK ALBANIA,162000.00,4/11/2025 12:00:00 AM,4/14/2025 12:00:00 AM
 Shkoder,28610121242025,1012124,Drejtoria Rajonale AKPA Shkoder, paga Bashkia Shkoder, vkm 535 dt 5.7.20, 241 dt 17.4.24, konf 97/1 dt 14.1.25, marr 481/4 dt 30.9.24, marr 481/5 dt 23.10.24, ud 4 dt 10.4.25, bord 291 dt 9.4.25, listpag 291/2 dt 9.4.25,12,Ministria e Ekonomise, Kultures dhe Inovacionit,1012124,Drejtori Rajonale AKPA Shkoder (3333),6031100,Subvencion per te nxitur punesimin (Paga),INTESA SANPAOLO BANK ALBANIA,60836.00,4/11/2025 12:00:00 AM,4/14/2025 12:00:00 AM
 Vlore,28610121252025,1012125 ZYRA E PUNES VLORE PAGESE PAPUNESIE ME BORDERO MARS 2025,ME BORDERO,12,Ministria e Ekonomise, Kultures dhe Inovacionit,1012125,Drejtori Rajonale AKPA Vlorë (3737),6061002,Kompensim papunesie per personat e siguruar,RAIFFEISEN BANK SH.A,124000.00,4/11/2025 12:00:00 AM,4/14/2025 12:00:00 AM
 Berat,28610130642025,1013064 Spitali Berat MEDIKAMENTE ft nr 15813 dt 20.03.2025 fh nr 121 dt 20.03.2025 pv nr 1662 dt 20.03.2025 kontrata nr 1657 dt 20.03.2025,13,Ministria e Shendetesise dhe Mbrojtjes Sociale,1013064,Qëndra Spitalore Rajonale Berat (0202),6021003,Ilaçe dhe materiale mjeksore,REJSI  FARMA,41513.00,4/11/2025 12:00:00 AM,4/14/2025 12:00:00 AM
 Shkoder,28710121242025,1012124,Drejtoria Rajonale AKPA Shkoder, paga Bashkia Shkoder, vkm 535 dt 5.7.20, 241 dt 17.4.24, konf 97/1 dt 14.1.25, marr 481/4 dt 30.9.24, marr 481/5 dt 23.10.24, ud 4 dt 10.4.25, bord 291 dt 9.4.25, listpag 291/3 dt 9.4.25,12,Ministria e Ekonomise, Kultures dhe Inovacionit,1012124,Drejtori Rajonale AKPA Shkoder (3333),6031100,Subvencion per te nxitur punesimin (Paga),Banka OTP Albania,18272.00,4/11/2025 12:00:00 AM,4/14/2025 12:00:00 AM
 Vlore,28710121252025,1012125 ZYRA E PUNES VLORE PAGESE PAPUNESIE VLORA MARS 2025,ME BORDERO,12,Ministria e Ekonomise, Kultures dhe Inovacionit,1012125,Drejtori Rajonale AKPA Vlorë (3737),6061002,Kompensim papunesie per personat e siguruar,BANKA KOMBETARE TREGTARE,94333.00,4/11/2025 12:00:00 AM,4/14/2025 12:00:00 AM
 Berat,28710130642025,1013064 Spitali Berat MEDIKAMENTE ft nr 3922 dt 20.03.2025  fh  nr 126 dt 26.03.2025 pv nr 1735 dt 26.03.2025,13,Ministria e Shendetesise dhe Mbrojtjes Sociale,1013064,Qëndra Spitalore Rajonale Berat (0202),6021003,Ilaçe dhe materiale mjeksore,FLORFARMA,43500.00,4/11/2025 12:00:00 AM,4/14/2025 12:00:00 AM
 Tirane,28710500012025,1050001 INSTAT ,lik anketa mars,urdher nr 2483/1 dt 31.12.2024,VKM nr 422 dt 26.6.2024,listepagese,1.4.2025,50,Instituti Statistikes,1050001,Aparati Qendror INSTAT (3535),6022099,Sherbime te tjera,BANKA CREDINS,526807.00,4/2/2025 12:00:00 AM,4/14/2025 12:00:00 AM
 Librazhd,28721280012025,BASHKIA LIBRAZHD,LIK.FAT.NR.2500196851 DT.09.04.2025 PAGESE TAKSA VJETORE PER AUTOMJETIN AB848JT VITI 2025,0,Unspecified,2128001,Bashkia Librazhd (0821),6023300,Shpenzimet e siguracionit te mjeteve te transportit,DREJT. PERGJ. E SHERB. TRANS. RRUG.,46776.00,4/11/2025 12:00:00 AM,4/14/2025 12:00:00 AM
 Shkoder,28810121242025,1012124,Drejtoria Rajonale AKPA Shkoder, paga Bashkia Shkoder, vkm 535 dt 5.7.20, 241 dt 17.4.24, konf 97/1 dt 14.1.25, marr 481/4 dt 30.9.24, marr 481/5 dt 23.10.24, ud 4 dt 10.4.25, bord 291 dt 9.4.25, listpag 291/4 dt 9.4.25,12,Ministria e Ekonomise, Kultures dhe Inovacionit,1012124,Drejtori Rajonale AKPA Shkoder (3333),6031100,Subvencion per te nxitur punesimin (Paga),BANGA E PARE E INVESTIMEVE,40000.00,4/11/2025 12:00:00 AM,4/14/2025 12:00:00 AM
 Vlore,28810121252025,1012125 ZYRA E PUNES VLORE PAGES PAPUNESIE MARS 2025 VLORA ME BORDERO,12,Ministria e Ekonomise, Kultures dhe Inovacionit,1012125,Drejtori Rajonale AKPA Vlorë (3737),6061002,Kompensim papunesie per personat e siguruar,BANKA CREDINS,604809.00,4/11/2025 12:00:00 AM,4/14/2025 12:00:00 AM
 Berat,28810130642025,1013064 Spitali Berat MEDIKAMENTE ft nr 31852 dt 27.03.2025 fh nr 135  dt 28.03.2025 pv nr 1781 dt 28.03.2025 kontrata nr 1747 dt 27.03.2025,13,Ministria e Shendetesise dhe Mbrojtjes Sociale,1013064,Qëndra Spitalore Rajonale Berat (0202),6021003,Ilaçe dhe materiale mjeksore,T R I M E D,83200.00,4/11/2025 12:00:00 AM,4/14/2025 12:00:00 AM
 Tirane,28810500012025,1050001 INSTAT ,lik anketa mars,urdher nr 2483/1 dt 31.12.2024,VKM nr 422 dt 26.6.2024,listepagese,1.4.2025,50,Instituti Statistikes,1050001,Aparati Qendror INSTAT (3535),6022099,Sherbime te tjera,BANKA KOMBETARE TREGTARE,99508.00,4/2/2025 12:00:00 AM,4/14/2025 12:00:00 AM
 Tirane,28910020012025,1002001-Kuvendi,   lik shp sherbim miremb sistem elektronik, marrev kuad 1922/21 dt 2.12.22, minikontrate 706/2 dt 1.3.2024vazhd, fat 1661/2025 dt 18.3.2025, raport dt 18.3.2025,2,Kuvendi,1002001,Kuvendi Popullor (3535),6025500,Shpenzime per mirembajtjen e aparateve, paisjeve teknike dhe veglave te punes,PC STORE,806305.00,4/10/2025 12:00:00 AM,4/14/2025 12:00:00 AM
 Vlore,28910121252025,1012125 ZYRA E PUNES VLORE PAGA PUNA NE KOMUNITET QEND KULTURORE VKM 353 VLORA ME BORDERO,12,Ministria e Ekonomise, Kultures dhe Inovacionit,1012125,Drejtori Rajonale AKPA Vlorë (3737),6031100,Subvencion per te nxitur punesimin (Paga),BANKA CREDINS,298279.00,4/11/2025 12:00:00 AM,4/14/2025 12:00:00 AM
 Tirane,29010020012025,1002001-Kuvendi,   lik shp siguracion karton jeshil, marrev kuad 4574/9 dt 8.1.25, vazhdim minikontrate 4574/16 dt 29.1.2025, fat 47551/2025 dt 18.3.2025, rap 4574/25 dt 26.3.25,2,Kuvendi,1002001,Kuvendi Popullor (3535),6023300,Shpenzimet e siguracionit te mjeteve te transportit,Albsig,18705.00,4/10/2025 12:00:00 AM,4/14/2025 12:00:00 AM
 Berat,29010130642025,1013064 Spitali Berat MEDIKAMENTE bashkelidhur fT NR 7458 DT 27.03.2025 fh nr 138 dt 28.03.2025 pv nr 1784 dt 28.03.2025  kontrata nr 322 dt 17.01.2025,13,Ministria e Shendetesise dhe Mbrojtjes Sociale,1013064,Qëndra Spitalore Rajonale Berat (0202),6021003,Ilaçe dhe materiale mjeksore,E v i t a,119990.00,4/11/2025 12:00:00 AM,4/14/2025 12:00:00 AM
 Vlore,29021460012025,Bashkia Vlore 2146001 Pagese kesti per banesat sociale nentor 2024-shkurt 2025 2024 Kontrate nr 5636  dt 9.7.2024,0,Unspecified,2146001,Bashkia Vlore (3737),6021099,Te tjera materiale dhe sherbime speciale,RAIFFEISEN BANK SH.A,406874.00,4/11/2025 12:00:00 AM,4/14/2025 12:00:00 AM
 Tropoje,2910100362025,Dega Thesarit Tropoje materiale pastrimi pv date 7.4.2025 ft 13 dt 9.4.25,10,Ministria e Financave dhe Ekonomise,1010036,Dega e Thesarit Tropoje (1836),6020200,Materiale per pastrim, dezinfektim, ngrohje dhe ndriçim,Hire Hajdarmataj	,22000.00,4/11/2025 12:00:00 AM,4/14/2025 12:00:00 AM
 Berat,291010130642025,1013064 Spitali Berat MEDIKAMENTE bashkelidhur f NR 7177 DT 25.03.2025 FH NR 129 DT 26.03.2025 PV NR 1733 DT 26.03.2025  KONTTRATA NR 322 DT 17.01.2025,13,Ministria e Shendetesise dhe Mbrojtjes Sociale,1013064,Qëndra Spitalore Rajonale Berat (0202),6021003,Ilaçe dhe materiale mjeksore,E v i t a,230750.00,4/11/2025 12:00:00 AM,4/14/2025 12:00:00 AM
 Tirane,2910111652025,1011165-Fak Mjekesise Vetrinare 2025-Bursa studentesh dege prioritare, VBA 46 dt 16.12.2024,VKM 39 dt 23.1.2019,listpagese,11,Ministria e Arsimit Sportit dhe Rinise,1011165,Universiteti Bujqesor - Fakulteti i Mjekesise Veterinare (3535),6061021,Bursa,RAIFFEISEN BANK SH.A,240000.00,4/11/2025 12:00:00 AM,4/14/2025 12:00:00 AM
 Fier,2910121042025,ZAKPA Apoloni dhe Bylis 1012104  klienti FI1B09000906557 Mars 2025 fat.250403071116,12,Ministria e Ekonomise, Kultures dhe Inovacionit,1012104,Zyra e Administrimit dhe Koordinimit te Parqeve Arkeologjike Apoloni dhe Bylis (0909),6022001,Elektricitet,FURNIZUESI I SHERBIMIT UNIVERSAL,36220.00,4/11/2025 12:00:00 AM,4/14/2025 12:00:00 AM
 Fier,2910121442025,Shk.Prof."Petro Sota" 1012144 klienti 8920004 Mars 2025 fat.201735,12,Ministria e Ekonomise, Kultures dhe Inovacionit,1012144,Shk.Prof. "Petro Sota" Fier (0909),6022002,Uje,SHOQERIA RAJONALE UJESJELLES KANALIZIME  FIER SH.A,19032.00,4/11/2025 12:00:00 AM,4/14/2025 12:00:00 AM
 Korçe,2910131152025,1013115 ISHSH KORCE SHPENZIME POSTARE MUAJI MARS 2025 FAT.NR.238/2025 DT 04.04.2025,13,Ministria e Shendetesise dhe Mbrojtjes Sociale,1013115,ISHSH Rajonal Korce (1515),6022004,Posta dhe sherbimi korrier,POSTA SHQIPTARE SH.A,670.00,4/11/2025 12:00:00 AM,4/14/2025 12:00:00 AM
 Berat,29210130642025,1013064 Spitali Berat MEDIKAMENTE bashkelidhur ft 7462 DT 27.03.2025 FH NR 141 DT 28.03.2025 PV NR 1787 DT 28.03.2025 KONTRATA 1631 DT 19.03.2025,13,Ministria e Shendetesise dhe Mbrojtjes Sociale,1013064,Qëndra Spitalore Rajonale Berat (0202),6021003,Ilaçe dhe materiale mjeksore,E v i t a,14300.00,4/11/2025 12:00:00 AM,4/14/2025 12:00:00 AM
 Tirane,29310020012025,1002001-Kuvendi,   lik shp bilete udhetimi (Tr-Washington), up 3 dt 21.1.25, ft of 231/2 dt 21.1.25, pv kpvv dt 23.1.25, fat 1944/2025 dt 30.1.25 (vkm 285/2021),2,Kuvendi,1002001,Kuvendi Popullor (3535),6024200,Udhetim jashte shtetit,SPIRIT TRAVEL & TOURS,410000.00,4/10/2025 12:00:00 AM,4/14/2025 12:00:00 AM
 Berat,29410130642025,1013064 Spitali Berat MEDIKAMENTE bashkelidhur ft nr 7176 DT 25.03.2025  FH NR 1274 DT 26.03.2025 PV NR 1734 DT 26.03.2025 KONTRATA NR 668 DT 03.02.2025,13,Ministria e Shendetesise dhe Mbrojtjes Sociale,1013064,Qëndra Spitalore Rajonale Berat (0202),6021003,Ilaçe dhe materiale mjeksore,E v i t a,50050.00,4/11/2025 12:00:00 AM,4/14/2025 12:00:00 AM
 Berat,29510130642025,1013064 Spitali Berat MEDIKAMENTE bashkelidhur ft nr 1748 dt 27.03.2025 fh nr 147 dt 28.03.2025 pv nr 1801 dt 28.03.2025,13,Ministria e Shendetesise dhe Mbrojtjes Sociale,1013064,Qëndra Spitalore Rajonale Berat (0202),6021003,Ilaçe dhe materiale mjeksore,EDNA - FARMA,174960.00,4/11/2025 12:00:00 AM,4/14/2025 12:00:00 AM
 Vlore,29521460012025,3737 BASHKIA VLORE 2146001 PAGESA BURSA PER FEMIJET EKSELENT JANAR-MARS 2025 ,UB NR 96 DT 07.04.25 ME BORDERO,0,Unspecified,2146001,Bashkia Vlore (3737),6021099,Te tjera materiale dhe sherbime speciale,POSTA SHQIPTARE SH.A,3534000.00,4/11/2025 12:00:00 AM,4/14/2025 12:00:00 AM
 Tirane,29610020012025,1002001-Kuvendi,   lik ndriçim blu godinen Kryesise Kuvendit, kerk 1139/6 dt 1.4.25, fat 65/2025 dt 2.4.25, realiz sherb 1139/7 dt 3.4.25,2,Kuvendi,1002001,Kuvendi Popullor (3535),6029002,Shpenzime per aktivitete sociale per personelin,ASLV,119760.00,4/11/2025 12:00:00 AM,4/14/2025 12:00:00 AM
 Berat,29610130642025,1013064 Spitali Berat MEDIKAMENTE bashkelidhur ft nr 3579 dt 28.03.2025 fh nr 143  dt 28.03.2025 pv nr 1792 dt 26.03.2025 kontrata nr 6260 dt 27.11.2025,13,Ministria e Shendetesise dhe Mbrojtjes Sociale,1013064,Qëndra Spitalore Rajonale Berat (0202),6021003,Ilaçe dhe materiale mjeksore,M E D  I C A M E N T A,189520.00,4/11/2025 12:00:00 AM,4/14/2025 12:00:00 AM
 Kuçove,29621240012025,2124001  uji mars  fat permbledhese  dt 02.04.2025 janar 2025 bashkia kucove,0,Unspecified,2124001,Bashkia Kucove (0217),6022002,Uje,SHOQERIA RAJONALE UJESJELLES KANALIZIME BERAT SH.A,26312.00,4/10/2025 12:00:00 AM,4/14/2025 12:00:00 AM
 Kuçove,29721240012025,2124001  posta mars  fat permbledhese  dt 28.03.2025  bashkia kucove,0,Unspecified,2124001,Bashkia Kucove (0217),6022004,Posta dhe sherbimi korrier,POSTA SHQIPTARE SH.A,16195.00,4/10/2025 12:00:00 AM,4/14/2025 12:00:00 AM
 Kuçove,29821240012025,2124001 mirembajtje varreza fat nr 11/2025 dt 01.04.2025 kontr nr 3665 dt 01.11.2021,0,Unspecified,2124001,Bashkia Kucove (0217),6022099,Sherbime te tjera,PIENVIS,293719.00,4/10/2025 12:00:00 AM,4/14/2025 12:00:00 AM
 Kuçove,29921240012025,2124001  energji mars  fat permbledhese  dt 31.03.2025  bashkia kucove,0,Unspecified,2124001,Bashkia Kucove (0217),6022001,Elektricitet,FURNIZUESI I SHERBIMIT UNIVERSAL,11705.00,4/10/2025 12:00:00 AM,4/14/2025 12:00:00 AM
 Kukes,3010051262025,1005126-AKU Kukes shpenzim postar ft n.116 dt 03.04.2025 mars 2025,5,Ministria e Bujqesise dhe Zhvillimit Rural,1005126,Drejtoria Rajonale AKU Kukes (1818),6022001,Elektricitet,POSTA SHQIPTARE SH.A,1060.00,4/10/2025 12:00:00 AM,4/14/2025 12:00:00 AM
 Permet,3010100282025,THESARI PERMET FAT NR 3705368 DT 01.04.2025 NR KONT GJ1F060113018053 MARS 2025,10,Ministria e Financave dhe Ekonomise,1010028,Dega e Thesarit Permet (1128),6022001,Elektricitet,FURNIZUESI I SHERBIMIT UNIVERSAL,9643.00,4/11/2025 12:00:00 AM,4/14/2025 12:00:00 AM
 Tropoje,3010100362025,DEga e Thesarit Tropoje post ft 51 dt 1.4.2025,10,Ministria e Financave dhe Ekonomise,1010036,Dega e Thesarit Tropoje (1836),6022004,Posta dhe sherbimi korrier,POSTA SHQIPTARE SH.A,480.00,4/11/2025 12:00:00 AM,4/14/2025 12:00:00 AM
 Tirane,3010111612025,1011161 Fak Ekonom Agrobiznesit, Ndalese page pension ushqimor, Urdher 60 dt 26.05.2014,vendim gjyqesor nr 3528 dt 05.04.2013, Urdher egzek. nr 1011 dt 10.3.2014, listepagese,11,Ministria e Arsimit Sportit dhe Rinise,1011161,Universiteti Bujqesor - Fakulteti i Ekonomise dhe Agrobiznesit (3535),6001001,Paga neto për punonjesit e miratuar në organikë,RAIFFEISEN BANK SH.A,30000.00,4/11/2025 12:00:00 AM,4/14/2025 12:00:00 AM
 Fier,3010121042025,ZAKPA Apoloni dhe Bylis 1012104  klienti AL0065189 Mars 2025 fat.250327012466,12,Ministria e Ekonomise, Kultures dhe Inovacionit,1012104,Zyra e Administrimit dhe Koordinimit te Parqeve Arkeologjike Apoloni dhe Bylis (0909),6022001,Elektricitet,FURNIZUESI I SHERBIMIT UNIVERSAL,3914.00,4/11/2025 12:00:00 AM,4/14/2025 12:00:00 AM
 Korçe,3010131152025,1013115 ISHSH KORCE SHPENZIME INTERNETI MARS 2025 URDHER TITULLARI NR. 07 DT 13.06.2024 P.VERBAL DT.13.06.2024 FAT.NR.1698487/2025 DT 02.04.2025,13,Ministria e Shendetesise dhe Mbrojtjes Sociale,1013115,ISHSH Rajonal Korce (1515),6022003,Sherbime telefonike,VODAFONE ALBANIA,3000.00,4/11/2025 12:00:00 AM,4/14/2025 12:00:00 AM
 Tirane,30810020012025,1002001-Kuvendi,   lik tel mars 2025, Fat 207609055 dt 3.4.2025 Nr i regj 22270308457,2,Kuvendi,1002001,Kuvendi Popullor (3535),6022003,Sherbime telefonike,VODAFONE ALBANIA,12500.00,4/11/2025 12:00:00 AM,4/14/2025 12:00:00 AM
 Tirane,30910020012025,1002001-Kuvendi,   lik shp pritje zakonshme, vkm 621 dt 1.11.2017, urdher SP 287 dt 18.12.2017, fat 328/2025 dt 28.3.2025, fd permb 23 dt 28.3.25,2,Kuvendi,1002001,Kuvendi Popullor (3535),6029001,Shpenzime per pritje e percjellje,DREJTORI E SHERB QEVERITARE,80920.00,4/11/2025 12:00:00 AM,4/14/2025 12:00:00 AM
 Tirane,31010020012025,1002001-Kuvendi,   lik ndihme ekonomike, shkresa 1316 dt 7.4.2025, list pag,2,Kuvendi,1002001,Kuvendi Popullor (3535),6061003,Ndihme ekonomike,BANKA KOMBETARE TREGTARE,30000.00,4/11/2025 12:00:00 AM,4/14/2025 12:00:00 AM
 Kukes,3110051262025,1005126-AKU Kukes uje pijshem ft n.53382 dt 07.04.2025 Mars 2025,5,Ministria e Bujqesise dhe Zhvillimit Rural,1005126,Drejtoria Rajonale AKU Kukes (1818),6022002,Uje,SHOQERIA RAJONALE UJESJELLES KANALIZIME KUKES SHA,3720.00,4/10/2025 12:00:00 AM,4/14/2025 12:00:00 AM
 Permet,3110100282025,THESARI PERMET FAT NR 417147/2025 DT 04.04.2025,10,Ministria e Financave dhe Ekonomise,1010028,Dega e Thesarit Permet (1128),6022003,Sherbime telefonike,ONE ALBANIA,1300.00,4/11/2025 12:00:00 AM,4/14/2025 12:00:00 AM
 Tropoje,3110100362025,Dega Thesarit Tropoje uje ft 48911 dt 07.04.2025,10,Ministria e Financave dhe Ekonomise,1010036,Dega e Thesarit Tropoje (1836),6022002,Uje,SHOQERIA RAJONALE UJESJELLES KANALIZIME KUKES SHA,365.00,4/11/2025 12:00:00 AM,4/14/2025 12:00:00 AM
 Fier,3110121042025,ZAKPA Apoloni dhe Bylis 1012104 detergjent up.28.03.2025 fat.1373/2025 fh.2 pvmd,12,Ministria e Ekonomise, Kultures dhe Inovacionit,1012104,Zyra e Administrimit dhe Koordinimit te Parqeve Arkeologjike Apoloni dhe Bylis (0909),6020200,Materiale per pastrim, dezinfektim, ngrohje dhe ndriçim,Altin Ferko,119933.00,4/11/2025 12:00:00 AM,4/14/2025 12:00:00 AM
 Korçe,3110131152025,1013115 ISHSH KORCE SHPENZIME INTERNETI MARS 2025 URDHER TITULLARI NR. 08 DT 13.06.2024 P.VERBAL DT.13.06.2024 FAT.NR.1698618/2025 DT 02.04.2025,13,Ministria e Shendetesise dhe Mbrojtjes Sociale,1013115,ISHSH Rajonal Korce (1515),6022003,Sherbime telefonike,VODAFONE ALBANIA,4100.00,4/11/2025 12:00:00 AM,4/14/2025 12:00:00 AM
 Tirane,3110131422025,1013142 QKTVDHF - 602 sher. mirem. tarrace, hidroiz. kerkese nr 35 dt 03.02.25,uprok nr 35/3 dt 10.02.25, pv fit nr 35/19 dt 14.02.25, pvmd dt 29.03.25, ft nr 8 dt 29.03.25,13,Ministria e Shendetesise dhe Mbrojtjes Sociale,1013142,Qendra Kombetare e Trajtimit te Viktimave te Dhunes ne Familje (3535),6025300,Shpenzime per mirembajtjen e objekteve ndertimore,3 EL KONSTRUKSION,770400.00,4/11/2025 12:00:00 AM,4/14/2025 12:00:00 AM
 Tirane,31110020012025,1002001-Kuvendi,   lik ndihme ekonomike, shkresa 1317 dt 7.4.2025, list pag,2,Kuvendi,1002001,Kuvendi Popullor (3535),6061099,Te tjera transferta tek individet,BANKA CREDINS,30000.00,4/11/2025 12:00:00 AM,4/14/2025 12:00:00 AM
 Kuçove,31321240012025,2124001  telefon permbledhese fat.  dt 31.03.2025 bashkia kucove,0,Unspecified,2124001,Bashkia Kucove (0217),6022003,Sherbime telefonike,ONE ALBANIA,21403.00,4/11/2025 12:00:00 AM,4/14/2025 12:00:00 AM
 Kuçove,31421240012025,2124001  kerkese per  marrje  dokumentacioni fat nr 5017  dt.10.04.2025 bashkia,0,Unspecified,2124001,Bashkia Kucove (0217),6029099,Shpenzime per te tjera materiale dhe sherbime operative,DREJTORIA VENDORE E ASHK-së KUÇOVË,2000.00,4/11/2025 12:00:00 AM,4/14/2025 12:00:00 AM
 Kuçove,31521240012025,2124001  kerkese per  marrje  dokumentacioni fat nr 5024  dt.10.04.2025 bashkia,0,Unspecified,2124001,Bashkia Kucove (0217),6029099,Shpenzime per te tjera materiale dhe sherbime operative,DREJTORIA VENDORE E ASHK-së KUÇOVË,2400.00,4/11/2025 12:00:00 AM,4/14/2025 12:00:00 AM
 Kuçove,31621240012025,2124001  kthim page nga  detyrim vendim gjyqi shkrese  nr 939/4 dt 05.12.2024  KLiton Prifti,0,Unspecified,2124001,Bashkia Kucove (0217),6001001,Paga neto për punonjesit e miratuar në organikë,HYSEN QOJLE,15000.00,4/11/2025 12:00:00 AM,4/14/2025 12:00:00 AM
 Tirane,31710020012025,1002001-Kuvendi,   lik shp pritje zakonshme, vkm 621 dt 1.11.2017, urdher SP 287 dt 18.12.2017, fat 331/2025 dt 28.3.2025, fd permb 8 dt 28.3.25,2,Kuvendi,1002001,Kuvendi Popullor (3535),6029001,Shpenzime per pritje e percjellje,DREJTORI E SHERB QEVERITARE,48880.00,4/11/2025 12:00:00 AM,4/14/2025 12:00:00 AM
 Tirane,31910020012025,1002001-Kuvendi,   lik shp blerje dhurata protokollare, kerk 505/5 dt 20.2.25, up 31 dt 24.2.25, pv kpvv dt 26.2.25, fat 18/2025 dt 28.3.25, fh 6 dt 28.3.25,2,Kuvendi,1002001,Kuvendi Popullor (3535),6029099,Shpenzime per te tjera materiale dhe sherbime operative,Xhenisa Skenderaj,120000.00,4/10/2025 12:00:00 AM,4/14/2025 12:00:00 AM
 Tirane,32010020012025,1002001-Kuvendi,   lik shp blerje dhurata promocionale, up 31 dt 24.2.25, pv kpvv dt 26.2.25, fat 43/2025 dt 27.3.25, fh 5 dt 27.3.25,2,Kuvendi,1002001,Kuvendi Popullor (3535),6029099,Shpenzime per te tjera materiale dhe sherbime operative,GRAPHIC LINE - 01,53400.00,4/10/2025 12:00:00 AM,4/14/2025 12:00:00 AM
 Mat,32026540012025,Bashk. Klos (2654001) Lik.Oponenc teknike per obje.'Ndertim kanali ujites Fullqet,Klos'.Marv.Nr.1552/1 Prot.Dt.19.06.2024.Dif.Fat.Nr.697/2024 Dt.04.10.2024.Opon.Nr.864/2 Prot.Dt.19.04.2024.Ligji Nr.120/2020.,0,Unspecified,2654001,Bashkia Klos (0625),2302100,Shpenz. per rritjen e AQ - studime ose kerkime,INSTITUTI I NDERTIMIT  ( I N ),95261.00,4/9/2025 12:00:00 AM,4/14/2025 12:00:00 AM
 Kukes,3210051262025,1005126-AKU Kukes energji elektrike ft n.250404012789 dt 31.03.2025 mars 2025,5,Ministria e Bujqesise dhe Zhvillimit Rural,1005126,Drejtoria Rajonale AKU Kukes (1818),6022001,Elektricitet,FURNIZUESI I SHERBIMIT UNIVERSAL,9508.00,4/10/2025 12:00:00 AM,4/14/2025 12:00:00 AM
 Tirane,3210112122025,1011212 Feder Cikliz 2025 - lik dieta jasht vend, udhez nr 4 dt 25.2.2022, vend nr 8 dt 3.3.2025, urdh nr 29 dt 27.3.2025, listpag,11,Ministria e Arsimit Sportit dhe Rinise,1011212,Federata Shqipetare e Ciklizmit (3535),6044006,Transferta per klubet dhe asociacionet e sportit,BANKA KOMBETARE TREGTARE,63510.00,4/11/2025 12:00:00 AM,4/14/2025 12:00:00 AM
 Vlore,3210120762025,1012076 MUZEU VLORE DIETA PRILL 2025,ME BORDERO,12,Ministria e Ekonomise, Kultures dhe Inovacionit,1012076,Muzeu Kombetar i Pavaresise (3737),6024100,Udhetim i brendshem,RAIFFEISEN BANK SH.A,8200.00,4/11/2025 12:00:00 AM,4/14/2025 12:00:00 AM
 Fier,3210121042025,ZAKPA Apoloni dhe Bylis 1012104 riparim printeri up.28.03.2025 fat.1250/2025 fh.3 pvmd,12,Ministria e Ekonomise, Kultures dhe Inovacionit,1012104,Zyra e Administrimit dhe Koordinimit te Parqeve Arkeologjike Apoloni dhe Bylis (0909),6021099,Te tjera materiale dhe sherbime speciale,RIKON-AL,13000.00,4/11/2025 12:00:00 AM,4/14/2025 12:00:00 AM
 Korçe,3210131152025,1013115 ISHSH KORCE DIETA  MUAJI MARS ,PRILL 2025 SIPAS LISTPAGESES,13,Ministria e Shendetesise dhe Mbrojtjes Sociale,1013115,ISHSH Rajonal Korce (1515),6024100,Udhetim i brendshem,INTESA SANPAOLO BANK ALBANIA,87500.00,4/11/2025 12:00:00 AM,4/14/2025 12:00:00 AM
 Tirane,3210131422025,1013142 QKTVDHF - 602 shp per mirembaj. paj te zyrave, kerk. nr 33 dt 24.02.25, uprok nr 33/2 dt 03.03.25, pvleres dt 03.03.25, pvmd dt 01.04.25, ft nr 1576 dt 01.04.25,13,Ministria e Shendetesise dhe Mbrojtjes Sociale,1013142,Qendra Kombetare e Trajtimit te Viktimave te Dhunes ne Familje (3535),6025800,Shpenzime per mirembajtjen e paisjeve te zyrave,INFOSOFT SOFTWARE DEVELOPER,12000.00,4/11/2025 12:00:00 AM,4/14/2025 12:00:00 AM
 Tirane,32110020012025,1002001-Kuvendi,   lik shp blerje dhurata promocionale, up 31 dt 24.2.25, pv kpvv dt 26.2.25, fat 3/2025 dt 4.3.25, fh 3 dt 4.3.25,2,Kuvendi,1002001,Kuvendi Popullor (3535),6029001,Shpenzime per pritje e percjellje,Gert Budurushi,200000.00,4/10/2025 12:00:00 AM,4/14/2025 12:00:00 AM
 Durres,3221070192025,2107019/SHTEPIJA E FOSHNJES /FAT 55955 KONT A4252,13,Ministria e Shendetesise dhe Mbrojtjes Sociale,2107019,Shtepia e foshnjes Durres (0707),6022001,Elektricitet,FURNIZUESI I SHERBIMIT UNIVERSAL,61588.00,4/11/2025 12:00:00 AM,4/14/2025 12:00:00 AM
 Korçe,3221220202025,2122020 QENDRA DITORE E ZHVILLIMIT KORCE, DIETA MARS 2025 SIPAS LISTEPAGESES,13,Ministria e Shendetesise dhe Mbrojtjes Sociale,2122020,Qendra e zhvillimit Korce nr.2 (1515),6024100,Udhetim i brendshem,BANKA KOMBETARE TREGTARE,13280.00,4/11/2025 12:00:00 AM,4/14/2025 12:00:00 AM
 Mat,32226540012025,Bashk. Klos (2654001) Lik.Oponenc teknike per obje.'Sist.asf.rruga Kurdari-Skenderaj Suc,Klos'.Marv.Nr.3635/1 Prot.Dt.20.01.2025.Fat.Nr.130/2025 Dt.19.02.2025.Opon.Nr.56/2 Prot.Dt.19.02.2025.Ligji Nr.120/2020.,0,Unspecified,2654001,Bashkia Klos (0625),2302100,Shpenz. per rritjen e AQ - studime ose kerkime,INSTITUTI I NDERTIMIT  ( I N ),58925.00,4/11/2025 12:00:00 AM,4/14/2025 12:00:00 AM
 Durres,32721070012025,2107001/Bashkia Durres Bursa per nxenesit e arsimit 9 vjecar viti shkollor 2024-2025,11,Ministria e Arsimit Sportit dhe Rinise,2107001,Bashkia Durres (0707),6022099,Sherbime te tjera,BANKA AMERIKANE E INVESTIMEVE SHA	,279877.00,4/9/2025 12:00:00 AM,4/14/2025 12:00:00 AM
 Kukes,3310051262025,1005126-AKU Kukes Shpenzim lavazh Up n 2 dt 27 03 2025 ft n6 dt 08 04 2025 akt marreveshje 341/4 dt 27.03.2025,5,Ministria e Bujqesise dhe Zhvillimit Rural,1005126,Drejtoria Rajonale AKU Kukes (1818),6021099,Te tjera materiale dhe sherbime speciale,Gerisona Mema,119280.00,4/11/2025 12:00:00 AM,4/14/2025 12:00:00 AM
 Lezhe,3310051272025,PAGAT DREJT RAJON AKU LEZHE SIPAS LISTEPAGESES mars 2025, NR PUNONJESVE 14,5,Ministria e Bujqesise dhe Zhvillimit Rural,1005127,Drejtoria Rajonale AKU Lezhe (2020),6001001,Paga neto për punonjesit e miratuar në organikë,BANKA CREDINS,1169477.00,4/11/2025 12:00:00 AM,4/14/2025 12:00:00 AM
 Tirane,3310112122025,1011212 Feder Cikliz 2025 - rimburs shpenz, udhez nr 4 dt 25.2.2022, vend nr 8 dt 3.3.2025, urdh nr 29 dt 27.3.2025, listpag, bashkel permbledh shpenz,11,Ministria e Arsimit Sportit dhe Rinise,1011212,Federata Shqipetare e Ciklizmit (3535),6044006,Transferta per klubet dhe asociacionet e sportit,BANKA CREDINS,33891.00,4/11/2025 12:00:00 AM,4/14/2025 12:00:00 AM
 Tirane,3310131422025,1013142 QKTVDHF - 602 kontribut per vikt. trajt. dhun. fam, Shkurt-Mars 2025, vkm nr 114 dt 31.01.2007 i ndryshuar me vkm nr 840 dt 03.12.2014, urdher titullari nr 10/2 dt 01.04.2025, urdh nr  10/3 dt 01.04.25, listepagese shkurt-mars 2025,13,Ministria e Shendetesise dhe Mbrojtjes Sociale,1013142,Qendra Kombetare e Trajtimit te Viktimave te Dhunes ne Familje (3535),6021099,Te tjera materiale dhe sherbime speciale,RAIFFEISEN BANK SH.A,25367.00,4/11/2025 12:00:00 AM,4/14/2025 12:00:00 AM
 Mat,33126540012025,Bashk. Klos (2654001) Lik. Blerje ushqime per kopshtet.Urdh.Prok.Nr.16 Dt.29.07.2024.Kontr.Malli Nr.2102/1 Prot.Dt.15.08.2024.Dif.Fat.Tat.Nr.344/2025 Dt.19.03.2025.Fl.Hyrje Nr.5 Dt.19.03.2025.Proc.verb.mare dorez.Dt.19.03.2025.,0,Unspecified,2654001,Bashkia Klos (0625),6021004,Furnizime dhe sherbime me ushqim per mencat,NELSA,130324.00,4/11/2025 12:00:00 AM,4/14/2025 12:00:00 AM
 Diber,3321060082025,2025 Qendra Kulturore 2106008 pagese koncerti dita e veres 2025 urdheri nr 7 dt 03.04.2025 listepagesa bashkengjitur,0,Unspecified,2106008,Qendra Ekonomike Kultures (0606),6022007,Sherbimet bankare,RAIFFEISEN BANK SH.A,86361.00,4/11/2025 12:00:00 AM,4/14/2025 12:00:00 AM
 Durres,3321070192025,2107019/SHTEPIJA E FOSHNJES /FAT 3017 KONT A3334,13,Ministria e Shendetesise dhe Mbrojtjes Sociale,2107019,Shtepia e foshnjes Durres (0707),6022001,Elektricitet,FURNIZUESI I SHERBIMIT UNIVERSAL,57288.00,4/11/2025 12:00:00 AM,4/14/2025 12:00:00 AM
 Kolonje,3321200032025,2120003 Klubi Sportiv Gramozi elektricitet mars 2025, lik.fature nr.250325173330 dt.24.03.2025,KROE090022108079,0,Unspecified,2120003,Klubi i Futbollit Gramozi (1514),6022001,Elektricitet,FURNIZUESI I SHERBIMIT UNIVERSAL,1377.00,4/11/2025 12:00:00 AM,4/14/2025 12:00:00 AM
 Kolonje,3321200042025,2120004 Q.K.F.S.Noli uje mars 2025, lik.fat.nr.12057658 dt.22.03.2025,0,Unspecified,2120004,Qendra Kulturore Fan Noli (1514),6022002,Uje,Shoqeria Rajonale Ujesjelles Kanalizime Korce,1747.00,4/11/2025 12:00:00 AM,4/14/2025 12:00:00 AM
 Korçe,3321220202025,2122020 QENDRA DITORE E ZHVILLIMIT KORCE, SHERBIM RUAJTJE OBJEKTI MARS 2025, U.P NR.01 DT 29.01.2025, FT.OF, NJOFT. FIT. DT 21.02.2025, FAT. NR.22 DT 31.03.2025,13,Ministria e Shendetesise dhe Mbrojtjes Sociale,2122020,Qendra e zhvillimit Korce nr.2 (1515),6022008,Sherbime te sigurimit dhe ruajtjes,ALBEN 2 SECURITY - SHPK,38280.00,4/11/2025 12:00:00 AM,4/14/2025 12:00:00 AM
 Vlore,3321460142025,3737 TEATRI PETRO MARKO 2146014 MATERIALE ELEKTRIKE FAT 224 DT 7.4.2025 FL H 7 DT 7.4.2025 UB 16 DT 17.3.2025,0,Unspecified,2146014,Qendra Ekonomike Arsimit (3737),6021099,Te tjera materiale dhe sherbime speciale,ALKET REFATLLARI,19180.00,4/11/2025 12:00:00 AM,4/14/2025 12:00:00 AM
 Korçe,33421220012025,BASHKIA KORCE (2122001) MIREMBAJTJE VARREZASH PUBLIKE DHE TE DESHMOREVE PERIUDHA MARS 2025, U.P NR.670 DT 08.07.2024, BUL.NR.60 DT 16.09.2024, KONTRATE DT 12.09.2024, SITUACION DT 01.04.2025, FAT.NR.153/2025 DT 08.04.2025,0,Unspecified,2122001,Bashkia Korce (1515),6022009,Sherbime te pastrimit dhe gjelberimit,KORSEL  SHPK,405592.00,4/11/2025 12:00:00 AM,4/14/2025 12:00:00 AM
 Tirane,33710150012025,1015001-Minist per Europ dhe Pun e jashtme:Kompensim tel & pagese transporti Urdher sek pergj 1 dt 1.4.2025 Ligji 169/2013 dt 7.11.2013  dt 15.10.2009 Memo 12 dt 4.3.2025 VKM 673 dt 2.9.2020 Lisp,15,Ministria per Evropen dhe Punet e Jashtme,1015001,Aparati i Ministrise për Evropën dhe Punët e Jashtme (3535),6024100,Udhetim i brendshem,RAIFFEISEN BANK SH.A,20750.00,4/11/2025 12:00:00 AM,4/14/2025 12:00:00 AM
 Tirane,34010120012025,1012001 MEKI,rimbursim Tvsh per proj Migracioni per zhvillim PME III,per mars-korrik 2023,urdh 390 dt1.4.25,memo 597/1 dt1.4.25,shkres 597 dt20.1.25,permbledh faturave,shkres 13119 dt24.10.24,vend 224 dt13.4.23,programi faza 2020-2023,12,Ministria e Ekonomise, Kultures dhe Inovacionit,1012001,Aparati i Ministrise se Ekonomise, Kultures dhe Inovacionit (3535),2310500,Shpenz. per rritjen e te tjera AQT,G  I  Z,5762798.00,4/10/2025 12:00:00 AM,4/14/2025 12:00:00 AM
 Kukes,3410051262025,1005126-AKU Kukes Shpenzim lavazh Up n 2 dt 27 03 2025 ft n6 dt 08 04 2025 akt marreveshje 341/4 dt 27.03.2025,5,Ministria e Bujqesise dhe Zhvillimit Rural,1005126,Drejtoria Rajonale AKU Kukes (1818),6025800,Shpenzime per mirembajtjen e paisjeve te zyrave,Ermal Avdia,99700.00,4/11/2025 12:00:00 AM,4/14/2025 12:00:00 AM
 Lezhe,3410051272025,PAGAT DREJT RAJON AKU LEZHE SIPAS LISTEPAGESES mars 2025, NR PUNONJESVE 1,5,Ministria e Bujqesise dhe Zhvillimit Rural,1005127,Drejtoria Rajonale AKU Lezhe (2020),6001001,Paga neto për punonjesit e miratuar në organikë,RAIFFEISEN BANK SH.A,75516.00,4/11/2025 12:00:00 AM,4/14/2025 12:00:00 AM
 Tirane,3410112122025,1011212 Feder Cikliz 2025 - rimburs shpenz Kupa e Botes, udhez nr 4 dt 25.2.2022, vend nr 8 dt 3.3.2025, urdh nr 29 dt 27.3.2025, listpag, bashkel permbledh shpenz,11,Ministria e Arsimit Sportit dhe Rinise,1011212,Federata Shqipetare e Ciklizmit (3535),6044006,Transferta per klubet dhe asociacionet e sportit,RAIFFEISEN BANK SH.A,183110.00,4/11/2025 12:00:00 AM,4/14/2025 12:00:00 AM
 Korçe,34121220012025,BASHKIA KORCE (2122001) PAG.E BURSAVE PER NX.E ARS.PARAUNIVERSITAR SHK.9 VJECARE DHE ARS.MES.I PERGJ.V.SHK.2024/2025,PERIUDHA JANAR / MARS 2025,VKM NR. 666 DT 10.10.2019,VKB NR.160 DT 16.12.2024,URDH.NR.369 DT 10.04.2025,LISTE PAGESE,11,Ministria e Arsimit Sportit dhe Rinise,2122001,Bashkia Korce (1515),6022099,Sherbime te tjera,POSTA SHQIPTARE SH.A,6355569.00,4/11/2025 12:00:00 AM,4/14/2025 12:00:00 AM
 Diber,3421060082025,2025 Qendra Kulturore 2106008 pagese koncerti dita e veres 2025 urdheri nr 7 dt 03.04.2025 listepagesa bashkengjitur,0,Unspecified,2106008,Qendra Ekonomike Kultures (0606),6029099,Shpenzime per te tjera materiale dhe sherbime operative,RAIFFEISEN BANK SH.A,40460.00,4/11/2025 12:00:00 AM,4/14/2025 12:00:00 AM
 Durres,3421070192025,2107019/SHTEPIJA E FOSHNJES /FAT 2503-1507005-1 UJE,13,Ministria e Shendetesise dhe Mbrojtjes Sociale,2107019,Shtepia e foshnjes Durres (0707),6022002,Uje,SHOQERIA RAJONALE UJESJELLES KANALIZIME DURRES SH A,15732.00,4/11/2025 12:00:00 AM,4/14/2025 12:00:00 AM
 Kolonje,3421200032025,2120003 Klubi Sportiv Gramozi uje mars 2025, lik.fature nr.12050871 dt.20.03.2025,0,Unspecified,2120003,Klubi i Futbollit Gramozi (1514),6022002,Uje,Shoqeria Rajonale Ujesjelles Kanalizime Korce,8798.00,4/11/2025 12:00:00 AM,4/14/2025 12:00:00 AM
 Kolonje,3421200042025,2120004 Q.K.F.S.Noli uje mars 2025, lik.fat.nr.12057684 dt.22.03.2025,0,Unspecified,2120004,Qendra Kulturore Fan Noli (1514),6022002,Uje,Shoqeria Rajonale Ujesjelles Kanalizime Korce,798.00,4/11/2025 12:00:00 AM,4/14/2025 12:00:00 AM
 Korçe,3421220202025,2122020 QENDRA DITORE E ZHVILLIMIT KORCE, DIETA PRILL 2025 SIPAS LISTEPAGESES,13,Ministria e Shendetesise dhe Mbrojtjes Sociale,2122020,Qendra e zhvillimit Korce nr.2 (1515),6024100,Udhetim i brendshem,BANKA KOMBETARE TREGTARE,6640.00,4/11/2025 12:00:00 AM,4/14/2025 12:00:00 AM
 Vlore,3421460142025,3737 TEATRI PETRO MARKO 2146014 MATERIALE ELEKTRIKE FAT 225 DT 7.4.2025 FL H 7 DT 7.4.2025,0,Unspecified,2146014,Qendra Ekonomike Arsimit (3737),6021099,Te tjera materiale dhe sherbime speciale,ALKET REFATLLARI,11450.00,4/11/2025 12:00:00 AM,4/14/2025 12:00:00 AM
 Tirane,34410150012025,1015001-Minist per Europ dhe Pun e jashtme:posta janar 2025 VKM 241 dt 31.3.2011 Ft 441 dt 5.2.2025,15,Ministria per Evropen dhe Punet e Jashtme,1015001,Aparati i Ministrise për Evropën dhe Punët e Jashtme (3535),6022004,Posta dhe sherbimi korrier,POSTA SHQIPTARE SH.A,41325.00,4/11/2025 12:00:00 AM,4/14/2025 12:00:00 AM
 Tirane,34510150012025,1015001-Minist per Europ dhe Pun e jashtme:posta nentor 2024 VKM 241 dt 31.3.2011 Ft 6340 dt 4.12.2025,15,Ministria per Evropen dhe Punet e Jashtme,1015001,Aparati i Ministrise për Evropën dhe Punët e Jashtme (3535),6022004,Posta dhe sherbimi korrier,POSTA SHQIPTARE SH.A,16225.00,4/11/2025 12:00:00 AM,4/14/2025 12:00:00 AM
 Tirane,34610150012025,1015001-Minist per Europ dhe Pun e jashtme:posta nentor 2024 VKM 241 dt 31.3.2011 Ft 6576 dt 5.12.2025,15,Ministria per Evropen dhe Punet e Jashtme,1015001,Aparati i Ministrise për Evropën dhe Punët e Jashtme (3535),6022004,Posta dhe sherbimi korrier,POSTA SHQIPTARE SH.A,1564020.00,4/11/2025 12:00:00 AM,4/14/2025 12:00:00 AM
 Tirane,34710150012025,1015001-Minist per Europ dhe Pun e jashtme:posta nentor 2024 VKM 241 dt 31.3.2011 Ft 1 dt 7.1.2025,15,Ministria per Evropen dhe Punet e Jashtme,1015001,Aparati i Ministrise për Evropën dhe Punët e Jashtme (3535),6022004,Posta dhe sherbimi korrier,POSTA SHQIPTARE SH.A,1536252.00,4/11/2025 12:00:00 AM,4/14/2025 12:00:00 AM
 Tirane,34810150012025,1015001-Minist per Europ dhe Pun e jashtme:posta nentor 2024 VKM 241 dt 31.3.2011 Ft 72 dt 7.1.2025,15,Ministria per Evropen dhe Punet e Jashtme,1015001,Aparati i Ministrise për Evropën dhe Punët e Jashtme (3535),6022004,Posta dhe sherbimi korrier,POSTA SHQIPTARE SH.A,23180.00,4/11/2025 12:00:00 AM,4/14/2025 12:00:00 AM
 Kukes,3510051262025,1005126-AKU Kukes blerje leter fomat viti 2025 up n 4 dt 07 04 2025 ft n 6 dt 07.04.2025 fh n 8 dt 08 04 2025,5,Ministria e Bujqesise dhe Zhvillimit Rural,1005126,Drejtoria Rajonale AKU Kukes (1818),6025800,Shpenzime per mirembajtjen e paisjeve te zyrave,Ermal Avdia,99600.00,4/11/2025 12:00:00 AM,4/14/2025 12:00:00 AM
 Lezhe,3510051272025,PAGAT DREJT RAJON AKU LEZHE SIPAS LISTEPAGESES mars 2025, NR PUNONJESVE 1,5,Ministria e Bujqesise dhe Zhvillimit Rural,1005127,Drejtoria Rajonale AKU Lezhe (2020),6001001,Paga neto për punonjesit e miratuar në organikë,Banka OTP Albania,77335.00,4/11/2025 12:00:00 AM,4/14/2025 12:00:00 AM
 Tirane,3510112652025,1011265 AKAP 2025, lik energji mars 2025, ft nr 4210767 dt 2.4.2025,11,Ministria e Arsimit Sportit dhe Rinise,1011265,Agjencia Kombëtare e Arsimit Parauniversitar (3535),6022001,Elektricitet,FURNIZUESI I SHERBIMIT UNIVERSAL,34053.00,4/11/2025 12:00:00 AM,4/14/2025 12:00:00 AM
 Berat,3510131242025,1013124 Z.SH.S.SH Berat, paguar fat.nr.179, dt.02.04.2025, shpenzime postare mars 2025.,13,Ministria e Shendetesise dhe Mbrojtjes Sociale,1013124,Drejtori Rajonale e Kujd. Social Berat (0202),6022004,Posta dhe sherbimi korrier,POSTA SHQIPTARE SH.A,7730.00,4/11/2025 12:00:00 AM,4/14/2025 12:00:00 AM
 Berat,3510170132025,1017013 rep.usht.1030 berat  pagese  kompensim ushqimi mars 2025  urdher 83 dt 10.03.2025  listepagesa,17,Ministria e Mbrojtjes,1017013,Reparti Ushtarak Nr.1030 Berat (0202),6021004,Furnizime dhe sherbime me ushqim per mencat,RAIFFEISEN BANK SH.A,6937298.00,4/11/2025 12:00:00 AM,4/14/2025 12:00:00 AM
 Tirane,3521018172025,2101817, A A Tregjeve-posta ft 630736 dt 4.4.2024,0,Unspecified,2101817,Agjencia e Administrimit të Tregjeve (3535),6022004,Posta dhe sherbimi korrier,POSTA SHQIPTARE SH.A,2800.00,4/11/2025 12:00:00 AM,4/14/2025 12:00:00 AM
 Diber,3521060082025,2025 Qendra Kulturore 2106008 pagese koncerti dita e veres 2025 urdheri nr 7 dt 03.04.2025 listepagesa bashkengjitur,0,Unspecified,2106008,Qendra Ekonomike Kultures (0606),6029099,Shpenzime per te tjera materiale dhe sherbime operative,BANKA CREDINS,42500.00,4/11/2025 12:00:00 AM,4/14/2025 12:00:00 AM
 Durres,3521070192025,2107019/SHTEPIJA E FOSHNJES /FAT 2503-1024628-1 UJE,13,Ministria e Shendetesise dhe Mbrojtjes Sociale,2107019,Shtepia e foshnjes Durres (0707),6022002,Uje,SHOQERIA RAJONALE UJESJELLES KANALIZIME DURRES SH A,6660.00,4/11/2025 12:00:00 AM,4/14/2025 12:00:00 AM
 Kolonje,3521200042025,2120004 Q.K.F.S.Noli elektricitet mars 2025, lik.fat.nr.250401122083,250407059326 dt.31.03.2025,KROE090003108056,KROE090005108055,0,Unspecified,2120004,Qendra Kulturore Fan Noli (1514),6022001,Elektricitet,FURNIZUESI I SHERBIMIT UNIVERSAL,15690.00,4/11/2025 12:00:00 AM,4/14/2025 12:00:00 AM
 Durres,35521070012025,2107001/Bashkia Durres Pagese ZVRPP per kerkesen nr.25784 dt.04.04.2025 sipas fatures bashkangjitur,0,Unspecified,2107001,Bashkia Durres (0707),6029099,Shpenzime per te tjera materiale dhe sherbime operative,Drejtoria vendore te ASHK Durres Kavaje Kruje,8500.00,4/10/2025 12:00:00 AM,4/14/2025 12:00:00 AM
 Tirane,3610112652025,1011265 AKAP 2025, lik posta mars 2025, ft nr 630750 dt 4.4.2025,11,Ministria e Arsimit Sportit dhe Rinise,1011265,Agjencia Kombëtare e Arsimit Parauniversitar (3535),6022004,Posta dhe sherbimi korrier,POSTA SHQIPTARE SH.A,22365.00,4/11/2025 12:00:00 AM,4/14/2025 12:00:00 AM
 Tirane,3610121282025,1012128 QFP nr 4,lik mater pstrimi,urdh proknr 96 dt 10.3.2025,njof fit dt 11.3.2025,fat nr 13 dt 13.3.2025,fl hyr nr 3 dt 13.3.2025,proc verb dorez dt 13.3.2025,12,Ministria e Ekonomise, Kultures dhe Inovacionit,1012128,Q.Form. Profes. Nr.4 Tirane (3535),6021099,Te tjera materiale dhe sherbime speciale,BLEDI LOÇI,117287.00,4/10/2025 12:00:00 AM,4/14/2025 12:00:00 AM
 Berat,3610170132025,1017013 rep.usht.1030 berat  pagese  kompensim ushqimi mars 2025  urdher 83 dt 10.03.2025  listepagesa,17,Ministria e Mbrojtjes,1017013,Reparti Ushtarak Nr.1030 Berat (0202),6021004,Furnizime dhe sherbime me ushqim per mencat,BANKA CREDINS,3016809.00,4/11/2025 12:00:00 AM,4/14/2025 12:00:00 AM
 Tirane,3621018172025,2101817, A A Tregjeve-tel ft 1839731 dt 1.04.2025,0,Unspecified,2101817,Agjencia e Administrimit të Tregjeve (3535),6022003,Sherbime telefonike,ONE ALBANIA,2032.00,4/11/2025 12:00:00 AM,4/14/2025 12:00:00 AM
 Diber,3621060082025,2025 Qendra Kulturore 2106008 pagese koncerti dita e veres 2025 urdheri nr 7 dt 03.04.2025 listepagesa bashkengjitur,0,Unspecified,2106008,Qendra Ekonomike Kultures (0606),6029099,Shpenzime per te tjera materiale dhe sherbime operative,BANKA KOMBETARE TREGTARE,49300.00,4/11/2025 12:00:00 AM,4/14/2025 12:00:00 AM
 Durres,3621070192025,2107019/SHTEPIJA E FOSHNJES /FAT 221 POSTA,13,Ministria e Shendetesise dhe Mbrojtjes Sociale,2107019,Shtepia e foshnjes Durres (0707),6022004,Posta dhe sherbimi korrier,POSTA SHQIPTARE SH.A,1050.00,4/11/2025 12:00:00 AM,4/14/2025 12:00:00 AM
 Shkoder,36521410012025,2141001 Bashkia Shkoder, Honorare per 'Vep me rrethet art, sport dhe shkenc' mars 25, VKB 76 dt19.12.24, shp ligj nr849/1 dt26.12.24, urdh nr344 dt03.04.25, listepag permb nr256 dt08.04.25, listepag banka nr257 dt08.04.25 - 13 perf,0,Unspecified,2141001,Bashkia Shkoder (3333),6029005,Shpenzime per honorare,RAIFFEISEN BANK SH.A,78540.00,4/11/2025 12:00:00 AM,4/14/2025 12:00:00 AM
 Fier,36610130172025,Spitali Fier 1013017 shperblim per dalje ne pension listepagesa,13,Ministria e Shendetesise dhe Mbrojtjes Sociale,1013017,Spitali Fier (0909),6061005,Kompensime speciale te tjera,RAIFFEISEN BANK SH.A,51850.00,4/11/2025 12:00:00 AM,4/14/2025 12:00:00 AM
 Shkoder,36621410012025,2141001 Bashkia Shkoder, Honorare per 'Vep me rrethet art, sport dhe shkenc' mars 25, VKB 76 dt19.12.24, shp ligj nr849/1 dt26.12.24, urdh nr344 dt03.04.25, listepag permb nr256 dt08.04.25, listepag banka nr258 dt08.04.25 - 8 perf,0,Unspecified,2141001,Bashkia Shkoder (3333),6029005,Shpenzime per honorare,BANKA E TIRANES,44880.00,4/11/2025 12:00:00 AM,4/14/2025 12:00:00 AM
 Shkoder,36721410012025,2141001 Bashkia Shkoder, Honorare per 'Vep me rrethet art, sport dhe shkenc' mars 25, VKB 76 dt19.12.24, shp ligj nr849/1 dt26.12.24, urdh nr344 dt03.04.25, listepag permb nr256 dt08.04.25, listepag banka nr259 dt08.04.25 - 2 perf,0,Unspecified,2141001,Bashkia Shkoder (3333),6029005,Shpenzime per honorare,BANKA KOMBETARE TREGTARE,11220.00,4/11/2025 12:00:00 AM,4/14/2025 12:00:00 AM
 Shkoder,36821410012025,2141001 Bashkia Shkoder, Honorare per 'Vep me rrethet art, sport dhe shkenc' mars 25, VKB 76 dt19.12.24, shp ligj nr849/1 dt26.12.24, urdh nr344 dt03.04.25, listepag permb nr256 dt08.04.25, listepag banka nr260 dt08.04.25 - 3 perf,0,Unspecified,2141001,Bashkia Shkoder (3333),6029005,Shpenzime per honorare,BANKA CREDINS,16830.00,4/11/2025 12:00:00 AM,4/14/2025 12:00:00 AM
 Shkoder,36921410012025,2141001 Bashkia Shkoder, Honorare per 'Vep me rrethet art, sport dhe shkenc' mars 25, VKB 76 dt19.12.24, shp ligj nr849/1 dt26.12.24, urdh nr344 dt03.04.25, listepag permb nr256 dt08.04.25, listepag banka nr262 dt08.04.25 - 1 perf,0,Unspecified,2141001,Bashkia Shkoder (3333),6029005,Shpenzime per honorare,UNION BANK SHA,5610.00,4/11/2025 12:00:00 AM,4/14/2025 12:00:00 AM
 Shkoder,37021410012025,2141001 Bashkia Shkoder, Honorare per 'Vep me rrethet art, sport dhe shkenc' mars 25, VKB 76 dt19.12.24, shp ligj nr849/1 dt26.12.24, urdh nr344 dt03.04.25, listepag permb nr256 dt08.04.25, listepag banka nr262 dt08.04.25 - 1 perf,0,Unspecified,2141001,Bashkia Shkoder (3333),6029005,Shpenzime per honorare,INTESA SANPAOLO BANK ALBANIA,11220.00,4/11/2025 12:00:00 AM,4/14/2025 12:00:00 AM
 Gjirokaster,3710100112025,1010011 Dega e Thesarit Gjirokaster. Energji, Fatur 4774873 dt 10.04.2025.,10,Ministria e Financave dhe Ekonomise,1010011,Dega e Thesarit Gjirokaster (1111),6022001,Elektricitet,FURNIZUESI I SHERBIMIT UNIVERSAL,340.00,4/11/2025 12:00:00 AM,4/14/2025 12:00:00 AM
 Tirane,3710112652025,1011265 AKAP 2025, lik uje mars 2025, ft nr 56141 dt 1.4.2025,11,Ministria e Arsimit Sportit dhe Rinise,1011265,Agjencia Kombëtare e Arsimit Parauniversitar (3535),6022002,Uje,UJËSJELLËS KANALIZIME TIRANË,109380.00,4/11/2025 12:00:00 AM,4/14/2025 12:00:00 AM
 Tirane,3710121282025,1012128 QFP nr 4,lik kancelari,urdh proknr 92 dt 06.3.2025,njof fit dt 07.3.2025,fat nr 569 dt 13.3.2025,fl hyr nr 2 dt 13.3.2025,proc verb dorez dt 13.3.2025,12,Ministria e Ekonomise, Kultures dhe Inovacionit,1012128,Q.Form. Profes. Nr.4 Tirane (3535),6021099,Te tjera materiale dhe sherbime speciale,ADD GROUP,468820.00,4/10/2025 12:00:00 AM,4/14/2025 12:00:00 AM
 Mallakaster,3710130362025,NJVKSH MALLAKASTER 1013036,Posta Mars 25,fatur 520/2025 dt 04.04.25,13,Ministria e Shendetesise dhe Mbrojtjes Sociale,1013036,Njësia Vendore e Kujdesit Shëndetësor Mallakastër (0924),6022004,Posta dhe sherbimi korrier,POSTA SHQIPTARE SH.A,3635.00,4/11/2025 12:00:00 AM,4/14/2025 12:00:00 AM
 Berat,3710170132025,1017013 rep.usht.1030 berat  pagese  kompensim ushqimi mars 2025  urdher 83 dt 10.03.2025  listepagesa,17,Ministria e Mbrojtjes,1017013,Reparti Ushtarak Nr.1030 Berat (0202),6021004,Furnizime dhe sherbime me ushqim per mencat,BANKA KOMBETARE TREGTARE,226853.00,4/11/2025 12:00:00 AM,4/14/2025 12:00:00 AM
 Shkoder,37121410012025,2141001 Bashkia Shkoder, Honorare Grupi i Valleve, VKB 76 dt19.12.24, shp ligj nr849/1 dt26.12.24, urdh nr334 dt01.04.25, listepag permb nr263 dt09.04.25, listepag banka nr264 dt09.04.25 - 12 perf,0,Unspecified,2141001,Bashkia Shkoder (3333),6029005,Shpenzime per honorare,BANKA E TIRANES,81600.00,4/11/2025 12:00:00 AM,4/14/2025 12:00:00 AM
 Tirane,3721018172025,2101817, A A Tregjeve-energji ft 4167279  dt 2.04.2025,0,Unspecified,2101817,Agjencia e Administrimit të Tregjeve (3535),6022001,Elektricitet,FURNIZUESI I SHERBIMIT UNIVERSAL,890.00,4/11/2025 12:00:00 AM,4/14/2025 12:00:00 AM
 Diber,3721060082025,2025 Qendra Kulturore 2106008 pagese koncerti dita e veres 2025 urdheri nr 7 dt 03.04.2025 listepagesa bashkengjitur,0,Unspecified,2106008,Qendra Ekonomike Kultures (0606),6029099,Shpenzime per te tjera materiale dhe sherbime operative,Banka OTP Albania,25500.00,4/11/2025 12:00:00 AM,4/14/2025 12:00:00 AM
 Shkoder,37221410012025,2141001 Bashkia Shkoder, Honorare per akt 'Personazhe ne fokus', VKB 76 dt19.12.24, shp ligj nr849/1 dt26.12.24, urdh nr347 dt03.04.25, listepag permb nr265 dt09.04.25, listepag banka nr266 dt09.04.25 - 1 perf,0,Unspecified,2141001,Bashkia Shkoder (3333),6029005,Shpenzime per honorare,PRO CREDIT BANK,25500.00,4/11/2025 12:00:00 AM,4/14/2025 12:00:00 AM
 Shkoder,37321410012025,2141001 Bashkia Shkoder, Honorare per anetaret e Orkestres Frymore, VKB 76 dt19.12.24, shp ligj nr849/1 dt26.12.24, urdh nr333 dt01.04.25, listepag permb nr267 dt09.04.25, listepag banka nr268 dt09.04.25 - 23 perf,0,Unspecified,2141001,Bashkia Shkoder (3333),6029005,Shpenzime per honorare,BANKA E TIRANES,320450.00,4/11/2025 12:00:00 AM,4/14/2025 12:00:00 AM
 Shkoder,37421410012025,2141001 Bashkia Shkoder, Honorare per anetaret e Orkestres Frymore, VKB 76 dt19.12.24, shp ligj nr849/1 dt26.12.24, urdh nr333 dt01.04.25, listepag permb nr267 dt09.04.25, listepag banka nr269 dt09.04.25 - 5 perf,0,Unspecified,2141001,Bashkia Shkoder (3333),6029005,Shpenzime per honorare,RAIFFEISEN BANK SH.A,68000.00,4/11/2025 12:00:00 AM,4/14/2025 12:00:00 AM
 Shkoder,37521410012025,2141001 Bashkia Shkoder, Honorare per anetaret e Orkestres Frymore, VKB 76 dt19.12.24, shp ligj nr849/1 dt26.12.24, urdh nr333 dt01.04.25, listepag permb nr267 dt09.04.25, listepag banka nr270 dt09.04.25 - 1 perf,0,Unspecified,2141001,Bashkia Shkoder (3333),6029005,Shpenzime per honorare,PRO CREDIT BANK,13600.00,4/11/2025 12:00:00 AM,4/14/2025 12:00:00 AM
 Shkoder,37621410012025,2141001 Bashkia Shkoder, Kthim shume te pag me teper individit B. Lohja, urdh 259/12.03.25, listepag 271/09.04.25, shk nr1184/b dt21.03.25, kerk sist nr6052 dt17.03.25, kerk nr22 dt06.01.25, konf dt21.03.25,0,Unspecified,2141001,Bashkia Shkoder (3333),4664110,Derdhur gabim, te vitit ne vazhdim,Te Dala,BANKA CREDINS,164510.00,4/11/2025 12:00:00 AM,4/14/2025 12:00:00 AM
 Tirane,3810121282025,1012128 QFP nr 4,lik mater auto servis,urdh proknr 107 dt 12.3.2025,njof fit dt 13.3.2025,fat nr 32 dt 25.3.2025,fl hyr nr 4 dt 25.3.2025,12,Ministria e Ekonomise, Kultures dhe Inovacionit,1012128,Q.Form. Profes. Nr.4 Tirane (3535),6021099,Te tjera materiale dhe sherbime speciale,ERVIN LUZI,175440.00,4/10/2025 12:00:00 AM,4/14/2025 12:00:00 AM
 Mallakaster,3810130362025,NJVKSH MALLAKASTER 1013036,Energji Mars 2025,fatur nr 250401117046 dt 31.03.25,13,Ministria e Shendetesise dhe Mbrojtjes Sociale,1013036,Njësia Vendore e Kujdesit Shëndetësor Mallakastër (0924),6022001,Elektricitet,FURNIZUESI I SHERBIMIT UNIVERSAL,12733.00,4/11/2025 12:00:00 AM,4/14/2025 12:00:00 AM
 Berat,3810170132025,1017013 rep.usht.1030 berat  pagese  kompensim ushqimi mars 2025  urdher 83 dt 10.03.2025  listepagesa,17,Ministria e Mbrojtjes,1017013,Reparti Ushtarak Nr.1030 Berat (0202),6021004,Furnizime dhe sherbime me ushqim per mencat,INTESA SANPAOLO BANK ALBANIA,48290.00,4/11/2025 12:00:00 AM,4/14/2025 12:00:00 AM
 Tirane,3821018172025,2101817, A A Tregjeve-uje ft permb 10.04.2025,0,Unspecified,2101817,Agjencia e Administrimit të Tregjeve (3535),6022002,Uje,UJËSJELLËS KANALIZIME TIRANË,32952.00,4/11/2025 12:00:00 AM,4/14/2025 12:00:00 AM
 Tirane,3910112662025,% ZVA Vore 2025 -  pagese sindikate mars 2025, kont nr 10839 dt 16.12.2015,11,Ministria e Arsimit Sportit dhe Rinise,1011266,Zyra Vendore Arsimore, Vorë (3535),6001001,Paga neto për punonjesit e miratuar në organikë,SINDIKATA E PAVARUR E ARSIMIT SHQIPTAR,10900.00,4/11/2025 12:00:00 AM,4/14/2025 12:00:00 AM
 Tirane,3910121282025,1012128 QFP nr 4,lik sherb montim cmontim,urdh proknr 186/4 dt 26.2.2025,njof fit 184/5 dt 26.02.2025,fat nr 20 dt 128.02.2025,12,Ministria e Ekonomise, Kultures dhe Inovacionit,1012128,Q.Form. Profes. Nr.4 Tirane (3535),6021009,Materiale dhe pajisje labratorik e te sherbimit publik,Retin Pepa,120000.00,4/10/2025 12:00:00 AM,4/14/2025 12:00:00 AM
 Sarande,3910121642025,Likujdojme shpenzime postare mars 2025 Shkolla Ekonomike,12,Ministria e Ekonomise, Kultures dhe Inovacionit,1012164,Shkoll. Prof "Antoni Athanasi" Sarande (3731),6022004,Posta dhe sherbimi korrier,POSTA SHQIPTARE SH.A,430.00,4/11/2025 12:00:00 AM,4/14/2025 12:00:00 AM
 Mallakaster,3910130362025,NJVKSH MALLAKASTER 1013036,Uji Mars 25,fatur 315772544 dt 31.03.25,13,Ministria e Shendetesise dhe Mbrojtjes Sociale,1013036,Njësia Vendore e Kujdesit Shëndetësor Mallakastër (0924),6022002,Uje,SHOQERIA RAJONALE UJESJELLES KANALIZIME  FIER SH.A,240.00,4/11/2025 12:00:00 AM,4/14/2025 12:00:00 AM
 Berat,3910170132025,1017013 rep.usht.1030 berat  pagese  kompensim ushqimi mars 2025  urdher 83 dt 10.03.2025  listepagesa,17,Ministria e Mbrojtjes,1017013,Reparti Ushtarak Nr.1030 Berat (0202),6021004,Furnizime dhe sherbime me ushqim per mencat,UNION BANK SHA,12292.00,4/11/2025 12:00:00 AM,4/14/2025 12:00:00 AM
 Tirane,3921018172025,2101817, A A Tregjeve-qera magazine vazhd kont 523/4 dt 31.05.2024 listepg,0,Unspecified,2101817,Agjencia e Administrimit të Tregjeve (3535),6026101,Shpenzime per qiramarrje ambientesh zyre te institucioneve,BANKA CREDINS,110976.00,4/11/2025 12:00:00 AM,4/14/2025 12:00:00 AM
 Tirane,3921660022025,2166002 Qend.Polivalente Kamez 2025 sig ambjente me kamera up nr 33/2 dt 09.01.2025 ft nr  189  dt 01.04.2025 p.v mar dorz dt 01.04.2025,13,Ministria e Shendetesise dhe Mbrojtjes Sociale,2166002,Qendra Ditore Kamez (3535),6022008,Sherbime te sigurimit dhe ruajtjes,Conspiration-Metropol,9960.00,4/11/2025 12:00:00 AM,4/14/2025 12:00:00 AM
 Mirdite,39621330012025,Bashkia Mirdite(2133001) SHPENZIME DHURATA DELEGACIONI I KOMUNES SAN KOZMA ALBANEZE ITALIA FAT N 348 DT 20.12.2024,URDHER KOMISIONI NR 567 DT 10.12.2024PROG PUNE CSIPAS VKM NR 243 I NDRYSHUAR ,FTESE PER OFERTE 4619 DT 06.12.2024 .,0,Unspecified,2133001,Bashkia Mirditë (2026),6022099,Sherbime te tjera,Vjollca Filopati,29500.00,4/11/2025 12:00:00 AM,4/14/2025 12:00:00 AM
 Tirane,4010112662025,% ZVA Vore 2025 -  pagese sindikate mars 2025, kont nr 10839 dt 16.12.2015,11,Ministria e Arsimit Sportit dhe Rinise,1011266,Zyra Vendore Arsimore, Vorë (3535),6001001,Paga neto për punonjesit e miratuar në organikë,FED.SIND.ARSIM.&SHKENC.SHQIP.(F.S.A.SH.),4200.00,4/11/2025 12:00:00 AM,4/14/2025 12:00:00 AM
 Sarande,4010121642025,Likujdojme internet mars  2025 Shkolla Ekonomike,12,Ministria e Ekonomise, Kultures dhe Inovacionit,1012164,Shkoll. Prof "Antoni Athanasi" Sarande (3731),6022003,Sherbime telefonike,APT CABLE,4500.00,4/11/2025 12:00:00 AM,4/14/2025 12:00:00 AM
 Kukes,4010131132025,1013113 ISHSH Kukes likujdim materiale pastrimi fat nr 31dt 09.04.2025 ,Fh nr 3dt 10.04.2025 ubl nr 2dt 09.04.2025,13,Ministria e Shendetesise dhe Mbrojtjes Sociale,1013113,ISHSH Rajonal Kukes (1818),6020200,Materiale per pastrim, dezinfektim, ngrohje dhe ndriçim,REY T,118800.00,4/11/2025 12:00:00 AM,4/14/2025 12:00:00 AM
 Berat,4010170132025,1017013 rep.usht.1030 berat  pagese  kompensim ushqimi mars 2025  urdher 83 dt 10.03.2025  listepagesa,17,Ministria e Mbrojtjes,1017013,Reparti Ushtarak Nr.1030 Berat (0202),6021004,Furnizime dhe sherbime me ushqim per mencat,Banka OTP Albania,20194.00,4/11/2025 12:00:00 AM,4/14/2025 12:00:00 AM
 Tirane,4021660022025,2166002 Qend.Polivalente Kamez 2025 blerje fruta perime mk nr 320/43 dt 29.08.2024  kont nr 22 dt 07.01.2025 ft nr  13   dt 26.032025 permb fh  dt26.03.2025,13,Ministria e Shendetesise dhe Mbrojtjes Sociale,2166002,Qendra Ditore Kamez (3535),6021004,Furnizime dhe sherbime me ushqim per mencat,M.C.CATERING,16968.00,4/11/2025 12:00:00 AM,4/14/2025 12:00:00 AM
 Sarande,4110121642025,Likujdojme shpenzime per ujesjellsin  mars 2025 Shkolla Ekonomike,12,Ministria e Ekonomise, Kultures dhe Inovacionit,1012164,Shkoll. Prof "Antoni Athanasi" Sarande (3731),6022002,Uje,Shoqeria Rajonale Ujesjelles Kanalizime Sarande sh.a,23113.00,4/11/2025 12:00:00 AM,4/14/2025 12:00:00 AM
 Shkoder,4110131442025,1013144 Shtepia e te mushuarve Shkoder shp postare fat nr 4659/2025 dt 02.04.2025,13,Ministria e Shendetesise dhe Mbrojtjes Sociale,1013144,Shtepia e te Moshuarve Shkoder (3333),6022004,Posta dhe sherbimi korrier,POSTA SHQIPTARE SH.A,945.00,4/11/2025 12:00:00 AM,4/14/2025 12:00:00 AM
 Berat,4110170132025,1017013 rep.usht.1030 berat  pagese  kompensim ushqimi mars 2025  urdher 83 dt 10.03.2025  listepagesa,17,Ministria e Mbrojtjes,1017013,Reparti Ushtarak Nr.1030 Berat (0202),6021004,Furnizime dhe sherbime me ushqim per mencat,BANKA E TIRANES,251986.00,4/11/2025 12:00:00 AM,4/14/2025 12:00:00 AM
 Gjirokaster,4110180102025,1018010 Drejtoria SHIK. Internet,fat nr 1698566 dt 02.04.2025,18,Sherbimi Informativ Kombtar,1018010,Drejtoria Rajonale nr.5 (1111),6022003,Sherbime telefonike,VODAFONE ALBANIA,10000.00,4/11/2025 12:00:00 AM,4/14/2025 12:00:00 AM
 Diber,4210100462025,2025, Tatimet Diber, 1010046, dieta, urdher dhe listepagesa bashkangjitur,10,Ministria e Financave dhe Ekonomise,1010046,Drejtoria Rajonale Tatimore Diber (0606),6001001,Paga neto për punonjesit e miratuar në organikë,BANKA CREDINS,123600.00,4/11/2025 12:00:00 AM,4/14/2025 12:00:00 AM
 Vlore,4210121332025,3737 QFP 1012133 ENERGJI SHKURT FAT 250304019344 DT 28.02.2025,12,Ministria e Ekonomise, Kultures dhe Inovacionit,1012133,Q.Form. Profes.Vlore (3737),6022001,Elektricitet,FURNIZUESI I SHERBIMIT UNIVERSAL,31902.00,4/11/2025 12:00:00 AM,4/14/2025 12:00:00 AM
 Shkoder,4210131442025,1013144 Shtepia e te mushuarve Shkoder shp uji fat nr171524 dt 08.04.2025,13,Ministria e Shendetesise dhe Mbrojtjes Sociale,1013144,Shtepia e te Moshuarve Shkoder (3333),6022002,Uje,SHOQERIA RAJONALE UJESJELLES KANALIZIME QARKU SHKODER SHA,360.00,4/11/2025 12:00:00 AM,4/14/2025 12:00:00 AM
 Berat,4210170132025,1017013 rep.usht.1030 berat  pagese   fatura 2503-46040-1 date 09.04.2025 uje,17,Ministria e Mbrojtjes,1017013,Reparti Ushtarak Nr.1030 Berat (0202),6022002,Uje,SHOQËRIA RAJONALE UJËSJELLËS KANALIZIME GJIROKASTËR SH.A,85918.00,4/11/2025 12:00:00 AM,4/14/2025 12:00:00 AM
 Gjirokaster,4210180102025,1018010 Drejtoria SHIK. Posta,fat nr 829 dt 01.04.2025,18,Sherbimi Informativ Kombtar,1018010,Drejtoria Rajonale nr.5 (1111),6022004,Posta dhe sherbimi korrier,POSTA SHQIPTARE SH.A,90.00,4/11/2025 12:00:00 AM,4/14/2025 12:00:00 AM
 Diber,4310100462025,2025, Tatimet Diber, 1010046, dieta, urdher dhe listepagesa bashkangjitur,10,Ministria e Financave dhe Ekonomise,1010046,Drejtoria Rajonale Tatimore Diber (0606),6001001,Paga neto për punonjesit e miratuar në organikë,BANKA KOMBETARE TREGTARE,3000.00,4/11/2025 12:00:00 AM,4/14/2025 12:00:00 AM
 Tirane,4310112342025,1011234 Ins Konfuc - lik telefon, ft  nr 1713528 dt 1.4.2025,11,Ministria e Arsimit Sportit dhe Rinise,1011234,Instituti i Konfucit në Universitetin e Tiranës (3535),6022003,Sherbime telefonike,ONE ALBANIA,4856.00,4/11/2025 12:00:00 AM,4/14/2025 12:00:00 AM
 Vlore,4310121332025,3737 QFP 1012133 SHERBIM PASTRIMI KONTRATE 21/10 DT 22.01.2025 PROK 21 DT 8.1.2025 FTES OF 21/2 DT 10.1.2025 NJOFTI FIT FAT 23 DT 9.4.2025 SITUACION 322 DT 10.04.2025,12,Ministria e Ekonomise, Kultures dhe Inovacionit,1012133,Q.Form. Profes.Vlore (3737),6022009,Sherbime te pastrimit dhe gjelberimit,SEMANI SECURITY,60412.00,4/11/2025 12:00:00 AM,4/14/2025 12:00:00 AM
 Shkoder,4310131442025,1013144 Shtepia e te mushuarve Shkoder shp  energji  fat nr250328022000 dt 27.03.2025,13,Ministria e Shendetesise dhe Mbrojtjes Sociale,1013144,Shtepia e te Moshuarve Shkoder (3333),6022001,Elektricitet,FURNIZUESI I SHERBIMIT UNIVERSAL,307540.00,4/11/2025 12:00:00 AM,4/14/2025 12:00:00 AM
 Vlore,4310131512025,1013151 D.R.O.SH DIETA URDHER NR 45 DT 10.04.2025, ME BORDERO,13,Ministria e Shendetesise dhe Mbrojtjes Sociale,1013151,Drejtoria Rajonale Kujdesit Shendetesor Vlore (3737),6024100,Udhetim i brendshem,RAIFFEISEN BANK SH.A,105500.00,4/11/2025 12:00:00 AM,4/14/2025 12:00:00 AM
 Tirane,4310131572025,1013157 Agjensia Kombetare e Konrtollit te Canabis sherbim pastrimi shkurt 2025 urdher 15 dt 23.01.2025  kont sherbim nr 36/8 dt 05.03.2025 pv njof fit nr 36/7 dt 28.01.2025 ft nr 29/2025 dt 01.03.2025 ft 33/2025 dt 01.04.2025,13,Ministria e Shendetesise dhe Mbrojtjes Sociale,1013157,Agjencia Kombëtare e Kontrollit të Cannabis-it (3535),6022099,Sherbime te tjera,EB-2000,116000.00,4/10/2025 12:00:00 AM,4/14/2025 12:00:00 AM
 Gjirokaster,4310180102025,1018010 Drejtoria SHIK. Uje,fat nr 92655 dt 07.04.2025,18,Sherbimi Informativ Kombtar,1018010,Drejtoria Rajonale nr.5 (1111),6022002,Uje,Shoqeria Rajonale Ujesjelles Kanalizime Sarande sh.a,2460.00,4/11/2025 12:00:00 AM,4/14/2025 12:00:00 AM
 Tirane,4321660022025,2166002 Qend.Polivalente Kamez 2025 Transport te moshuarit 2025 Kontr ne vazhd 45 dt 24.1.2025 Ft 45  dt 24.01.2025 Pv dt 27.3.2025,13,Ministria e Shendetesise dhe Mbrojtjes Sociale,2166002,Qendra Ditore Kamez (3535),6023900,Shpenzime te tjera transporti,BROTHERS TRANS,69800.00,4/11/2025 12:00:00 AM,4/14/2025 12:00:00 AM
 Diber,4410100462025,2025, Tatimet Diber, 1010046, dieta, urdher dhe listepagesa bashkangjitur,10,Ministria e Financave dhe Ekonomise,1010046,Drejtoria Rajonale Tatimore Diber (0606),6001001,Paga neto për punonjesit e miratuar në organikë,RAIFFEISEN BANK SH.A,82200.00,4/11/2025 12:00:00 AM,4/14/2025 12:00:00 AM
 Tirane,4410121272025,1012127,QF P nr 1,lik telefon mars,fat nr 426366 dt 04.4.2025,12,Ministria e Ekonomise, Kultures dhe Inovacionit,1012127,Q.Form. Profes. Nr.1 Tirane (3535),6022003,Sherbime telefonike,ONE ALBANIA,3840.00,4/10/2025 12:00:00 AM,4/14/2025 12:00:00 AM
 Shkoder,4410131442025,1013144 Shtepia e te mushuarve Shkoder sherbime funerale ub nr 79 dt11.03.2025,fat nr 3 dt 11.03.2025,pv dt 11.03.2025,13,Ministria e Shendetesise dhe Mbrojtjes Sociale,1013144,Shtepia e te Moshuarve Shkoder (3333),6022099,Sherbime te tjera,Jurgen Kruja,90000.00,4/11/2025 12:00:00 AM,4/14/2025 12:00:00 AM
 Vlore,4410131512025,1013151 D.R.O.SH DIETA URDHER NR 45 DT 10.04.2025, ME BORDERO,13,Ministria e Shendetesise dhe Mbrojtjes Sociale,1013151,Drejtoria Rajonale Kujdesit Shendetesor Vlore (3737),6024100,Udhetim i brendshem,Banka OTP Albania,18000.00,4/11/2025 12:00:00 AM,4/14/2025 12:00:00 AM
 Tirane,4410131572025,1013157 Agjensia Kombetare e Konrtollit te Canabis sherb qiramarrje automjeti u nr 29 dt 05.02.2025 pv nr 76/6 dt 12.02.2025 per shpall njof fit kont  nr 76/7 dt 28.02.2025 pv marr dorz nr 76/8 dt 28.02.2025 ft nr 1209/2025  dt28.03.2025,13,Ministria e Shendetesise dhe Mbrojtjes Sociale,1013157,Agjencia Kombëtare e Kontrollit të Cannabis-it (3535),6026400,Shpenzime per qiramarrje mjetesh transporti,A.S.G.,64000.00,4/10/2025 12:00:00 AM,4/14/2025 12:00:00 AM
 Gjirokaster,4410180102025,1018010 Drejtoria SHIK. Uje,fat nr 81330 dt 04.04.2025,18,Sherbimi Informativ Kombtar,1018010,Drejtoria Rajonale nr.5 (1111),6022002,Uje,SHOQËRIA RAJONALE UJËSJELLËS KANALIZIME GJIROKASTËR SH.A,6419.00,4/11/2025 12:00:00 AM,4/14/2025 12:00:00 AM
 Tirane,4421660022025,2166002 Qend.Polivalente Kamez 2025 mirmb elektroshtepiake ub nr 110/2 dt 04.04.2025  Ft 14  dt 07.04.2025 p.v mar dorz dt 07.04.2025,13,Ministria e Shendetesise dhe Mbrojtjes Sociale,2166002,Qendra Ditore Kamez (3535),6025800,Shpenzime per mirembajtjen e paisjeve te zyrave,Olsi Motors,118920.00,4/11/2025 12:00:00 AM,4/14/2025 12:00:00 AM
 Vlore,4510131512025,1013151 D.R.O.SH DIETA URDHER NR 45 DT 10.04.2025, ME BORDERO,13,Ministria e Shendetesise dhe Mbrojtjes Sociale,1013151,Drejtoria Rajonale Kujdesit Shendetesor Vlore (3737),6024100,Udhetim i brendshem,BANKA KOMBETARE TREGTARE,5500.00,4/11/2025 12:00:00 AM,4/14/2025 12:00:00 AM
 Tirane,4510131572025,1013157 Agjensia Kombetare e Konrtollit te Canabis blerje toner per fotokopje u nr54 dt 18.03.2025 pv nr 144/7 dt 27.03..2025 per shpall njof fit pv marr dorz nr 144/9dt 03.04.2025 ft nr 4991/2025 dt02.04.2025 fh nr 3 dt 03.04.2025,13,Ministria e Shendetesise dhe Mbrojtjes Sociale,1013157,Agjencia Kombëtare e Kontrollit të Cannabis-it (3535),6020300,Materiale per funksionimin e pajisjeve te zyres,InfoSoft Office,124999.00,4/10/2025 12:00:00 AM,4/14/2025 12:00:00 AM
 Gjirokaster,4510180102025,1018010 Drejtoria SHIK. Energji,fat nr 4258005 dt 04.04.2025,18,Sherbimi Informativ Kombtar,1018010,Drejtoria Rajonale nr.5 (1111),6022001,Elektricitet,FURNIZUESI I SHERBIMIT UNIVERSAL,28425.00,4/11/2025 12:00:00 AM,4/14/2025 12:00:00 AM
 Shkoder,4510180132025,1018013, Drejtoria SHISH Shkoder, sherbim postar, fat 4613 dt 02.04.2025,18,Sherbimi Informativ Kombtar,1018013,Drejtoria e SHIK Shkoder (3333),6022004,Posta dhe sherbimi korrier,POSTA SHQIPTARE SH.A,235.00,4/11/2025 12:00:00 AM,4/14/2025 12:00:00 AM
 Tirane,4610111382025,1011138-Fak Histori Filologji 2025-Ore ngarkese mesimore ,ligj 80/2015 dt 22.7.2015,ligj 7961 dt 12.7.1995 ,VKM 647 dt 5.10.22,Vendim 6 dt 21.2.2022,urdh adm 621/10 dt 7.4.25,listpagese,11,Ministria e Arsimit Sportit dhe Rinise,1011138,Universiteti i Tiranes, fakulteti Histori Filologji (3535),6001001,Paga neto për punonjesit e miratuar në organikë,RAIFFEISEN BANK SH.A,90298.00,4/11/2025 12:00:00 AM,4/14/2025 12:00:00 AM
 Tirane,4610112092025,1011209 Fed Peshengritjes,lik sherb.konsulence juridike,urdher finance nr 138 dt 7.4.2025,,vazhd kontr 4-vjeçare dt 16.12.2022,fat nr 89 dt 25.11.2024,vendim kryesie nr 2 dt 3.03.2025,11,Ministria e Arsimit Sportit dhe Rinise,1011209,Federata Shqipetare e Peshngritjes (3535),6044006,Transferta per klubet dhe asociacionet e sportit,ILIR QAFA,180000.00,4/9/2025 12:00:00 AM,4/14/2025 12:00:00 AM
 Lushnje,4610121462025,1012146 Shk.Prof.Mekanike Lushnje per sa lik shpenz. uji, fat.fisk.nr.114652 dt.08.03.2025,12,Ministria e Ekonomise, Kultures dhe Inovacionit,1012146,Shk.Profesion. Mekanike Lushnje (0922),6022002,Uje,SHOQËRIA RAJONALE UJËSJELLËS KANALIZIME LUSHNJE SH.A,240.00,4/11/2025 12:00:00 AM,4/14/2025 12:00:00 AM
 Gjirokaster,4610180102025,1018010 Drejtoria SHIK. Listepagese,page reforme,18,Sherbimi Informativ Kombtar,1018010,Drejtoria Rajonale nr.5 (1111),6061099,Te tjera transferta tek individet,TIRANA  BANK,92291.00,4/11/2025 12:00:00 AM,4/14/2025 12:00:00 AM
 Shkoder,4610180132025,1018013, Drejtoria SHISH Shkoder, energji elektrike Mars 2025 Lezha, fatura nr 4242883 dt 02.04.2025, kontrata nr C009761,18,Sherbimi Informativ Kombtar,1018013,Drejtoria e SHIK Shkoder (3333),6022001,Elektricitet,FURNIZUESI I SHERBIMIT UNIVERSAL,340.00,4/11/2025 12:00:00 AM,4/14/2025 12:00:00 AM
 Pogradec,4621360052025,2136005,Ndermarrja e Mirembajtjes dhe infrastruktures puneve publike likujdon ndalese page urdher permbaruesi 546-968 date 28.06.2024, urdher titullari 537 date 31.12.2024, shkresa 715-968 dt 26.9.2024,0,Unspecified,2136005,Ndërmarrja e Mirëmbajtjes së Infrastrukturës dhe Punëve Publike (1529),6001001,Paga neto për punonjesit e miratuar në organikë,ZYRË E PËRMBARIMIT PRIVAT PRESTIGE,10000.00,4/10/2025 12:00:00 AM,4/14/2025 12:00:00 AM
 Tirane,4710111382025,1011138-Fak Histori Filologji 2025-Ore ngarkese mesimore ,ligj 80/2015 dt 22.7.2015,ligj 7961 dt 12.7.1995 ,VKM 647 dt 5.10.22,Vendim 6 dt 21.2.2022,urdh adm 1041/10 dt 7.47.25,listpagese,11,Ministria e Arsimit Sportit dhe Rinise,1011138,Universiteti i Tiranes, fakulteti Histori Filologji (3535),6001001,Paga neto për punonjesit e miratuar në organikë,RAIFFEISEN BANK SH.A,72320.00,4/11/2025 12:00:00 AM,4/14/2025 12:00:00 AM
 Lushnje,4710121462025,1012146 Shk.Prof.Mekanike Lushnje per sa lik shpenz. postare, fat.fisk.nr.158 dt.08.04.2025,12,Ministria e Ekonomise, Kultures dhe Inovacionit,1012146,Shk.Profesion. Mekanike Lushnje (0922),6022004,Posta dhe sherbimi korrier,POSTA SHQIPTARE SH.A,1710.00,4/11/2025 12:00:00 AM,4/14/2025 12:00:00 AM
 Gjirokaster,4710180102025,1018010 Drejtoria SHIK. Energji,fat nr 4390771,454171,4645639 dt 10.04.2025,18,Sherbimi Informativ Kombtar,1018010,Drejtoria Rajonale nr.5 (1111),6022001,Elektricitet,FURNIZUESI I SHERBIMIT UNIVERSAL,8923.00,4/11/2025 12:00:00 AM,4/14/2025 12:00:00 AM
 Shkoder,4710180132025,1018013, Drejtoria SHISH Shkoder, sherbim interneti, kontrate ne vazhd nr 10/1 dt 20.01.2025, fatura nr 8027 dt 03.04.2025, pcv dt 03.04.2025,18,Sherbimi Informativ Kombtar,1018013,Drejtoria e SHIK Shkoder (3333),6022003,Sherbime telefonike,ABISSNET,8000.00,4/11/2025 12:00:00 AM,4/14/2025 12:00:00 AM
 Durres,4720470012025,2047001/ KESHILLI I QARKUT DURRES/ SHPZ TEL FAT 1701624 DT 02.04.2025,0,Unspecified,2047001,Qarku Durres (0707),6001001,Paga neto për punonjesit e miratuar në organikë,VODAFONE ALBANIA,4520.00,4/11/2025 12:00:00 AM,4/14/2025 12:00:00 AM
 Tepelene,4721430022025,ENERGJI MARS DREJTORI SHERBIMI MEMALIAJ,0,Unspecified,2143002,Drejtoria e Sherbimit (1134),6022001,Elektricitet,FURNIZUESI I SHERBIMIT UNIVERSAL,245278.00,4/11/2025 12:00:00 AM,4/14/2025 12:00:00 AM
 Tirane,4810111382025,1011138-Fak Histori Filologji 2025-Ore ngarkese mesimore ,ligj 80/2015 dt 22.7.2015,ligj 7961 dt 12.7.1995 ,VKM 647 dt 5.10.22,Vendim 6 dt 21.2.2022,urdh adm 1041/10 dt 7.4.25,listpagese,11,Ministria e Arsimit Sportit dhe Rinise,1011138,Universiteti i Tiranes, fakulteti Histori Filologji (3535),6001001,Paga neto për punonjesit e miratuar në organikë,BANKA CREDINS,18040.00,4/8/2025 12:00:00 AM,4/14/2025 12:00:00 AM
 Lushnje,4810121462025,1012146 Shk.Prof.Mekanike Lushnje per sa lik shpenz. energji elektrike, kontr.nr.E108207, fat.fisk.nr.3791040 dt.01.04.2025,12,Ministria e Ekonomise, Kultures dhe Inovacionit,1012146,Shk.Profesion. Mekanike Lushnje (0922),6022001,Elektricitet,FURNIZUESI I SHERBIMIT UNIVERSAL,18731.20,4/11/2025 12:00:00 AM,4/14/2025 12:00:00 AM
 Pogradec,4810130412025,1013041,Njesia Vendore e Kujdesit Shendetesor likujdon dieta mars 2025,LP nr.11 dt.11.04.2025,13,Ministria e Shendetesise dhe Mbrojtjes Sociale,1013041,Njësia Vendore e Kujdesit Shëndetësor Pogradec (1529),6024100,Udhetim i brendshem,Banka OTP Albania,32500.00,4/11/2025 12:00:00 AM,4/14/2025 12:00:00 AM
 Tirane,4810131382025,1013138 Shtepia e te Moshuarve - 602 kuota e perfituesve Prill 2025, vkm nr 114 dt 31.01.2007 i ndryshuar me Vkm nr 840 dt 3.12.2014, upag nr 1 dt 09.04.25, bordero,13,Ministria e Shendetesise dhe Mbrojtjes Sociale,1013138,Shtëp.Moshuarve Tiranë (3535),6021099,Te tjera materiale dhe sherbime speciale,RAIFFEISEN BANK SH.A,6050.00,4/11/2025 12:00:00 AM,4/14/2025 12:00:00 AM
 Shkoder,4810180132025,1018013, Drejtoria SHISH Shkoder, uje Mars 2025 Lezha, fat nr 98337 dt 08.04.2025, kont 119018,18,Sherbimi Informativ Kombtar,1018013,Drejtoria e SHIK Shkoder (3333),6022002,Uje,Shoqeria Rajonale Ujesjelles Kanalizime Lezhe sha,3360.00,4/11/2025 12:00:00 AM,4/14/2025 12:00:00 AM
 Kukes,481060682025,1016068 Prefekti Kukes likujdim energji K137700 fat nr 2552704 dt 03.03.2025,16,Ministria e Brendshme,1016068,Prefektura e qarkut Kukes (1818),6022001,Elektricitet,FURNIZUESI I SHERBIMIT UNIVERSAL,31331.00,4/10/2025 12:00:00 AM,4/14/2025 12:00:00 AM
 Durres,4820470012025,2047001/ KESHILLI I QARKUT DURRES/ UJE FAT 478925 DT 08.04.2025,0,Unspecified,2047001,Qarku Durres (0707),6022002,Uje,SHOQERIA RAJONALE UJESJELLES KANALIZIME DURRES SH A,360.00,4/11/2025 12:00:00 AM,4/14/2025 12:00:00 AM
 Sarande,4821380072025,USHQIME KOLONIALE FAT 1133 DT 08.04.2025, FLH 5 DT 08.04.2025, KONT DT 16.04.2024 NGA SEKSIONI EKONOMIK SR,0,Unspecified,2138007,Bashkia-Seksioni Ekonomik (3731),6021004,Furnizime dhe sherbime me ushqim per mencat,4 S,498300.00,4/11/2025 12:00:00 AM,4/14/2025 12:00:00 AM
 Fier,4910130072025,Nj.Vend.Kujd.Shend.1013007 dieta Prill 2025  urdh.listepagesa,13,Ministria e Shendetesise dhe Mbrojtjes Sociale,1013007,Njësia Vendore e Kujdesit Shëndetësor Fier   (0909),6024100,Udhetim i brendshem,RAIFFEISEN BANK SH.A,21000.00,4/11/2025 12:00:00 AM,4/14/2025 12:00:00 AM
 Shkoder,4910180132025,1018013, Drejtoria SHISH Shkoder, uje Mars 2025 Shkodra, nr klienti 24195, fat nr 185726 dt 08.04.2025,18,Sherbimi Informativ Kombtar,1018013,Drejtoria e SHIK Shkoder (3333),6022002,Uje,SHOQERIA RAJONALE UJESJELLES KANALIZIME QARKU SHKODER SHA,4980.00,4/11/2025 12:00:00 AM,4/14/2025 12:00:00 AM
 Durres,4920470012025,2047001/ KESHILLI I QARKUT DURRES/ ENERGJI FAT 3556059 DT 01.04.2025,0,Unspecified,2047001,Qarku Durres (0707),6022001,Elektricitet,FURNIZUESI I SHERBIMIT UNIVERSAL,37228.00,4/11/2025 12:00:00 AM,4/14/2025 12:00:00 AM
 Durres,4921070072025,2107007 /  QENDRA KULTURORE / PAGA NETO E ORKESTRES FRYMORE LIST PAGESE,0,Unspecified,2107007,Qendra Kulturore "A.Moisiu" (0707),6029005,Shpenzime per honorare,BANKA CREDINS,222700.00,4/11/2025 12:00:00 AM,4/14/2025 12:00:00 AM
 Sarande,4921380072025,BUKE FAT 1134 DT 08.04.2025, FLH 6 DT 08.04.2025, KONT DT 01.07.2024 NGA SEKSIONI EKONOMIK SR,0,Unspecified,2138007,Bashkia-Seksioni Ekonomik (3731),6021004,Furnizime dhe sherbime me ushqim per mencat,4 S,44733.00,4/11/2025 12:00:00 AM,4/14/2025 12:00:00 AM
 Korçe,5010051422025,1005142 AGJENSIA E EKSTENSIONIT BUJQESOR KORCE SHPERBLIM PENSIONI ROBERT TALLO URDHER PAGESE DT 07.04.2025 SIPAS LISTEPAGESES,5,Ministria e Bujqesise dhe Zhvillimit Rural,1005142,Agjencia Rajonale e Ekstensionit Bujqesor Korce (1515),6061099,Te tjera transferta tek individet,RAIFFEISEN BANK SH.A,83300.00,4/11/2025 12:00:00 AM,4/14/2025 12:00:00 AM
 Korçe,5010120052025,1012005-DREJTORIA RAJONALE E TRASHEGIMISE KULTURORE KORCE, UJE MUAJI MARS 2025, NR.KL. 751021, FATURA NR.196285/2025 DT 09.04.2025,12,Ministria e Ekonomise, Kultures dhe Inovacionit,1012005,Drejtoria Rajonale e Trashegimise Kulturore Korce (1515),6022002,Uje,Shoqeria Rajonale Ujesjelles Kanalizime Korce,2774.00,4/11/2025 12:00:00 AM,4/14/2025 12:00:00 AM
 Fier,5010130072025,Nj.Vend.Kujd.Shend.1013007 dieta Prill 2025  urdh.listepagesa,13,Ministria e Shendetesise dhe Mbrojtjes Sociale,1013007,Njësia Vendore e Kujdesit Shëndetësor Fier   (0909),6024100,Udhetim i brendshem,BANKA KOMBETARE TREGTARE,17000.00,4/11/2025 12:00:00 AM,4/14/2025 12:00:00 AM
 Shkoder,5010180132025,1018013, Drejtoria SHISH Shkoder, shpenzime natyre e vecante, cek 0010248 dt 10.04.2025, permbledhese dt 11.04.2025,18,Sherbimi Informativ Kombtar,1018013,Drejtoria e SHIK Shkoder (3333),6029099,Shpenzime per te tjera materiale dhe sherbime operative,BANKA E TIRANES,500000.00,4/11/2025 12:00:00 AM,4/14/2025 12:00:00 AM
 Korçe,5020150012025,2015001 KESHILLI I QARKUT KORCE DIETA MARS PRILL 2025  SIPAS LISTEPAGESES,0,Unspecified,2015001,Qarku Korçe (1515),6024100,Udhetim i brendshem,RAIFFEISEN BANK SH.A,78515.00,4/11/2025 12:00:00 AM,4/14/2025 12:00:00 AM
 Durres,5020470012025,2047001/ KESHILLI I QARKUT DURRES/ POSTE FAT 199 DT 03.04.2025,16,Ministria e Brendshme,2047001,Qarku Durres (0707),6022004,Posta dhe sherbimi korrier,POSTA SHQIPTARE SH.A,1680.00,4/11/2025 12:00:00 AM,4/14/2025 12:00:00 AM
 Durres,5021070072025,2107007 /  QENDRA KULTURORE / PAGA NETO E ORKESTRES SE HARQEVE LIST PAGESE,0,Unspecified,2107007,Qendra Kulturore "A.Moisiu" (0707),6029005,Shpenzime per honorare,BANKA CREDINS,180200.00,4/11/2025 12:00:00 AM,4/14/2025 12:00:00 AM
 Sarande,5021380072025,RIPARIM PJESE HIDRAULIKE FAT NR 26 DT 10.04.2025, URDHER PROKURIMI NR 4 DT 03.04.2025, PV KOMISIONI NGA SEKSIONI EKONOMIK SR,0,Unspecified,2138007,Bashkia-Seksioni Ekonomik (3731),6025300,Shpenzime per mirembajtjen e objekteve ndertimore,NIKA  AS94,118800.00,4/11/2025 12:00:00 AM,4/14/2025 12:00:00 AM
 Gjirokaster,5110051242025,1005124 Autoriteti Kombetar i Ushqimit. Uji, Fatur 81339 dt 04.04.2025.,5,Ministria e Bujqesise dhe Zhvillimit Rural,1005124,Drejtoria Rajonale AKU Gjirokaster (1111),6022002,Uje,SHOQËRIA RAJONALE UJËSJELLËS KANALIZIME GJIROKASTËR SH.A,12110.00,4/11/2025 12:00:00 AM,4/14/2025 12:00:00 AM
 Durres,5110100472025,1010047 / DREJTORIA RAJONALE E TATIMEVE /  SIGURACION MJETE TRANSPORTI FATURE NR 598DT 04.04.2025,10,Ministria e Financave dhe Ekonomise,1010047,Drejtoria Rajonale Tatimore Durres (0707),6023300,Shpenzimet e siguracionit te mjeteve te transportit,SIGMA VIENNA INSURANCE GROUP,19385.00,4/11/2025 12:00:00 AM,4/14/2025 12:00:00 AM
 Berat,5110121382025,1012138 Shkolla e mesme Kristo Isak pagese sherbim  postar  ft nr 102 dt 01.03.2025 shkurt 2025,12,Ministria e Ekonomise, Kultures dhe Inovacionit,1012138,Shkolla "Kristo Isak" Berat (0202),6022004,Posta dhe sherbimi korrier,POSTA SHQIPTARE SH.A,445.00,4/11/2025 12:00:00 AM,4/14/2025 12:00:00 AM
 Fier,5110130072025,Nj.Vend.Kujd.Shend.1013007 dieta Prill 2025  urdh.listepagesa,13,Ministria e Shendetesise dhe Mbrojtjes Sociale,1013007,Njësia Vendore e Kujdesit Shëndetësor Fier   (0909),6024100,Udhetim i brendshem,Banka OTP Albania,6000.00,4/11/2025 12:00:00 AM,4/14/2025 12:00:00 AM
 Sarande,5121380072025,USHQIME KOLONIALE FAT 1051 DT 02.04.2025, FLH 5 DT 02.04.2025, KONT DT 06.10.2022 NGA SEKSIONI EKONOMIK SR,0,Unspecified,2138007,Bashkia-Seksioni Ekonomik (3731),6021004,Furnizime dhe sherbime me ushqim per mencat,4 S,6480.00,4/11/2025 12:00:00 AM,4/14/2025 12:00:00 AM
 Tirane,51910130492025,1013049,QSUT, oksigjen, vazhdim kontrate nr 156/28 dt 19.06.2024 , ft nr  1303/2025 dt 26.02.2025 , fh nr 51 dt 26.02.2025 , akt kolaudim date 26.02.2025,13,Ministria e Shendetesise dhe Mbrojtjes Sociale,1013049,Qendra spitalore universitare "Nene Tereza" (3535),6021003,Ilaçe dhe materiale mjeksore,GTS-GAZRA TEKNIKE SHQIPTARE,1018286.00,4/2/2025 12:00:00 AM,4/14/2025 12:00:00 AM
 Gjirokaster,5210051242025,1005124 Autoriteti Kombetar i Ushqimit. Sherbim roje e sigurie, Kont.352, Fatur 920 dt 31.03.2025.,5,Ministria e Bujqesise dhe Zhvillimit Rural,1005124,Drejtoria Rajonale AKU Gjirokaster (1111),6022008,Sherbime te sigurimit dhe ruajtjes,Illyrian Guard,214077.00,4/11/2025 12:00:00 AM,4/14/2025 12:00:00 AM
 Durres,5210100472025,1010047 / DREJTORIA RAJONALE E TATIMEVE /  SIGURACION MJETE TRANSPORTI FATURE NR 599 DT 04.04.2025,10,Ministria e Financave dhe Ekonomise,1010047,Drejtoria Rajonale Tatimore Durres (0707),6023300,Shpenzimet e siguracionit te mjeteve te transportit,SIGMA VIENNA INSURANCE GROUP,19385.00,4/11/2025 12:00:00 AM,4/14/2025 12:00:00 AM
 Fier,5210130072025,Nj.Vend.Kujd.Shend.1013007 ndihme per fatkeqesi  urdh.listepagesa,13,Ministria e Shendetesise dhe Mbrojtjes Sociale,1013007,Njësia Vendore e Kujdesit Shëndetësor Fier   (0909),6061041,Shpenzime per situata te veshtira dhe per fatekeqesi,RAIFFEISEN BANK SH.A,50000.00,4/11/2025 12:00:00 AM,4/14/2025 12:00:00 AM
 Kukes,5210140552025,1014055- Paraburgimi Kukes sherbim postar fat nr 134 dt 03.04.2025,14,Ministria e Drejtesise,1014055,Paraburgimi Kukes (1818),6022004,Posta dhe sherbimi korrier,POSTA SHQIPTARE SH.A,1850.00,4/11/2025 12:00:00 AM,4/14/2025 12:00:00 AM
 Shkoder,5210160712025,1016071 Prefektura e Qarkut Shkoder, shpenzime uji, fat nr 142093 dt 08.04.2025,16,Ministria e Brendshme,1016071,Prefektura e qarkut Shkoder (3333),6022002,Uje,SHOQERIA RAJONALE UJESJELLES KANALIZIME QARKU SHKODER SHA,6660.00,4/11/2025 12:00:00 AM,4/14/2025 12:00:00 AM
 Sarande,5221380072025,BUKE FAT 1049 DT 02.04.2025, FLH 6 DT 31.03.2025, KONT DT 01.07.2024 NGA SEKSIONI EKONOMIK SR,0,Unspecified,2138007,Bashkia-Seksioni Ekonomik (3731),6021004,Furnizime dhe sherbime me ushqim per mencat,4 S,1953.00,4/11/2025 12:00:00 AM,4/14/2025 12:00:00 AM
 Tirane,5310112022025,1011202 FSHMT - Shpenz energji Mars 25,fat 250331077872 dt 31.3.2025,11,Ministria e Arsimit Sportit dhe Rinise,1011202,Fakulteti i Shkencave Mjekesore Teknike (3535),6022001,Elektricitet,FURNIZUESI I SHERBIMIT UNIVERSAL,135029.00,4/11/2025 12:00:00 AM,4/14/2025 12:00:00 AM
 Diber,53101301520251,2025, Spitali Diber, 1013015, blerje emergjente kancelari, proces verbal emergjence nr223/2 dt20.03.2025, flete hyrje nr15 dt20.03.2025, fature nr9 dt20.03.2025, proces verbal nr15 dt20.03.2025,13,Ministria e Shendetesise dhe Mbrojtjes Sociale,1013015,Spitali Diber (0606),6029099,Shpenzime per te tjera materiale dhe sherbime operative,Arsida Murra,117600.00,4/11/2025 12:00:00 AM,4/14/2025 12:00:00 AM
 Pogradec,5310130412025,1013041,Njesia Vendore e Kujdesit Shendetesor likujdon blerje karburant UP nr.6+FO nr.111/10 dt.01.04.2025,NJF dt.02.04.2025,kontrate nr.111/11 dt.08.04.2025,fature nr.843+FH nr.9+AKMD dt.09.04.2025,13,Ministria e Shendetesise dhe Mbrojtjes Sociale,1013041,Njësia Vendore e Kujdesit Shëndetësor Pogradec (1529),6023100,Karburant dhe vaj,DAS OIL,691200.00,4/11/2025 12:00:00 AM,4/14/2025 12:00:00 AM
 Tirane,5310131042025,1013104-Spitali universitar i traumes-Mirmbajtje sistemi informatik Kontr ne vazhd 28/8 dt 7.9.2023 Ft 9 dt 10.3.2025 Raport mujor 1167 dt 25.3.2025,13,Ministria e Shendetesise dhe Mbrojtjes Sociale,1013104,Spitali Universitar i Traumes (Sherbimi Urgjences) (3535),6025800,Shpenzime per mirembajtjen e paisjeve te zyrave,ONI(J66902008N),3255000.00,4/9/2025 12:00:00 AM,4/14/2025 12:00:00 AM
 Kukes,5310140552025,1014055- Paraburgimi Kukes sherbim telefoni fat nr 1464908 dt 01.04.2025,14,Ministria e Drejtesise,1014055,Paraburgimi Kukes (1818),6022003,Sherbime telefonike,ONE ALBANIA,2130.00,4/11/2025 12:00:00 AM,4/14/2025 12:00:00 AM
 Tirane,5310161352025,1016135 AAPSK, Shp poste, ft nr 630458/2025 dt 03.04.2025,16,Ministria e Brendshme,1016135,Agjencia e Administrimit të Pasurive të Sekuestruara dhe të Konfiskuara (3535),6022004,Posta dhe sherbimi korrier,POSTA SHQIPTARE SH.A,13160.00,4/10/2025 12:00:00 AM,4/14/2025 12:00:00 AM
 Tirane,5310920012025,1092001 ISKK-Shp materiale,Kerk 29 dt 21.01.2025,Urdh nr 22 dt 10.04.2025,FAT nr 576/2025 dt 25.02.2025,PV MD dt 25.02.2025,92,Instituti i Studimeve te Krimeve te Komunizmit,1092001,Instituti i Studimeve te Krimeve te Komunizmit (3535),6029099,Shpenzime per te tjera materiale dhe sherbime operative,GECI,81600.00,4/11/2025 12:00:00 AM,4/14/2025 12:00:00 AM
 Tirane,53210130492025,1013049,QSUT, op tek aktspertiz sp onkoligjik, kontrate nr 43/1dt 16.01.2025 ft nr 146/2025 dt 20.02.2025 shk nr prot 40/5 dt 11.03.2025,13,Ministria e Shendetesise dhe Mbrojtjes Sociale,1013049,Qendra spitalore universitare "Nene Tereza" (3535),6025300,Shpenzime per mirembajtjen e objekteve ndertimore,INSTITUTI I NDERTIMIT  ( I N ),100000.00,4/2/2025 12:00:00 AM,4/14/2025 12:00:00 AM
 Tirane,5410112022025,1011202 FSHMT - Shpenz energji Mars 25,fat 250404007280 dt 31.3.2025,11,Ministria e Arsimit Sportit dhe Rinise,1011202,Fakulteti i Shkencave Mjekesore Teknike (3535),6022001,Elektricitet,FURNIZUESI I SHERBIMIT UNIVERSAL,55960.00,4/11/2025 12:00:00 AM,4/14/2025 12:00:00 AM
 Kukes,5410140552025,1014055- Paraburgimi Kukes police sig automjeti me targe AB471MB fat nr  29839 dt 31.03.2025,14,Ministria e Drejtesise,1014055,Paraburgimi Kukes (1818),6023300,Shpenzimet e siguracionit te mjeteve te transportit,INTERSIG VIENNA INSURANCE GROUP,58638.00,4/11/2025 12:00:00 AM,4/14/2025 12:00:00 AM
 Tirane,5410161352025,1016135 AAPSK, Shp uji, Kontrata nr 399017-1 dt 01.11.2023, ft nr 74762/2025 dt 01.04.2025,16,Ministria e Brendshme,1016135,Agjencia e Administrimit të Pasurive të Sekuestruara dhe të Konfiskuara (3535),6022002,Uje,UJËSJELLËS KANALIZIME TIRANË,2064.00,4/10/2025 12:00:00 AM,4/14/2025 12:00:00 AM
 Tirane,5510112022025,1011202 FSHMT - Shpenz uje Mars 2025,fat 78383 dt 1.4.25,11,Ministria e Arsimit Sportit dhe Rinise,1011202,Fakulteti i Shkencave Mjekesore Teknike (3535),6022002,Uje,UJËSJELLËS KANALIZIME TIRANË,24312.00,4/11/2025 12:00:00 AM,4/14/2025 12:00:00 AM
 Kukes,5510140552025,1014055- Paraburgimi Kukes likujdim uje nr kl 10508 fat nr 56100 dt 07.04.2025,14,Ministria e Drejtesise,1014055,Paraburgimi Kukes (1818),6022002,Uje,SHOQERIA RAJONALE UJESJELLES KANALIZIME KUKES SHA,32760.00,4/11/2025 12:00:00 AM,4/14/2025 12:00:00 AM
 Kavaje,55721180012025,BASHKIA KAVAJE PAGE NETO MARS 2025 TRANSPORTI PUBLIK,0,Unspecified,2118001,Bashkia Kavaja (3513),6001001,Paga neto për punonjesit e miratuar në organikë,RAIFFEISEN BANK SH.A,41077.00,4/11/2025 12:00:00 AM,4/14/2025 12:00:00 AM
 Kavaje,55821180012025,BASHKIA KAVAJE PAGESE NGA JETMIRA REXHA SHKUER MARS 2025,0,Unspecified,2118001,Bashkia Kavaja (3513),6001001,Paga neto për punonjesit e miratuar në organikë,E.P.S.A,10000.00,4/11/2025 12:00:00 AM,4/14/2025 12:00:00 AM
 Kavaje,55921180012025,BASHKIA KAVAJE PAGESE NGA BLERIM KURTI SHKUER MARS 2025,0,Unspecified,2118001,Bashkia Kavaja (3513),6001001,Paga neto për punonjesit e miratuar në organikë,FONDI BESA(K81911023C),40000.00,4/11/2025 12:00:00 AM,4/14/2025 12:00:00 AM
 Kavaje,56021180012025,BASHKIA KAVAJE PAGESE NGA RAMAZAN KRASNAJ SHKUER MARS 2025,0,Unspecified,2118001,Bashkia Kavaja (3513),6001001,Paga neto për punonjesit e miratuar në organikë,FONDI BESA(K81911023C),40000.00,4/11/2025 12:00:00 AM,4/14/2025 12:00:00 AM
 Tirane,5610112022025,1011202 FSHMT - Shpenz uje Mars 2025,fat 92761 dt 2.4.25,11,Ministria e Arsimit Sportit dhe Rinise,1011202,Fakulteti i Shkencave Mjekesore Teknike (3535),6022002,Uje,UJËSJELLËS KANALIZIME TIRANË,11496.00,4/11/2025 12:00:00 AM,4/14/2025 12:00:00 AM
 Tirane,5610130562025,1013056 AKBPM 2025 shpenzime posta mars ft nr 630457 dt 03.04.2025,13,Ministria e Shendetesise dhe Mbrojtjes Sociale,1013056,Laboratori i barnave (3535),6022004,Posta dhe sherbimi korrier,POSTA SHQIPTARE SH.A,2485.00,4/11/2025 12:00:00 AM,4/14/2025 12:00:00 AM
 Kavaje,56121180012025,BASHKIA KAVAJE PAGESE NGA TAULANT RESELI SHKUER MARS 2025,0,Unspecified,2118001,Bashkia Kavaja (3513),6001001,Paga neto për punonjesit e miratuar në organikë,KASTRIOT KURMAKU,30000.00,4/11/2025 12:00:00 AM,4/14/2025 12:00:00 AM
 Vlore,5620370012025,2037001 QARKU VLORE PAGESE USHQIMI JANAR2025 FAT NR 1 DT 26.03.2025,13,Ministria e Shendetesise dhe Mbrojtjes Sociale,2037001,Qarku Vlore (3737),6061099,Te tjera transferta tek individet,QENDRA PSIKO-SOCIALE "VATRA",300140.00,4/11/2025 12:00:00 AM,4/14/2025 12:00:00 AM
 Kavaje,56221180012025,BASHKIA KAVAJE NDIHME EKONOMIKE MARS 2025,13,Ministria e Shendetesise dhe Mbrojtjes Sociale,2118001,Bashkia Kavaja (3513),6061003,Ndihme ekonomike,POSTA SHQIPTARE SH.A,1551519.00,4/11/2025 12:00:00 AM,4/14/2025 12:00:00 AM
 Kavaje,56321180012025,BASHKIA KAVAJE NDIHME EKONOMIKE MARS 2025,0,Unspecified,2118001,Bashkia Kavaja (3513),6061041,Shpenzime per situata te veshtira dhe per fatekeqesi,POSTA SHQIPTARE SH.A,255282.00,4/11/2025 12:00:00 AM,4/14/2025 12:00:00 AM
 Kavaje,56421180012025,BASHKIA KAVAJE NDIHME EKONOMIKE MARS 2025 NJESIA SYNEJ,13,Ministria e Shendetesise dhe Mbrojtjes Sociale,2118001,Bashkia Kavaja (3513),6061003,Ndihme ekonomike,BANKA CREDINS,213492.00,4/11/2025 12:00:00 AM,4/14/2025 12:00:00 AM
 Kavaje,56521180012025,BASHKIA KAVAJE NDIHME EKONOMIKE MARS 2025 NJESIA HELMAS,13,Ministria e Shendetesise dhe Mbrojtjes Sociale,2118001,Bashkia Kavaja (3513),6061003,Ndihme ekonomike,POSTA SHQIPTARE SH.A,232892.00,4/11/2025 12:00:00 AM,4/14/2025 12:00:00 AM
 Kavaje,56621180012025,BASHKIA KAVAJE NDIHME EKONOMIKE MARS 2025 NJESIA GOLEM,13,Ministria e Shendetesise dhe Mbrojtjes Sociale,2118001,Bashkia Kavaja (3513),6061003,Ndihme ekonomike,Banka OTP Albania,165403.00,4/11/2025 12:00:00 AM,4/14/2025 12:00:00 AM
 Kavaje,56721180012025,BASHKIA KAVAJE NDIHME EKONOMIKE MARS 2025 NJESIA GOLEM,0,Unspecified,2118001,Bashkia Kavaja (3513),6061041,Shpenzime per situata te veshtira dhe per fatekeqesi,Banka OTP Albania,20789.00,4/11/2025 12:00:00 AM,4/14/2025 12:00:00 AM
 Kavaje,56821180012025,BASHKIA KAVAJE NDIHME EKONOMIKE MARS 2025 NJESIA LUZ I VOGEL,13,Ministria e Shendetesise dhe Mbrojtjes Sociale,2118001,Bashkia Kavaja (3513),6061003,Ndihme ekonomike,BANKA AMERIKANE E INVESTIMEVE SHA	,31002.00,4/11/2025 12:00:00 AM,4/14/2025 12:00:00 AM
 Kavaje,56921180012025,BASHKIA KAVAJE PAGE NETO KUJDESI SOCIAL MARS 2 025,0,Unspecified,2118001,Bashkia Kavaja (3513),6001001,Paga neto për punonjesit e miratuar në organikë,UNION BANK SHA,2000.00,4/11/2025 12:00:00 AM,4/14/2025 12:00:00 AM
 Kavaje,57021180012025,BASHKIA KAVAJE NDIHME EKONOMIKE MARS 2025 NJESIA LUZ I VOGEL,13,Ministria e Shendetesise dhe Mbrojtjes Sociale,2118001,Bashkia Kavaja (3513),6061003,Ndihme ekonomike,POSTA SHQIPTARE SH.A,9386.00,4/11/2025 12:00:00 AM,4/14/2025 12:00:00 AM
 Tirane,5710112022025,1011202 FSHMT - Sherbim roje dhe sigurimi,udhezim 90 dt 27.6.23,VKM 177 dt 4.4.2019,kontrate 1868 dt 26.12.2024,relacion Mars   2025,pvmd 2.4.25,fat 962 dt  31.3.2025,11,Ministria e Arsimit Sportit dhe Rinise,1011202,Fakulteti i Shkencave Mjekesore Teknike (3535),6022008,Sherbime te sigurimit dhe ruajtjes,Illyrian Guard,578010.00,4/11/2025 12:00:00 AM,4/14/2025 12:00:00 AM
 Tirane,5710130562025,1013056 AKBPM 2025 shpenzime uji  mars ft nr 92724 dt 02.04.2025 kont nr 159194-1,13,Ministria e Shendetesise dhe Mbrojtjes Sociale,1013056,Laboratori i barnave (3535),6022002,Uje,UJËSJELLËS KANALIZIME TIRANË,13500.00,4/11/2025 12:00:00 AM,4/14/2025 12:00:00 AM
 Tirane,5710131042025,1013104-Spitali universitar i traumes-Sherbim mirmbajtje rezonanc magnetike Mk 54/1 1dt 17.7.2023 Nj fit dt 10.7.2023 Kontr 54/2 5dt 5.2.202 5Ft 173 7dt 28.2.2025 Akt rak dt 28.2.2025,13,Ministria e Shendetesise dhe Mbrojtjes Sociale,1013104,Spitali Universitar i Traumes (Sherbimi Urgjences) (3535),6025500,Shpenzime per mirembajtjen e aparateve, paisjeve teknike dhe veglave te punes,MEDFAU,403200.00,4/9/2025 12:00:00 AM,4/14/2025 12:00:00 AM
 Diber,5710161042025,2025 Dr Raj Kufiri 1016104energji elektrike  ft nr 3533744 dt 01.04.2025 Mars 2025,16,Ministria e Brendshme,1016104,Drejtoria Rajonale e Kufirit dhe Migracionit Diber (0606),6022001,Elektricitet,FURNIZUESI I SHERBIMIT UNIVERSAL,43427.00,4/11/2025 12:00:00 AM,4/14/2025 12:00:00 AM
 Kavaje,57121180012025,BASHKIA KAVAJE NDIHME EKONOMIKE SHKURT 2025 NJESIA LUZ I VOGEL,0,Unspecified,2118001,Bashkia Kavaja (3513),6061041,Shpenzime per situata te veshtira dhe per fatekeqesi,POSTA SHQIPTARE SH.A,27920.00,4/11/2025 12:00:00 AM,4/14/2025 12:00:00 AM
 Vlore,5720370012025,2037001 QARKU VLORE PAGESE USHQIMI SHKURT 2025 FAT NR 2 DT 26.03.2025,13,Ministria e Shendetesise dhe Mbrojtjes Sociale,2037001,Qarku Vlore (3737),6061099,Te tjera transferta tek individet,QENDRA PSIKO-SOCIALE "VATRA",178990.00,4/11/2025 12:00:00 AM,4/14/2025 12:00:00 AM
 Tirane,57910130492025,1013049,QSUT, shp sig te mjeteve, kerk lik nr 969 dt 02.04.2025 permbledhese e targave te automjeteve dt 07.04.2025,13,Ministria e Shendetesise dhe Mbrojtjes Sociale,1013049,Qendra spitalore universitare "Nene Tereza" (3535),6023300,Shpenzimet e siguracionit te mjeteve te transportit,DREJT. PERGJ. E SHERB. TRANS. RRUG.,133210.00,4/7/2025 12:00:00 AM,4/14/2025 12:00:00 AM
 Tirane,58010130492025,1013049,QSUT, mirembajtje ap mjekesore, vazhdim kontrate nr 345/47 dt 14.06.2024 ft nr 28/2025 dt 21.03.2025 situacion dt 21.03.2025 periudhe (21.02.25-20.03.25 ) rel tek dt 01.04.25 (21.02.25-20.03.25),13,Ministria e Shendetesise dhe Mbrojtjes Sociale,1013049,Qendra spitalore universitare "Nene Tereza" (3535),6025200,Shpenzime per mirembajtjen e objekteve specifike,HEALTH & LIGHT,1149456.00,4/7/2025 12:00:00 AM,4/14/2025 12:00:00 AM
 Tirane,5810050392025,1005039 AKDC 2025-Shp energji elektrike Mars 2025,FAT nr 250327082706 dt 27.03.2025,5,Ministria e Bujqesise dhe Zhvillimit Rural,1005039,Agjensia Kombetare e duhaneve (3535),6022001,Elektricitet,FURNIZUESI I SHERBIMIT UNIVERSAL,6114.00,4/11/2025 12:00:00 AM,4/14/2025 12:00:00 AM
 Fier,5810103232025,Drejtoria e Mbledhjes se Det Tatimore te Papguara RJ 1010323 pagese dokumentacioni sipas permbledhjes se faturave,10,Ministria e Financave dhe Ekonomise,1010323,Drejtoria e Mbledhjes se Detyrimeve Tatimore te Papaguara (Rajoni Jugor) (0909),6029008,Shpenzime per tatime dhe taksa te paguara nga institucioni,DREJTORIA VENDORE ASHK-se FIER,43000.00,4/11/2025 12:00:00 AM,4/14/2025 12:00:00 AM
 Shkoder,5810130132025,1013013 NJVKSH Sherbim Roje kon nr 263 dt 13.03.2025,fat nr 775/2025 dt 31.03.2025,pv dt 31.03.2025,13,Ministria e Shendetesise dhe Mbrojtjes Sociale,1013013,Njësia Vendore e Kujdesit Shëndetësor Shkodër (3333),6022008,Sherbime te sigurimit dhe ruajtjes,Illyrian Guard,574996.00,4/11/2025 12:00:00 AM,4/14/2025 12:00:00 AM
 Tirane,5810130562025,1013056 AKBPM 2025 shpenzime energji elektrike mars ft nr 250406000958 dt24.03.2025 kont nr L064663,13,Ministria e Shendetesise dhe Mbrojtjes Sociale,1013056,Laboratori i barnave (3535),6022001,Elektricitet,FURNIZUESI I SHERBIMIT UNIVERSAL,287716.00,4/11/2025 12:00:00 AM,4/14/2025 12:00:00 AM
 Diber,5810161042025,2025 Dr Raj Kufiri 1016104energji elektrike  ft nr 4134883 dt 02.04.2025 Mars 2025,16,Ministria e Brendshme,1016104,Drejtoria Rajonale e Kufirit dhe Migracionit Diber (0606),6022001,Elektricitet,FURNIZUESI I SHERBIMIT UNIVERSAL,39647.00,4/11/2025 12:00:00 AM,4/14/2025 12:00:00 AM
 Vlore,5820370012025,2037001 QARKU VLORE DIETA PRILL 2025 ,ME BORDERO,0,Unspecified,2037001,Qarku Vlore (3737),6024100,Udhetim i brendshem,BANKA KOMBETARE TREGTARE,13500.00,4/11/2025 12:00:00 AM,4/14/2025 12:00:00 AM
 Tirane,58310130492025,1013049,QSUT, materiale mjekesore, vazhdim kontrate nr 100/55 dt 24.12.2024 ft nr 1334/2024 dt 26/12/2024 fh nr 27370 dt 27/12/2024 akt kolaudim date 26/12/2024,13,Ministria e Shendetesise dhe Mbrojtjes Sociale,1013049,Qendra spitalore universitare "Nene Tereza" (3535),6021003,Ilaçe dhe materiale mjeksore,MONTAL,4571940.00,4/7/2025 12:00:00 AM,4/14/2025 12:00:00 AM
 Tirane,58510130492025,1013049,QSUT, materiale mjekesore, vazhdim kontrate nr 100/46 dt 25.11.2024 ft nr 464/2025 dt 14/01/2025 fh nr 27455 dt 15/01/2025 akt kolaudim date 14/01/2025,13,Ministria e Shendetesise dhe Mbrojtjes Sociale,1013049,Qendra spitalore universitare "Nene Tereza" (3535),6021003,Ilaçe dhe materiale mjeksore,EUROMED,6043081.00,4/7/2025 12:00:00 AM,4/14/2025 12:00:00 AM
 Tirane,58610130492025,1013049,QSUT, materiale mjekesore, vazhdim kontrate nr 100/46 dt 25.11.2024 ft nr 46/2025 dt 13/01/2025 fh nr 27449 dt 14/01/2025 akt kolaudim date 13/01/2025,13,Ministria e Shendetesise dhe Mbrojtjes Sociale,1013049,Qendra spitalore universitare "Nene Tereza" (3535),6021003,Ilaçe dhe materiale mjeksore,O.ES. DISTRIMED,15628021.00,4/7/2025 12:00:00 AM,4/14/2025 12:00:00 AM
 Tirane,58710130492025,1013049,QSUT, materiale mjekesore, vazhdim kontrate nr 100/46 dt 25.11.2024 ft nr 1187/2025 dt 28/01/2025 fh nr 27581 dt 28/01/2025 akt kolaudim date 28/01/2025,13,Ministria e Shendetesise dhe Mbrojtjes Sociale,1013049,Qendra spitalore universitare "Nene Tereza" (3535),6021003,Ilaçe dhe materiale mjeksore,EUROMED,1434228.00,4/7/2025 12:00:00 AM,4/14/2025 12:00:00 AM
 Tirane,58810130492025,1013049,QSUT, materiale mjekesore, vazhdim kontrate nr 100/46 dt 25.11.2024 ft nr 1303/2025 dt 31/01/2025 fh nr 27615 dt 31/01/2025 akt kolaudim date 31/01/2025,13,Ministria e Shendetesise dhe Mbrojtjes Sociale,1013049,Qendra spitalore universitare "Nene Tereza" (3535),6021003,Ilaçe dhe materiale mjeksore,EUROMED,1908270.00,4/7/2025 12:00:00 AM,4/14/2025 12:00:00 AM
 Tirane,59010130492025,1013049,QSUT, barna, mk nr 2696/21 dt 12.08.2024 kerk dshf nr 1693/103 dt 11.10.2024 kontrate nr 1693/161 dt 07.11.2024 ft nr 106731/2024 dt 30/12/2024 fh nr 27391 dt 31/12/2024 akt kolaudim date 31/12/2024,13,Ministria e Shendetesise dhe Mbrojtjes Sociale,1013049,Qendra spitalore universitare "Nene Tereza" (3535),6021003,Ilaçe dhe materiale mjeksore,I L M A,101850.00,4/7/2025 12:00:00 AM,4/14/2025 12:00:00 AM
 Tirane,5910050392025,1005039 AKDC 2025-Shp poste Mars 2025,FAT nr 630478/2025 dt 03.04.2025,5,Ministria e Bujqesise dhe Zhvillimit Rural,1005039,Agjensia Kombetare e duhaneve (3535),6022004,Posta dhe sherbimi korrier,POSTA SHQIPTARE SH.A,1080.00,4/11/2025 12:00:00 AM,4/14/2025 12:00:00 AM
 Fier,5910103232025,Drejtoria e Mbledhjes se Det Tatimore te Papaguara RJ 1010323 takse automjeti AA835LH sipas fat.2500198614,10,Ministria e Financave dhe Ekonomise,1010323,Drejtoria e Mbledhjes se Detyrimeve Tatimore te Papaguara (Rajoni Jugor) (0909),6029008,Shpenzime per tatime dhe taksa te paguara nga institucioni,DREJT. PERGJ. E SHERB. TRANS. RRUG.,4815.00,4/11/2025 12:00:00 AM,4/14/2025 12:00:00 AM
 Tirane,5910121372025,1012137 Agj Ars Prof,likujdim honorare,urdher nr 65/52 dt 7.4.2025,VKM nr 673 dt 16.10.2019,kontrata bashkangjit,listepagese prill 25,tatim burim,12,Ministria e Ekonomise, Kultures dhe Inovacionit,1012137,Agj Komb Arsimit Form Prof dhe Kualifikimeve (3535),6029005,Shpenzime per honorare,RAIFFEISEN BANK SH.A,146073.00,4/11/2025 12:00:00 AM,4/14/2025 12:00:00 AM
 Tirane,5910130562025,1013056 AKBPM 2025 sherbimi te sigurimit dhe ruajtjes 01-30 mars vkm nr 144 dt 04.04.2019 kont nr 40/16 dt 16.01.2025 pv dt 31.03.2025 ft nr 1010/2025 dt 31.03.2025 memo 548/2 dt 01.04.2025,13,Ministria e Shendetesise dhe Mbrojtjes Sociale,1013056,Laboratori i barnave (3535),6022008,Sherbime te sigurimit dhe ruajtjes,Illyrian Guard,399930.00,4/11/2025 12:00:00 AM,4/14/2025 12:00:00 AM
 Diber,5910161042025,2025 Dr Raj Kufiri 1016104energji elektrike  ft nr 4177592 dt 02.04.2025 Mars 2025,16,Ministria e Brendshme,1016104,Drejtoria Rajonale e Kufirit dhe Migracionit Diber (0606),6022001,Elektricitet,FURNIZUESI I SHERBIMIT UNIVERSAL,823.00,4/11/2025 12:00:00 AM,4/14/2025 12:00:00 AM
 Tirane,59110130492025,1013049,QSUT, materiale mjekesore, vazhdim kontrate nr 1094/12 dt 25.10.2024 ft nr 2373/2024 dt 27/12/2024 fh nr 27374 dt 27/12/2024 akt koladuim date 27/12/2024,13,Ministria e Shendetesise dhe Mbrojtjes Sociale,1013049,Qendra spitalore universitare "Nene Tereza" (3535),6021003,Ilaçe dhe materiale mjeksore,O.ES. DISTRIMED,220800.00,4/7/2025 12:00:00 AM,4/14/2025 12:00:00 AM
 Vlore,5920370012025,2037001 QARKU VLORE DIETA PRILL 2025,ME BORDERO,0,Unspecified,2037001,Qarku Vlore (3737),6024100,Udhetim i brendshem,RAIFFEISEN BANK SH.A,13500.00,4/11/2025 12:00:00 AM,4/14/2025 12:00:00 AM
 Tirane,59210130492025,1013049,QSUT, materiale mjekesore, vazhdim kontrate nr 100/46 date 25.11.2024 ft nr 2169/2024 dt 03/12/2024 fh nr 27230 dt 04/12/2024 akt koladuim date 03/12/2024,13,Ministria e Shendetesise dhe Mbrojtjes Sociale,1013049,Qendra spitalore universitare "Nene Tereza" (3535),6021003,Ilaçe dhe materiale mjeksore,O.ES. DISTRIMED,1984658.00,4/7/2025 12:00:00 AM,4/14/2025 12:00:00 AM
 Tirane,59310130492025,1013049,QSUT, barna, vazhdim kontrate nr  1693/271 date 27.12.2024 ft nr 3203/2024 dt 24/12/2024 fh nr 27352 dt 24/12/2024 akt koladuim date 24/12/2024,13,Ministria e Shendetesise dhe Mbrojtjes Sociale,1013049,Qendra spitalore universitare "Nene Tereza" (3535),6021003,Ilaçe dhe materiale mjeksore,ALDOSCH - FARMA,338800.00,4/7/2025 12:00:00 AM,4/14/2025 12:00:00 AM
 Tirane,59510130492025,1013049,QSUT, barna, vazhdim kontrate nr 1693/271 dt 17.12.2024 ft nr 6718/2024 dt 26/12/2024 fh nr 27361 dt 26/12/2024 akt kolaudim date 26/12/2024,13,Ministria e Shendetesise dhe Mbrojtjes Sociale,1013049,Qendra spitalore universitare "Nene Tereza" (3535),6021003,Ilaçe dhe materiale mjeksore,INCOMED,304920.00,4/7/2025 12:00:00 AM,4/14/2025 12:00:00 AM
 Tirane,59610130492025,1013049,QSUT, barna, mk nr 2696/21 dt 12.08.2024 kerk dshf nr 1693/26 dt 26.11.2024 kontrate nr 1693/271 dt 17.12.2024 ft nr 6688/2024 dt 24/12/2024 fh nr 27353 dt 24/12/2024 akt kolaudim date 24/12/2024,13,Ministria e Shendetesise dhe Mbrojtjes Sociale,1013049,Qendra spitalore universitare "Nene Tereza" (3535),6021003,Ilaçe dhe materiale mjeksore,INCOMED,169400.00,4/7/2025 12:00:00 AM,4/14/2025 12:00:00 AM
 Tirane,59810130492025,1013049,QSUT, barna, mk nr 2326/10 dt 23.07.2024 kerk dshf nr 1695/121 dt 27.11.2024 kontrate nr 1695/152 dt 20.12.2024 ft nr 6711/2024 dt 26/12/2024 fh nr 27365 dt 26/12/2024 akt kolaudim date 26/12/2024,13,Ministria e Shendetesise dhe Mbrojtjes Sociale,1013049,Qendra spitalore universitare "Nene Tereza" (3535),6021003,Ilaçe dhe materiale mjeksore,INCOMED,465625.00,4/7/2025 12:00:00 AM,4/14/2025 12:00:00 AM
 Tirane,6010050392025,1005039 AKDC 2025-Shp interneti,Kont nr 8 dt 10.01.2025,FAT nr 7785/2025 dt 31.03.2025,5,Ministria e Bujqesise dhe Zhvillimit Rural,1005039,Agjensia Kombetare e duhaneve (3535),6022003,Sherbime telefonike,ABISSNET,10000.00,4/11/2025 12:00:00 AM,4/14/2025 12:00:00 AM
 Tirane,6010051352025,1005135 DRVMB 2025-blerje kancelari, up nr 1 dt 10.02.2025, ftese oferte nr 116/3 dt 10.02.2025, njoft fit nr 116/4 dt 11.02.2025, fature nr 2187 dt 12.03.2025, fh nr 3 dt 12.03.2025, pv md dt 12.03.2025,5,Ministria e Bujqesise dhe Zhvillimit Rural,1005135,Drejtoria Rajonale e Shërbimit Veterinar dhe Mbrojtjes së Bimëve Tiranë (3535),6020100,Kancelari,MARKETING & DISTRIBUTION	,258000.00,4/11/2025 12:00:00 AM,4/14/2025 12:00:00 AM
 Fier,6010103232025,Drejtoria e Mbledhjes se Det Tatimore te Papguara RJ 1010323 pagese dokumentacioni sipas fatures,10,Ministria e Financave dhe Ekonomise,1010323,Drejtoria e Mbledhjes se Detyrimeve Tatimore te Papaguara (Rajoni Jugor) (0909),6029008,Shpenzime per tatime dhe taksa te paguara nga institucioni,Drejtoria Vendore e ASHK se Vlore,22000.00,4/11/2025 12:00:00 AM,4/14/2025 12:00:00 AM
 Tirane,6010112642025,1011264 ASCAP 2025, pagese keshilltar,Urdh nr 46 dt 24.02.2025,Kontrate pune nr 313 dt 24.02.2025,Listepagese,Mbajtur nr TB,11,Ministria e Arsimit Sportit dhe Rinise,1011264,Agjencisë së Sigurimit të Cilësisë së Arsimit Parauniversitar (ASCAP), Tiranë (3535),6029005,Shpenzime per honorare,RAIFFEISEN BANK SH.A,93500.00,4/11/2025 12:00:00 AM,4/14/2025 12:00:00 AM
 Tirane,6010121372025,1012137 Agj Ars Prof,likujdim honorare,urdher nr 65/52 dt 7.4.2025,VKM nr 673 dt 16.10.2019,kontrata bashkangjit,listepagese prill 25,tatim burim,12,Ministria e Ekonomise, Kultures dhe Inovacionit,1012137,Agj Komb Arsimit Form Prof dhe Kualifikimeve (3535),6029005,Shpenzime per honorare,BANKA KOMBETARE TREGTARE,182453.00,4/11/2025 12:00:00 AM,4/14/2025 12:00:00 AM
 Diber,6010161042025,2025 Dr Raj Kufiri 1016104energji elektrike  ft nr 4402633 dt 05.04.2025 Mars 2025,16,Ministria e Brendshme,1016104,Drejtoria Rajonale e Kufirit dhe Migracionit Diber (0606),6022001,Elektricitet,FURNIZUESI I SHERBIMIT UNIVERSAL,30055.00,4/11/2025 12:00:00 AM,4/14/2025 12:00:00 AM
 Tirane,60110130492025,1013049,QSUT, barna, mk nr 1989/34 dt 23.07.2024 kerk dshf nr 1694/237 dt 21.11.2024 kontrate nr 1694/321 dt 18.12.2024 ft nr 3366/2024 dt 24/12/2024 fh nr 27356 dt 24/12/2024 akt kolaudim date 24/12/2024,13,Ministria e Shendetesise dhe Mbrojtjes Sociale,1013049,Qendra spitalore universitare "Nene Tereza" (3535),6021003,Ilaçe dhe materiale mjeksore,MAJN,38000.00,4/7/2025 12:00:00 AM,4/14/2025 12:00:00 AM
 Vlore,6020370012025,2037001 QARKU VLORE DIETA PRILL 2025,ME BORDERO,0,Unspecified,2037001,Qarku Vlore (3737),6024100,Udhetim i brendshem,Banka OTP Albania,54000.00,4/11/2025 12:00:00 AM,4/14/2025 12:00:00 AM
 Tirane,6021018312025,2101831,IMT Tirana-lik shp gjyqesore ne favor te kreditorit Shpetim Kodhelaj  vendim 21.02.2017 Gjyk Adfm Shk 1 njoftim ekz vullnatar 5.03.2025 ft 4 dt  10.04.2025,0,Unspecified,2101831,Inspektoriati i Mbrojtjes së Territorit (3535),6029003,Shpenzime gjyqesore,AEF BAILIFF SERVICE,48000.00,4/11/2025 12:00:00 AM,4/14/2025 12:00:00 AM
 Tirane,60310130492025,1013049,QSUT, materiale mjekesore, mk nr 3578/18 date 12/12/2022 kerk dshf nr 45/112 dt 06.12.24kontrate nr 45/126 dt 11.12.2024 ft nr 2/2025 dt 06/01/2025 fh nr 27414 dt 07/01/2025 akt kolaudim date 06/01/2025,13,Ministria e Shendetesise dhe Mbrojtjes Sociale,1013049,Qendra spitalore universitare "Nene Tereza" (3535),6021003,Ilaçe dhe materiale mjeksore,O.ES. DISTRIMED,143350.00,4/7/2025 12:00:00 AM,4/14/2025 12:00:00 AM
 Tirane,60410130492025,1013049,QSUT, materiale mjekesore, mk nr 29/19 dt 09.04.2024 kerk dshf nr  29/30 dt 03.12.2024 kontrate nr 29/36 dt 26.12.2024 ft nr 13/2025 dt 07/01/2025 fh nr 27413 dt 07/01/2025 akt kolaudim date 07/01/2025,13,Ministria e Shendetesise dhe Mbrojtjes Sociale,1013049,Qendra spitalore universitare "Nene Tereza" (3535),6021003,Ilaçe dhe materiale mjeksore,O.ES. DISTRIMED,356000.00,4/7/2025 12:00:00 AM,4/14/2025 12:00:00 AM
 Tirane,60510130492025,1013049,QSUT, materiale mjekesore, vazhdimkontrate nr 45/125 dt 11.12.2024 ft nr 16/2025 dt 07/01/2025 fh nr 27425 dt 08/01/2025 akt kolaudim date 07/01/2025,13,Ministria e Shendetesise dhe Mbrojtjes Sociale,1013049,Qendra spitalore universitare "Nene Tereza" (3535),6021099,Te tjera materiale dhe sherbime speciale,O.ES. DISTRIMED,2864940.00,4/7/2025 12:00:00 AM,4/14/2025 12:00:00 AM
 Tirane,60610130492025,1013049,QSUT, materiale mjekesore, vazhdim kontrate nr 45/102 dt 03.12.2024 ft nr 17/2025 dt 07/01/2025 fh nr 27421 dt 08/01/2025 akt kolaudim date 07/01/2025,13,Ministria e Shendetesise dhe Mbrojtjes Sociale,1013049,Qendra spitalore universitare "Nene Tereza" (3535),6021099,Te tjera materiale dhe sherbime speciale,O.ES. DISTRIMED,2833460.00,4/7/2025 12:00:00 AM,4/14/2025 12:00:00 AM
 Tirane,60910130492025,1013049,QSUT, materiale mjekesore,vazhdim kontrate nr 178/64 dt 06.11.2024 ft nr22/2025 dt 10/01/2025 fh nr 27433 dt 10/01/2024 aktkolaudim date 10/01/2024,13,Ministria e Shendetesise dhe Mbrojtjes Sociale,1013049,Qendra spitalore universitare "Nene Tereza" (3535),6021003,Ilaçe dhe materiale mjeksore,BIOMETRIC ALBANIA,198000.00,4/7/2025 12:00:00 AM,4/14/2025 12:00:00 AM
 Tirane,61010130492025,1013049,QSUT, materiale mjekesore,vazhdim kontrate nr 61/87 date 27.12.2024 ft nr  37/2025 dt 14/01/2025 fh nr 27459 dt 15/01/2024 aktkolaudim date 14/01/2024,13,Ministria e Shendetesise dhe Mbrojtjes Sociale,1013049,Qendra spitalore universitare "Nene Tereza" (3535),6021099,Te tjera materiale dhe sherbime speciale,BIOMETRIC ALBANIA,11046900.00,4/7/2025 12:00:00 AM,4/14/2025 12:00:00 AM
 Tirane,6110050392025,1005039 AKDC 2025 - vendim gjyqesor janar 2025, autorizim nr.6291 dt 6.10.2017, vendim nr.869 dt 24.2.2015, ekzekutim vullnetar nr.267 dt 18.5.2016,5,Ministria e Bujqesise dhe Zhvillimit Rural,1005039,Agjensia Kombetare e duhaneve (3535),6027400,Shpenzime per ekzekutim te vendimeve gjyqesore per largim nga puna,GAZMOR GURI,90899.00,4/11/2025 12:00:00 AM,4/14/2025 12:00:00 AM
 Durres,6110050682025,1005068 / DREJTORIA E BORDIT TE KULLIMIT DHE UJITJES  / UP NR 16 DT 20.03.2025 SALDIM EBARENIM KOLLONE BJELLE ESK KINEZ FATURE NR 1 DT 07.04.2025,5,Ministria e Bujqesise dhe Zhvillimit Rural,1005068,Bordi Rajonal i Kullimit Durres (0707),6025600,Shpenzime per mirembajtjen e mjeteve te transportit,Myrtezan  Beqaj,708000.00,4/11/2025 12:00:00 AM,4/14/2025 12:00:00 AM
 Tirane,6110051352025,1005135 DRVMB 2025-blerje materiale pastrimi, up nr 3 dt 25.03.2025, ftese oferte nr 219/3 dt 25.03.2025, njoft fit nr 219/4 dt 26.03.2025, fature nr 45 dt 03.04.2025, fh nr 4 dt 03.04.2025, pv md dt 03.04.2025,5,Ministria e Bujqesise dhe Zhvillimit Rural,1005135,Drejtoria Rajonale e Shërbimit Veterinar dhe Mbrojtjes së Bimëve Tiranë (3535),6020200,Materiale per pastrim, dezinfektim, ngrohje dhe ndriçim,HEP-2012,165600.00,4/11/2025 12:00:00 AM,4/14/2025 12:00:00 AM
 Tirane,6110121372025,1012137 Agj Ars Prof,likujdim honorare,urdher nr 65/52 dt 7.4.2025,VKM nr 673 dt 16.10.2019,kontrata bashkangjit,listepagese prill 25,tatim burim,12,Ministria e Ekonomise, Kultures dhe Inovacionit,1012137,Agj Komb Arsimit Form Prof dhe Kualifikimeve (3535),6029005,Shpenzime per honorare,BANKA CREDINS,61625.00,4/11/2025 12:00:00 AM,4/14/2025 12:00:00 AM
 Diber,6110161042025,2025 Dr Raj Kufiri 1016104 posta ft nr 101 dt 04.04.2025 Mars 2025,16,Ministria e Brendshme,1016104,Drejtoria Rajonale e Kufirit dhe Migracionit Diber (0606),6022004,Posta dhe sherbimi korrier,POSTA SHQIPTARE SH.A,1645.00,4/11/2025 12:00:00 AM,4/14/2025 12:00:00 AM
 Tirane,6110880012025,  1088001   AMSHC  2025  disbursime kont vazhd 790 dt 3.6.2024 ft 1 dt 6.3.2025 relacion 4.3.25,88,Mbeshtetje per Shoqerine Civile,1088001,Mbeshtetje per Shoqerine Civile (3535),6044099,Te tjera transferta per institucionet jo-fitim prurese,QENDRA"FOCUS IN THE FUTURE",80000.00,4/10/2025 12:00:00 AM,4/14/2025 12:00:00 AM
 Tirane,6110920012025,1092001 ISKK-Shp materiale,Kerk nr 29 dt 21.01.2025,Urdh nr 23 dt 10.04.2025,FAT nr 577/2025 dt 25.02.2025,PV MD dt 25.02.2025,92,Instituti i Studimeve te Krimeve te Komunizmit,1092001,Instituti i Studimeve te Krimeve te Komunizmit (3535),6021099,Te tjera materiale dhe sherbime speciale,GECI,84456.00,4/11/2025 12:00:00 AM,4/14/2025 12:00:00 AM
 Tirane,61110130492025,1013049,QSUT,shp.pritje percjellje, mbi viziten e delegac nr prot 790/6 dt 03.04.2025, liste prezenca (31.10.24-03.11.24) urdher nr 481 dt 30/10/2024 ft nr 3674/2024 dt 31.10.2024,13,Ministria e Shendetesise dhe Mbrojtjes Sociale,1013049,Qendra spitalore universitare "Nene Tereza" (3535),6029001,Shpenzime per pritje e percjellje,HOTEL - VICTORIA,44250.00,4/7/2025 12:00:00 AM,4/14/2025 12:00:00 AM
 Tirane,61210130492025,1013049,QSUT,shp.pritje percjellje, mbi viziten e delegac nr prot 790/7 dt 03.04.2025, liste prezenca (10.11.24-14.11.24) urdher nr 522 dt 07/11/2024 permbledhese e faturave date 07.04.2025,13,Ministria e Shendetesise dhe Mbrojtjes Sociale,1013049,Qendra spitalore universitare "Nene Tereza" (3535),6029001,Shpenzime per pritje e percjellje,HOTEL - VICTORIA,83035.00,4/7/2025 12:00:00 AM,4/14/2025 12:00:00 AM
 Tirane,6121018312025,2101831,IMT Tirana-lik shp gjyqesore ne favor te kreditorit Eris Dervishi vendim 28.10.2024 Gjyk Adfm Shk 1 njoftim ekz vullnatar 13.03.2025 ft 28 dt  8.04.2025,0,Unspecified,2101831,Inspektoriati i Mbrojtjes së Territorit (3535),6029003,Shpenzime gjyqesore,Zyrë e Përmbarimit Privat Bailiff Service E.Hoxha,83200.00,4/11/2025 12:00:00 AM,4/14/2025 12:00:00 AM
 Tirane,61310130492025,1013049,QSUT,shp.pritje percjellje, mbi viziten e delegac nr prot 790/7 dt 03.04.2025, liste prezenca (10.11.24-14.11.24) urdher nr 522 dt 07/11/2024 nr ft 4460/2024 dt 13.11.2024,13,Ministria e Shendetesise dhe Mbrojtjes Sociale,1013049,Qendra spitalore universitare "Nene Tereza" (3535),6029001,Shpenzime per pritje e percjellje,GECI,43050.00,4/7/2025 12:00:00 AM,4/14/2025 12:00:00 AM
 Tirane,61410130492025,1013049,QSUT,shp.pritje percjellje, mbi viziten e delegac nr prot 790/7 dt 03.04.2025, liste prezenca (10.11.24-14.11.24) urdher nr 522 dt 07/11/2024 nr ft 1109/2024 dt 14.11.2024,13,Ministria e Shendetesise dhe Mbrojtjes Sociale,1013049,Qendra spitalore universitare "Nene Tereza" (3535),6029001,Shpenzime per pritje e percjellje,NONA,63000.00,4/7/2025 12:00:00 AM,4/14/2025 12:00:00 AM
 Tirane,61510130492025,1013049,QSUT,shp.pritje percjellje, mbi viziten e delegac nr prot 790/7 dt 03.04.2025, liste prezenca (10.11.24-14.11.24) urdher nr 522 dt 07/11/2024 nr ft 884/2024 dt 21.11.2024,13,Ministria e Shendetesise dhe Mbrojtjes Sociale,1013049,Qendra spitalore universitare "Nene Tereza" (3535),6029001,Shpenzime per pritje e percjellje,TRADITA G & T,28000.00,4/7/2025 12:00:00 AM,4/14/2025 12:00:00 AM
 Tirane,61910130492025,1013049,QSUT, barna, mk nr 2696/21 dt 12.08.2024 kerk dshf nr 1693/248 dt 06.12.2024 kontrate nr 1693/301 dt 30.12.2024 ft nr 38/2025 dt 08/01/2025 fh nr 27423 dt 08/01/2025 akt kolaudim date 08/01/2025,13,Ministria e Shendetesise dhe Mbrojtjes Sociale,1013049,Qendra spitalore universitare "Nene Tereza" (3535),6021003,Ilaçe dhe materiale mjeksore,ALDOSCH - FARMA,102060.00,4/9/2025 12:00:00 AM,4/14/2025 12:00:00 AM
Unspecified,6200000012025,Pagese kuponi obligacion 10 vjecar,46,(T) Sherbimi i Borxhit,1046001,(T) Sherbimi i Borxhit (0000),6520200,Interesa obligacione ne tregun financiar me afat maturimi 6 deri 10 vjet,BANKA E SHQIPERISE / TIRANE,50877646.75,4/14/2025 12:00:00 AM,4/14/2025 12:00:00 AM
 Tirane,620051352025,1005135 DRVMB 2025- likujdim energji mars 2025, kontr nr D 008484, fat nr 250409153166 dt 31.03.2025,5,Ministria e Bujqesise dhe Zhvillimit Rural,1005135,Drejtoria Rajonale e Shërbimit Veterinar dhe Mbrojtjes së Bimëve Tiranë (3535),6022001,Elektricitet,FURNIZUESI I SHERBIMIT UNIVERSAL,340.00,4/11/2025 12:00:00 AM,4/14/2025 12:00:00 AM
 Tirane,62010130492025,1013049,QSUT, oksigjen, diference e mbetur nga ft nr 8674/2024 dt 23/04/2024 fh nr 68 ft 23/04/2024 akt kolaudimi dt 23/04/2024,13,Ministria e Shendetesise dhe Mbrojtjes Sociale,1013049,Qendra spitalore universitare "Nene Tereza" (3535),6021003,Ilaçe dhe materiale mjeksore,GTS-GAZRA TEKNIKE SHQIPTARE,9000.00,4/9/2025 12:00:00 AM,4/14/2025 12:00:00 AM
 Tirane,6210050392025,1005039 AKDC 2025-Shp survejimi kamera,Kont nr 7 dt 10.01.2025,FAT nr 782/2025 dr 27.03.2025,5,Ministria e Bujqesise dhe Zhvillimit Rural,1005039,Agjensia Kombetare e duhaneve (3535),6022008,Sherbime te sigurimit dhe ruajtjes,NAZERI - 2000,10000.00,4/11/2025 12:00:00 AM,4/14/2025 12:00:00 AM
 Tirane,6210112642025,1011264 ASCAP 2025, lik posta mars 2025, ft nr 630565 dt 3.4.2025,11,Ministria e Arsimit Sportit dhe Rinise,1011264,Agjencisë së Sigurimit të Cilësisë së Arsimit Parauniversitar (ASCAP), Tiranë (3535),6022004,Posta dhe sherbimi korrier,POSTA SHQIPTARE SH.A,3090.00,4/11/2025 12:00:00 AM,4/14/2025 12:00:00 AM
 Tirane,6210121372025,1012137 Agj Ars Prof,likujdim honorare,urdher nr 65/52 dt 7.4.2025,VKM nr 673 dt 16.10.2019,kontrata bashkangjit,listepagese prill 25,tatim burim,12,Ministria e Ekonomise, Kultures dhe Inovacionit,1012137,Agj Komb Arsimit Form Prof dhe Kualifikimeve (3535),6029005,Shpenzime per honorare,Banka OTP Albania,54443.00,4/11/2025 12:00:00 AM,4/14/2025 12:00:00 AM
 Tirane,6210160122025,1016012 NSPT, dieta, urdher DPPSH 957 dt 22.6.2023, listpag,16,Ministria e Brendshme,1016012,Njësia e Sigurise Publike Tirane (3535),6024100,Udhetim i brendshem,RAIFFEISEN BANK SH.A,1098000.00,4/11/2025 12:00:00 AM,4/14/2025 12:00:00 AM
 Tirane,6210880012025,  1088001   AMSHC  2025  disbursime kont vazhd 761 dt 31.5.2024 ft 1 dt 11.3.2025 relacion 1.3.25,88,Mbeshtetje per Shoqerine Civile,1088001,Mbeshtetje per Shoqerine Civile (3535),6044099,Te tjera transferta per institucionet jo-fitim prurese,CENTRE FOR ENTERPRENEURSHIP AND INNOVATION,90000.00,4/10/2025 12:00:00 AM,4/14/2025 12:00:00 AM
 Vlore,621460382025,3737 NDERMARRJA E GJELBERIMIT 2146038 SHPERBLIM PER VDEKJE UB NR 119 DT 10.04.25 ME BORDERO,0,Unspecified,2146038,Ndermarrja e Gjelberimit Vlore (3737),6003900,Te tjera shperblime per personelin,RAIFFEISEN BANK SH.A,30000.00,4/11/2025 12:00:00 AM,4/14/2025 12:00:00 AM
 Tirane,62310130492025,1013049,QSUT, barna, vazhdim kontrate nr 1693/300 dt 30.12.2024 ft nr 1735/2025 dt 08/01/2025 fh nr 27418 dt 08/01/2025 akt kolaudim date 08/01/2025,13,Ministria e Shendetesise dhe Mbrojtjes Sociale,1013049,Qendra spitalore universitare "Nene Tereza" (3535),6021003,Ilaçe dhe materiale mjeksore,ALFARMAKOS,216000.00,4/9/2025 12:00:00 AM,4/14/2025 12:00:00 AM
 Tirane,62410130492025,1013049,QSUT, barna, vazhdim kontrate nr  1695/70 dt 24.10.2024  ft nr 60/2025 dt 09/01/2025 fh nr 27429 dt 09/01/2025 akt kolaudim date 09/01/2025,13,Ministria e Shendetesise dhe Mbrojtjes Sociale,1013049,Qendra spitalore universitare "Nene Tereza" (3535),6021003,Ilaçe dhe materiale mjeksore,ALDOSCH - FARMA,367200.00,4/9/2025 12:00:00 AM,4/14/2025 12:00:00 AM
 Tirane,62510130492025,1013049,QSUT, barna, vazhdim kontrate nr  1693/278 dt 18.12.2024  ft nr 2590/2025 dt 15/01/2025 fh nr 27470 dt 16/01/2025 akt kolaudim date 15/01/2025,13,Ministria e Shendetesise dhe Mbrojtjes Sociale,1013049,Qendra spitalore universitare "Nene Tereza" (3535),6021003,Ilaçe dhe materiale mjeksore,MEGAPHARMA,552721.00,4/9/2025 12:00:00 AM,4/14/2025 12:00:00 AM
 Tirane,62810130492025,1013049,QSUT, barna, vazhdim kontrate nr  1693/147 dt 29.10.2024  ft nr 189/2025 dt 13/01/2025 fh nr 27445 dt 13/01/2025 akt kolaudim date 13/01/2025,13,Ministria e Shendetesise dhe Mbrojtjes Sociale,1013049,Qendra spitalore universitare "Nene Tereza" (3535),6021003,Ilaçe dhe materiale mjeksore,INCOMED,469269.00,4/9/2025 12:00:00 AM,4/14/2025 12:00:00 AM
 Tirane,6310131042025,1013104-Spitali universitar i traumes-Blerje materiale konsumi (Impiante ortopedike) Mk 33/13 dt 2.9.2024 Nj fit dt 33/11 dt 22.8.2024 Kontr 33/36 dt 11.3.2025 Ft 71 dt 19.3.2025 Fh 3241 dt 19.3.2025,13,Ministria e Shendetesise dhe Mbrojtjes Sociale,1013104,Spitali Universitar i Traumes (Sherbimi Urgjences) (3535),6021003,Ilaçe dhe materiale mjeksore,LAYO,15467980.00,4/10/2025 12:00:00 AM,4/14/2025 12:00:00 AM
 Tirane,6310160122025,1016012 NSPT, dieta, urdher DPPSH 957 dt 22.6.2023, listpag,16,Ministria e Brendshme,1016012,Njësia e Sigurise Publike Tirane (3535),6024100,Udhetim i brendshem,BANKA KOMBETARE TREGTARE,783500.00,4/11/2025 12:00:00 AM,4/14/2025 12:00:00 AM
 Tirane,6310161132025,1016113 Kom Raj Pol Rrug - pagese kalibrim ap. mates shp., kerkese per realiz sherbimi dt 28.03.2025, VKM nr 702 dt 21.03.2013,  Urdher dt 03.04.2025, ft 10/2025 dt 02.04.2025,transf 1458.99 Euro me kurs 101.8All,16,Ministria e Brendshme,1016113,Komisariati Rajonal i Policise Rrugore Tirane (3535),6021099,Te tjera materiale dhe sherbime speciale,RAIFFEISEN BANK SH.A,157925.18,4/11/2025 12:00:00 AM,4/14/2025 12:00:00 AM
 Tirane,6310880012025,  1088001   AMSHC  2025  disbursime kont vazhd 759 dt 31.5.2024 ft 1 dt 26.3.2025 relacion 1.4.25,88,Mbeshtetje per Shoqerine Civile,1088001,Mbeshtetje per Shoqerine Civile (3535),6044099,Te tjera transferta per institucionet jo-fitim prurese,pesegram,360000.00,4/10/2025 12:00:00 AM,4/14/2025 12:00:00 AM
 Durres,6321070132025,2107013/ NSHK DURRES/ ENERGJI SIPAS PERMBLEDHESES 369 DT 10.04.2025,0,Unspecified,2107013,Nd-ja Sherbimeve Komunale (0707),6022001,Elektricitet,FURNIZUESI I SHERBIMIT UNIVERSAL,68110.00,4/11/2025 12:00:00 AM,4/14/2025 12:00:00 AM
 Tirane,6410112642025,1011264 ASCAP 2025, pag dalje ne pension, urdh nr 301 dt 18.2.2025, vend nr 300 dt 18.2.2025, listpag,11,Ministria e Arsimit Sportit dhe Rinise,1011264,Agjencisë së Sigurimit të Cilësisë së Arsimit Parauniversitar (ASCAP), Tiranë (3535),6060005,Pensione per moshe madhore,RAIFFEISEN BANK SH.A,144200.00,4/11/2025 12:00:00 AM,4/14/2025 12:00:00 AM
 Diber,6410121402025,2025 Shkolla e Mesme 1012140 energji elektrike Mars  2025 ft nr 4542266  dt 10.04.2025 marreveshje dakortesie4732  dt 20.12.2024,12,Ministria e Ekonomise, Kultures dhe Inovacionit,1012140,Shkolla "Nazmi Rushiti"Diber (0606),6022001,Elektricitet,FURNIZUESI I SHERBIMIT UNIVERSAL,72760.00,4/11/2025 12:00:00 AM,4/14/2025 12:00:00 AM
 Mat,6410140062025,Burgu Burrel (1014006) Lik. Ndihme financiare per rast te vdekjes se punonjesit i jepet bashkeshortes znj.Selvije Kazhani.Urdh.Titullari Nr.353 Dt.03.04.2025.Bordero pagese Nr.1 Dt.04.04.2025.Liste - Pagese Mars 2025.,14,Ministria e Drejtesise,1014006,Burgu Burrel (0625),6061041,Shpenzime per situata te veshtira dhe per fatekeqesi,Banka OTP Albania,93500.00,4/11/2025 12:00:00 AM,4/14/2025 12:00:00 AM
 Tirane,6410160122025,1016012 NSPT, dieta, urdher DPPSH 957 dt 22.6.2023, listpag,16,Ministria e Brendshme,1016012,Njësia e Sigurise Publike Tirane (3535),6024100,Udhetim i brendshem,BANKA CREDINS,242500.00,4/11/2025 12:00:00 AM,4/14/2025 12:00:00 AM
 Tirane,6410880012025,  1088001   AMSHC  2025  disbursime kont vazhd 803 dt 3.6.2024 ft 1 dt 02.4.2025 relacion 1.4.25,88,Mbeshtetje per Shoqerine Civile,1088001,Mbeshtetje per Shoqerine Civile (3535),6044099,Te tjera transferta per institucionet jo-fitim prurese,Impakt Inkubator Albania,70000.00,4/10/2025 12:00:00 AM,4/14/2025 12:00:00 AM
 Tirane,6410920012025,1092001 ISKK 2025 - Pag honorare,Urdh nr 25 dt 10.04.2025,Kontrate nr 165/8 dt 13.09.2024,Listepagese,92,Instituti i Studimeve te Krimeve te Komunizmit,1092001,Instituti i Studimeve te Krimeve te Komunizmit (3535),6022099,Sherbime te tjera,RAIFFEISEN BANK SH.A,10045.00,4/11/2025 12:00:00 AM,4/14/2025 12:00:00 AM
 Durres,6421070132025,2107013/ NSHK DURRES/ UJE FAT 521446 DT 08.04.2025,0,Unspecified,2107013,Nd-ja Sherbimeve Komunale (0707),6022002,Uje,SHOQERIA RAJONALE UJESJELLES KANALIZIME DURRES SH A,134424.00,4/11/2025 12:00:00 AM,4/14/2025 12:00:00 AM
 Durres,6510130052025,1013005/NJESIA VENDORE KUJDESIT SHENDETSOR / MATERIALE DHE SHERBIME FATURE NR 33 DT 03.04.2025,13,Ministria e Shendetesise dhe Mbrojtjes Sociale,1013005,Njesia Vendore e Kujdesit Shendetesor Durres (0707),6029099,Shpenzime per te tjera materiale dhe sherbime operative,LAB CHEM DISTRIBUTION,120000.00,4/11/2025 12:00:00 AM,4/14/2025 12:00:00 AM
 Tirane,6510131042025,1013104-Spitali universitar i traumes-Sherb lyerje Mk 39/5 dt 14.8.2023 Nj fit 39/3 dt 26.7.2023 Kontr 6/29 dt 15.1.2025 Ft 5 dt 24.3.2025 Akt rak dt 24.3.2025 Ft 4 dt 6.3.2025 Akt rak dt 6.3.2025,13,Ministria e Shendetesise dhe Mbrojtjes Sociale,1013104,Spitali Universitar i Traumes (Sherbimi Urgjences) (3535),6025300,Shpenzime per mirembajtjen e objekteve ndertimore,MENI,1100952.00,4/10/2025 12:00:00 AM,4/14/2025 12:00:00 AM
 Korçe,6510140972025,1014097 I.E.V.P. KORCE  DIETA SIPAS LISTEPAGESES,URDHER NR.243 DT.10.04.2025,14,Ministria e Drejtesise,1014097,Instituti i Edukimit te Vendimeve Penale Korce (1515),6024100,Udhetim i brendshem,RAIFFEISEN BANK SH.A,137500.00,4/11/2025 12:00:00 AM,4/14/2025 12:00:00 AM
 Tirane,6510160122025,1016012 NSPT, dieta, urdher DPPSH 957 dt 22.6.2023, listpag,16,Ministria e Brendshme,1016012,Njësia e Sigurise Publike Tirane (3535),6024100,Udhetim i brendshem,INTESA SANPAOLO BANK ALBANIA,222500.00,4/11/2025 12:00:00 AM,4/14/2025 12:00:00 AM
 Shkoder,6510160132025,1016013 Njesia e sigurise publike Shkoder, shpenzim energji elektrike mars 2025, nr i kontrates B30008, fat nr 25030404018247 dt 29.03.2025,16,Ministria e Brendshme,1016013,Njësia e Sigurise Publike Shkodër (3333),6022001,Elektricitet,FURNIZUESI I SHERBIMIT UNIVERSAL,200020.00,4/11/2025 12:00:00 AM,4/14/2025 12:00:00 AM
 Tirane,6510160572025,1016057 QKP Azilk 2025, likujd pagese qeraje mujore, kontrate 297 dt 25.10.24, liste pag tat mbajtur burim,16,Ministria e Brendshme,1016057,Q.P.A.(Qendra e Pritjes për Azil) (3535),6061099,Te tjera transferta tek individet,BANKA CREDINS,29750.00,4/10/2025 12:00:00 AM,4/14/2025 12:00:00 AM
Unspecified,6600000032025,Transferte ISSH,0,Unspecified,0,Unspecified (0000),4351299,Kontribute te mbledhura nga tatimet (shteti) per llogari te ISSH - Detyrimi Qendrore / Transferta (GE 001 Debit),INSTITUTI SIGURIMEVE SHOQERORE,745000000.00,4/11/2025 12:00:00 AM,4/14/2025 12:00:00 AM
 Vlore,6610051382025,1005138 DREJTORIA RAJONALE E VETERINARISE DIETA ME BORDERO,5,Ministria e Bujqesise dhe Zhvillimit Rural,1005138,Drejtoria Rajonale e Shërbimit Veterinar dhe Mbrojtjes se Bimëve Vlorë (3737),6024100,Udhetim i brendshem,BANKA E TIRANES,49500.00,4/11/2025 12:00:00 AM,4/14/2025 12:00:00 AM
 Shkoder,6610060772025,1006077, Drejt e Rajonit Verior Shkoder,Mirembajtje rutine me performance Rr"Kukes-Krume,Kukes-U.Zapodit,U.Zapodit-Shishtavec(Dogane)"54km, Kont pj1 nr 404 dt 08.11.24, fat nr 12/2025 dt 08.04.25, sit nr 5 dt 08.04.25, pv kol dt 08.04.25,6,Ministria e Infrastruktures dhe Energjise,1006077,Drejtoria e Rajonit Verior (Shkoder) (3333),6025400,Shpenz.per miremb.e rrugeve, veprave ujore, rrjeteve hidraulike, elektrike, telefonike, ngrohje etj,MARSI  sh p k,4232088.00,4/11/2025 12:00:00 AM,4/14/2025 12:00:00 AM
 Durres,6610130052025,1013005/NJESIA VENDORE KUJDESIT SHENDETSOR /  BLERJE DOSJE ARSHIVE PER RUAJTJEN E PERHERSHME FATURE NR26 DT 07.04.2025,13,Ministria e Shendetesise dhe Mbrojtjes Sociale,1013005,Njesia Vendore e Kujdesit Shendetesor Durres (0707),6029099,Shpenzime per te tjera materiale dhe sherbime operative,Adel CO,308700.00,4/11/2025 12:00:00 AM,4/14/2025 12:00:00 AM
 Korçe,6610140972025,1014097 I.E.V.P. KORCE  DIETA SIPAS LISTEPAGESES,URDHER NR.243 DT.10.04.2025,14,Ministria e Drejtesise,1014097,Instituti i Edukimit te Vendimeve Penale Korce (1515),6024100,Udhetim i brendshem,BANKA KOMBETARE TREGTARE,27000.00,4/11/2025 12:00:00 AM,4/14/2025 12:00:00 AM
 Shkoder,6610160132025,1016013 Njesia e sigurise publike Shkoder, shpenzime uji mars 2025,nr i klientit 674, fat nr 375383966 dt 31.03.2025,16,Ministria e Brendshme,1016013,Njësia e Sigurise Publike Shkodër (3333),6022002,Uje,SHOQERIA RAJONALE UJESJELLES KANALIZIME QARKU SHKODER SHA,54360.00,4/11/2025 12:00:00 AM,4/14/2025 12:00:00 AM
 Tirane,6610160572025,1016057 QKP Azilk 2025, likujd pagese qeraje mujore, kontrate 296 dt 24.10.24, liste pag tat mbajtur burim,16,Ministria e Brendshme,1016057,Q.P.A.(Qendra e Pritjes për Azil) (3535),6061099,Te tjera transferta tek individet,BANKA CREDINS,29750.00,4/10/2025 12:00:00 AM,4/14/2025 12:00:00 AM
Unspecified,6700000032025,Transferte ISSH,0,Unspecified,0,Unspecified (0000),4351299,Kontribute te mbledhura nga tatimet (shteti) per llogari te ISSH - Detyrimi Qendrore / Transferta (GE 001 Debit),INSTITUTI SIGURIMEVE SHOQERORE,255000000.00,4/11/2025 12:00:00 AM,4/14/2025 12:00:00 AM
 Vlore,6710051382025,1005138 DREJTORIA RAJONALE E VETERINARISEDIETA, ME BORDERO,5,Ministria e Bujqesise dhe Zhvillimit Rural,1005138,Drejtoria Rajonale e Shërbimit Veterinar dhe Mbrojtjes se Bimëve Vlorë (3737),6024100,Udhetim i brendshem,INTESA SANPAOLO BANK ALBANIA,5000.00,4/11/2025 12:00:00 AM,4/14/2025 12:00:00 AM
 Shkoder,6710060772025,1006077 ARRSH, Drejtoria e Rajonit Verior Shkoder, Mirm rr. Kukes Bushtrice 34 km, kon pj nr 1 nr 497 dt 26.12.24, fat 23/2025 dt 01.04.25, sit nr 3 dt 01.04.25, pv dt 01.04.25,6,Ministria e Infrastruktures dhe Energjise,1006077,Drejtoria e Rajonit Verior (Shkoder) (3333),6025400,Shpenz.per miremb.e rrugeve, veprave ujore, rrjeteve hidraulike, elektrike, telefonike, ngrohje etj,BE  -  IS   SH.P.K,1630125.00,4/11/2025 12:00:00 AM,4/14/2025 12:00:00 AM
 Devoll,6710111112025,ZYRA VENDORE ARSIMORE DEVOLL PAGESE PER SHERBIME POSTARE FAT NR 65 DT 09.04.2025,11,Ministria e Arsimit Sportit dhe Rinise,1011111,Zyra Vendore Arsimore, Devoll (1505),6022004,Posta dhe sherbimi korrier,POSTA SHQIPTARE SH.A,1075.00,4/11/2025 12:00:00 AM,4/14/2025 12:00:00 AM
 Korçe,6710140972025,1014097 I.E.V.P. KORCE  DIETA SIPAS LISTEPAGESES,URDHER NR.243 DT.10.04.2025,14,Ministria e Drejtesise,1014097,Instituti i Edukimit te Vendimeve Penale Korce (1515),6024100,Udhetim i brendshem,BANKA CREDINS,162500.00,4/11/2025 12:00:00 AM,4/14/2025 12:00:00 AM
 Tirane,6710160122025,1016012 NSPT, pagese telefon mars 2025, kontrata nr. 310001714016, fat nr.432580 dt 4.4.25,16,Ministria e Brendshme,1016012,Njësia e Sigurise Publike Tirane (3535),6022003,Sherbime telefonike,ONE ALBANIA,1900.00,4/11/2025 12:00:00 AM,4/14/2025 12:00:00 AM
 Shkoder,6710160132025,1016013 Njesia e Sigurise Publike Shkoder, posta mars 2025, fat nr 4673/2025 dt 02.04.2025,16,Ministria e Brendshme,1016013,Njësia e Sigurise Publike Shkodër (3333),6022004,Posta dhe sherbimi korrier,POSTA SHQIPTARE SH.A,1800.00,4/11/2025 12:00:00 AM,4/14/2025 12:00:00 AM
 Tirane,6710920012025,1092001 ISKK-Shp bl bileta,Urdh Prok nr 1 dt 25.03.2025,FT OF nr 95/3 dt 25.03.2025,Njof Fit nr 95/6 dt 26.03.2025,FAT nr 260/2025 dt 26.03.2025,92,Instituti i Studimeve te Krimeve te Komunizmit,1092001,Instituti i Studimeve te Krimeve te Komunizmit (3535),6024200,Udhetim jashte shtetit,AMADEUS TRAWELL AND TOURS,66000.00,4/11/2025 12:00:00 AM,4/14/2025 12:00:00 AM
 Fier,6721110042025,FISHEKZJARE PER QENDRA EKONOMIKE E KULTURES B.FIER FAT 75,98 DT 31/12/2024,0,Unspecified,2111004,Qendra Ekonomike Kultures (0909),6021099,Te tjera materiale dhe sherbime speciale,ALBAFIREworks,516000.00,4/10/2025 12:00:00 AM,4/14/2025 12:00:00 AM
 Vlore,6810100762025,1010076 DREJTORIA RAJONALE TATIMORE VLORE SHPENZIME PER MIREMBAJTJEN E PAJISJEVE TE ZYRES UP NR 1516/1 DT 21.03.2025 FAT NR 11 DT 26.03.2025 SITUACION PUNIMESH,10,Ministria e Financave dhe Ekonomise,1010076,Drejtoria Rajonale Tatimore Vlore (3737),6025800,Shpenzime per mirembajtjen e paisjeve te zyrave,SHKELQIM LEVENDI (L36611201E),30000.00,4/11/2025 12:00:00 AM,4/14/2025 12:00:00 AM
 Tirane,6810111402025,1011140-Fak Shkenca Natyres -Pagese energji Mars 2025,permbledhese fat 8.4.2025,11,Ministria e Arsimit Sportit dhe Rinise,1011140,Universiteti i Tiranes, fakulteti i Shkencave te Natyres (3535),6022001,Elektricitet,FURNIZUESI I SHERBIMIT UNIVERSAL,568799.00,4/11/2025 12:00:00 AM,4/14/2025 12:00:00 AM
 Devoll,6810130672025,SPITALI DEVOLL PAGESE PER FSHU PER ENERGJI MUAJI MARS 2025 FAT NR 4649802 NR KONT C73230,13,Ministria e Shendetesise dhe Mbrojtjes Sociale,1013067,Sp. Devoll (1505),6022001,Elektricitet,FURNIZUESI I SHERBIMIT UNIVERSAL,272949.00,4/11/2025 12:00:00 AM,4/14/2025 12:00:00 AM
 Diber,6810160242025,2025, Policia Diber, 1016024, sherbime te tjera, fature nr26 dt12.03.2025, fature nr36 dt12.03.2025, fature nr35 dt12.03.2025,16,Ministria e Brendshme,1016024,Drejtoria Vendore e Policise Diber (0606),6022099,Sherbime te tjera,DREJTORIA VENDORE ASHK-se TIRANE VERI,46000.00,4/11/2025 12:00:00 AM,4/14/2025 12:00:00 AM
 Tirane,68110130492025,1013049,QSUT, sherbim ushqimi, vazhdim kontrate nr 168/41 date 27.12.2024 ft nr 25/2025 dt 02.04.2025, p.v (01-31MARS), akt rakordim periudhe (01-31 MARS,13,Ministria e Shendetesise dhe Mbrojtjes Sociale,1013049,Qendra spitalore universitare "Nene Tereza" (3535),6021004,Furnizime dhe sherbime me ushqim per mencat,KPL SH.P.K.,27032736.00,4/10/2025 12:00:00 AM,4/14/2025 12:00:00 AM
 Tirane,68210130492025,1013049,QSUT, lavanteri, vazhdim kontrate nr 6/55 date 23.12.2024, ft nr 52/2025 dt 31.03.2025 p.v (01-31MARS ) akt rakordimi (01-31MARS),13,Ministria e Shendetesise dhe Mbrojtjes Sociale,1013049,Qendra spitalore universitare "Nene Tereza" (3535),6022009,Sherbime te pastrimit dhe gjelberimit,A G S,28959737.00,4/10/2025 12:00:00 AM,4/14/2025 12:00:00 AM
 Fier,6821110042025,VAZO LULESH PER TEATRIN QENDRA EKONOMIKE E KULTURES B.FIER FAT 11 DT 04/04/2025,0,Unspecified,2111004,Qendra Ekonomike Kultures (0909),6021099,Te tjera materiale dhe sherbime speciale,Olsi Gjika,120000.00,4/11/2025 12:00:00 AM,4/14/2025 12:00:00 AM
 Devoll,6910130672025,SPTALI DEVOLL PAGESE PER SHOQ.RAJONALE UJESJELLES KANALIZIME KORCE SHA PER FAT E UJESJELLESIT MARS 2025 FAT NR 8931 DT 09.04.2025 NR KONT 302770/500026,13,Ministria e Shendetesise dhe Mbrojtjes Sociale,1013067,Sp. Devoll (1505),6022002,Uje,Shoqeria Rajonale Ujesjelles Kanalizime Korce,61550.00,4/11/2025 12:00:00 AM,4/14/2025 12:00:00 AM
 Kavaje,7010112632025,ZYRA ARSIMORE RROGOZHINE SHPENZIME TRANSPORTI PER NXENES SIPAS VKM 119 DT 01.03.2025,11,Ministria e Arsimit Sportit dhe Rinise,1011263,Zyra Vendore Arsimore, Rrogozhinë (3513),6023900,Shpenzime te tjera transporti,POSTA SHQIPTARE SH.A,687404.00,4/11/2025 12:00:00 AM,4/14/2025 12:00:00 AM
 Devoll,7010130672025,SPITALI DEVOLL PAGESE PER POSTA MARS 2025 FAT NR 53 DT 08.04.2025,13,Ministria e Shendetesise dhe Mbrojtjes Sociale,1013067,Sp. Devoll (1505),6022004,Posta dhe sherbimi korrier,POSTA SHQIPTARE SH.A,225.00,4/11/2025 12:00:00 AM,4/14/2025 12:00:00 AM
 Mat,7010140062025,Burgu Burrel (1014006) Lik. Shpenz.per mirmbajtje ndertese.Urdh.Prok.Nr.1 Dt.10.03.2025.Ftese oferte.Njoft.fit.app.Fat.Tat.Nr.10/2025 Dt.04.04.2025.Fl.Hyrje Nr.6 Dt.04.04.2025.Proc.verb.dorez.Dt.04.04.2025.,14,Ministria e Drejtesise,1014006,Burgu Burrel (0625),6025300,Shpenzime per mirembajtjen e objekteve ndertimore,NOART,230400.00,4/11/2025 12:00:00 AM,4/14/2025 12:00:00 AM
 Tirane,710112062025,1011206 Fed Boksit - lik shperb rezultat te lart, urdh zv minist nr 118, 120 dt 19.3.2025, urdh nr 11 dt 4.4.2025, listpag,11,Ministria e Arsimit Sportit dhe Rinise,1011206,Federata Shqipetare e Boksit (3535),6044006,Transferta per klubet dhe asociacionet e sportit,BANKA CREDINS,420000.00,4/11/2025 12:00:00 AM,4/14/2025 12:00:00 AM
 Kavaje,7110112632025,ZYRA ARSIMORE RROGOZHINE SHPENZIME TRANSPORTI PER MESUESITSIPAS VKM 119 DT 01.03.2023,11,Ministria e Arsimit Sportit dhe Rinise,1011263,Zyra Vendore Arsimore, Rrogozhinë (3513),6023900,Shpenzime te tjera transporti,RAIFFEISEN BANK SH.A,125475.00,4/11/2025 12:00:00 AM,4/14/2025 12:00:00 AM
 Mallakaster,7121310122025,NSHP 2131012,Pages me akt-marreveshje,Urdher nr 23 dt 21.01.25,akt-marreveshje nr 267/1 dt 22.01.25,bordero,listepages banke,0,Unspecified,2131012,Ndermarrja e Sherbimeve Publike, Mallakaster  (0924),6029005,Shpenzime per honorare,RAIFFEISEN BANK SH.A,38250.00,4/11/2025 12:00:00 AM,4/14/2025 12:00:00 AM
 Kavaje,7210112632025,ZYRA ARSIMORE RROGOZHINE SHPENZIME TRANSPORTI PER MESUESITSIPAS VKM 119 DT 01.03.2023,11,Ministria e Arsimit Sportit dhe Rinise,1011263,Zyra Vendore Arsimore, Rrogozhinë (3513),6023900,Shpenzime te tjera transporti,BANKA KOMBETARE TREGTARE,200874.00,4/11/2025 12:00:00 AM,4/14/2025 12:00:00 AM
 Vlore,721460382025,3737 NDERMARRJA E GJELBERIMIT 2146038 SHPERBLIM PER VDEKJE UB NR 120 DT 10.04.25 ME BORDERO,0,Unspecified,2146038,Ndermarrja e Gjelberimit Vlore (3737),6003900,Te tjera shperblime per personelin,RAIFFEISEN BANK SH.A,30000.00,4/11/2025 12:00:00 AM,4/14/2025 12:00:00 AM
 Kavaje,7310112632025,ZYRA ARSIMORE RROGOZHINE SHPENZIME TRANSPORTI PER MESUESITSIPAS VKM 119 DT 01.03.2023,11,Ministria e Arsimit Sportit dhe Rinise,1011263,Zyra Vendore Arsimore, Rrogozhinë (3513),6023900,Shpenzime te tjera transporti,Banka OTP Albania,59282.00,4/11/2025 12:00:00 AM,4/14/2025 12:00:00 AM
 Lushnje,7310140032025,1014003 IEVP Lushnje per sa lik shpenzime energji elektrike sipas fat.fisk.nr.4769513 dt.10.04.2025,14,Ministria e Drejtesise,1014003,Burgu Lushnje (0922),6022001,Elektricitet,FURNIZUESI I SHERBIMIT UNIVERSAL,762662.92,4/11/2025 12:00:00 AM,4/14/2025 12:00:00 AM
 Lezhe,7310140082025,BURGU LEZHE PAG DIETA SHKURT MARS 2025 , SIPAS LISTEPAGESES ,URDHER BREND 1895 DT 25.03.2025,URDH BR 2042 DT 03.04.2025, NR PERFITUESVE 8,14,Ministria e Drejtesise,1014008,Burgu Lezhe (2020),6024100,Udhetim i brendshem,RAIFFEISEN BANK SH.A,59500.00,4/11/2025 12:00:00 AM,4/14/2025 12:00:00 AM
 Diber,7310160602025,2025, Prefektura Diber, 1016060, telefon, fature nr428488 dt04.04.2025,16,Ministria e Brendshme,1016060,Prefektura e qarkut Diber (0606),6022003,Sherbime telefonike,ONE ALBANIA,17000.00,4/11/2025 12:00:00 AM,4/14/2025 12:00:00 AM
 Tirane,7310171452025,1017145-Reparti ushtarak 6680-Dieta personeli Urdher kom 55 dt 7.3.2025 Lisp,17,Ministria e Mbrojtjes,1017145,Kolegji i Mbrojtjes dhe Sigurisë (3535),6024100,Udhetim i brendshem,RAIFFEISEN BANK SH.A,132000.00,4/11/2025 12:00:00 AM,4/14/2025 12:00:00 AM
 Durres,7410060982025,1006098/DR.PERGJ.DETARE/FAT 1424 ENERGJI  AL0105856,6,Ministria e Infrastruktures dhe Energjise,1006098,Drejtoria e Pergjithshme Detare Durres (0707),6022001,Elektricitet,FURNIZUESI I SHERBIMIT UNIVERSAL,340.00,4/11/2025 12:00:00 AM,4/14/2025 12:00:00 AM
 Kavaje,7410112632025,ZYRA ARSIMORE RROGOZHINE SHPENZIME TRANSPORTI PER MESUESITSIPAS VKM 119 DT 01.03.2023,11,Ministria e Arsimit Sportit dhe Rinise,1011263,Zyra Vendore Arsimore, Rrogozhinë (3513),6023900,Shpenzime te tjera transporti,UNION BANK SHA,3575.00,4/11/2025 12:00:00 AM,4/14/2025 12:00:00 AM
 Tirane,7410131222025,1013122 Instituti  Integ.  Pernd. Politike  likujdim ujesjelles kanalizime ft nr 75412 dt 01.04.2025 kont nr 100065-1-1,13,Ministria e Shendetesise dhe Mbrojtjes Sociale,1013122,Instituti i Integrimit te Perndjekurve Politike(3535),6022002,Uje,UJËSJELLËS KANALIZIME TIRANË,2748.00,4/11/2025 12:00:00 AM,4/14/2025 12:00:00 AM
 Lushnje,7410140032025,1014003 IEVP Lushnje per sa lik shpenzime uji sipas fat.fisk.nr.162551 dt.10.04.2025,14,Ministria e Drejtesise,1014003,Burgu Lushnje (0922),6022002,Uje,SHOQERIA RAJONALE UJESJELLES KANALIZIME  ELBASAN SH.A,130032.00,4/11/2025 12:00:00 AM,4/14/2025 12:00:00 AM
 Lezhe,7410140082025,BURGU LEZHE PAG DIETA SHKURT MARS 2025,URDHER I BRENDSHEM NR1895 DT 25.03.2025,UBR NR 2042 DT 03.04.202,SIPAS LISTEPAGESES, NR PERFITUESVE 1,14,Ministria e Drejtesise,1014008,Burgu Lezhe (2020),6024100,Udhetim i brendshem,BANKA CREDINS,7500.00,4/11/2025 12:00:00 AM,4/14/2025 12:00:00 AM
 Kavaje,7410140992025,INSTITUTI I TE MITURVE KAVAJE PAGESE KALIMTARE PER ENGJELL MANSELLI PRILL 2025, LISTEPAGESE BASHKENGJITUR,14,Ministria e Drejtesise,1014099,Instituti i Riedukimit te te Miturve Kavaje (3513),6061099,Te tjera transferta tek individet,BANKA CREDINS,27696.00,4/11/2025 12:00:00 AM,4/14/2025 12:00:00 AM
 Diber,7410160602025,2025, Prefektura Diber, 1016060, energji elektrike, fature nr4386472 dt05.04.2025,16,Ministria e Brendshme,1016060,Prefektura e qarkut Diber (0606),6022001,Elektricitet,FURNIZUESI I SHERBIMIT UNIVERSAL,64612.00,4/11/2025 12:00:00 AM,4/14/2025 12:00:00 AM
 Tirane,7410171452025,1017145-Reparti ushtarak 6680-Dieta personeli Urdher kom 55 dt 7.3.2025 Lisp,17,Ministria e Mbrojtjes,1017145,Kolegji i Mbrojtjes dhe Sigurisë (3535),6024100,Udhetim i brendshem,BANKA CREDINS,99000.00,4/11/2025 12:00:00 AM,4/14/2025 12:00:00 AM
 Laç,74421260012025,Bashkia Kurbin.Shperblim neto per Kr/fshatrave Shtator 2024,0,Unspecified,2126001,Bashkia Kurbin (2019),6029006,Shpenzime kompesimi per anetaret e parlamentit dhe zyrtare te tjera te zgjedhur,Banka OTP Albania,24650.00,4/10/2025 12:00:00 AM,4/14/2025 12:00:00 AM
 Laç,74521260012025,Bashkia Kurbin.Shperblim neto per Kr/fshatrave Shtator 2024,0,Unspecified,2126001,Bashkia Kurbin (2019),6029006,Shpenzime kompesimi per anetaret e parlamentit dhe zyrtare te tjera te zgjedhur,BANKA E TIRANES,201450.00,4/10/2025 12:00:00 AM,4/14/2025 12:00:00 AM
 Laç,74621260012025,Bashkia Kurbin.Shperblim neto per Kr/fshatrave Tetor  2024,0,Unspecified,2126001,Bashkia Kurbin (2019),6029006,Shpenzime kompesimi per anetaret e parlamentit dhe zyrtare te tjera te zgjedhur,Banka OTP Albania,24650.00,4/10/2025 12:00:00 AM,4/14/2025 12:00:00 AM
 Laç,74721260012025,Bashkia Kurbin.Shperblim neto per Kr/fshatrave Tetor  2024,0,Unspecified,2126001,Bashkia Kurbin (2019),6029006,Shpenzime kompesimi per anetaret e parlamentit dhe zyrtare te tjera te zgjedhur,BANKA E TIRANES,201450.00,4/10/2025 12:00:00 AM,4/14/2025 12:00:00 AM
 Laç,74821260012025,Bashkia Kurbin.Shperblim neto per Kr/fshatrave Nentor  2024,0,Unspecified,2126001,Bashkia Kurbin (2019),6029006,Shpenzime kompesimi per anetaret e parlamentit dhe zyrtare te tjera te zgjedhur,BANKA KOMBETARE TREGTARE,12325.00,4/10/2025 12:00:00 AM,4/14/2025 12:00:00 AM
 Laç,74921260012025,Bashkia Kurbin.Shperblim neto per Kr/fshatrave Nentor  2024,0,Unspecified,2126001,Bashkia Kurbin (2019),6029006,Shpenzime kompesimi per anetaret e parlamentit dhe zyrtare te tjera te zgjedhur,RAIFFEISEN BANK SH.A,13175.00,4/10/2025 12:00:00 AM,4/14/2025 12:00:00 AM
 Laç,75021260012025,Bashkia Kurbin.Shperblim neto per Kr/fshatrave Nentor  2024,0,Unspecified,2126001,Bashkia Kurbin (2019),6029006,Shpenzime kompesimi per anetaret e parlamentit dhe zyrtare te tjera te zgjedhur,Banka OTP Albania,50150.00,4/10/2025 12:00:00 AM,4/14/2025 12:00:00 AM
 Durres,7510060982025,1006098/DR.PERGJ.DETARE/FAT 828 ENERGJI,6,Ministria e Infrastruktures dhe Energjise,1006098,Drejtoria e Pergjithshme Detare Durres (0707),6022001,Elektricitet,ALBANIAN SEAPORTS DEVELOPMENT COMPANY,211080.00,4/11/2025 12:00:00 AM,4/14/2025 12:00:00 AM
 Kavaje,7510112632025,ZYRA ARSIMORE RROGOZHINE SHPENZIME TRANSPORTI PER MESUESITSIPAS VKM 119 DT 01.03.2023,11,Ministria e Arsimit Sportit dhe Rinise,1011263,Zyra Vendore Arsimore, Rrogozhinë (3513),6023900,Shpenzime te tjera transporti,RAIFFEISEN BANK SH.A,7547.00,4/11/2025 12:00:00 AM,4/14/2025 12:00:00 AM
 Lushnje,7510140032025,1014003 IEVP Lushnje per sa lik shpenzime postare sipas fat.fisk.nr.135 dt.08.04.2025,14,Ministria e Drejtesise,1014003,Burgu Lushnje (0922),6022004,Posta dhe sherbimi korrier,POSTA SHQIPTARE SH.A,8535.00,4/11/2025 12:00:00 AM,4/14/2025 12:00:00 AM
 Lezhe,7510140082025,BURGU LEZHE PAG DIETA SHKURT MARS 2025,URDHER I BRENDSHEM NR1895 DT 25.03.2025,UBR NR 2042 DT 03.04.202,SIPAS LISTEPAGESES, NR PERFITUESVE 1,14,Ministria e Drejtesise,1014008,Burgu Lezhe (2020),6024100,Udhetim i brendshem,BANKA AMERIKANE E INVESTIMEVE SHA	,8000.00,4/11/2025 12:00:00 AM,4/14/2025 12:00:00 AM
 Kavaje,7510140992025,INSTITUTI I TE MITURVE KAVAJE PAGESE KALIMTARE PER MADRIT GOSENI PRILL 2025, LISTEPAGESE BASHKENGJITUR,14,Ministria e Drejtesise,1014099,Instituti i Riedukimit te te Miturve Kavaje (3513),6061099,Te tjera transferta tek individet,BANKA CREDINS,28649.00,4/11/2025 12:00:00 AM,4/14/2025 12:00:00 AM
 Tirane,7510160032025,1016003 AST, shp pagese blerje materiale te ndryshme hidraulik & ndertim, up 655 dt 10.3.25, ft of 655/1 dt 10.3.25, nj fit dt 13.3.25, fat 21/2025 dt 19.3.25, fh 9 dt 19.3.25, pv pranim malli dt 19.3.25,16,Ministria e Brendshme,1016003,Akademia e Sigurise Tirane (3535),6020900,Furnizime dhe materiale te tjera zyre dhe te pergjishme,ER & EM,418800.00,4/10/2025 12:00:00 AM,4/14/2025 12:00:00 AM
 Diber,7510160602025,2025, Prefektura Diber, 1016060, energji elektrike, fature nr4370436 dt05.04.2025,16,Ministria e Brendshme,1016060,Prefektura e qarkut Diber (0606),6022001,Elektricitet,FURNIZUESI I SHERBIMIT UNIVERSAL,5644.00,4/11/2025 12:00:00 AM,4/14/2025 12:00:00 AM
 Tirane,7510171452025,1017145-Reparti ushtarak 6680-Dieta personeli Urdher kom 55 dt 7.3.2025 Lisp,17,Ministria e Mbrojtjes,1017145,Kolegji i Mbrojtjes dhe Sigurisë (3535),6024100,Udhetim i brendshem,BANKA KOMBETARE TREGTARE,66000.00,4/11/2025 12:00:00 AM,4/14/2025 12:00:00 AM
 Laç,75121260012025,Bashkia Kurbin.Shperblim neto per Kr/fshatrave Nentor  2024,0,Unspecified,2126001,Bashkia Kurbin (2019),6029006,Shpenzime kompesimi per anetaret e parlamentit dhe zyrtare te tjera te zgjedhur,BANKA E TIRANES,111775.00,4/10/2025 12:00:00 AM,4/14/2025 12:00:00 AM
 Laç,75221260012025,Bashkia Kurbin.Shperblim neto per Kr/fshatrave Dhjetor  2024,0,Unspecified,2126001,Bashkia Kurbin (2019),6029006,Shpenzime kompesimi per anetaret e parlamentit dhe zyrtare te tjera te zgjedhur,BANKA KOMBETARE TREGTARE,12325.00,4/10/2025 12:00:00 AM,4/14/2025 12:00:00 AM
 Laç,75321260012025,Bashkia Kurbin.Shperblim neto per Kr/fshatrave Dhjetor  2024,0,Unspecified,2126001,Bashkia Kurbin (2019),6029006,Shpenzime kompesimi per anetaret e parlamentit dhe zyrtare te tjera te zgjedhur,RAIFFEISEN BANK SH.A,13175.00,4/10/2025 12:00:00 AM,4/14/2025 12:00:00 AM
 Laç,75421260012025,Bashkia Kurbin.Shperblim neto per Kr/fshatrave Dhjetor  2024,0,Unspecified,2126001,Bashkia Kurbin (2019),6029006,Shpenzime kompesimi per anetaret e parlamentit dhe zyrtare te tjera te zgjedhur,Banka OTP Albania,50150.00,4/10/2025 12:00:00 AM,4/14/2025 12:00:00 AM
 Laç,75521260012025,Bashkia Kurbin.Shperblim neto per Kr/fshatrave Dhjetor  2024,0,Unspecified,2126001,Bashkia Kurbin (2019),6029006,Shpenzime kompesimi per anetaret e parlamentit dhe zyrtare te tjera te zgjedhur,BANKA E TIRANES,111775.00,4/10/2025 12:00:00 AM,4/14/2025 12:00:00 AM
 Laç,75621260012025,Bashkia Kurbin.Shperblim neto per Kr/fshatrave Janar  2025,0,Unspecified,2126001,Bashkia Kurbin (2019),6029006,Shpenzime kompesimi per anetaret e parlamentit dhe zyrtare te tjera te zgjedhur,BANKA KOMBETARE TREGTARE,12325.00,4/10/2025 12:00:00 AM,4/14/2025 12:00:00 AM
 Laç,75721260012025,Bashkia Kurbin.Shperblim neto per Kr/fshatrave Janar  2025,0,Unspecified,2126001,Bashkia Kurbin (2019),6029006,Shpenzime kompesimi per anetaret e parlamentit dhe zyrtare te tjera te zgjedhur,RAIFFEISEN BANK SH.A,51850.00,4/10/2025 12:00:00 AM,4/14/2025 12:00:00 AM
 Laç,75821260012025,Bashkia Kurbin.Shperblim neto per Kr/fshatrave Janar  2025,0,Unspecified,2126001,Bashkia Kurbin (2019),6029006,Shpenzime kompesimi per anetaret e parlamentit dhe zyrtare te tjera te zgjedhur,Banka OTP Albania,62475.00,4/10/2025 12:00:00 AM,4/14/2025 12:00:00 AM
 Laç,75921260012025,Bashkia Kurbin.Shperblim neto per Kr/fshatrave Janar  2025,0,Unspecified,2126001,Bashkia Kurbin (2019),6029006,Shpenzime kompesimi per anetaret e parlamentit dhe zyrtare te tjera te zgjedhur,BANKA E TIRANES,162775.00,4/10/2025 12:00:00 AM,4/14/2025 12:00:00 AM
 Laç,76021260012025,Bashkia Kurbin.Shperblim neto per Kr/fshatrave Shkurt 2025,0,Unspecified,2126001,Bashkia Kurbin (2019),6029006,Shpenzime kompesimi per anetaret e parlamentit dhe zyrtare te tjera te zgjedhur,BANKA KOMBETARE TREGTARE,12325.00,4/10/2025 12:00:00 AM,4/14/2025 12:00:00 AM
 Durres,7610060982025,1006098/DR.PERGJ.DETARE/FAT 950 UJE,6,Ministria e Infrastruktures dhe Energjise,1006098,Drejtoria e Pergjithshme Detare Durres (0707),6022002,Uje,ALBANIAN SEAPORTS DEVELOPMENT COMPANY,4284.00,4/11/2025 12:00:00 AM,4/14/2025 12:00:00 AM
 Kavaje,7610112632025,ZYRA ARSIMORE RROGOZHINE SHPENZIME TRANSPORTI PER MESUESITSIPAS VKM 119 DT 01.03.2023,11,Ministria e Arsimit Sportit dhe Rinise,1011263,Zyra Vendore Arsimore, Rrogozhinë (3513),6023900,Shpenzime te tjera transporti,BANKA KOMBETARE TREGTARE,40455.00,4/11/2025 12:00:00 AM,4/14/2025 12:00:00 AM
 Tirane,7610131222025,1013122 Instituti  Integ.  Pernd. Politike sherbim postar  ft nr 630653 dt 04.04.2025,13,Ministria e Shendetesise dhe Mbrojtjes Sociale,1013122,Instituti i Integrimit te Perndjekurve Politike(3535),6022004,Posta dhe sherbimi korrier,POSTA SHQIPTARE SH.A,825.00,4/11/2025 12:00:00 AM,4/14/2025 12:00:00 AM
 Lushnje,7610140032025,1014003 IEVP Lushnje per sa lik shperblim ne rastin e daljes ne pension, urdher nr.837/3 dt.08.04.2025, sipas listepageses,14,Ministria e Drejtesise,1014003,Burgu Lushnje (0922),6061099,Te tjera transferta tek individet,RAIFFEISEN BANK SH.A,82025.00,4/11/2025 12:00:00 AM,4/14/2025 12:00:00 AM
 Lezhe,7610140082025,BURGU LEZHE PAG DIETA SIPAS LISTEPAGESES ,URDHER PAGESE NR 1895 DT 25.03.2025, URDH NR 2042 DT 03.04.2025, NR PERFITUESVE 1,14,Ministria e Drejtesise,1014008,Burgu Lezhe (2020),6024100,Udhetim i brendshem,BANKA E TIRANES,500.00,4/11/2025 12:00:00 AM,4/14/2025 12:00:00 AM
 Kavaje,7610140992025,INSTITUTI I TE MITURVE KAVAJE PAGESE KALIMTARE PER GAZMED ZYLYFTARI PRILL 2025, LISTEPAGESE BASHKENGJITUR,14,Ministria e Drejtesise,1014099,Instituti i Riedukimit te te Miturve Kavaje (3513),6061099,Te tjera transferta tek individet,Banka OTP Albania,27342.00,4/11/2025 12:00:00 AM,4/14/2025 12:00:00 AM
 Tirane,7610171452025,1017145-Reparti ushtarak 6680-Dieta personeli Urdher kom 55 dt 7.3.2025 Lisp,17,Ministria e Mbrojtjes,1017145,Kolegji i Mbrojtjes dhe Sigurisë (3535),6024100,Udhetim i brendshem,BANKA E TIRANES,33000.00,4/11/2025 12:00:00 AM,4/14/2025 12:00:00 AM
 Laç,76121260012025,Bashkia Kurbin.Shperblim neto per Kr/fshatrave Shkurt 2025,0,Unspecified,2126001,Bashkia Kurbin (2019),6029006,Shpenzime kompesimi per anetaret e parlamentit dhe zyrtare te tjera te zgjedhur,RAIFFEISEN BANK SH.A,51850.00,4/10/2025 12:00:00 AM,4/14/2025 12:00:00 AM
 Laç,76221260012025,Bashkia Kurbin.Shperblim neto per Kr/fshatrave Shkurt 2025,0,Unspecified,2126001,Bashkia Kurbin (2019),6029006,Shpenzime kompesimi per anetaret e parlamentit dhe zyrtare te tjera te zgjedhur,Banka OTP Albania,62475.00,4/10/2025 12:00:00 AM,4/14/2025 12:00:00 AM
 Laç,76321260012025,Bashkia Kurbin.Shperblim neto per Kr/fshatrave Shkurt 2025,0,Unspecified,2126001,Bashkia Kurbin (2019),6029006,Shpenzime kompesimi per anetaret e parlamentit dhe zyrtare te tjera te zgjedhur,BANKA E TIRANES,162775.00,4/10/2025 12:00:00 AM,4/14/2025 12:00:00 AM
 Laç,76521260012025,Bashkia Kurbin.Shperblim neto per Keshilltaret e  Kr/fshatrave Mars 2025,0,Unspecified,2126001,Bashkia Kurbin (2019),6029006,Shpenzime kompesimi per anetaret e parlamentit dhe zyrtare te tjera te zgjedhur,BANKA E TIRANES,251175.00,4/10/2025 12:00:00 AM,4/14/2025 12:00:00 AM
 Laç,76721260012025,Bashkia Kurbin.Shperblim neto per Keshilltaret e  Kr/fshatrave Mars 2025,0,Unspecified,2126001,Bashkia Kurbin (2019),6029006,Shpenzime kompesimi per anetaret e parlamentit dhe zyrtare te tjera te zgjedhur,BANKA KOMBETARE TREGTARE,144835.00,4/10/2025 12:00:00 AM,4/14/2025 12:00:00 AM
 Laç,76821260012025,Bashkia Kurbin.Rindert.ne truallin ekzist.te dy njesi banimi Pallat nr 3+4 .Kontrate nr 5876/27 dt 19.04.2023.Fature nr 165/2024 dt 31.12.2024.Situacion nr 6.UB 7707,0,Unspecified,2126001,Bashkia Kurbin (2019),4662104,Garanci te vitit vazhdim per sipermarje punimesh (2011 - Te Hyra),KUPA,42708200.00,4/10/2025 12:00:00 AM,4/14/2025 12:00:00 AM
 Durres,7710060982025,1006098/DR.PERGJ.DETARE/FAT 892 ENERGJI  FIOA030001031077,6,Ministria e Infrastruktures dhe Energjise,1006098,Drejtoria e Pergjithshme Detare Durres (0707),6022001,Elektricitet,FURNIZUESI I SHERBIMIT UNIVERSAL,8265.00,4/11/2025 12:00:00 AM,4/14/2025 12:00:00 AM
 Kavaje,7710112632025,ZYRA ARSIMORE RROGOZHINE SHPENZIME TRANSPORTI PER MESUESITSIPAS VKM 119 DT 01.03.2023,11,Ministria e Arsimit Sportit dhe Rinise,1011263,Zyra Vendore Arsimore, Rrogozhinë (3513),6023900,Shpenzime te tjera transporti,UNION BANK SHA,2979.00,4/11/2025 12:00:00 AM,4/14/2025 12:00:00 AM
 Kavaje,7710140992025,INSTITUTI I TE MITURVE KAVAJE BLERJE GRILA PER ZYRA UP NR 6 DT 07.03.2025 FATURE NR 7 DT 08.04.2025,14,Ministria e Drejtesise,1014099,Instituti i Riedukimit te te Miturve Kavaje (3513),6021099,Te tjera materiale dhe sherbime speciale,Edmond Zyli,63048.00,4/11/2025 12:00:00 AM,4/14/2025 12:00:00 AM
 Tirane,7710160032025,1016003 AST, shpenzime uji mars 2025, Kontrata nr 530039-1, fat 60623/2025 dt 1.4.2025,16,Ministria e Brendshme,1016003,Akademia e Sigurise Tirane (3535),6022002,Uje,UJËSJELLËS KANALIZIME TIRANË,338880.00,4/10/2025 12:00:00 AM,4/14/2025 12:00:00 AM
 Diber,7710160602025,2025, Prefektura Diber, 1016060, energji elektrike, fature nr3529523 dt01.04.2025,16,Ministria e Brendshme,1016060,Prefektura e qarkut Diber (0606),6022001,Elektricitet,FURNIZUESI I SHERBIMIT UNIVERSAL,15758.00,4/11/2025 12:00:00 AM,4/14/2025 12:00:00 AM
 Durres,7810060982025,1006098/DR.PERGJ.DETARE/FAT 29609 ENERGJI  SHICO10117041604,6,Ministria e Infrastruktures dhe Energjise,1006098,Drejtoria e Pergjithshme Detare Durres (0707),6022001,Elektricitet,FURNIZUESI I SHERBIMIT UNIVERSAL,39446.00,4/11/2025 12:00:00 AM,4/14/2025 12:00:00 AM
 Kavaje,7810112632025,ZYRA ARSIMORE RROGOZHINE SHPENZIME TRANSPORTI PER MESUESITSIPAS VKM 119 DT 01.03.2023,11,Ministria e Arsimit Sportit dhe Rinise,1011263,Zyra Vendore Arsimore, Rrogozhinë (3513),6023900,Shpenzime te tjera transporti,Banka OTP Albania,15090.00,4/11/2025 12:00:00 AM,4/14/2025 12:00:00 AM
 Tirane,7810160032025,1016003 AST, shpenzime uji mars 2025, Kontrata nr 444392-1, fat 60591/2025 dt 1.4.2025,16,Ministria e Brendshme,1016003,Akademia e Sigurise Tirane (3535),6022002,Uje,UJËSJELLËS KANALIZIME TIRANË,19008.00,4/10/2025 12:00:00 AM,4/14/2025 12:00:00 AM
 Durres,7910060982025,1006098/DR.PERGJ.DETARE/POSTA FAT 233,6,Ministria e Infrastruktures dhe Energjise,1006098,Drejtoria e Pergjithshme Detare Durres (0707),6022004,Posta dhe sherbimi korrier,POSTA SHQIPTARE SH.A,6710.00,4/11/2025 12:00:00 AM,4/14/2025 12:00:00 AM
 Tirane,7910160032025,1016003 AST, sherbime postare, fat 132/2025 dt 1.4.2025,16,Ministria e Brendshme,1016003,Akademia e Sigurise Tirane (3535),6022004,Posta dhe sherbimi korrier,POSTA SHQIPTARE SH.A,9504.00,4/10/2025 12:00:00 AM,4/14/2025 12:00:00 AM
 Durres,7921070142025,2107014/ND RRUGA /SHPERBLIM sipas borderose,0,Unspecified,2107014,Ndermarrja Rruga (0707),6061099,Te tjera transferta tek individet,RAIFFEISEN BANK SH.A,123130.00,4/11/2025 12:00:00 AM,4/14/2025 12:00:00 AM
 Durres,8010060982025,1006098/DR.PERGJ.DETARE/FAT 92656 UJE,6,Ministria e Infrastruktures dhe Energjise,1006098,Drejtoria e Pergjithshme Detare Durres (0707),6022002,Uje,Shoqeria Rajonale Ujesjelles Kanalizime Sarande sh.a,240.00,4/11/2025 12:00:00 AM,4/14/2025 12:00:00 AM
 Laç,8010111212025,Zyra Arsimore Kurbin.Shpenzime siguracioni te zyrave .Kontrate nr 484 dt 24.06.2024,kerkese nr 463 dt 13.06.2024,u-prok.nr 1 dt 13.06.2024.Fature nr 24 dt 23.03.2025, Mars 2025,11,Ministria e Arsimit Sportit dhe Rinise,1011121,Zyra Vendore Arsimore, Kurbin (2019),6022008,Sherbime te sigurimit dhe ruajtjes,GUARD & PROTECT RICA	,8300.00,4/11/2025 12:00:00 AM,4/14/2025 12:00:00 AM
 Lezhe,8010140082025,BURGU LEZHE PAG NDIHME EKONOMIKE AGOSTIN BIBAJ, URDHER 2070 DT 04.04.2025,SIPAS LISTEPAGESES NR PERFITUESVE 1,14,Ministria e Drejtesise,1014008,Burgu Lezhe (2020),6060099,Te tjera transferta tek individet,RAIFFEISEN BANK SH.A,40000.00,4/11/2025 12:00:00 AM,4/14/2025 12:00:00 AM
 Tirane,8010160032025,1016003 AST, shp sherb ushqim katering mars 25, kontrata 1752 dt 26.8.2022 vazhdim, up 263 dt 28.6.22, fat 111/2025 dt 3.4.2025, fh 3 dt 3.4.25, pv pranim malli dt 3.4.2025,16,Ministria e Brendshme,1016003,Akademia e Sigurise Tirane (3535),6021004,Furnizime dhe sherbime me ushqim per mencat,SORI-AL,8915987.00,4/10/2025 12:00:00 AM,4/14/2025 12:00:00 AM
 Fier,8021120092025,ASHP.Patos 2112009 qera kopshti Grize kont. listepagesa,0,Unspecified,2112009,Agjencia e Shërbimeve Publike (0909),6026100,Shpenzime per qiramarrje ambjentesh,RAIFFEISEN BANK SH.A,20000.00,4/11/2025 12:00:00 AM,4/14/2025 12:00:00 AM
 Tropoje,8021450012025,BAshkia Tropoje dru zjarri kontrate dt 17 dt 10.11.2023 ft 105 dt 29.11.2023 up 279 dt 7.8.2023,0,Unspecified,2145001,Bashkia Tropojë (1836),6022005,Sherbim per ngrohje,LEONI ALB,230844.00,4/11/2025 12:00:00 AM,4/14/2025 12:00:00 AM
 Tirane,810112062025,1011206 Fed Boksit - lik ciles sportis, urdh zv minist nr 118, 120 dt 19.3.2025, urdh nr 11 dt 4.4.2025, listpag,11,Ministria e Arsimit Sportit dhe Rinise,1011206,Federata Shqipetare e Boksit (3535),6044006,Transferta per klubet dhe asociacionet e sportit,RAIFFEISEN BANK SH.A,400000.00,4/11/2025 12:00:00 AM,4/14/2025 12:00:00 AM
 Tirane,810112282025,1011228 Fed Tenis - sherb mirembaj faqe web, vend nr 1 dt 3.3.2025, kerk dt 1.3.2025, ft nr 14 dt 28.3.2025, urdh lik nr 6 dt 28.3.2025,11,Ministria e Arsimit Sportit dhe Rinise,1011228,Federata Shqiptare Tenisit (3535),6044006,Transferta per klubet dhe asociacionet e sportit,Leonard Oshafi,26000.00,4/10/2025 12:00:00 AM,4/14/2025 12:00:00 AM
 Durres,8110060982025,1006098/DR.PERGJ.DETARE/FAT 1118 ENERGJI  GJOA010045018692,6,Ministria e Infrastruktures dhe Energjise,1006098,Drejtoria e Pergjithshme Detare Durres (0707),6022001,Elektricitet,FURNIZUESI I SHERBIMIT UNIVERSAL,12129.00,4/11/2025 12:00:00 AM,4/14/2025 12:00:00 AM
 Elbasan,8110110992025,1011099 Universiteti i Elb "Aleksander Xhuvani"- Shpenzim fjetje hoteli,per  projket kerkim shkencor,  urdher titullari nr 54 dt 09.04.2025. fature nr 7 dt 18.03.2025,11,Ministria e Arsimit Sportit dhe Rinise,1011099,Universiteti "A. Xhuvani", Elbasan (0808),6024100,Udhetim i brendshem,ILIR  HOXHA,45100.00,4/11/2025 12:00:00 AM,4/14/2025 12:00:00 AM
 Permet,8110111092025,ZYRA VENDORE ARSIMORE PERMET-KELCYRE FAT NR 4514172 DT 10.04.2025 NR KONT F-016546 MARS 2025,11,Ministria e Arsimit Sportit dhe Rinise,1011109,Zyra Vendore Arsimore, Permet-Këlcyrë  (1128),6022001,Elektricitet,FURNIZUESI I SHERBIMIT UNIVERSAL,6216.00,4/11/2025 12:00:00 AM,4/14/2025 12:00:00 AM
 Laç,8110111212025,Zyra Arsimore Kurbin.Shpenzime uji per muajin Mars 2025.Fature nr 99496 dt 08.04.2025,11,Ministria e Arsimit Sportit dhe Rinise,1011121,Zyra Vendore Arsimore, Kurbin (2019),6022002,Uje,Shoqeria Rajonale Ujesjelles Kanalizime Lezhe sha,870.00,4/11/2025 12:00:00 AM,4/14/2025 12:00:00 AM
 Lezhe,8110140082025,BURGU LEZHE PAG SHPERBLIM DALJE NE PENSON ZYLIHA KARAJ, SIPAS LISTEPAGESES, URDHER 602 DT 03.02.2025, NR PERFITUESVE 1,14,Ministria e Drejtesise,1014008,Burgu Lezhe (2020),6060099,Te tjera transferta tek individet,Banka OTP Albania,73950.00,4/11/2025 12:00:00 AM,4/14/2025 12:00:00 AM
 Tirane,8110160032025,1016003 AST, shp mirembajtj objekte ndertim, up 2538 dt 14.11.23, kontrate vazhdim 2667 dt 30.11.23, situac dt 4.12.23, çertif marrjes perf dorezim punim dt 4.4.25, sipas permbl fat 1 dt 9.4.25,16,Ministria e Brendshme,1016003,Akademia e Sigurise Tirane (3535),6025300,Shpenzime per mirembajtjen e objekteve ndertimore,UNIVERSAL   SH.P.K,54460.00,4/10/2025 12:00:00 AM,4/14/2025 12:00:00 AM
 Tirane,8110870162025,1087016 - AMBU ,Rimbursim tvsh , marrveshja nr.247 dt 14.11.18 , kerkesa dt 25.3.25 , permbledhese ft Dhjetor 24-Shkurt 25,87,Institucione te tjera Qeveritare,1087016,Agjencia e Menaxhimit te Burimeve Ujore(3535),2310500,Shpenz. per rritjen e te tjera AQT,AMBASADA  AUSTRIAKE,207462.00,4/11/2025 12:00:00 AM,4/14/2025 12:00:00 AM
 Permet,8210111092025,ZYRA VENDORE ARSIMORE PERMET-KELCYRE FAT NR 102645 DT 10.04.2025,11,Ministria e Arsimit Sportit dhe Rinise,1011109,Zyra Vendore Arsimore, Permet-Këlcyrë  (1128),6022002,Uje,SHOQËRIA RAJONALE UJËSJELLËS KANALIZIME GJIROKASTËR SH.A,360.00,4/11/2025 12:00:00 AM,4/14/2025 12:00:00 AM
 Laç,8210111212025,Zyra Arsimore Kurbin.Shpenzime tarife udhetimi per mesuesit jashte rrethit.Janar-Shkurt 2025.,11,Ministria e Arsimit Sportit dhe Rinise,1011121,Zyra Vendore Arsimore, Kurbin (2019),6023900,Shpenzime te tjera transporti,RAIFFEISEN BANK SH.A,574828.00,4/11/2025 12:00:00 AM,4/14/2025 12:00:00 AM
 Lezhe,8210140082025,BURGU LEZHE LIK FAT 1710283 DT 01.04.2025,SHPENZIME TELEFONIKE MARS 2025,14,Ministria e Drejtesise,1014008,Burgu Lezhe (2020),6022003,Sherbime telefonike,ONE ALBANIA,2170.00,4/11/2025 12:00:00 AM,4/14/2025 12:00:00 AM
 Tirane,8210870162025,1087016 - AMBU ,Sherbim larje automjeti , kont vazh nr.31/1 dt 23.1.24 , ft nr.98/2025 dt 26.3.25,87,Institucione te tjera Qeveritare,1087016,Agjencia e Menaxhimit te Burimeve Ujore(3535),6023900,Shpenzime te tjera transporti,MENTOR KARAKAÇI,1500.00,4/11/2025 12:00:00 AM,4/14/2025 12:00:00 AM
 Elbasan,8310110992025,1011099 Universiteti i Elb "Aleksander Xhuvani"- Pritje kokteil, pjesemarrje ne konference, per projekt kerkim shkencor, urdher titullari nr 56 dt 09.04.2025. fature nr 114518/114517 dt 19.03.2025,11,Ministria e Arsimit Sportit dhe Rinise,1011099,Universiteti "A. Xhuvani", Elbasan (0808),6029001,Shpenzime per pritje e percjellje,Bonum,24000.00,4/10/2025 12:00:00 AM,4/14/2025 12:00:00 AM
 Laç,8310111212025,Zyra Arsimore Kurbin.Shpenzime tarife udhetimi per mesuesit jashte rrethit.Janar-Shkurt 2025.,11,Ministria e Arsimit Sportit dhe Rinise,1011121,Zyra Vendore Arsimore, Kurbin (2019),6023900,Shpenzime te tjera transporti,Banka OTP Albania,132655.00,4/11/2025 12:00:00 AM,4/14/2025 12:00:00 AM
 Lezhe,8310140082025,BURGU LEZHE LIK FAT 146 DT 04.04.2025,NR 6003/1 PROT DT 05.10.2017,SHPENZ POSTARE MARS 2025,14,Ministria e Drejtesise,1014008,Burgu Lezhe (2020),6022004,Posta dhe sherbimi korrier,POSTA SHQIPTARE SH.A,5810.00,4/11/2025 12:00:00 AM,4/14/2025 12:00:00 AM
 Lezhe,8310160702025,PREFEKTURA LEZHE PAGUAN DIFERENCA PAGE SIPAS LISTEPAGESES MARS 2025,NR I PERFITUESVE 1,16,Ministria e Brendshme,1016070,Prefektura e qarkut Lezhe (2020),6001001,Paga neto për punonjesit e miratuar në organikë,BANKA KOMBETARE TREGTARE,323.00,4/11/2025 12:00:00 AM,4/14/2025 12:00:00 AM
 Tirane,8310870162025,1087016 - AMBU ,Sherbim larje automjeti , kont vazh nr.27 dt 23.1.24 , ft nr.156/2025 dt 28.3.25,87,Institucione te tjera Qeveritare,1087016,Agjencia e Menaxhimit te Burimeve Ujore(3535),6023900,Shpenzime te tjera transporti,A G A -1,1500.00,4/11/2025 12:00:00 AM,4/14/2025 12:00:00 AM
 Laç,8410111212025,Zyra Arsimore Kurbin.Shpenzime tarife udhetimi per mesuesit jashte rrethit.Janar-Shkurt 2025.,11,Ministria e Arsimit Sportit dhe Rinise,1011121,Zyra Vendore Arsimore, Kurbin (2019),6023900,Shpenzime te tjera transporti,BANKA E TIRANES,99140.00,4/11/2025 12:00:00 AM,4/14/2025 12:00:00 AM
 Fier,8410160192025,Njesia e Sig.Publike  1016019 ndihme per fatkeqesi urdh. listepagesa,16,Ministria e Brendshme,1016019,Njësia e Sigurise Publike Fier (0909),6061041,Shpenzime per situata te veshtira dhe per fatekeqesi,BANKA KOMBETARE TREGTARE,50000.00,4/11/2025 12:00:00 AM,4/14/2025 12:00:00 AM
 Tirane,8410870162025,1087016 - AMBU ,lik enegj elek , ft nr.250225096059 dt 25.2.25,87,Institucione te tjera Qeveritare,1087016,Agjencia e Menaxhimit te Burimeve Ujore(3535),6022001,Elektricitet,FURNIZUESI I SHERBIMIT UNIVERSAL,50297.00,4/11/2025 12:00:00 AM,4/14/2025 12:00:00 AM
 Laç,8510111212025,Zyra Arsimore Kurbin.Shpenzime tarife udhetimi per mesuesit jashte rrethit.Janar-Shkurt 2025.,11,Ministria e Arsimit Sportit dhe Rinise,1011121,Zyra Vendore Arsimore, Kurbin (2019),6023900,Shpenzime te tjera transporti,BANKA KOMBETARE TREGTARE,150022.00,4/11/2025 12:00:00 AM,4/14/2025 12:00:00 AM
 Lezhe,8510160702025,PREFEKTURA LEZHELIK FAT NR 847/2025 DT 31.03.2025,KON VKM NR 177 DT 01.04.2019,UB 20211,ROJE OBJEKTI,16,Ministria e Brendshme,1016070,Prefektura e qarkut Lezhe (2020),6022008,Sherbime te sigurimit dhe ruajtjes,Illyrian Guard,107636.00,4/11/2025 12:00:00 AM,4/14/2025 12:00:00 AM
 Shkoder,8510290372025,1029037 Gjykata e Shk Pare Juridiksionit te Pergj Shkoder, blerje rafta met krk mar 477 dt 05.03.25,pvb f.l 477/3 dt 13.03.25,u prok 72 dt 17.03.25 njfdt 19.03.25,fat204/25,f-h,pvb477/9 dt27.03.25,29,Keshilli i Larte Gjyqesor,1029037,Gjykata e Shkallës së Parë e Juridiksionit të Përgjithshëm Shkodër (3333),2318700,Shpenz. per rritjen e AQT - te tjera paisje zyre,FRAL-2000,528000.00,4/11/2025 12:00:00 AM,4/14/2025 12:00:00 AM
 Tirane,85108701620251,1087016 - AMBU ,Rimb telf  , vkm nr.673 dt 2.9.2020 , listpag dt 7.4.25,87,Institucione te tjera Qeveritare,1087016,Agjencia e Menaxhimit te Burimeve Ujore(3535),6061005,Kompensime speciale te tjera,BANKA KOMBETARE TREGTARE,3570.00,4/11/2025 12:00:00 AM,4/14/2025 12:00:00 AM
 Lezhe,8610160702025,PREFEKTURA LEZHELIK FAT NR 8/2025 DT 04.04.2025,KON NR 193/3 DT 24.02.2025,UB 20292,SHERBIME PASTRIM ZYRE,16,Ministria e Brendshme,1016070,Prefektura e qarkut Lezhe (2020),6022099,Sherbime te tjera,BARDHI/K,10000.00,4/11/2025 12:00:00 AM,4/14/2025 12:00:00 AM
 Tirane,8610870162025,1087016 - AMBU ,Sherbim larje automjeti , kont vazh nr.161 dt 22.1.24 , ft nr.5/2025 dt 25.3.25,87,Institucione te tjera Qeveritare,1087016,Agjencia e Menaxhimit te Burimeve Ujore(3535),6023900,Shpenzime te tjera transporti,Altin Tufa,3000.00,4/11/2025 12:00:00 AM,4/14/2025 12:00:00 AM
 Lezhe,8710160702025,PREFEKTURA LEZHELIK FAT NR 19/2025,DT 01.04.2025,KON NR 173/2 DT 24.02.2025,UB 20295,LARJE MJETI PARKING MJETI AA477UA,16,Ministria e Brendshme,1016070,Prefektura e qarkut Lezhe (2020),6023900,Shpenzime te tjera transporti,Pllumi 87,7950.00,4/11/2025 12:00:00 AM,4/14/2025 12:00:00 AM
 Tirane,87321010012025,2101001 Bashkia Tirane Sherbi dekori 14Shkurti Shen Valentini Urdh vzhd 77dt14.01.2025Sit dt 14.02.25PV mrrrj drz dt 14.02.25 Fat 7/2025dt14.02.25,0,Unspecified,2101001,Bashkia Tirana (3535),6029099,Shpenzime per te tjera materiale dhe sherbime operative,NDERMARJA E Q.E.K. DHE DEKORIT,3199320.00,4/10/2025 12:00:00 AM,4/14/2025 12:00:00 AM
 Tirane,87821010012025,2101001 Bashkia Tirane Shpnz mirembajtj Janar 2025 Kont vzhd 7106 dt21.02.17Pv dt 31.01.25Fat 861dt04.02.25,0,Unspecified,2101001,Bashkia Tirana (3535),6026900,Shpenzime te tjera qiraje,QENDRA TREGT DHE ZHVILL KULTUROR,7400.00,4/3/2025 12:00:00 AM,4/14/2025 12:00:00 AM
 Tirane,88021010012025,2101001 Bashkia Tirane Pag taksa vjetore te automjeteve ne invent te BT LP viti 2025 Memo Nr 12211dt27.03.2025,0,Unspecified,2101001,Bashkia Tirana (3535),6023900,Shpenzime te tjera transporti,DREJT. PERGJ. E SHERB. TRANS. RRUG.,7600.00,4/3/2025 12:00:00 AM,4/14/2025 12:00:00 AM
 Lushnje,8810051412025,1005141 A.R.E.B Lushnje,Sa lik.Shpz.energjie elektrike zyrat Lushnje sipas Kontrates E108306, fat.nr.250402024878,dt.31.3.2025,5,Ministria e Bujqesise dhe Zhvillimit Rural,1005141,Agjencia Rajonale e Ekstensionit Bujqesor Lushnje (0922),6022001,Elektricitet,FURNIZUESI I SHERBIMIT UNIVERSAL,25485.00,4/11/2025 12:00:00 AM,4/14/2025 12:00:00 AM
 Tirane,8810160562025,1016056 QFMT- shp blerje diesel(gazoil), vazhdim kontrate 8/5 dt 25.3.2025, fat 41602/2025 dt 26.3.2025, relac 8/5 R1 dt 27.3.25, fh 01 dt 27.3.25, pv 16/2 dt 27.3.25,16,Ministria e Brendshme,1016056,QFM Teknike Tirane (3535),6023100,Karburant dhe vaj,KASTRATI ENERGY,25230600.00,4/10/2025 12:00:00 AM,4/14/2025 12:00:00 AM
 Lezhe,8810160702025,PREFEKTURA LEZHELIK FAT NR 426434 DT 04.04.2025,NR KLIENTI 310001914232,SHPENZIME TEL FIX PREFEKTURA LEZHE,16,Ministria e Brendshme,1016070,Prefektura e qarkut Lezhe (2020),6022003,Sherbime telefonike,ONE ALBANIA,1389.00,4/11/2025 12:00:00 AM,4/14/2025 12:00:00 AM
 Fier,8810290172025,1029017 Gjykata e Shk. Pare e Jurid Pergj.Fier, Uji mars/2025 fatura nr.201782 dt.04.04.2025,29,Keshilli i Larte Gjyqesor,1029017,Gjykata e Shkalles se Pare e Juridiksionit te Pergjithshem Fier (0909),6022002,Uje,SHOQERIA RAJONALE UJESJELLES KANALIZIME  FIER SH.A,5040.00,4/11/2025 12:00:00 AM,4/14/2025 12:00:00 AM
 Tirane,8810870162025,1087016 - AMBU ,lik posta , ft nr.4617 dt 2.4.25,87,Institucione te tjera Qeveritare,1087016,Agjencia e Menaxhimit te Burimeve Ujore(3535),6022004,Posta dhe sherbimi korrier,POSTA SHQIPTARE SH.A,5845.00,4/11/2025 12:00:00 AM,4/14/2025 12:00:00 AM
 Tirane,88421010012025,2101001 Bashkia Tirane Shtese VGJ kred Shyqyrie Berdhoshi Udhz 1 dt 4.6.2014 VGj Rreth Gjyq.Tr vzhd 4151 dt8.5.2018 VGj Apel 561 (30-2024-5006) dt25.6.24 Shkrese 8536 d 24.2.25 Urdher Kryetari vzhd 647 dt27.3.25,0,Unspecified,2101001,Bashkia Tirana (3535),6027400,Shpenzime per ekzekutim te vendimeve gjyqesore per largim nga puna,KULLOLLI & CO BAILIFF,696850.00,4/3/2025 12:00:00 AM,4/14/2025 12:00:00 AM
 Tirane,88621010012025,2101001 Bashkia Tirane Sherbime integruara sigurie god BT per28.1.25-28.2.25 Kont vzhd 49630 Dt 27.12.2024 Skn USH 882/2025 PV Dt 28.02.2025 Fat 13/2025 Dt 28.02.2025,0,Unspecified,2101001,Bashkia Tirana (3535),6029099,Shpenzime per te tjera materiale dhe sherbime operative,PC Security,12096600.00,4/4/2025 12:00:00 AM,4/14/2025 12:00:00 AM
 Tirane,88921010012025,2101001 Bashkia Tirane Shpnz mirembajtje Janar 2025 Kontr 12313 dt 21.3.2024 Scan USH 2744/2024 PV 31.1.2025 Fat 885 dt4.2.2025,0,Unspecified,2101001,Bashkia Tirana (3535),6026900,Shpenzime te tjera qiraje,QENDRA TREGT DHE ZHVILL KULTUROR,12626.00,4/3/2025 12:00:00 AM,4/14/2025 12:00:00 AM
 Tirane,8910010012025,1001001 Presidenca 2025, lik ft shp pritje, progr nr 932 dt 20.03.2025, ft nr 5/2025 dt 04.04.2025, pv md dt 04.04.2025,1,Presidenca,1001001,Presidenca (3535),6029001,Shpenzime per pritje e percjellje,ILIR GALICAJ,378000.00,4/10/2025 12:00:00 AM,4/14/2025 12:00:00 AM
 Lushnje,8910051412025,1005141 A.R.E.B Lushnje,Sa lik.Shpz.energjie elektrike zyrat Fier sipas Kontrates A009741, fat.nr.250329017733,dt.28.3.2025,5,Ministria e Bujqesise dhe Zhvillimit Rural,1005141,Agjencia Rajonale e Ekstensionit Bujqesor Lushnje (0922),6022001,Elektricitet,FURNIZUESI I SHERBIMIT UNIVERSAL,19440.00,4/11/2025 12:00:00 AM,4/14/2025 12:00:00 AM
 Kuçove,8910110882025,1011088 materiale pastrimi fat 08 dt 02.04.2025 zyra arsimore,11,Ministria e Arsimit Sportit dhe Rinise,1011088,Zyra Vendore Arsimore, Kuçove (0217),6020200,Materiale per pastrim, dezinfektim, ngrohje dhe ndriçim,AQIF MARRA,94140.00,4/11/2025 12:00:00 AM,4/14/2025 12:00:00 AM
 Lezhe,8910160702025,PREFEKTURA LEZHE LIK FAT NR 363357/2025 DT 04.04.2025,NR KLIENTIT 110000162756,SHPENZIME TEL FIX NENPREFEKT KURBIN,16,Ministria e Brendshme,1016070,Prefektura e qarkut Lezhe (2020),6022003,Sherbime telefonike,ONE ALBANIA,1900.00,4/11/2025 12:00:00 AM,4/14/2025 12:00:00 AM
 Fier,8910290172025,1029017 Gjykata e Shk. Pare e Jurid Pergj.Fier, Posta mars/2025 fatura nr.201782 dt.04.04.2025,29,Keshilli i Larte Gjyqesor,1029017,Gjykata e Shkalles se Pare e Juridiksionit te Pergjithshem Fier (0909),6022004,Posta dhe sherbimi korrier,POSTA SHQIPTARE SH.A,305575.00,4/11/2025 12:00:00 AM,4/14/2025 12:00:00 AM
 Tirane,8910870162025,1087016 - AMBU ,lik posta , ft nr.306 dt 3.4.25,87,Institucione te tjera Qeveritare,1087016,Agjencia e Menaxhimit te Burimeve Ujore(3535),6022004,Posta dhe sherbimi korrier,POSTA SHQIPTARE SH.A,7590.00,4/11/2025 12:00:00 AM,4/14/2025 12:00:00 AM
 Tirane,89421010012025,2101001 Bashkia Tirane Shpnz ambj me qera Shkurt 2025 Kont vzhd 3156/6 dt 22.2.2021 Fature 802 dt 3.2.2025 PV 28.2.2025,0,Unspecified,2101001,Bashkia Tirana (3535),6026101,Shpenzime per qiramarrje ambientesh zyre te institucioneve,QENDRA TREGT DHE ZHVILL KULTUROR,69300.00,4/3/2025 12:00:00 AM,4/14/2025 12:00:00 AM
 Lushnje,9010051412025,1005141 A.R.E.B Lushnje,Sa lik.Shpz.energjie elektrike zyrat Ballsh  sipas Kontrates F129568, fat.nr.250405007241,dt.24.3.2025,5,Ministria e Bujqesise dhe Zhvillimit Rural,1005141,Agjencia Rajonale e Ekstensionit Bujqesor Lushnje (0922),6022001,Elektricitet,FURNIZUESI I SHERBIMIT UNIVERSAL,1948.00,4/11/2025 12:00:00 AM,4/14/2025 12:00:00 AM
 Lezhe,9010160702025,PREFEKTURA LEZHE LIK FAT NR 438597/2025 DT 04.04.2025,NR I KLIENTIT 310001900176,SHPENZIME TEL FIX NENPREFEKT MIRDITE,16,Ministria e Brendshme,1016070,Prefektura e qarkut Lezhe (2020),6022003,Sherbime telefonike,ONE ALBANIA,1600.00,4/11/2025 12:00:00 AM,4/14/2025 12:00:00 AM
 Fier,9010290172025,1029017 Gjykata e Shk. Pare e Jurid Pergj.Fier, Posta Z.sherbimit Lushnje mars/2025 fatura nr.140 dt.08.04.2025,29,Keshilli i Larte Gjyqesor,1029017,Gjykata e Shkalles se Pare e Juridiksionit te Pergjithshem Fier (0909),6022004,Posta dhe sherbimi korrier,POSTA SHQIPTARE SH.A,2380.00,4/11/2025 12:00:00 AM,4/14/2025 12:00:00 AM
 Tirane,9010870162025,1087016 - AMBU ,lik posta , ft nr.630598 dt 3.4.25,87,Institucione te tjera Qeveritare,1087016,Agjencia e Menaxhimit te Burimeve Ujore(3535),6022004,Posta dhe sherbimi korrier,POSTA SHQIPTARE SH.A,19955.00,4/11/2025 12:00:00 AM,4/14/2025 12:00:00 AM
 Tirane,910112062025,1011206 Fed Boksit - lik shperb ciles sportist, urdh zv minist nr 118, 120 dt 19.3.2025, urdh nr 11 dt 4.4.2025, listpag,11,Ministria e Arsimit Sportit dhe Rinise,1011206,Federata Shqipetare e Boksit (3535),6044006,Transferta per klubet dhe asociacionet e sportit,BANKA KOMBETARE TREGTARE,1000000.00,4/11/2025 12:00:00 AM,4/14/2025 12:00:00 AM
 Lushnje,9110051412025,1005141 A.R.E.B Lushnje,Sa lik.Shpz.energjie elektrike zyrat Gjirokaster  sipas Kontrates L045531, fat.nr.250402062380,dt.31.3.2025,5,Ministria e Bujqesise dhe Zhvillimit Rural,1005141,Agjencia Rajonale e Ekstensionit Bujqesor Lushnje (0922),6022001,Elektricitet,FURNIZUESI I SHERBIMIT UNIVERSAL,20338.00,4/11/2025 12:00:00 AM,4/14/2025 12:00:00 AM
 Lezhe,9110160702025,PREFEKTURA LEZHE LIK FAT NR 98339/2025 DT 08.04.2025,KON NR 119022,SHPENZIME UJI PREFEKTURA LEZHE,16,Ministria e Brendshme,1016070,Prefektura e qarkut Lezhe (2020),6022002,Uje,Shoqeria Rajonale Ujesjelles Kanalizime Lezhe sha,10080.00,4/11/2025 12:00:00 AM,4/14/2025 12:00:00 AM
 Fier,9110290172025,1029017 Gjykata e Shk. Pare e Jurid Pergj.Fier, Sherbim tel. mars/2025 fatura nr.436622 dt.04.04.2025,29,Keshilli i Larte Gjyqesor,1029017,Gjykata e Shkalles se Pare e Juridiksionit te Pergjithshem Fier (0909),6022003,Sherbime telefonike,ONE ALBANIA,3840.00,4/11/2025 12:00:00 AM,4/14/2025 12:00:00 AM
 Shkoder,9110290372025,1029037 Gjyk shkalles I Jurd Pergj Shkoder, postare, fat nr2049/2025 dt07.04.25,29,Keshilli i Larte Gjyqesor,1029037,Gjykata e Shkallës së Parë e Juridiksionit të Përgjithshëm Shkodër (3333),6022004,Posta dhe sherbimi korrier,POSTA SHQIPTARE SH.A,780.00,4/11/2025 12:00:00 AM,4/14/2025 12:00:00 AM
 Tirane,9110870162025,1087016 - AMBU ,lik posta , ft nr.489 dt 3.4.25,87,Institucione te tjera Qeveritare,1087016,Agjencia e Menaxhimit te Burimeve Ujore(3535),6022004,Posta dhe sherbimi korrier,POSTA SHQIPTARE SH.A,4300.00,4/11/2025 12:00:00 AM,4/14/2025 12:00:00 AM
 Tirane,91121010012025,2101001 Bashkia Tirane Likujdim Kesti i dyte 40% DS5 Listepagesa per grantin e rindertimit VKB 174 dt 21.12.2020 VKB 97 4.9.2020 VKB 8 dt13.2.2021 VKB 147 dt30.10.2020 VKB 61 dt 6.4.2020,0,Unspecified,2101001,Bashkia Tirana (3535),6061099,Te tjera transferta tek individet,POSTA SHQIPTARE SH.A,12026148.00,4/4/2025 12:00:00 AM,4/14/2025 12:00:00 AM
 Lushnje,9210051412025,1005141 A.R.E.B Lushnje,Sa lik.Shpz.energjie elektrike zyrat Tepelene  sipas Kontrates A002686, fat.nr.250409177075,dt.31.3.2025,5,Ministria e Bujqesise dhe Zhvillimit Rural,1005141,Agjencia Rajonale e Ekstensionit Bujqesor Lushnje (0922),6022001,Elektricitet,FURNIZUESI I SHERBIMIT UNIVERSAL,340.00,4/11/2025 12:00:00 AM,4/14/2025 12:00:00 AM
 Lezhe,9210160702025,PREFEKTURA LEZHE LIK FAT NR 99520/2025 DT 08.04.2025,KON NR 153,SHPENZIME UJI NENPREFEKTURA KURBIN,16,Ministria e Brendshme,1016070,Prefektura e qarkut Lezhe (2020),6022002,Uje,Shoqeria Rajonale Ujesjelles Kanalizime Lezhe sha,240.00,4/11/2025 12:00:00 AM,4/14/2025 12:00:00 AM
 Tirane,92421010012025,2101001 Bashkia Tirane Pagese ambj qera Shkurt 2025 Kontr vzhd 27427/13 dt 15.11.22 Fature 22/2025 dt 27.2.2025 PV 28.2.2025,0,Unspecified,2101001,Bashkia Tirana (3535),6026101,Shpenzime per qiramarrje ambientesh zyre te institucioneve,EDONIL KONSTRUKSION,889600.00,4/7/2025 12:00:00 AM,4/14/2025 12:00:00 AM
 Tirane,9310060012025,MIE sherbime ruajtje objekti janar shkresa 26/2dt.26.2.25, kontrata nr.8567/1 dt.31.12.24, fatura nr93/2025dt.31.1.2025, procesverbal nr03/2 dt.03.2.2025,6,Ministria e Infrastruktures dhe Energjise,1006001,Aparati i Ministrise se Infrastruktures dhe Energjise (3535),6022008,Sherbime te sigurimit dhe ruajtjes,Illyrian Guard,1158121.00,4/10/2025 12:00:00 AM,4/14/2025 12:00:00 AM
 Mat,9310110922025,Zyra Vend.Arsimore Mat (1011092) Lik. Sherbim postar muaji Mars 2025 sipas Fat.Tat.Nr.98/2025 Dt.03.04.2025.,11,Ministria e Arsimit Sportit dhe Rinise,1011092,Zyra Vendore Arsimore, Mat (0625),6022004,Posta dhe sherbimi korrier,POSTA SHQIPTARE SH.A,1735.00,4/11/2025 12:00:00 AM,4/14/2025 12:00:00 AM
 Lezhe,9310160702025,PREFEKTURA LEZHE LIK FAT NR 169/2025 DT 04.04.2025,KON NR 264 DT 17.02.2017,SHPENZIME PER SHERBIME POSTARE PREFEKTURA LEZHE,16,Ministria e Brendshme,1016070,Prefektura e qarkut Lezhe (2020),6022004,Posta dhe sherbimi korrier,POSTA SHQIPTARE SH.A,8300.00,4/11/2025 12:00:00 AM,4/14/2025 12:00:00 AM
 Shkoder,9321410442025,2141044 Sherb pastrimit per BSH zona lindore, kont 3, nr2406 prot dt.31.12.24, amend kont nr2406/1 dt31.12.24, fat nr11/2025 dt03.04.25, sit nr3 dt03.04.25, pv dt03.04.25,0,Unspecified,2141044,Nderrmarja e Sherbimeve dhe Puneve Publike (3333),6022009,Sherbime te pastrimit dhe gjelberimit,"KARL GEGA KONSTRUKSION",2577759.00,4/11/2025 12:00:00 AM,4/14/2025 12:00:00 AM
 Tirane,93321010012025,2101001 Bashkia Tirane Pagese ambj qera Shkurt 2025 Kontr vzhd 6454/2 dt 2.3.2020 Fature 97/2025 dt 4.2.2025 PV 28.2.2025,0,Unspecified,2101001,Bashkia Tirana (3535),6026101,Shpenzime per qiramarrje ambientesh zyre te institucioneve,InRE,389400.00,4/7/2025 12:00:00 AM,4/14/2025 12:00:00 AM
 Tirane,9410060012025,MIE tarife permbarimore per vendimin luljeta zeqo, nr.359dt.09.3.17, nr.1433dt.18.7.24, fatura 48/2025 dt.11.3.25, urdher 103 dt.15.5.24,6,Ministria e Infrastruktures dhe Energjise,1006001,Aparati i Ministrise se Infrastruktures dhe Energjise (3535),6029003,Shpenzime gjyqesore,Zyra e Permbarimit Privat Strati,159108.00,4/10/2025 12:00:00 AM,4/14/2025 12:00:00 AM
 Lezhe,9410160702025,PREFEKTURA LEZHE LIK FAT NR 103/2025 DT 02.04.2025,SHPENZIME PER SHERBIME POSTARE NENPREFEKTURA KURBIN,16,Ministria e Brendshme,1016070,Prefektura e qarkut Lezhe (2020),6022004,Posta dhe sherbimi korrier,POSTA SHQIPTARE SH.A,260.00,4/11/2025 12:00:00 AM,4/14/2025 12:00:00 AM
 Tirane,9410870162025,1087016 - AMBU ,Rimb telf  , vkm nr.673 dt 2.9.2020 , listpag dt 7.4.25,87,Institucione te tjera Qeveritare,1087016,Agjencia e Menaxhimit te Burimeve Ujore(3535),6061005,Kompensime speciale te tjera,BANKA CREDINS,3240.00,4/11/2025 12:00:00 AM,4/14/2025 12:00:00 AM
 Fier,9421120012025,Bashkia  Patos  2112001 rehabilitim dhe rikonceptim i lulishtes up.06.03.2024 kontr.fat.02/2025 sit.perf.akt-kolaud dorez.27.03.2025 cmpd pvmd,0,Unspecified,2112001,Bashkia Patos (0909),2312113,Shpenz. per rritjen e AQT - lulishtet,AVDULI,2242899.00,4/9/2025 12:00:00 AM,4/14/2025 12:00:00 AM
 Shkoder,9421410442025,2141044 Sherb pastrimit per BSH zona lindore, kont 3, nr2406 prot dt.31.12.24, amend kont nr2406/1 dt31.12.24, fat nr10/2025 dt03.04.25, sit nr3.1 dt03.04.25, pv dt03.04.25,0,Unspecified,2141044,Nderrmarja e Sherbimeve dhe Puneve Publike (3333),6022009,Sherbime te pastrimit dhe gjelberimit,"KARL GEGA KONSTRUKSION",114304.00,4/11/2025 12:00:00 AM,4/14/2025 12:00:00 AM
 Tirane,94721010012025,2101001 Bashkia Tirane Sit 1 Rehabilit infrastrukt rr NJA Dajt Shengjergj Zall Bastar Ngurtesim Garancie UP 1995 18.7.24 Njof Fit 27985/4 22.10.24 Kont 27985/6 25.10.24 Sit 7.2.25 Fat 19/2025 11.3.25,0,Unspecified,2101001,Bashkia Tirana (3535),2313100,Shpenz. per rritjen e AQT - konstruksione te rrugeve,BE  -  IS   SH.P.K,35436558.00,4/8/2025 12:00:00 AM,4/14/2025 12:00:00 AM
 Tirane,94921010012025,2101001 Bashkia Tirane Mirembajtje 7.2.25-6.3.25 Sist elektronik ruajt mnxh ndjek forme elektr info bazuar dok zyrtare leter Kont vzhd 3324/5 dt7.3.23 Skn USH3406/23 Fat 343/2025 dt7.3.25 PV 17.3.25,0,Unspecified,2101001,Bashkia Tirana (3535),6025200,Shpenzime per mirembajtjen e objekteve specifike,BNT ELECTRONIC`S,192000.00,4/8/2025 12:00:00 AM,4/14/2025 12:00:00 AM
 Tirane,95021010012025,2101001 Bashkia Tirane License Firewall 26.1.25-25.2.25 permiresim dhe zhvillim infrestruktures rrjetit BT Kont vzhd 21885/2 dt25.7.23 Fat 118/2025 dt 25.2.2025 PV 26.2.2025,0,Unspecified,2101001,Bashkia Tirana (3535),6025200,Shpenzime per mirembajtjen e objekteve specifike,COMMUNICATION PROGRESS,36000.00,4/8/2025 12:00:00 AM,4/14/2025 12:00:00 AM
 Lezhe,9510160702025,PREFEKTURA LEZHELIK FAT NR 290/2025 DT 09.04.2025,KON NR 192/3 DT 24.02.2025,UB 20293,SHPENZIMI INTERNETI PREFEKTURA LEZHE,16,Ministria e Brendshme,1016070,Prefektura e qarkut Lezhe (2020),6022003,Sherbime telefonike,I.B.C-Telecom,10000.00,4/11/2025 12:00:00 AM,4/14/2025 12:00:00 AM
 Shkoder,9510290372025,1029037 Gjykata Sh.P.J.P. Shkoder, shpenzime uji Mars  2025 zyra e sherbimit Puke, fat nr 163878 ddt 08.04.2025, nr kontrate 0009,29,Keshilli i Larte Gjyqesor,1029037,Gjykata e Shkallës së Parë e Juridiksionit të Përgjithshëm Shkodër (3333),6022002,Uje,SHOQERIA RAJONALE UJESJELLES KANALIZIME QARKU SHKODER SHA,720.00,4/11/2025 12:00:00 AM,4/14/2025 12:00:00 AM
 Tirane,95121010012025,2101001 Bashkia Tirane License per firewall 24.1.25-23.2.25 Permiresimi dhe zhvll infrastruktures rrjetit ne BT Kont vzhd 5820/2 dt23.3.2023 Fat 115/2025 dt24.2.2025 PV 25.2.2025,0,Unspecified,2101001,Bashkia Tirana (3535),6025200,Shpenzime per mirembajtjen e objekteve specifike,COMMUNICATION PROGRESS,36000.00,4/8/2025 12:00:00 AM,4/14/2025 12:00:00 AM
 Shkoder,9521410442025,2141044, Sherbime postare mars 2025 fature 4615/2025, marrveshje 552 dt 13.03.2025,0,Unspecified,2141044,Nderrmarja e Sherbimeve dhe Puneve Publike (3333),6022004,Posta dhe sherbimi korrier,POSTA SHQIPTARE SH.A,890.00,4/11/2025 12:00:00 AM,4/14/2025 12:00:00 AM
 Tirane,9610060012025,MIE sherbime ruajtje objekti shkurt shkresa 4/3dt.4.3.25, kontrata nr.8567/1 dt.31.12.24 vazhdim, fatura nr518/2025dt.28.2.2025, procesverbal nr03/03 dt.03.03.2025,6,Ministria e Infrastruktures dhe Energjise,1006001,Aparati i Ministrise se Infrastruktures dhe Energjise (3535),6022008,Sherbime te sigurimit dhe ruajtjes,Illyrian Guard,1158121.00,4/10/2025 12:00:00 AM,4/14/2025 12:00:00 AM
 Shkoder,9610290372025,1029037, Gjykata e Shkalles se Pare e Juridksionit te Pergjithshem Shkoder, shpenzime uji Mars 2025 fature 1790004 dt 08.04.2025, nr klienti 37603 kontr 39/2,29,Keshilli i Larte Gjyqesor,1029037,Gjykata e Shkallës së Parë e Juridiksionit të Përgjithshëm Shkodër (3333),6022002,Uje,SHOQERIA RAJONALE UJESJELLES KANALIZIME QARKU SHKODER SHA,24192.00,4/11/2025 12:00:00 AM,4/14/2025 12:00:00 AM
 Shkoder,9621410442025,2141044 Sherb pastrimit per BSH zona qendrore, kont 2,nr2410 prot dt.31.12.24,MK 724/29.04.24(24M),fature 45/2025 dt 03.04.2025, sit nr 3 dt 03.04.2025, pvb 03.04.2025,0,Unspecified,2141044,Nderrmarja e Sherbimeve dhe Puneve Publike (3333),6022009,Sherbime te pastrimit dhe gjelberimit,ALKO IMPEX CONSTRUCTION,10078379.00,4/11/2025 12:00:00 AM,4/14/2025 12:00:00 AM
 Berat,9710110022025,1011002 Zyra arsimore Berat  pagese faturen e ujit nr137895 dt 01.04.2025 mars 2025,11,Ministria e Arsimit Sportit dhe Rinise,1011002,Zyra Vendore Arsimore, Berat (0202),6022002,Uje,SHOQERIA RAJONALE UJESJELLES KANALIZIME BERAT SH.A,795.00,4/11/2025 12:00:00 AM,4/14/2025 12:00:00 AM
 Tirane,9710110352025,1011035 Zyra ven Ars Tirane 2025 - shperblim pension nderhyrje kirurgjikale, urdher nr 583/1 dt 27.01.2025, urdher nr 2068 dt 10.02.2025, shkr MAS 1822/1 dt 13.3.2025, nr 2068/1 dt 4.4.2025, listepagesa,11,Ministria e Arsimit Sportit dhe Rinise,1011035,Zyra Vendore Arsimore, Tiranë  (3535),6061099,Te tjera transferta tek individet,BANKA KOMBETARE TREGTARE,1558164.00,4/11/2025 12:00:00 AM,4/14/2025 12:00:00 AM
 Tirane,9710130542025,1013054 QKTRF - kthim detyrimi, vendim nr 1486 dt 12.03.2019, urdher nr 1579 dt 19.09.2019, njoftim nr 213/1 dt 07.10.2019, urdher nr 213/2 dt 30.10.2019, debitore Dorina Mehmeti,13,Ministria e Shendetesise dhe Mbrojtjes Sociale,1013054,Qëndra Kombëtare Terapeutike dhe Rehabilituese për Fëmijët (3535),6001001,Paga neto për punonjesit e miratuar në organikë,Najada Beqaraj,17400.00,3/19/2025 12:00:00 AM,4/14/2025 12:00:00 AM
 Shkoder,9710290372025,1029037, Gjykata e Shkalles se Pare e Juridksionit te Pergjithshem Shkoder, shpenzime uji Mars 2025 fature 155404/2025 dt 08.04.2025, nr klienti 30676vkm 495 dt 21.07.2022,29,Keshilli i Larte Gjyqesor,1029037,Gjykata e Shkallës së Parë e Juridiksionit të Përgjithshëm Shkodër (3333),6022002,Uje,SHOQERIA RAJONALE UJESJELLES KANALIZIME QARKU SHKODER SHA,360.00,4/11/2025 12:00:00 AM,4/14/2025 12:00:00 AM
 Shkoder,9720330012025,2033001 Keshilli i Qarkut Shkoder,honorare per specialist te jashtem, VKQ nr 29 dt. 20.12.2024, shprehje ligj nr 853/1 dt. 30.12.2024, ur pagese nr 61 dt. 08.04.2025, listepagese nr 9 dt. 08.04.2025,  listepagese banke nr 9/1 dt. 08.04.2025,0,Unspecified,2033001,Qarku Shkoder (3333),6029005,Shpenzime per honorare,RAIFFEISEN BANK SH.A,25500.00,4/11/2025 12:00:00 AM,4/14/2025 12:00:00 AM
 Berat,9810110022025,1011002 Zyra arsimore Berat  pagese SHERBIM POSTAR ft nr 175 DT 02.04.2025 mars 2025,11,Ministria e Arsimit Sportit dhe Rinise,1011002,Zyra Vendore Arsimore, Berat (0202),6022004,Posta dhe sherbimi korrier,POSTA SHQIPTARE SH.A,2420.00,4/11/2025 12:00:00 AM,4/14/2025 12:00:00 AM
 Tirane,9810110352025,1011035 Zyra ven Ars Tirane 2025 - shperblim pension nderhyrje kirurgjikale, urdher nr 583/1 dt 27.01.2025, urdher nr 2068 dt 10.02.2025, shkr MAS 1822/1 dt 13.3.2025, nr 2068/1 dt 4.4.2025, listepagesa,11,Ministria e Arsimit Sportit dhe Rinise,1011035,Zyra Vendore Arsimore, Tiranë  (3535),6061099,Te tjera transferta tek individet,RAIFFEISEN BANK SH.A,2432661.00,4/11/2025 12:00:00 AM,4/14/2025 12:00:00 AM
 Shkoder,9810290372025,1029037 Sherbim printimi, kontrata nr 2157/17 dt 21.01.2025, fat nr40/2025 dt03.04.25, sit + pv dt03.04.25,29,Keshilli i Larte Gjyqesor,1029037,Gjykata e Shkallës së Parë e Juridiksionit të Përgjithshëm Shkodër (3333),6022010,Sherbime te printimit dhe publikimit,IN PRINT,108313.00,4/11/2025 12:00:00 AM,4/14/2025 12:00:00 AM
 Tirane,98921010012025,2101001 Bashkia Tirane Sherb dekori Ndricim i fasadave me flamuj te shteteve te ndryshmeUrdh vzhd 77  dt14.01.25Sit dt 26.03.25PV mrrj drz dt 26.03.25Fat 19/2025dt26.03.2025,0,Unspecified,2101001,Bashkia Tirana (3535),6029099,Shpenzime per te tjera materiale dhe sherbime operative,NDERMARJA E Q.E.K. DHE DEKORIT,576000.00,4/10/2025 12:00:00 AM,4/14/2025 12:00:00 AM
 Berat,9910110022025,1011002 Zyra arsimore Berat  pagese transporti  ft nr 213 dt 04.04.2025  mars 2025,11,Ministria e Arsimit Sportit dhe Rinise,1011002,Zyra Vendore Arsimore, Berat (0202),6023900,Shpenzime te tjera transporti,POSTA SHQIPTARE SH.A,5918.00,4/11/2025 12:00:00 AM,4/14/2025 12:00:00 AM
 Shkoder,9910290372025,1029037 Gjyk e Shk Pare Jurid te Pergj Shkoder, kthim garancie pasurore, urdh 106/08.04.25, vendim 1117 (2764) dt13.06.23, urdh ekz nr731/29 dt16.01.25, fat ark nr43 dt28.04.22 per A. Taramani, bord nr08/2025 dt08.04.25,29,Keshilli i Larte Gjyqesor,1029037,Gjykata e Shkallës së Parë e Juridiksionit të Përgjithshëm Shkodër (3333),4662116,Garanci pasurore e te denuarve, te vitit ne vazhdim,Te Dala,BANKA KOMBETARE TREGTARE,700000.00,4/11/2025 12:00:00 AM,4/14/2025 12:00:00 AM
 Tirane,99321010012025,2101001 Bashkia Tirane Rimburs elektriciteti dhe uji per ambj me qira Shkurt Kont vzhd 27427/13dt15.11.22Fat396350-396351-433770-250302025533-250302060445-250302068092-250302039520-250302067756,0,Unspecified,2101001,Bashkia Tirana (3535),6022001,Elektricitet,EDONIL KONSTRUKSION,72855.00,4/9/2025 12:00:00 AM,4/14/2025 12:00:00 AM
 Tirane,99421010012025,2101001 Bashkia Tirane Mirembajtj 3.12.24-2.1.25 zhvillime permiresime dhe mirembajtje sistemit GIS ne Bashkine e Tiranes Knt rvzhd 3997/4 2.4.24 skn ush 4509/24 Pv 31.12.24 Pv 14.1.25 Fat 1/2025 22.1.2025 Dit detyr 7087,0,Unspecified,2101001,Bashkia Tirana (3535),6025200,Shpenzime per mirembajtjen e objekteve specifike,Perf tatimor Eneida Baroni per INS Macedonia,360000.00,4/9/2025 12:00:00 AM,4/14/2025 12:00:00 AM
 Tirane,99621010012025,2101001 Bashkia Tirane Komision ndihme financ termeti DS4 DS Mars 2025 Kont vzhd 46258/1dt30.12.20Permbledhese Mars 2025 Fat 630400/2025 dt02.04.25,0,Unspecified,2101001,Bashkia Tirana (3535),6022004,Posta dhe sherbimi korrier,POSTA SHQIPTARE SH.A,1184337.00,4/10/2025 12:00:00 AM,4/14/2025 12:00:00 AM
 Tirane,99821010012025,2101001 Bashkia Tirane Mirembajt 29.1.25-28.2.25 mirembajt software licens aktualisht ne perdor abonime te reja kntr vzhd10675/6 31.5.22 skn po2200066 Fat138/25 28.2.25 Pv 7.3.25,0,Unspecified,2101001,Bashkia Tirana (3535),6025200,Shpenzime per mirembajtjen e objekteve specifike,Axians Albania,17017.00,4/9/2025 12:00:00 AM,4/14/2025 12:00:00 AM
 Tirane,99921010012025,2101001 Bashkia Tirane Sit 8 Godina e teatrit Tirane Faza1 Kontvzhd 42000/4dt16.12.22 skn ush 4418/2023 Sit prog 8dt26.03.25Fat 50/2025dt27.03.2025,12,Ministria e Ekonomise, Kultures dhe Inovacionit,2101001,Bashkia Tirana (3535),2312104,Shpenz. per rritjen e AQT - ndertesa social-kulturore,AGI KONS,132885949.00,4/9/2025 12:00:00 AM,4/14/2025 12:00:00 AM
 Fier,P12810110092025,1011009 Drejtoria Vendore Arsimore Fier Shpenzim Pension Ushqimor,11,Ministria e Arsimit Sportit dhe Rinise,1011009,Zyra Vendore Arsimore, Fier (0909),6027401,Shpenzime per ekzekutim te vendimeve gjyqesore te tjera,ZYRA PERMBARIMORE FIER	,30000.00,4/11/2025 12:00:00 AM,4/14/2025 12:00:00 AM
